"../../../Engine/Plugins/Animation/ACLPlugin/Content/ACLAnimBoneCompressionSettings.uasset" 0
"../../../Engine/Plugins/Animation/ACLPlugin/Content/ACLAnimBoneCompressionSettings.uexp" 1
"../../../Engine/Plugins/2D/Paper2D/Content/PlaceholderTextures/DummySpriteTexture.ubulk" 2
"../../../Engine/Plugins/2D/Paper2D/Content/PlaceholderTextures/DummySpriteTexture.uasset" 3
"../../../Engine/Plugins/2D/Paper2D/Content/PlaceholderTextures/DummySpriteTexture.uexp" 4
"../../../Engine/Plugins/2D/Paper2D/Content/DummySprite.uasset" 5
"../../../Engine/Plugins/2D/Paper2D/Content/DummySprite.uexp" 6
"../../../Engine/Plugins/2D/Paper2D/Content/DefaultPaperTerrainMaterial.uasset" 7
"../../../Engine/Plugins/2D/Paper2D/Content/DefaultPaperTerrainMaterial.uexp" 8
"../../../Engine/Content/EngineMaterials/DefaultPhysicalMaterial.uasset" 9
"../../../Engine/Content/EngineMaterials/DefaultPhysicalMaterial.uexp" 10
"../../../Engine/Content/EngineMaterials/DefaultDestructiblePhysicalMaterial.uasset" 11
"../../../Engine/Content/EngineMaterials/DefaultDestructiblePhysicalMaterial.uexp" 12
"../../../Engine/Content/EngineFonts/Faces/DroidSansFallback.uexp" 13
"../../../Engine/Content/EngineFonts/Faces/DroidSansFallback.uasset" 14
"../../../Engine/Content/EngineFonts/Faces/DroidSansFallback.ufont" 15
"../../../Engine/Content/EngineFonts/Faces/RobotoRegular.uexp" 16
"../../../Engine/Content/EngineFonts/Faces/RobotoRegular.uasset" 17
"../../../Engine/Content/EngineFonts/Faces/RobotoRegular.ufont" 18
"../../../Engine/Content/EngineFonts/Faces/RobotoLight.uexp" 19
"../../../Engine/Content/EngineFonts/Faces/RobotoLight.uasset" 20
"../../../Engine/Content/EngineFonts/Faces/RobotoLight.ufont" 21
"../../../Engine/Content/EngineFonts/Faces/RobotoItalic.uexp" 22
"../../../Engine/Content/EngineFonts/Faces/RobotoItalic.uasset" 23
"../../../Engine/Content/EngineFonts/Faces/RobotoItalic.ufont" 24
"../../../Engine/Content/EngineFonts/Faces/RobotoBoldItalic.uexp" 25
"../../../Engine/Content/EngineFonts/Faces/RobotoBoldItalic.uasset" 26
"../../../Engine/Content/EngineFonts/Faces/RobotoBoldItalic.ufont" 27
"../../../Engine/Content/EngineFonts/Faces/RobotoBold.uexp" 28
"../../../Engine/Content/EngineFonts/Faces/RobotoBold.uasset" 29
"../../../Engine/Content/EngineFonts/Faces/RobotoBold.ufont" 30
"../../../Engine/Content/EngineFonts/Roboto.uasset" 31
"../../../Engine/Content/EngineFonts/Roboto.uexp" 32
"../../../Engine/Content/EngineFonts/Faces/DroidSansMono.uexp" 33
"../../../Engine/Content/EngineFonts/Faces/DroidSansMono.uasset" 34
"../../../Engine/Content/EngineFonts/Faces/DroidSansMono.ufont" 35
"../../../Engine/Content/EngineFonts/DroidSansMono.uasset" 36
"../../../Engine/Content/EngineFonts/DroidSansMono.uexp" 37
"../../../Engine/Plugins/Interchange/Runtime/Content/Pipelines/DefaultTexturePipeline.uasset" 38
"../../../Engine/Plugins/Interchange/Runtime/Content/Pipelines/DefaultTexturePipeline.uexp" 39
"../../../Engine/Plugins/Interchange/Runtime/Content/Pipelines/DefaultSceneLevelPipeline.uasset" 40
"../../../Engine/Plugins/Interchange/Runtime/Content/Pipelines/DefaultSceneLevelPipeline.uexp" 41
"../../../Engine/Plugins/Interchange/Runtime/Content/Pipelines/DefaultSceneAssetsPipeline.uasset" 42
"../../../Engine/Plugins/Interchange/Runtime/Content/Pipelines/DefaultSceneAssetsPipeline.uexp" 43
"../../../Engine/Plugins/Interchange/Runtime/Content/Pipelines/DefaultMaterialXPipeline.uasset" 44
"../../../Engine/Plugins/Interchange/Runtime/Content/Pipelines/DefaultMaterialXPipeline.uexp" 45
"../../../Engine/Plugins/Interchange/Runtime/Content/Pipelines/DefaultMaterialPipeline.uasset" 46
"../../../Engine/Plugins/Interchange/Runtime/Content/Pipelines/DefaultMaterialPipeline.uexp" 47
"../../../Engine/Plugins/Interchange/Runtime/Content/Pipelines/DefaultGLTFSceneAssetsPipeline.uasset" 48
"../../../Engine/Plugins/Interchange/Runtime/Content/Pipelines/DefaultGLTFSceneAssetsPipeline.uexp" 49
"../../../Engine/Plugins/Interchange/Runtime/Content/Pipelines/DefaultGLTFPipeline.uasset" 50
"../../../Engine/Plugins/Interchange/Runtime/Content/Pipelines/DefaultGLTFPipeline.uexp" 51
"../../../Engine/Plugins/Interchange/Runtime/Content/Pipelines/DefaultGLTFAssetsPipeline.uasset" 52
"../../../Engine/Plugins/Interchange/Runtime/Content/Pipelines/DefaultGLTFAssetsPipeline.uexp" 53
"../../../Engine/Plugins/Interchange/Runtime/Content/Pipelines/DefaultAssetsPipeline.uasset" 54
"../../../Engine/Plugins/Interchange/Runtime/Content/Pipelines/DefaultAssetsPipeline.uexp" 55
"../../../Engine/Plugins/Animation/ControlRig/Content/Controls/DefaultGizmoLibrary.uasset" 56
"../../../Engine/Plugins/Animation/ControlRig/Content/Controls/DefaultGizmoLibrary.uexp" 57
"../../../Engine/Content/EngineResources/GradientTexture0.uasset" 58
"../../../Engine/Content/EngineResources/GradientTexture0.uexp" 59
"../../../Engine/Content/EngineResources/Black.uasset" 60
"../../../Engine/Content/EngineResources/Black.uexp" 61
"../../../Engine/Content/EditorResources/S_Actor.ubulk" 62
"../../../Engine/Content/EditorResources/S_Actor.uasset" 63
"../../../Engine/Content/EditorResources/S_Actor.uexp" 64
"../../../Engine/Content/EditorResources/S_Trigger.ubulk" 65
"../../../Engine/Content/EditorResources/S_Trigger.uasset" 66
"../../../Engine/Content/EditorResources/S_Trigger.uexp" 67
"../../../Engine/Content/Functions/Engine_MaterialFunctions02/WorldPositionOffset/CameraOffset.uasset" 68
"../../../Engine/Content/Functions/Engine_MaterialFunctions02/WorldPositionOffset/CameraOffset.uexp" 69
"../../../Engine/Plugins/Animation/ControlRig/Content/M_Manip.uasset" 70
"../../../Engine/Plugins/Animation/ControlRig/Content/M_Manip.uexp" 71
"../../../Engine/Content/EngineResources/DefaultTexture.ubulk" 72
"../../../Engine/Content/EngineResources/DefaultTexture.uasset" 73
"../../../Engine/Content/EngineResources/DefaultTexture.uexp" 74
"../../../Engine/Plugins/Runtime/AR/AppleAR/AppleARKit/Content/M_SceneDepthOcclusion.uasset" 75
"../../../Engine/Plugins/Runtime/AR/AppleAR/AppleARKit/Content/M_SceneDepthOcclusion.uexp" 76
"../../../Engine/Plugins/NNE/NNEDenoiser/Content/NNEDTOM_Output_Default.uasset" 77
"../../../Engine/Plugins/NNE/NNEDenoiser/Content/NNEDTOM_Output_Default.uexp" 78
"../../../Engine/Plugins/NNE/NNEDenoiser/Content/NNEDTOM_Output_Alpha.uasset" 79
"../../../Engine/Plugins/NNE/NNEDenoiser/Content/NNEDTOM_Output_Alpha.uexp" 80
"../../../Engine/Plugins/NNE/NNEDenoiser/Content/NNEDTIM_ColorAlbedoNormal_Default.uasset" 81
"../../../Engine/Plugins/NNE/NNEDenoiser/Content/NNEDTIM_ColorAlbedoNormal_Default.uexp" 82
"../../../Engine/Plugins/NNE/NNEDenoiser/Content/NNEDTIM_ColorAlbedoNormal_Alpha.uasset" 83
"../../../Engine/Plugins/NNE/NNEDenoiser/Content/NNEDTIM_ColorAlbedoNormal_Alpha.uexp" 84
"../../../Engine/Plugins/NNE/NNEDenoiser/Content/NNEDOM_Output_Default.uasset" 85
"../../../Engine/Plugins/NNE/NNEDenoiser/Content/NNEDOM_Output_Default.uexp" 86
"../../../Engine/Plugins/NNE/NNEDenoiser/Content/NNEDOM_Output_Alpha.uasset" 87
"../../../Engine/Plugins/NNE/NNEDenoiser/Content/NNEDOM_Output_Alpha.uexp" 88
"../../../Engine/Plugins/NNE/NNEDenoiser/Content/NNEDIM_HighQuality_Default.uasset" 89
"../../../Engine/Plugins/NNE/NNEDenoiser/Content/NNEDIM_HighQuality_Default.uexp" 90
"../../../Engine/Plugins/NNE/NNEDenoiser/Content/NNEDIM_HighQuality_Alpha.uasset" 91
"../../../Engine/Plugins/NNE/NNEDenoiser/Content/NNEDIM_HighQuality_Alpha.uexp" 92
"../../../Engine/Plugins/NNE/NNEDenoiser/Content/NNEDIM_ColorAlbedoNormal_Default.uasset" 93
"../../../Engine/Plugins/NNE/NNEDenoiser/Content/NNEDIM_ColorAlbedoNormal_Default.uexp" 94
"../../../Engine/Plugins/NNE/NNEDenoiser/Content/NNEDIM_ColorAlbedoNormal_Alpha.uasset" 95
"../../../Engine/Plugins/NNE/NNEDenoiser/Content/NNEDIM_ColorAlbedoNormal_Alpha.uexp" 96
"../../../Engine/Content/Functions/Engine_MaterialFunctions01/Opacity/CameraDepthFade.uasset" 97
"../../../Engine/Content/Functions/Engine_MaterialFunctions01/Opacity/CameraDepthFade.uexp" 98
"../../../Engine/Content/EngineMaterials/T_Default_Material_Grid_M.ubulk" 99
"../../../Engine/Content/EngineMaterials/T_Default_Material_Grid_M.uasset" 100
"../../../Engine/Content/EngineMaterials/T_Default_Material_Grid_M.uexp" 101
"../../../Engine/Content/EngineMaterials/T_Default_Material_Grid_N.ubulk" 102
"../../../Engine/Content/EngineMaterials/T_Default_Material_Grid_N.uasset" 103
"../../../Engine/Content/EngineMaterials/T_Default_Material_Grid_N.uexp" 104
"../../../Engine/Content/EngineMaterials/WorldGridMaterial.uasset" 105
"../../../Engine/Content/EngineMaterials/WorldGridMaterial.uexp" 106
"../../../Engine/Plugins/Media/MediaPlate/Content/SM_MediaPlateScreen.ubulk" 107
"../../../Engine/Plugins/Media/MediaPlate/Content/SM_MediaPlateScreen.uasset" 108
"../../../Engine/Plugins/Media/MediaPlate/Content/SM_MediaPlateScreen.uexp" 109
"../../../Engine/Content/EditorLandscapeResources/SplineEditorMeshMat.uasset" 110
"../../../Engine/Content/EditorLandscapeResources/SplineEditorMeshMat.uexp" 111
"../../../Engine/Content/EditorLandscapeResources/SplineEditorMesh.ubulk" 112
"../../../Engine/Content/EditorLandscapeResources/SplineEditorMesh.uasset" 113
"../../../Engine/Content/EditorLandscapeResources/SplineEditorMesh.uexp" 114
"../../../Engine/Content/EditorLandscapeResources/WhiteSquareTexture.uasset" 115
"../../../Engine/Content/EditorLandscapeResources/WhiteSquareTexture.uexp" 116
"../../../Engine/Content/EditorLandscapeResources/LayerVisMaterial.uasset" 117
"../../../Engine/Content/EditorLandscapeResources/LayerVisMaterial.uexp" 118
"../../../Engine/Content/Functions/Engine_MaterialFunctions02/Utility/BreakOutFloat2Components.uasset" 119
"../../../Engine/Content/Functions/Engine_MaterialFunctions02/Utility/BreakOutFloat2Components.uexp" 120
"../../../Engine/Content/Functions/Engine_MaterialFunctions01/Texturing/ScaleUVsByCenter.uasset" 121
"../../../Engine/Content/Functions/Engine_MaterialFunctions01/Texturing/ScaleUVsByCenter.uexp" 122
"../../../Engine/Content/Functions/Engine_MaterialFunctions02/WorldPositionOffset/LocalPosition.uasset" 123
"../../../Engine/Content/Functions/Engine_MaterialFunctions02/WorldPositionOffset/LocalPosition.uexp" 124
"../../../Engine/Content/EngineMaterials/DefaultDiffuse.ubulk" 125
"../../../Engine/Content/EngineMaterials/DefaultDiffuse.uasset" 126
"../../../Engine/Content/EngineMaterials/DefaultDiffuse.uexp" 127
"../../../Engine/Content/Functions/Engine_MaterialFunctions01/Texturing/TextureCropping.uasset" 128
"../../../Engine/Content/Functions/Engine_MaterialFunctions01/Texturing/TextureCropping.uexp" 129
"../../../Engine/Content/Functions/Engine_MaterialFunctions02/ExampleContent/DebugNumberStrip.uasset" 130
"../../../Engine/Content/Functions/Engine_MaterialFunctions02/ExampleContent/DebugNumberStrip.uexp" 131
"../../../Engine/Content/Functions/Engine_MaterialFunctions01/Debug/DebugIntValues.uasset" 132
"../../../Engine/Content/Functions/Engine_MaterialFunctions01/Debug/DebugIntValues.uexp" 133
"../../../Engine/Content/EditorLandscapeResources/LandscapeLayerUsageMaterial.uasset" 134
"../../../Engine/Content/EditorLandscapeResources/LandscapeLayerUsageMaterial.uexp" 135
"../../../Engine/Content/EditorLandscapeResources/DefaultAlphaTexture.uasset" 136
"../../../Engine/Content/EditorLandscapeResources/DefaultAlphaTexture.uexp" 137
"../../../Engine/Content/EditorLandscapeResources/LandscapeDirtyMaterial.uasset" 138
"../../../Engine/Content/EditorLandscapeResources/LandscapeDirtyMaterial.uexp" 139
"../../../Engine/Content/EditorResources/S_BoxReflectionCapture.uasset" 140
"../../../Engine/Content/EditorResources/S_BoxReflectionCapture.uexp" 141
"../../../Engine/Content/EngineMaterials/DefaultMaterial.uasset" 142
"../../../Engine/Content/EngineMaterials/DefaultMaterial.uexp" 143
"../../../Engine/Content/BasicShapes/Sphere.ubulk" 144
"../../../Engine/Content/BasicShapes/Sphere.uasset" 145
"../../../Engine/Content/BasicShapes/Sphere.uexp" 146
"../../../Engine/Content/BasicShapes/Cone.ubulk" 147
"../../../Engine/Content/BasicShapes/Cone.uasset" 148
"../../../Engine/Content/BasicShapes/Cone.uexp" 149
"../../../Engine/Content/BasicShapes/BasicShapeMaterial.uasset" 150
"../../../Engine/Content/BasicShapes/BasicShapeMaterial.uexp" 151
"../../../Engine/Content/EngineMeshes/Sphere.ubulk" 152
"../../../Engine/Content/EngineMeshes/Sphere.uasset" 153
"../../../Engine/Content/EngineMeshes/Sphere.uexp" 154
"../../../Engine/Content/EngineMaterials/RemoveSurfaceMaterial.uasset" 155
"../../../Engine/Content/EngineMaterials/RemoveSurfaceMaterial.uexp" 156
"../../../Engine/Content/EngineMaterials/PreintegratedSkinBRDF.uasset" 157
"../../../Engine/Content/EngineMaterials/PreintegratedSkinBRDF.uexp" 158
"../../../Engine/Content/EngineMaterials/DefaultCalibrationGrayscale.uasset" 159
"../../../Engine/Content/EngineMaterials/DefaultCalibrationGrayscale.uexp" 160
"../../../Engine/Content/EngineMaterials/PPM_DefaultCalibrationGrayscale.uasset" 161
"../../../Engine/Content/EngineMaterials/PPM_DefaultCalibrationGrayscale.uexp" 162
"../../../Engine/Content/EngineMaterials/DefaultCalibrationColor.uasset" 163
"../../../Engine/Content/EngineMaterials/DefaultCalibrationColor.uexp" 164
"../../../Engine/Content/EngineMaterials/PPM_DefaultCalibrationColor.uasset" 165
"../../../Engine/Content/EngineMaterials/PPM_DefaultCalibrationColor.uexp" 166
"../../../Engine/Content/EngineMaterials/PhAT_JointLimitMaterial.uasset" 167
"../../../Engine/Content/EngineMaterials/PhAT_JointLimitMaterial.uexp" 168
"../../../Engine/Content/EngineMaterials/NaniteHiddenSectionMaterial.uasset" 169
"../../../Engine/Content/EngineMaterials/NaniteHiddenSectionMaterial.uexp" 170
"../../../Engine/Content/EngineMaterials/InvalidLightmapSettings.ubulk" 171
"../../../Engine/Content/EngineMaterials/InvalidLightmapSettings.uasset" 172
"../../../Engine/Content/EngineMaterials/InvalidLightmapSettings.uexp" 173
"../../../Engine/Content/EngineMaterials/M_InvalidLightmapSettings.uasset" 174
"../../../Engine/Content/EngineMaterials/M_InvalidLightmapSettings.uexp" 175
"../../../Engine/Content/EngineMaterials/MiniFont.uasset" 176
"../../../Engine/Content/EngineMaterials/MiniFont.uexp" 177
"../../../Engine/Content/EngineMaterials/GizmoMaterial.uasset" 178
"../../../Engine/Content/EngineMaterials/GizmoMaterial.uexp" 179
"../../../Engine/Content/EngineMaterials/BaseFlattenDiffuseMap_VT.ubulk" 180
"../../../Engine/Content/EngineMaterials/BaseFlattenDiffuseMap_VT.uasset" 181
"../../../Engine/Content/EngineMaterials/BaseFlattenDiffuseMap_VT.uexp" 182
"../../../Engine/Content/EngineMaterials/BaseFlattenEmissiveMap_VT.ubulk" 183
"../../../Engine/Content/EngineMaterials/BaseFlattenEmissiveMap_VT.uasset" 184
"../../../Engine/Content/EngineMaterials/BaseFlattenEmissiveMap_VT.uexp" 185
"../../../Engine/Content/EngineMaterials/BaseFlattenGrayscaleMap_VT.ubulk" 186
"../../../Engine/Content/EngineMaterials/BaseFlattenGrayscaleMap_VT.uasset" 187
"../../../Engine/Content/EngineMaterials/BaseFlattenGrayscaleMap_VT.uexp" 188
"../../../Engine/Content/EngineMaterials/BaseFlattenLinearColor_VT.ubulk" 189
"../../../Engine/Content/EngineMaterials/BaseFlattenLinearColor_VT.uasset" 190
"../../../Engine/Content/EngineMaterials/BaseFlattenLinearColor_VT.uexp" 191
"../../../Engine/Content/EngineMaterials/BaseFlattenNormalMap_VT.ubulk" 192
"../../../Engine/Content/EngineMaterials/BaseFlattenNormalMap_VT.uasset" 193
"../../../Engine/Content/EngineMaterials/BaseFlattenNormalMap_VT.uexp" 194
"../../../Engine/Content/EngineMaterials/Black_1x1_EXR_Texture_VT.ubulk" 195
"../../../Engine/Content/EngineMaterials/Black_1x1_EXR_Texture_VT.uasset" 196
"../../../Engine/Content/EngineMaterials/Black_1x1_EXR_Texture_VT.uexp" 197
"../../../Engine/Content/EngineMaterials/FlattenMaterial_WS_Normal_VT.uasset" 198
"../../../Engine/Content/EngineMaterials/FlattenMaterial_WS_Normal_VT.uexp" 199
"../../../Engine/Content/EngineMaterials/FlattenMaterial_VT.uasset" 200
"../../../Engine/Content/EngineMaterials/FlattenMaterial_VT.uexp" 201
"../../../Engine/Content/EngineMaterials/BaseFlattenNormalMap.uasset" 202
"../../../Engine/Content/EngineMaterials/BaseFlattenNormalMap.uexp" 203
"../../../Engine/Content/EngineMaterials/BaseFlattenDiffuseMap.uasset" 204
"../../../Engine/Content/EngineMaterials/BaseFlattenDiffuseMap.uexp" 205
"../../../Engine/Content/EngineMaterials/BaseFlattenEmissiveMap.uasset" 206
"../../../Engine/Content/EngineMaterials/BaseFlattenEmissiveMap.uexp" 207
"../../../Engine/Content/EngineMaterials/BaseFlattenGrayscaleMap.uasset" 208
"../../../Engine/Content/EngineMaterials/BaseFlattenGrayscaleMap.uexp" 209
"../../../Engine/Content/EngineMaterials/BaseFlattenLinearColor.uasset" 210
"../../../Engine/Content/EngineMaterials/BaseFlattenLinearColor.uexp" 211
"../../../Engine/Content/Functions/Engine_MaterialFunctions02/PivotPainter2/Black_1x1_EXR_Texture.uasset" 212
"../../../Engine/Content/Functions/Engine_MaterialFunctions02/PivotPainter2/Black_1x1_EXR_Texture.uexp" 213
"../../../Engine/Content/EngineMaterials/FlattenMaterial.uasset" 214
"../../../Engine/Content/EngineMaterials/FlattenMaterial.uexp" 215
"../../../Engine/Content/EngineMaterials/FastBlueNoise_vec2_128x128x64.uasset" 216
"../../../Engine/Content/EngineMaterials/FastBlueNoise_vec2_128x128x64.uexp" 217
"../../../Engine/Content/EngineMaterials/FastBlueNoise_scalar_128x128x8.uasset" 218
"../../../Engine/Content/EngineMaterials/FastBlueNoise_scalar_128x128x8.uexp" 219
"../../../Engine/Content/EngineMaterials/FastBlueNoise_scalar_128x128x64.uasset" 220
"../../../Engine/Content/EngineMaterials/FastBlueNoise_scalar_128x128x64.uexp" 221
"../../../Engine/Content/EngineMaterials/DefaultWhiteGrid_Low.uasset" 222
"../../../Engine/Content/EngineMaterials/DefaultWhiteGrid_Low.uexp" 223
"../../../Engine/Content/EngineMaterials/EmissiveMeshMaterial.uasset" 224
"../../../Engine/Content/EngineMaterials/EmissiveMeshMaterial.uexp" 225
"../../../Engine/Content/EngineMaterials/DefaultWhiteGrid.ubulk" 226
"../../../Engine/Content/EngineMaterials/DefaultWhiteGrid.uasset" 227
"../../../Engine/Content/EngineMaterials/DefaultWhiteGrid.uexp" 228
"../../../Engine/Content/EngineFonts/RobotoDistanceField.uasset" 229
"../../../Engine/Content/EngineFonts/RobotoDistanceField.uexp" 230
"../../../Engine/Content/EngineMaterials/DefaultTextMaterialOpaque.uasset" 231
"../../../Engine/Content/EngineMaterials/DefaultTextMaterialOpaque.uexp" 232
"../../../Engine/Content/EngineMaterials/DefaultPostProcessMaterial.uasset" 233
"../../../Engine/Content/EngineMaterials/DefaultPostProcessMaterial.uexp" 234
"../../../Engine/Content/EngineMaterials/DefaultLightFunctionMaterial.uasset" 235
"../../../Engine/Content/EngineMaterials/DefaultLightFunctionMaterial.uexp" 236
"../../../Engine/Content/EngineMaterials/DefaultDeferredDecalMaterial.uasset" 237
"../../../Engine/Content/EngineMaterials/DefaultDeferredDecalMaterial.uexp" 238
"../../../Engine/Content/EngineMaterials/DefaultBokeh.uasset" 239
"../../../Engine/Content/EngineMaterials/DefaultBokeh.uexp" 240
"../../../Engine/Content/EngineMaterials/DefaultBloomKernel.uasset" 241
"../../../Engine/Content/EngineMaterials/DefaultBloomKernel.uexp" 242
"../../../Engine/Content/Functions/Engine_MaterialFunctions02/Utility/CameraDirectionVector.uasset" 243
"../../../Engine/Content/Functions/Engine_MaterialFunctions02/Utility/CameraDirectionVector.uexp" 244
"../../../Engine/Content/EngineDebugMaterials/VolumeToRender.uasset" 245
"../../../Engine/Content/EngineDebugMaterials/VolumeToRender.uexp" 246
"../../../Engine/Content/EngineDebugMaterials/M_VolumeRenderSphereTracePP.uasset" 247
"../../../Engine/Content/EngineDebugMaterials/M_VolumeRenderSphereTracePP.uexp" 248
"../../../Engine/Content/EngineDebugMaterials/M_SimpleUnlitTranslucent.uasset" 249
"../../../Engine/Content/EngineDebugMaterials/M_SimpleUnlitTranslucent.uexp" 250
"../../../Engine/Content/EngineDebugMaterials/DebugMeshMaterial.uasset" 251
"../../../Engine/Content/EngineDebugMaterials/DebugMeshMaterial.uexp" 252
"../../../Engine/Content/EngineDebugMaterials/DebugEditorMaterial.uasset" 253
"../../../Engine/Content/EngineDebugMaterials/DebugEditorMaterial.uexp" 254
"../../../Engine/Content/EngineDamageTypes/DmgTypeBP_Environmental.uasset" 255
"../../../Engine/Content/EngineDamageTypes/DmgTypeBP_Environmental.uexp" 256
"../../../Engine/Content/EditorResources/S_TriggerSphere.uasset" 257
"../../../Engine/Content/EditorResources/S_TriggerSphere.uexp" 258
"../../../Engine/Content/EditorResources/S_TriggerCapsule.uasset" 259
"../../../Engine/Content/EditorResources/S_TriggerCapsule.uexp" 260
"../../../Engine/Content/EditorResources/S_TriggerBox.uasset" 261
"../../../Engine/Content/EditorResources/S_TriggerBox.uexp" 262
"../../../Engine/Content/EditorResources/S_Terrain.ubulk" 263
"../../../Engine/Content/EditorResources/S_Terrain.uasset" 264
"../../../Engine/Content/EditorResources/S_Terrain.uexp" 265
"../../../Engine/Content/EditorResources/S_Solver.ubulk" 266
"../../../Engine/Content/EditorResources/S_Solver.uasset" 267
"../../../Engine/Content/EditorResources/S_Solver.uexp" 268
"../../../Engine/Content/EditorResources/BSPVertex.uasset" 269
"../../../Engine/Content/EditorResources/BSPVertex.uexp" 270
"../../../Engine/Content/EditorMaterials/PreviewShadowIndicator.ubulk" 271
"../../../Engine/Content/EditorMaterials/PreviewShadowIndicator.uasset" 272
"../../../Engine/Content/EditorMaterials/PreviewShadowIndicator.uexp" 273
"../../../Engine/Content/EditorMaterials/PreviewShadowIndicatorMaterial.uasset" 274
"../../../Engine/Content/EditorMaterials/PreviewShadowIndicatorMaterial.uexp" 275
"../../../Engine/Content/EditorMaterials/PhAT_UnselectedMaterial.uasset" 276
"../../../Engine/Content/EditorMaterials/PhAT_UnselectedMaterial.uexp" 277
"../../../Engine/Content/EditorMaterials/PhAT_NoCollisionMaterial.uasset" 278
"../../../Engine/Content/EditorMaterials/PhAT_NoCollisionMaterial.uexp" 279
"D:/UE5_Project/TombEvader/Content/Sounds/Classes/SC_Ambient.uasset" 280
"D:/UE5_Project/TombEvader/Content/Sounds/Classes/SC_Ambient.uexp" 281
"D:/UE5_Project/TombEvader/Content/Sounds/Classes/SC_SFX.uasset" 282
"D:/UE5_Project/TombEvader/Content/Sounds/Classes/SC_SFX.uexp" 283
"D:/UE5_Project/TombEvader/Content/Sounds/Classes/SC_Master.uasset" 284
"D:/UE5_Project/TombEvader/Content/Sounds/Classes/SC_Master.uexp" 285
"../../../Engine/Plugins/VirtualProduction/CameraCalibrationCore/Content/Materials/M_DefaultOddSquare.uasset" 286
"../../../Engine/Plugins/VirtualProduction/CameraCalibrationCore/Content/Materials/M_DefaultOddSquare.uexp" 287
"../../../Engine/Plugins/VirtualProduction/CameraCalibrationCore/Content/Materials/M_DefaultEvenSquare.uasset" 288
"../../../Engine/Plugins/VirtualProduction/CameraCalibrationCore/Content/Materials/M_DefaultEvenSquare.uexp" 289
"../../../Engine/Plugins/Runtime/HairStrands/Content/Materials/HairMeshesDefaultMaterial.uasset" 290
"../../../Engine/Plugins/Runtime/HairStrands/Content/Materials/HairMeshesDefaultMaterial.uexp" 291
"../../../Engine/Plugins/Runtime/HairStrands/Content/Materials/HairDefaultMaterial.uasset" 292
"../../../Engine/Plugins/Runtime/HairStrands/Content/Materials/HairDefaultMaterial.uexp" 293
"../../../Engine/Content/Functions/Engine_MaterialFunctions02/Utility/MakeFloat2.uasset" 294
"../../../Engine/Content/Functions/Engine_MaterialFunctions02/Utility/MakeFloat2.uexp" 295
"../../../Engine/Content/Functions/Engine_MaterialFunctions02/Utility/MakeFloat3.uasset" 296
"../../../Engine/Content/Functions/Engine_MaterialFunctions02/Utility/MakeFloat3.uexp" 297
"../../../Engine/Content/EngineMaterials/HairDebugColor.uasset" 298
"../../../Engine/Content/EngineMaterials/HairDebugColor.uexp" 299
"../../../Engine/Content/EngineMaterials/HairColorMap.uasset" 300
"../../../Engine/Content/EngineMaterials/HairColorMap.uexp" 301
"../../../Engine/Plugins/Runtime/HairStrands/Content/Materials/HairGroupColors.uasset" 302
"../../../Engine/Plugins/Runtime/HairStrands/Content/Materials/HairGroupColors.uexp" 303
"../../../Engine/Plugins/Runtime/HairStrands/Content/Materials/HairDebugMaterial.uasset" 304
"../../../Engine/Plugins/Runtime/HairStrands/Content/Materials/HairDebugMaterial.uexp" 305
"../../../Engine/Plugins/Runtime/HairStrands/Content/Materials/HairCardsDefaultMaterial.uasset" 306
"../../../Engine/Plugins/Runtime/HairStrands/Content/Materials/HairCardsDefaultMaterial.uexp" 307
"../../../Engine/Plugins/Runtime/AudioWidgets/Content/Resources/ScrubHandleDown_Clamped.uasset" 308
"../../../Engine/Plugins/Runtime/AudioWidgets/Content/Resources/ScrubHandleDown_Clamped.uexp" 309
"../../../Engine/Plugins/Runtime/AR/ARUtilities/Content/Materials/DummyExternalTexture.uasset" 310
"../../../Engine/Plugins/Runtime/AR/ARUtilities/Content/Materials/DummyExternalTexture.uexp" 311
"../../../Engine/Plugins/Runtime/AR/ARUtilities/Content/Materials/M_PassthroughCamera.uasset" 312
"../../../Engine/Plugins/Runtime/AR/ARUtilities/Content/Materials/M_PassthroughCamera.uexp" 313
"../../../Engine/Plugins/Runtime/AR/ARUtilities/Content/Materials/MF_DistanceColorLerp.uasset" 314
"../../../Engine/Plugins/Runtime/AR/ARUtilities/Content/Materials/MF_DistanceColorLerp.uexp" 315
"../../../Engine/Plugins/Runtime/AR/ARUtilities/Content/Materials/M_DepthColoration.uasset" 316
"../../../Engine/Plugins/Runtime/AR/ARUtilities/Content/Materials/M_DepthColoration.uexp" 317
"../../../Engine/Plugins/Interchange/Assets/Content/Functions/MX_UsdPreviewSurface.uasset" 318
"../../../Engine/Plugins/Interchange/Assets/Content/Functions/MX_UsdPreviewSurface.uexp" 319
"../../../Engine/Plugins/Interchange/Assets/Content/Functions/MX_UniformEDF.uasset" 320
"../../../Engine/Plugins/Interchange/Assets/Content/Functions/MX_UniformEDF.uexp" 321
"../../../Engine/Plugins/Interchange/Assets/Content/Functions/MX_TranslucentBSDF.uasset" 322
"../../../Engine/Plugins/Interchange/Assets/Content/Functions/MX_TranslucentBSDF.uexp" 323
"../../../Engine/Plugins/Interchange/Assets/Content/Functions/MX_ThinFilmBSDF.uasset" 324
"../../../Engine/Plugins/Interchange/Assets/Content/Functions/MX_ThinFilmBSDF.uexp" 325
"../../../Engine/Plugins/Interchange/Assets/Content/Functions/MX_SurfaceUnlit.uasset" 326
"../../../Engine/Plugins/Interchange/Assets/Content/Functions/MX_SurfaceUnlit.uexp" 327
"../../../Engine/Plugins/Interchange/Assets/Content/Functions/MX_Surface.uasset" 328
"../../../Engine/Plugins/Interchange/Assets/Content/Functions/MX_Surface.uexp" 329
"../../../Engine/Plugins/Interchange/Assets/Content/Functions/MX_SubsurfaceBSDF.uasset" 330
"../../../Engine/Plugins/Interchange/Assets/Content/Functions/MX_SubsurfaceBSDF.uexp" 331
"../../../Engine/Plugins/Interchange/Assets/Content/Functions/MX_SheenBSDF.uasset" 332
"../../../Engine/Plugins/Interchange/Assets/Content/Functions/MX_SheenBSDF.uexp" 333
"../../../Engine/Plugins/Interchange/Assets/Content/Functions/MX_OrenNayarBSDF.uasset" 334
"../../../Engine/Plugins/Interchange/Assets/Content/Functions/MX_OrenNayarBSDF.uexp" 335
"../../../Engine/Plugins/Interchange/Assets/Content/Functions/MF_IridescenceNoLUT.uasset" 336
"../../../Engine/Plugins/Interchange/Assets/Content/Functions/MF_IridescenceNoLUT.uexp" 337
"../../../Engine/Plugins/Interchange/Assets/Content/Functions/MX_StandardSurface.uasset" 338
"../../../Engine/Plugins/Interchange/Assets/Content/Functions/MX_StandardSurface.uexp" 339
"../../../Engine/Plugins/Interchange/Assets/Content/Functions/MX_TransmissionSurface.uasset" 340
"../../../Engine/Plugins/Interchange/Assets/Content/Functions/MX_TransmissionSurface.uexp" 341
"../../../Engine/Plugins/Interchange/Assets/Content/Functions/MX_OpenPBR_Translucent.uasset" 342
"../../../Engine/Plugins/Interchange/Assets/Content/Functions/MX_OpenPBR_Translucent.uexp" 343
"../../../Engine/Plugins/Interchange/Assets/Content/Functions/MX_OpenPBR_Opaque.uasset" 344
"../../../Engine/Plugins/Interchange/Assets/Content/Functions/MX_OpenPBR_Opaque.uexp" 345
"../../../Engine/Plugins/Interchange/Assets/Content/Functions/MX_MeasuredEDF.uasset" 346
"../../../Engine/Plugins/Interchange/Assets/Content/Functions/MX_MeasuredEDF.uexp" 347
"../../../Engine/Plugins/Interchange/Assets/Content/Functions/MX_GeneralizedSchlickBSDF.uasset" 348
"../../../Engine/Plugins/Interchange/Assets/Content/Functions/MX_GeneralizedSchlickBSDF.uexp" 349
"../../../Engine/Content/Functions/Engine_MaterialFunctions02/Utility/BlendAngleCorrectedNormals.uasset" 350
"../../../Engine/Content/Functions/Engine_MaterialFunctions02/Utility/BlendAngleCorrectedNormals.uexp" 351
"../../../Engine/Plugins/Interchange/Assets/Content/Functions/MX_Displacement.uasset" 352
"../../../Engine/Plugins/Interchange/Assets/Content/Functions/MX_Displacement.uexp" 353
"../../../Engine/Plugins/Interchange/Assets/Content/Functions/MX_DielectricBSDF.uasset" 354
"../../../Engine/Plugins/Interchange/Assets/Content/Functions/MX_DielectricBSDF.uexp" 355
"../../../Engine/Plugins/Interchange/Assets/Content/Functions/MX_ConicalEDF.uasset" 356
"../../../Engine/Plugins/Interchange/Assets/Content/Functions/MX_ConicalEDF.uexp" 357
"../../../Engine/Plugins/Interchange/Assets/Content/Functions/MX_ConductorBSDF.uasset" 358
"../../../Engine/Plugins/Interchange/Assets/Content/Functions/MX_ConductorBSDF.uexp" 359
"../../../Engine/Plugins/Interchange/Assets/Content/Functions/MX_BurleyDiffuseBSDF.uasset" 360
"../../../Engine/Plugins/Interchange/Assets/Content/Functions/MX_BurleyDiffuseBSDF.uexp" 361
"../../../Engine/Plugins/Interchange/Assets/Content/Functions/MX_AnisotropicVDF.uasset" 362
"../../../Engine/Plugins/Interchange/Assets/Content/Functions/MX_AnisotropicVDF.uexp" 363
"../../../Engine/Plugins/Interchange/Assets/Content/Functions/MX_AbsorptionVDF.uasset" 364
"../../../Engine/Plugins/Interchange/Assets/Content/Functions/MX_AbsorptionVDF.uexp" 365
"../../../Engine/Content/Functions/Engine_MaterialFunctions02/Utility/VectorLength.uasset" 366
"../../../Engine/Content/Functions/Engine_MaterialFunctions02/Utility/VectorLength.uexp" 367
"../../../Engine/Content/Functions/Engine_MaterialFunctions02/WorldPositionOffset/ObjectScale.uasset" 368
"../../../Engine/Content/Functions/Engine_MaterialFunctions02/WorldPositionOffset/ObjectScale.uexp" 369
"../../../Engine/Content/Functions/Engine_MaterialFunctions02/Utility/BreakOutFloat3Components.uasset" 370
"../../../Engine/Content/Functions/Engine_MaterialFunctions02/Utility/BreakOutFloat3Components.uexp" 371
"../../../Engine/Content/Functions/Engine_MaterialFunctions02/SafeNormalize.uasset" 372
"../../../Engine/Content/Functions/Engine_MaterialFunctions02/SafeNormalize.uexp" 373
"../../../Engine/Plugins/Editor/SpeedTreeImporter/Content/SpeedTree9/UnpackInteger3.uasset" 374
"../../../Engine/Plugins/Editor/SpeedTreeImporter/Content/SpeedTree9/UnpackInteger3.uexp" 375
"../../../Engine/Plugins/Editor/SpeedTreeImporter/Content/SpeedTree9/UnpackDirection.uasset" 376
"../../../Engine/Plugins/Editor/SpeedTreeImporter/Content/SpeedTree9/UnpackDirection.uexp" 377
"../../../Engine/Plugins/Editor/SpeedTreeImporter/Content/SpeedTree9/game_wind_noise.ubulk" 378
"../../../Engine/Plugins/Editor/SpeedTreeImporter/Content/SpeedTree9/game_wind_noise.uasset" 379
"../../../Engine/Plugins/Editor/SpeedTreeImporter/Content/SpeedTree9/game_wind_noise.uexp" 380
"../../../Engine/Plugins/Editor/SpeedTreeImporter/Content/SpeedTree9/SpeedTreeWindMotion.uasset" 381
"../../../Engine/Plugins/Editor/SpeedTreeImporter/Content/SpeedTree9/SpeedTreeWindMotion.uexp" 382
"../../../Engine/Plugins/Editor/SpeedTreeImporter/Content/SpeedTree9/SpeedTreeBranchMotion.uasset" 383
"../../../Engine/Plugins/Editor/SpeedTreeImporter/Content/SpeedTree9/SpeedTreeBranchMotion.uexp" 384
"../../../Engine/Content/Functions/Engine_MaterialFunctions02/ObjectLocalBounds.uasset" 385
"../../../Engine/Content/Functions/Engine_MaterialFunctions02/ObjectLocalBounds.uexp" 386
"../../../Engine/Content/Functions/Engine_MaterialFunctions02/UVs/BoundingBoxBased_0-1_UVW.uasset" 387
"../../../Engine/Content/Functions/Engine_MaterialFunctions02/UVs/BoundingBoxBased_0-1_UVW.uexp" 388
"../../../Engine/Plugins/Editor/SpeedTreeImporter/Content/SpeedTree9/SpeedTreeWind.uasset" 389
"../../../Engine/Plugins/Editor/SpeedTreeImporter/Content/SpeedTree9/SpeedTreeWind.uexp" 390
"../../../Engine/Plugins/Editor/SpeedTreeImporter/Content/SpeedTree9/SpeedTreeCameraFacing.uasset" 391
"../../../Engine/Plugins/Editor/SpeedTreeImporter/Content/SpeedTree9/SpeedTreeCameraFacing.uexp" 392
"../../../Engine/Plugins/Editor/SpeedTreeImporter/Content/SpeedTree9/Empty.uasset" 393
"../../../Engine/Plugins/Editor/SpeedTreeImporter/Content/SpeedTree9/Empty.uexp" 394
"../../../Engine/Plugins/Editor/SpeedTreeImporter/Content/SpeedTree9/EmptyNormal.uasset" 395
"../../../Engine/Plugins/Editor/SpeedTreeImporter/Content/SpeedTree9/EmptyNormal.uexp" 396
"../../../Engine/Plugins/Editor/SpeedTreeImporter/Content/SpeedTree9/SpeedTreeMaster.uasset" 397
"../../../Engine/Plugins/Editor/SpeedTreeImporter/Content/SpeedTree9/SpeedTreeMaster.uexp" 398
"../../../Engine/Plugins/Editor/SpeedTreeImporter/Content/SpeedTree9/SpeedTreeBillboard.uasset" 399
"../../../Engine/Plugins/Editor/SpeedTreeImporter/Content/SpeedTree9/SpeedTreeBillboard.uexp" 400
"../../../Engine/Plugins/Editor/SpeedTreeImporter/Content/SpeedTree9/SpeedTreeBillboardMaster.uasset" 401
"../../../Engine/Plugins/Editor/SpeedTreeImporter/Content/SpeedTree9/SpeedTreeBillboardMaster.uexp" 402
"../../../Engine/Plugins/Animation/ControlRig/Content/Controls/ControlRig_Wedge_solid.ubulk" 403
"../../../Engine/Plugins/Animation/ControlRig/Content/Controls/ControlRig_Wedge_solid.uasset" 404
"../../../Engine/Plugins/Animation/ControlRig/Content/Controls/ControlRig_Wedge_solid.uexp" 405
"../../../Engine/Plugins/Animation/ControlRig/Content/Controls/ControlRig_Wedge_3mm.ubulk" 406
"../../../Engine/Plugins/Animation/ControlRig/Content/Controls/ControlRig_Wedge_3mm.uasset" 407
"../../../Engine/Plugins/Animation/ControlRig/Content/Controls/ControlRig_Wedge_3mm.uexp" 408
"../../../Engine/Plugins/Animation/ControlRig/Content/Controls/ControlRig_Wedge_1mm.ubulk" 409
"../../../Engine/Plugins/Animation/ControlRig/Content/Controls/ControlRig_Wedge_1mm.uasset" 410
"../../../Engine/Plugins/Animation/ControlRig/Content/Controls/ControlRig_Wedge_1mm.uexp" 411
"../../../Engine/Plugins/Animation/ControlRig/Content/Controls/ControlRig_Triangle_solid.ubulk" 412
"../../../Engine/Plugins/Animation/ControlRig/Content/Controls/ControlRig_Triangle_solid.uasset" 413
"../../../Engine/Plugins/Animation/ControlRig/Content/Controls/ControlRig_Triangle_solid.uexp" 414
"../../../Engine/Plugins/Animation/ControlRig/Content/Controls/ControlRig_Triangle_3mm.ubulk" 415
"../../../Engine/Plugins/Animation/ControlRig/Content/Controls/ControlRig_Triangle_3mm.uasset" 416
"../../../Engine/Plugins/Animation/ControlRig/Content/Controls/ControlRig_Triangle_3mm.uexp" 417
"../../../Engine/Plugins/Animation/ControlRig/Content/Controls/ControlRig_Triangle_1mm.ubulk" 418
"../../../Engine/Plugins/Animation/ControlRig/Content/Controls/ControlRig_Triangle_1mm.uasset" 419
"../../../Engine/Plugins/Animation/ControlRig/Content/Controls/ControlRig_Triangle_1mm.uexp" 420
"../../../Engine/Plugins/Animation/ControlRig/Content/Controls/ControlRig_Star4_solid.ubulk" 421
"../../../Engine/Plugins/Animation/ControlRig/Content/Controls/ControlRig_Star4_solid.uasset" 422
"../../../Engine/Plugins/Animation/ControlRig/Content/Controls/ControlRig_Star4_solid.uexp" 423
"../../../Engine/Plugins/Animation/ControlRig/Content/Controls/ControlRig_Star4_3mm.ubulk" 424
"../../../Engine/Plugins/Animation/ControlRig/Content/Controls/ControlRig_Star4_3mm.uasset" 425
"../../../Engine/Plugins/Animation/ControlRig/Content/Controls/ControlRig_Star4_3mm.uexp" 426
"../../../Engine/Plugins/Animation/ControlRig/Content/Controls/ControlRig_Star4_1mm.ubulk" 427
"../../../Engine/Plugins/Animation/ControlRig/Content/Controls/ControlRig_Star4_1mm.uasset" 428
"../../../Engine/Plugins/Animation/ControlRig/Content/Controls/ControlRig_Star4_1mm.uexp" 429
"../../../Engine/Plugins/Animation/ControlRig/Content/Controls/ControlRig_Square_solid.ubulk" 430
"../../../Engine/Plugins/Animation/ControlRig/Content/Controls/ControlRig_Square_solid.uasset" 431
"../../../Engine/Plugins/Animation/ControlRig/Content/Controls/ControlRig_Square_solid.uexp" 432
"../../../Engine/Plugins/Animation/ControlRig/Content/Controls/ControlRig_Square_Joystick.ubulk" 433
"../../../Engine/Plugins/Animation/ControlRig/Content/Controls/ControlRig_Square_Joystick.uasset" 434
"../../../Engine/Plugins/Animation/ControlRig/Content/Controls/ControlRig_Square_Joystick.uexp" 435
"../../../Engine/Plugins/Animation/ControlRig/Content/Controls/ControlRig_Square_3mm.ubulk" 436
"../../../Engine/Plugins/Animation/ControlRig/Content/Controls/ControlRig_Square_3mm.uasset" 437
"../../../Engine/Plugins/Animation/ControlRig/Content/Controls/ControlRig_Square_3mm.uexp" 438
"../../../Engine/Plugins/Animation/ControlRig/Content/Controls/ControlRig_Square_1mm.ubulk" 439
"../../../Engine/Plugins/Animation/ControlRig/Content/Controls/ControlRig_Square_1mm.uasset" 440
"../../../Engine/Plugins/Animation/ControlRig/Content/Controls/ControlRig_Square_1mm.uexp" 441
"../../../Engine/Plugins/Animation/ControlRig/Content/Controls/ControlRig_Sphere_solid.ubulk" 442
"../../../Engine/Plugins/Animation/ControlRig/Content/Controls/ControlRig_Sphere_solid.uasset" 443
"../../../Engine/Plugins/Animation/ControlRig/Content/Controls/ControlRig_Sphere_solid.uexp" 444
"../../../Engine/Plugins/Animation/ControlRig/Content/Controls/ControlRig_Sphere_3mm.ubulk" 445
"../../../Engine/Plugins/Animation/ControlRig/Content/Controls/ControlRig_Sphere_3mm.uasset" 446
"../../../Engine/Plugins/Animation/ControlRig/Content/Controls/ControlRig_Sphere_3mm.uexp" 447
"../../../Engine/Plugins/Animation/ControlRig/Content/Controls/ControlRig_Sphere_1mm.ubulk" 448
"../../../Engine/Plugins/Animation/ControlRig/Content/Controls/ControlRig_Sphere_1mm.uasset" 449
"../../../Engine/Plugins/Animation/ControlRig/Content/Controls/ControlRig_Sphere_1mm.uexp" 450
"../../../Engine/Plugins/Animation/ControlRig/Content/Controls/ControlRig_RoundedTriangle_solid.ubulk" 451
"../../../Engine/Plugins/Animation/ControlRig/Content/Controls/ControlRig_RoundedTriangle_solid.uasset" 452
"../../../Engine/Plugins/Animation/ControlRig/Content/Controls/ControlRig_RoundedTriangle_solid.uexp" 453
"../../../Engine/Plugins/Animation/ControlRig/Content/Controls/ControlRig_RoundedTriangle_3mm.ubulk" 454
"../../../Engine/Plugins/Animation/ControlRig/Content/Controls/ControlRig_RoundedTriangle_3mm.uasset" 455
"../../../Engine/Plugins/Animation/ControlRig/Content/Controls/ControlRig_RoundedTriangle_3mm.uexp" 456
"../../../Engine/Plugins/Animation/ControlRig/Content/Controls/ControlRig_RoundedTriangle_1mm.ubulk" 457
"../../../Engine/Plugins/Animation/ControlRig/Content/Controls/ControlRig_RoundedTriangle_1mm.uasset" 458
"../../../Engine/Plugins/Animation/ControlRig/Content/Controls/ControlRig_RoundedTriangle_1mm.uexp" 459
"../../../Engine/Plugins/Animation/ControlRig/Content/Controls/ControlRig_RoundedSquare_solid.ubulk" 460
"../../../Engine/Plugins/Animation/ControlRig/Content/Controls/ControlRig_RoundedSquare_solid.uasset" 461
"../../../Engine/Plugins/Animation/ControlRig/Content/Controls/ControlRig_RoundedSquare_solid.uexp" 462
"../../../Engine/Plugins/Animation/ControlRig/Content/Controls/ControlRig_RoundedSquare_3mm.ubulk" 463
"../../../Engine/Plugins/Animation/ControlRig/Content/Controls/ControlRig_RoundedSquare_3mm.uasset" 464
"../../../Engine/Plugins/Animation/ControlRig/Content/Controls/ControlRig_RoundedSquare_3mm.uexp" 465
"../../../Engine/Plugins/Animation/ControlRig/Content/Controls/ControlRig_RoundedSquare_1mm.ubulk" 466
"../../../Engine/Plugins/Animation/ControlRig/Content/Controls/ControlRig_RoundedSquare_1mm.uasset" 467
"../../../Engine/Plugins/Animation/ControlRig/Content/Controls/ControlRig_RoundedSquare_1mm.uexp" 468
"../../../Engine/Plugins/Animation/ControlRig/Content/Controls/ControlRig_QuarterCircle_solid.ubulk" 469
"../../../Engine/Plugins/Animation/ControlRig/Content/Controls/ControlRig_QuarterCircle_solid.uasset" 470
"../../../Engine/Plugins/Animation/ControlRig/Content/Controls/ControlRig_QuarterCircle_solid.uexp" 471
"../../../Engine/Plugins/Animation/ControlRig/Content/Controls/ControlRig_QuarterCircle_3mm.ubulk" 472
"../../../Engine/Plugins/Animation/ControlRig/Content/Controls/ControlRig_QuarterCircle_3mm.uasset" 473
"../../../Engine/Plugins/Animation/ControlRig/Content/Controls/ControlRig_QuarterCircle_3mm.uexp" 474
"../../../Engine/Plugins/Animation/ControlRig/Content/Controls/ControlRig_QuarterCircle_1mm.ubulk" 475
"../../../Engine/Plugins/Animation/ControlRig/Content/Controls/ControlRig_QuarterCircle_1mm.uasset" 476
"../../../Engine/Plugins/Animation/ControlRig/Content/Controls/ControlRig_QuarterCircle_1mm.uexp" 477
"../../../Engine/Plugins/Animation/ControlRig/Content/Controls/ControlRig_Pyramid_solid.ubulk" 478
"../../../Engine/Plugins/Animation/ControlRig/Content/Controls/ControlRig_Pyramid_solid.uasset" 479
"../../../Engine/Plugins/Animation/ControlRig/Content/Controls/ControlRig_Pyramid_solid.uexp" 480
"../../../Engine/Plugins/Animation/ControlRig/Content/Controls/ControlRig_Pyramid_3mm.ubulk" 481
"../../../Engine/Plugins/Animation/ControlRig/Content/Controls/ControlRig_Pyramid_3mm.uasset" 482
"../../../Engine/Plugins/Animation/ControlRig/Content/Controls/ControlRig_Pyramid_3mm.uexp" 483
"../../../Engine/Plugins/Animation/ControlRig/Content/Controls/ControlRig_Pyramid_1mm.ubulk" 484
"../../../Engine/Plugins/Animation/ControlRig/Content/Controls/ControlRig_Pyramid_1mm.uasset" 485
"../../../Engine/Plugins/Animation/ControlRig/Content/Controls/ControlRig_Pyramid_1mm.uexp" 486
"../../../Engine/Plugins/Animation/ControlRig/Content/Controls/ControlRig_Octagon_solid.ubulk" 487
"../../../Engine/Plugins/Animation/ControlRig/Content/Controls/ControlRig_Octagon_solid.uasset" 488
"../../../Engine/Plugins/Animation/ControlRig/Content/Controls/ControlRig_Octagon_solid.uexp" 489
"../../../Engine/Plugins/Animation/ControlRig/Content/Controls/ControlRig_Octagon_3mm.ubulk" 490
"../../../Engine/Plugins/Animation/ControlRig/Content/Controls/ControlRig_Octagon_3mm.uasset" 491
"../../../Engine/Plugins/Animation/ControlRig/Content/Controls/ControlRig_Octagon_3mm.uexp" 492
"../../../Engine/Plugins/Animation/ControlRig/Content/Controls/ControlRig_Octagon_1mm.ubulk" 493
"../../../Engine/Plugins/Animation/ControlRig/Content/Controls/ControlRig_Octagon_1mm.uasset" 494
"../../../Engine/Plugins/Animation/ControlRig/Content/Controls/ControlRig_Octagon_1mm.uexp" 495
"../../../Engine/Plugins/Animation/ControlRig/Content/Controls/ControlRig_Line.ubulk" 496
"../../../Engine/Plugins/Animation/ControlRig/Content/Controls/ControlRig_Line.uasset" 497
"../../../Engine/Plugins/Animation/ControlRig/Content/Controls/ControlRig_Line.uexp" 498
"../../../Engine/Plugins/Animation/ControlRig/Content/Controls/ControlRig_Hexagon_solid.ubulk" 499
"../../../Engine/Plugins/Animation/ControlRig/Content/Controls/ControlRig_Hexagon_solid.uasset" 500
"../../../Engine/Plugins/Animation/ControlRig/Content/Controls/ControlRig_Hexagon_solid.uexp" 501
"../../../Engine/Plugins/Animation/ControlRig/Content/Controls/ControlRig_Hexagon_3mm.ubulk" 502
"../../../Engine/Plugins/Animation/ControlRig/Content/Controls/ControlRig_Hexagon_3mm.uasset" 503
"../../../Engine/Plugins/Animation/ControlRig/Content/Controls/ControlRig_Hexagon_3mm.uexp" 504
"../../../Engine/Plugins/Animation/ControlRig/Content/Controls/ControlRig_Hexagon_1mm.ubulk" 505
"../../../Engine/Plugins/Animation/ControlRig/Content/Controls/ControlRig_Hexagon_1mm.uasset" 506
"../../../Engine/Plugins/Animation/ControlRig/Content/Controls/ControlRig_Hexagon_1mm.uexp" 507
"../../../Engine/Plugins/Animation/ControlRig/Content/Controls/ControlRig_HalfCircle_solid.ubulk" 508
"../../../Engine/Plugins/Animation/ControlRig/Content/Controls/ControlRig_HalfCircle_solid.uasset" 509
"../../../Engine/Plugins/Animation/ControlRig/Content/Controls/ControlRig_HalfCircle_solid.uexp" 510
"../../../Engine/Plugins/Animation/ControlRig/Content/Controls/ControlRig_HalfCircle_3mm.ubulk" 511
"../../../Engine/Plugins/Animation/ControlRig/Content/Controls/ControlRig_HalfCircle_3mm.uasset" 512
"../../../Engine/Plugins/Animation/ControlRig/Content/Controls/ControlRig_HalfCircle_3mm.uexp" 513
"../../../Engine/Plugins/Animation/ControlRig/Content/Controls/ControlRig_HalfCircle_1mm.ubulk" 514
"../../../Engine/Plugins/Animation/ControlRig/Content/Controls/ControlRig_HalfCircle_1mm.uasset" 515
"../../../Engine/Plugins/Animation/ControlRig/Content/Controls/ControlRig_HalfCircle_1mm.uexp" 516
"../../../Engine/Plugins/Animation/ControlRig/Content/Controls/ControlRig_Diamond_solid.ubulk" 517
"../../../Engine/Plugins/Animation/ControlRig/Content/Controls/ControlRig_Diamond_solid.uasset" 518
"../../../Engine/Plugins/Animation/ControlRig/Content/Controls/ControlRig_Diamond_solid.uexp" 519
"../../../Engine/Plugins/Animation/ControlRig/Content/Controls/ControlRig_Diamond_3mm.ubulk" 520
"../../../Engine/Plugins/Animation/ControlRig/Content/Controls/ControlRig_Diamond_3mm.uasset" 521
"../../../Engine/Plugins/Animation/ControlRig/Content/Controls/ControlRig_Diamond_3mm.uexp" 522
"../../../Engine/Plugins/Animation/ControlRig/Content/Controls/ControlRig_Diamond_1mm.ubulk" 523
"../../../Engine/Plugins/Animation/ControlRig/Content/Controls/ControlRig_Diamond_1mm.uasset" 524
"../../../Engine/Plugins/Animation/ControlRig/Content/Controls/ControlRig_Diamond_1mm.uexp" 525
"../../../Engine/Plugins/Animation/ControlRig/Content/Controls/ControlRig_Circle_solid.ubulk" 526
"../../../Engine/Plugins/Animation/ControlRig/Content/Controls/ControlRig_Circle_solid.uasset" 527
"../../../Engine/Plugins/Animation/ControlRig/Content/Controls/ControlRig_Circle_solid.uexp" 528
"../../../Engine/Plugins/Animation/ControlRig/Content/Controls/ControlRig_Circle_3mm.ubulk" 529
"../../../Engine/Plugins/Animation/ControlRig/Content/Controls/ControlRig_Circle_3mm.uasset" 530
"../../../Engine/Plugins/Animation/ControlRig/Content/Controls/ControlRig_Circle_3mm.uexp" 531
"../../../Engine/Plugins/Animation/ControlRig/Content/Controls/ControlRig_Circle_1mm.ubulk" 532
"../../../Engine/Plugins/Animation/ControlRig/Content/Controls/ControlRig_Circle_1mm.uasset" 533
"../../../Engine/Plugins/Animation/ControlRig/Content/Controls/ControlRig_Circle_1mm.uexp" 534
"../../../Engine/Plugins/Animation/ControlRig/Content/Controls/ControlRig_Box_solid.ubulk" 535
"../../../Engine/Plugins/Animation/ControlRig/Content/Controls/ControlRig_Box_solid.uasset" 536
"../../../Engine/Plugins/Animation/ControlRig/Content/Controls/ControlRig_Box_solid.uexp" 537
"../../../Engine/Plugins/Animation/ControlRig/Content/Controls/ControlRig_Box_3mm.ubulk" 538
"../../../Engine/Plugins/Animation/ControlRig/Content/Controls/ControlRig_Box_3mm.uasset" 539
"../../../Engine/Plugins/Animation/ControlRig/Content/Controls/ControlRig_Box_3mm.uexp" 540
"../../../Engine/Plugins/Animation/ControlRig/Content/Controls/ControlRig_Box_1mm.ubulk" 541
"../../../Engine/Plugins/Animation/ControlRig/Content/Controls/ControlRig_Box_1mm.uasset" 542
"../../../Engine/Plugins/Animation/ControlRig/Content/Controls/ControlRig_Box_1mm.uexp" 543
"../../../Engine/Plugins/Animation/ControlRig/Content/Controls/ControlRig_Arrow_solid.ubulk" 544
"../../../Engine/Plugins/Animation/ControlRig/Content/Controls/ControlRig_Arrow_solid.uasset" 545
"../../../Engine/Plugins/Animation/ControlRig/Content/Controls/ControlRig_Arrow_solid.uexp" 546
"../../../Engine/Plugins/Animation/ControlRig/Content/Controls/ControlRig_Arrow_3mm.ubulk" 547
"../../../Engine/Plugins/Animation/ControlRig/Content/Controls/ControlRig_Arrow_3mm.uasset" 548
"../../../Engine/Plugins/Animation/ControlRig/Content/Controls/ControlRig_Arrow_3mm.uexp" 549
"../../../Engine/Plugins/Animation/ControlRig/Content/Controls/ControlRig_Arrow_1mm.ubulk" 550
"../../../Engine/Plugins/Animation/ControlRig/Content/Controls/ControlRig_Arrow_1mm.uasset" 551
"../../../Engine/Plugins/Animation/ControlRig/Content/Controls/ControlRig_Arrow_1mm.uexp" 552
"../../../Engine/Plugins/Animation/ControlRig/Content/Controls/ControlRig_Arrow4_solid.ubulk" 553
"../../../Engine/Plugins/Animation/ControlRig/Content/Controls/ControlRig_Arrow4_solid.uasset" 554
"../../../Engine/Plugins/Animation/ControlRig/Content/Controls/ControlRig_Arrow4_solid.uexp" 555
"../../../Engine/Plugins/Animation/ControlRig/Content/Controls/ControlRig_Arrow4_3mm.ubulk" 556
"../../../Engine/Plugins/Animation/ControlRig/Content/Controls/ControlRig_Arrow4_3mm.uasset" 557
"../../../Engine/Plugins/Animation/ControlRig/Content/Controls/ControlRig_Arrow4_3mm.uexp" 558
"../../../Engine/Plugins/Animation/ControlRig/Content/Controls/ControlRig_Arrow4_1mm.ubulk" 559
"../../../Engine/Plugins/Animation/ControlRig/Content/Controls/ControlRig_Arrow4_1mm.uasset" 560
"../../../Engine/Plugins/Animation/ControlRig/Content/Controls/ControlRig_Arrow4_1mm.uexp" 561
"../../../Engine/Plugins/Animation/ControlRig/Content/Controls/ControlRig_Arrow2_solid.ubulk" 562
"../../../Engine/Plugins/Animation/ControlRig/Content/Controls/ControlRig_Arrow2_solid.uasset" 563
"../../../Engine/Plugins/Animation/ControlRig/Content/Controls/ControlRig_Arrow2_solid.uexp" 564
"../../../Engine/Plugins/Animation/ControlRig/Content/Controls/ControlRig_Arrow2_3mm.ubulk" 565
"../../../Engine/Plugins/Animation/ControlRig/Content/Controls/ControlRig_Arrow2_3mm.uasset" 566
"../../../Engine/Plugins/Animation/ControlRig/Content/Controls/ControlRig_Arrow2_3mm.uexp" 567
"../../../Engine/Plugins/Animation/ControlRig/Content/Controls/ControlRig_Arrow2_1mm.ubulk" 568
"../../../Engine/Plugins/Animation/ControlRig/Content/Controls/ControlRig_Arrow2_1mm.uasset" 569
"../../../Engine/Plugins/Animation/ControlRig/Content/Controls/ControlRig_Arrow2_1mm.uexp" 570
"../../../Engine/Plugins/Animation/ControlRig/Content/Controls/ControlRigXRayMaterial.uasset" 571
"../../../Engine/Plugins/Animation/ControlRig/Content/Controls/ControlRigXRayMaterial.uexp" 572
"../../../Engine/Plugins/Animation/ControlRig/Content/Controls/ControlRigGizmoMaterial.uasset" 573
"../../../Engine/Plugins/Animation/ControlRig/Content/Controls/ControlRigGizmoMaterial.uexp" 574
"../../../Engine/Content/EditorMaterials/Dataflow/DataflowVertexMaterial.uasset" 575
"../../../Engine/Content/EditorMaterials/Dataflow/DataflowVertexMaterial.uexp" 576
"../../../Engine/Content/EditorMaterials/Dataflow/DataflowTwoSidedVertexMaterial.uasset" 577
"../../../Engine/Content/EditorMaterials/Dataflow/DataflowTwoSidedVertexMaterial.uexp" 578
"../../../Engine/Content/EditorMaterials/ParticleSystems/PSysThumbnail_OOD.ubulk" 579
"../../../Engine/Content/EditorMaterials/ParticleSystems/PSysThumbnail_OOD.uasset" 580
"../../../Engine/Content/EditorMaterials/ParticleSystems/PSysThumbnail_OOD.uexp" 581
"../../../Engine/Content/EditorMaterials/ParticleSystems/PSysThumbnail_NoImage.ubulk" 582
"../../../Engine/Content/EditorMaterials/ParticleSystems/PSysThumbnail_NoImage.uasset" 583
"../../../Engine/Content/EditorMaterials/ParticleSystems/PSysThumbnail_NoImage.uexp" 584
"../../../Engine/Content/EngineResources/FilmGrains/Marcie_Grain_v3_128_M2_000.uasset" 585
"../../../Engine/Content/EngineResources/FilmGrains/Marcie_Grain_v3_128_M2_000.uexp" 586
"../../../Engine/Content/EngineResources/Development/ZenLogo_64.uasset" 587
"../../../Engine/Content/EngineResources/Development/ZenLogo_64.uexp" 588
"../../../Engine/Content/EngineMaterials/LTC/Sheen_LTC.uasset" 589
"../../../Engine/Content/EngineMaterials/LTC/Sheen_LTC.uexp" 590
"../../../Engine/Content/EngineMaterials/LTC/GGX_LTCMat.uasset" 591
"../../../Engine/Content/EngineMaterials/LTC/GGX_LTCMat.uexp" 592
"../../../Engine/Content/EngineMaterials/LTC/GGX_LTCAmp.uasset" 593
"../../../Engine/Content/EngineMaterials/LTC/GGX_LTCAmp.uexp" 594
"../../../Engine/Content/EngineMaterials/EnergyConservation/Sheen_Energy.uasset" 595
"../../../Engine/Content/EngineMaterials/EnergyConservation/Sheen_Energy.uexp" 596
"../../../Engine/Content/EngineMaterials/EnergyConservation/SheenLegacy_Energy.uasset" 597
"../../../Engine/Content/EngineMaterials/EnergyConservation/SheenLegacy_Energy.uexp" 598
"../../../Engine/Content/EngineMaterials/EnergyConservation/GGX_TransmissionEnergyArray.uasset" 599
"../../../Engine/Content/EngineMaterials/EnergyConservation/GGX_TransmissionEnergyArray.uexp" 600
"../../../Engine/Content/EngineMaterials/EnergyConservation/GGX_ReflectionEnergy.uasset" 601
"../../../Engine/Content/EngineMaterials/EnergyConservation/GGX_ReflectionEnergy.uexp" 602
"../../../Engine/Content/EngineMaterials/EnergyConservation/Diffuse_Energy.uasset" 603
"../../../Engine/Content/EngineMaterials/EnergyConservation/Diffuse_Energy.uexp" 604
"../../../Engine/Content/EditorResources/SequenceRecorder/RecordingIndicator.uasset" 605
"../../../Engine/Content/EditorResources/SequenceRecorder/RecordingIndicator.uexp" 606
"../../../Engine/Content/EditorResources/SequenceRecorder/Countdown.uasset" 607
"../../../Engine/Content/EditorResources/SequenceRecorder/Countdown.uexp" 608
"../../../Engine/Content/EditorMaterials/Camera/CineMat.uasset" 609
"../../../Engine/Content/EditorMaterials/Camera/CineMat.uexp" 610
"../../../Engine/Content/EditorMaterials/Camera/MI_CineMat_Rig.uasset" 611
"../../../Engine/Content/EditorMaterials/Camera/MI_CineMat_Rig.uexp" 612
"../../../Engine/Content/EditorMeshes/Camera/SM_RailRig_Track.ubulk" 613
"../../../Engine/Content/EditorMeshes/Camera/SM_RailRig_Track.uasset" 614
"../../../Engine/Content/EditorMeshes/Camera/SM_RailRig_Track.uexp" 615
"../../../Engine/Content/EditorMeshes/Camera/SM_RailRig_Mount.ubulk" 616
"../../../Engine/Content/EditorMeshes/Camera/SM_RailRig_Mount.uasset" 617
"../../../Engine/Content/EditorMeshes/Camera/SM_RailRig_Mount.uexp" 618
"../../../Engine/Content/EditorMeshes/Camera/SM_CraneRig_Mount.ubulk" 619
"../../../Engine/Content/EditorMeshes/Camera/SM_CraneRig_Mount.uasset" 620
"../../../Engine/Content/EditorMeshes/Camera/SM_CraneRig_Mount.uexp" 621
"../../../Engine/Content/EditorMeshes/Camera/SM_CraneRig_Body.ubulk" 622
"../../../Engine/Content/EditorMeshes/Camera/SM_CraneRig_Body.uasset" 623
"../../../Engine/Content/EditorMeshes/Camera/SM_CraneRig_Body.uexp" 624
"../../../Engine/Content/EditorMeshes/Camera/SM_CraneRig_Base.ubulk" 625
"../../../Engine/Content/EditorMeshes/Camera/SM_CraneRig_Base.uasset" 626
"../../../Engine/Content/EditorMeshes/Camera/SM_CraneRig_Base.uexp" 627
"../../../Engine/Content/EditorMeshes/Camera/SM_CraneRig_Arm.ubulk" 628
"../../../Engine/Content/EditorMeshes/Camera/SM_CraneRig_Arm.uasset" 629
"../../../Engine/Content/EditorMeshes/Camera/SM_CraneRig_Arm.uexp" 630
"../../../Engine/Content/VREditor/TransformGizmo/Xray.uasset" 631
"../../../Engine/Content/VREditor/TransformGizmo/Xray.uexp" 632
"../../../Engine/Content/VREditor/TransformGizmo/Main.uasset" 633
"../../../Engine/Content/VREditor/TransformGizmo/Main.uexp" 634
"../../../Engine/Content/VREditor/TransformGizmo/SM_Sequencer_Node.ubulk" 635
"../../../Engine/Content/VREditor/TransformGizmo/SM_Sequencer_Node.uasset" 636
"../../../Engine/Content/VREditor/TransformGizmo/SM_Sequencer_Node.uexp" 637
"../../../Engine/Content/VREditor/TransformGizmo/TranslucentTransformGizmoMaterial.uasset" 638
"../../../Engine/Content/VREditor/TransformGizmo/TranslucentTransformGizmoMaterial.uexp" 639
"../../../Engine/Content/VREditor/LaserPointer/VR_LaserPower_01.ubulk" 640
"../../../Engine/Content/VREditor/LaserPointer/VR_LaserPower_01.uasset" 641
"../../../Engine/Content/VREditor/LaserPointer/VR_LaserPower_01.uexp" 642
"../../../Engine/Content/VREditor/TransformGizmo/TransformGizmoMaterial.uasset" 643
"../../../Engine/Content/VREditor/TransformGizmo/TransformGizmoMaterial.uexp" 644
"../../../Engine/Content/VREditor/TransformGizmo/BoundingBoxEdge.ubulk" 645
"../../../Engine/Content/VREditor/TransformGizmo/BoundingBoxEdge.uasset" 646
"../../../Engine/Content/VREditor/TransformGizmo/BoundingBoxEdge.uexp" 647
"../../../Engine/Content/VREditor/TransformGizmo/BoundingBoxCorner.ubulk" 648
"../../../Engine/Content/VREditor/TransformGizmo/BoundingBoxCorner.uasset" 649
"../../../Engine/Content/VREditor/TransformGizmo/BoundingBoxCorner.uexp" 650
"../../../Engine/Content/EditorBlueprintResources/StandardMacros.uasset" 651
"../../../Engine/Content/EditorBlueprintResources/StandardMacros.uexp" 652
"D:/UE5_Project/TombEvader/Content/Input/Actions/IA_MouseLook.uasset" 653
"D:/UE5_Project/TombEvader/Content/Input/Actions/IA_MouseLook.uexp" 654
"D:/UE5_Project/TombEvader/Content/Input/Actions/IA_Pause.uasset" 655
"D:/UE5_Project/TombEvader/Content/Input/Actions/IA_Pause.uexp" 656
"D:/UE5_Project/TombEvader/Content/Input/Actions/IA_Move.uasset" 657
"D:/UE5_Project/TombEvader/Content/Input/Actions/IA_Move.uexp" 658
"D:/UE5_Project/TombEvader/Content/Input/Actions/IA_Look.uasset" 659
"D:/UE5_Project/TombEvader/Content/Input/Actions/IA_Look.uexp" 660
"D:/UE5_Project/TombEvader/Content/Input/Actions/IA_Jump.uasset" 661
"D:/UE5_Project/TombEvader/Content/Input/Actions/IA_Jump.uexp" 662
"D:/UE5_Project/TombEvader/Content/Input/Actions/IA_Interact.uasset" 663
"D:/UE5_Project/TombEvader/Content/Input/Actions/IA_Interact.uexp" 664
"D:/UE5_Project/TombEvader/Content/Input/Actions/IA_Sprint.uasset" 665
"D:/UE5_Project/TombEvader/Content/Input/Actions/IA_Sprint.uexp" 666
"D:/UE5_Project/TombEvader/Content/UI/Widgets/InteractInterface.uasset" 667
"D:/UE5_Project/TombEvader/Content/UI/Widgets/InteractInterface.uexp" 668
"D:/UE5_Project/TombEvader/Content/UI/Widgets/crosshair.uasset" 669
"D:/UE5_Project/TombEvader/Content/UI/Widgets/crosshair.uexp" 670
"D:/UE5_Project/TombEvader/Content/UI/Widgets/CrosshairDotWidget.uasset" 671
"D:/UE5_Project/TombEvader/Content/UI/Widgets/CrosshairDotWidget.uexp" 672
"D:/UE5_Project/TombEvader/Content/Blueprints/GI_TombEvader.uasset" 673
"D:/UE5_Project/TombEvader/Content/Blueprints/GI_TombEvader.uexp" 674
"D:/UE5_Project/TombEvader/Content/UI/BFL_UI_Helpers.uasset" 675
"D:/UE5_Project/TombEvader/Content/UI/BFL_UI_Helpers.uexp" 676
"D:/UE5_Project/TombEvader/Content/Sounds/SM_GameMix.uasset" 677
"D:/UE5_Project/TombEvader/Content/Sounds/SM_GameMix.uexp" 678
"D:/UE5_Project/TombEvader/Content/UI/Fonts/Anglodavek.uexp" 679
"D:/UE5_Project/TombEvader/Content/UI/Fonts/Anglodavek.uasset" 680
"D:/UE5_Project/TombEvader/Content/UI/Fonts/Anglodavek.ufont" 681
"D:/UE5_Project/TombEvader/Content/UI/Fonts/Anglodavek_Font.uasset" 682
"D:/UE5_Project/TombEvader/Content/UI/Fonts/Anglodavek_Font.uexp" 683
"D:/UE5_Project/TombEvader/Content/UI/Widgets/WBP_Settings.uasset" 684
"D:/UE5_Project/TombEvader/Content/UI/Widgets/WBP_Settings.uexp" 685
"D:/UE5_Project/TombEvader/Content/UI/Widgets/WBP_PauseMenu.uasset" 686
"D:/UE5_Project/TombEvader/Content/UI/Widgets/WBP_PauseMenu.uexp" 687
"D:/UE5_Project/TombEvader/Content/MetaHumans/Common/Face/Face_Archetype_Skeleton.uasset" 688
"D:/UE5_Project/TombEvader/Content/MetaHumans/Common/Face/Face_Archetype_Skeleton.uexp" 689
"D:/UE5_Project/TombEvader/Content/MetaHumans/Common/Common/Mocap/mh_arkit_mapping_pose.uasset" 690
"D:/UE5_Project/TombEvader/Content/MetaHumans/Common/Common/Mocap/mh_arkit_mapping_pose.uexp" 691
"D:/UE5_Project/TombEvader/Content/MetaHumans/Common/Face/Face_AnimBP.uasset" 692
"D:/UE5_Project/TombEvader/Content/MetaHumans/Common/Face/Face_AnimBP.uexp" 693
"../../../Engine/Plugins/Animation/ControlRig/Content/Controls/DefaultGizmoLibraryNormalized.uasset" 694
"../../../Engine/Plugins/Animation/ControlRig/Content/Controls/DefaultGizmoLibraryNormalized.uexp" 695
"D:/UE5_Project/TombEvader/Content/MetaHumans/Common/Male/Medium/NormalWeight/Tops/Hoodie/Meshes/m_med_nrw_top_hoodie_nrm_CtrlRig.uasset" 696
"D:/UE5_Project/TombEvader/Content/MetaHumans/Common/Male/Medium/NormalWeight/Tops/Hoodie/Meshes/m_med_nrw_top_hoodie_nrm_CtrlRig.uexp" 697
"D:/UE5_Project/TombEvader/Content/Characters/Mannequins/Meshes/SK_Mannequin.uasset" 698
"D:/UE5_Project/TombEvader/Content/Characters/Mannequins/Meshes/SK_Mannequin.uexp" 699
"../../../Engine/Content/EngineMaterials/BlendFunc_DefBlend.uasset" 700
"../../../Engine/Content/EngineMaterials/BlendFunc_DefBlend.uexp" 701
"../../../Engine/Content/EngineMaterials/BlendFunc_DefBase.uasset" 702
"../../../Engine/Content/EngineMaterials/BlendFunc_DefBase.uexp" 703
"../../../Engine/Content/Functions/Engine_MaterialFunctions03/Blends/Blend_Overlay.uasset" 704
"../../../Engine/Content/Functions/Engine_MaterialFunctions03/Blends/Blend_Overlay.uexp" 705
"../../../Engine/Content/Functions/Engine_MaterialFunctions02/Math/TimeWithSpeedVariable.uasset" 706
"../../../Engine/Content/Functions/Engine_MaterialFunctions02/Math/TimeWithSpeedVariable.uexp" 707
"../../../Engine/Content/Functions/Engine_MaterialFunctions02/Lerp_Multiple_Float.uasset" 708
"../../../Engine/Content/Functions/Engine_MaterialFunctions02/Lerp_Multiple_Float.uexp" 709
"../../../Engine/Content/Functions/Engine_MaterialFunctions03/Blends/Blend_Lighten.uasset" 710
"../../../Engine/Content/Functions/Engine_MaterialFunctions03/Blends/Blend_Lighten.uexp" 711
"../../../Engine/Content/Functions/Engine_MaterialFunctions01/Shading/MetallicShading.uasset" 712
"../../../Engine/Content/Functions/Engine_MaterialFunctions01/Shading/MetallicShading.uexp" 713
"D:/UE5_Project/TombEvader/Content/MetaHumans/Common/Materials/MF_Passthrough.uasset" 714
"D:/UE5_Project/TombEvader/Content/MetaHumans/Common/Materials/MF_Passthrough.uexp" 715
"D:/UE5_Project/TombEvader/Content/MetaHumans/Common/Materials/Textures/Clothing/clothing_AO.ubulk" 716
"D:/UE5_Project/TombEvader/Content/MetaHumans/Common/Materials/Textures/Clothing/clothing_AO.uasset" 717
"D:/UE5_Project/TombEvader/Content/MetaHumans/Common/Materials/Textures/Clothing/clothing_AO.uexp" 718
"D:/UE5_Project/TombEvader/Content/MetaHumans/Common/Materials/Textures/Clothing/clothing_N.ubulk" 719
"D:/UE5_Project/TombEvader/Content/MetaHumans/Common/Materials/Textures/Clothing/clothing_N.uasset" 720
"D:/UE5_Project/TombEvader/Content/MetaHumans/Common/Materials/Textures/Clothing/clothing_N.uexp" 721
"D:/UE5_Project/TombEvader/Content/MetaHumans/Common/Materials/Textures/Clothing/DefaultMaps/black_masks.uasset" 722
"D:/UE5_Project/TombEvader/Content/MetaHumans/Common/Materials/Textures/Clothing/DefaultMaps/black_masks.uexp" 723
"D:/UE5_Project/TombEvader/Content/MetaHumans/Common/Materials/Textures/Clothing/DefaultMaps/Clothing_Default_Mask.ubulk" 724
"D:/UE5_Project/TombEvader/Content/MetaHumans/Common/Materials/Textures/Clothing/DefaultMaps/Clothing_Default_Mask.uasset" 725
"D:/UE5_Project/TombEvader/Content/MetaHumans/Common/Materials/Textures/Clothing/DefaultMaps/Clothing_Default_Mask.uexp" 726
"D:/UE5_Project/TombEvader/Content/MetaHumans/Common/Materials/Textures/Clothing/DefaultMaps/color_spectrum.ubulk" 727
"D:/UE5_Project/TombEvader/Content/MetaHumans/Common/Materials/Textures/Clothing/DefaultMaps/color_spectrum.uasset" 728
"D:/UE5_Project/TombEvader/Content/MetaHumans/Common/Materials/Textures/Clothing/DefaultMaps/color_spectrum.uexp" 729
"D:/UE5_Project/TombEvader/Content/MetaHumans/Common/Materials/Textures/Clothing/DefaultMaps/WhiteSquareTexture.uasset" 730
"D:/UE5_Project/TombEvader/Content/MetaHumans/Common/Materials/Textures/Clothing/DefaultMaps/WhiteSquareTexture.uexp" 731
"D:/UE5_Project/TombEvader/Content/MetaHumans/Common/Materials/Textures/Clothing/Macros/macro_linen_rbess3s_4K.ubulk" 732
"D:/UE5_Project/TombEvader/Content/MetaHumans/Common/Materials/Textures/Clothing/Macros/macro_linen_rbess3s_4K.uasset" 733
"D:/UE5_Project/TombEvader/Content/MetaHumans/Common/Materials/Textures/Clothing/Macros/macro_linen_rbess3s_4K.uexp" 734
"D:/UE5_Project/TombEvader/Content/MetaHumans/Common/Materials/Textures/Clothing/Macros/macro_pilling_A.ubulk" 735
"D:/UE5_Project/TombEvader/Content/MetaHumans/Common/Materials/Textures/Clothing/Macros/macro_pilling_A.uasset" 736
"D:/UE5_Project/TombEvader/Content/MetaHumans/Common/Materials/Textures/Clothing/Macros/macro_pilling_A.uexp" 737
"D:/UE5_Project/TombEvader/Content/MetaHumans/Common/Materials/Textures/Clothing/Macros/macro_pilling_N.ubulk" 738
"D:/UE5_Project/TombEvader/Content/MetaHumans/Common/Materials/Textures/Clothing/Macros/macro_pilling_N.uasset" 739
"D:/UE5_Project/TombEvader/Content/MetaHumans/Common/Materials/Textures/Clothing/Macros/macro_pilling_N.uexp" 740
"D:/UE5_Project/TombEvader/Content/MetaHumans/Common/Materials/Textures/Clothing/Micros/micro_weave_denim_diffuse.ubulk" 741
"D:/UE5_Project/TombEvader/Content/MetaHumans/Common/Materials/Textures/Clothing/Micros/micro_weave_denim_diffuse.uasset" 742
"D:/UE5_Project/TombEvader/Content/MetaHumans/Common/Materials/Textures/Clothing/Micros/micro_weave_denim_diffuse.uexp" 743
"D:/UE5_Project/TombEvader/Content/MetaHumans/Common/Materials/Textures/Clothing/Micros/micro_weave_denim_N.ubulk" 744
"D:/UE5_Project/TombEvader/Content/MetaHumans/Common/Materials/Textures/Clothing/Micros/micro_weave_denim_N.uasset" 745
"D:/UE5_Project/TombEvader/Content/MetaHumans/Common/Materials/Textures/Clothing/Micros/micro_weave_denim_N.uexp" 746
"D:/UE5_Project/TombEvader/Content/MetaHumans/Common/Materials/Textures/Clothing/Wrinkles/memory_wrinkles_normal.ubulk" 747
"D:/UE5_Project/TombEvader/Content/MetaHumans/Common/Materials/Textures/Clothing/Wrinkles/memory_wrinkles_normal.uasset" 748
"D:/UE5_Project/TombEvader/Content/MetaHumans/Common/Materials/Textures/Clothing/Wrinkles/memory_wrinkles_normal.uexp" 749
"D:/UE5_Project/TombEvader/Content/MetaHumans/Common/Materials/Textures/Clothing/MaterialFunction/MatLayerBlend_Aniso.uasset" 750
"D:/UE5_Project/TombEvader/Content/MetaHumans/Common/Materials/Textures/Clothing/MaterialFunction/MatLayerBlend_Aniso.uexp" 751
"D:/UE5_Project/TombEvader/Content/MetaHumans/Common/Materials/Textures/Clothing/MaterialFunction/MF_AvgColorReplace.uasset" 752
"D:/UE5_Project/TombEvader/Content/MetaHumans/Common/Materials/Textures/Clothing/MaterialFunction/MF_AvgColorReplace.uexp" 753
"D:/UE5_Project/TombEvader/Content/MetaHumans/Common/Materials/Textures/Clothing/MaterialFunction/MF_PowerVariation.uasset" 754
"D:/UE5_Project/TombEvader/Content/MetaHumans/Common/Materials/Textures/Clothing/MaterialFunction/MF_PowerVariation.uexp" 755
"D:/UE5_Project/TombEvader/Content/MetaHumans/Common/Materials/Textures/Clothing/MaterialFunction/MF_PrintGraphic.uasset" 756
"D:/UE5_Project/TombEvader/Content/MetaHumans/Common/Materials/Textures/Clothing/MaterialFunction/MF_PrintGraphic.uexp" 757
"D:/UE5_Project/TombEvader/Content/MetaHumans/Common/Materials/Textures/Clothing/MaterialFunction/MF_PrintRepeats.uasset" 758
"D:/UE5_Project/TombEvader/Content/MetaHumans/Common/Materials/Textures/Clothing/MaterialFunction/MF_PrintRepeats.uexp" 759
"D:/UE5_Project/TombEvader/Content/MetaHumans/Common/Materials/Textures/Clothing/upresTest/MF_NormalStrength.uasset" 760
"D:/UE5_Project/TombEvader/Content/MetaHumans/Common/Materials/Textures/Clothing/upresTest/MF_NormalStrength.uexp" 761
"D:/UE5_Project/TombEvader/Content/MetaHumans/Common/Materials/M_fabric_simpler.uasset" 762
"D:/UE5_Project/TombEvader/Content/MetaHumans/Common/Materials/M_fabric_simpler.uexp" 763
"D:/UE5_Project/TombEvader/Content/MetaHumans/Common/Materials/Cargopants/btm_cargopants_nrm_AO.ubulk" 764
"D:/UE5_Project/TombEvader/Content/MetaHumans/Common/Materials/Cargopants/btm_cargopants_nrm_AO.uasset" 765
"D:/UE5_Project/TombEvader/Content/MetaHumans/Common/Materials/Cargopants/btm_cargopants_nrm_AO.uexp" 766
"D:/UE5_Project/TombEvader/Content/MetaHumans/Common/Materials/Cargopants/btm_cargopants_nrm_custom_stitch.ubulk" 767
"D:/UE5_Project/TombEvader/Content/MetaHumans/Common/Materials/Cargopants/btm_cargopants_nrm_custom_stitch.uasset" 768
"D:/UE5_Project/TombEvader/Content/MetaHumans/Common/Materials/Cargopants/btm_cargopants_nrm_custom_stitch.uexp" 769
"D:/UE5_Project/TombEvader/Content/MetaHumans/Common/Materials/Cargopants/btm_cargopants_nrm_Mask.ubulk" 770
"D:/UE5_Project/TombEvader/Content/MetaHumans/Common/Materials/Cargopants/btm_cargopants_nrm_Mask.uasset" 771
"D:/UE5_Project/TombEvader/Content/MetaHumans/Common/Materials/Cargopants/btm_cargopants_nrm_Mask.uexp" 772
"D:/UE5_Project/TombEvader/Content/MetaHumans/Common/Materials/Cargopants/btm_cargopants_nrm_N.ubulk" 773
"D:/UE5_Project/TombEvader/Content/MetaHumans/Common/Materials/Cargopants/btm_cargopants_nrm_N.uasset" 774
"D:/UE5_Project/TombEvader/Content/MetaHumans/Common/Materials/Cargopants/btm_cargopants_nrm_N.uexp" 775
"D:/UE5_Project/TombEvader/Content/MetaHumans/Common/Materials/Textures/Clothing/Macros/macro_linen_rbess3s_2K.ubulk" 776
"D:/UE5_Project/TombEvader/Content/MetaHumans/Common/Materials/Textures/Clothing/Macros/macro_linen_rbess3s_2K.uasset" 777
"D:/UE5_Project/TombEvader/Content/MetaHumans/Common/Materials/Textures/Clothing/Macros/macro_linen_rbess3s_2K.uexp" 778
"D:/UE5_Project/TombEvader/Content/MetaHumans/Common/Materials/Textures/Clothing/Micros/micro_jeans_tile_height.ubulk" 779
"D:/UE5_Project/TombEvader/Content/MetaHumans/Common/Materials/Textures/Clothing/Micros/micro_jeans_tile_height.uasset" 780
"D:/UE5_Project/TombEvader/Content/MetaHumans/Common/Materials/Textures/Clothing/Micros/micro_jeans_tile_height.uexp" 781
"D:/UE5_Project/TombEvader/Content/MetaHumans/Common/Materials/Textures/Clothing/Micros/micro_jeans_tile_N.ubulk" 782
"D:/UE5_Project/TombEvader/Content/MetaHumans/Common/Materials/Textures/Clothing/Micros/micro_jeans_tile_N.uasset" 783
"D:/UE5_Project/TombEvader/Content/MetaHumans/Common/Materials/Textures/Clothing/Micros/micro_jeans_tile_N.uexp" 784
"D:/UE5_Project/TombEvader/Content/MetaHumans/Common/Materials/Textures/Clothing/Wrinkles/crease_a_tileable_N.ubulk" 785
"D:/UE5_Project/TombEvader/Content/MetaHumans/Common/Materials/Textures/Clothing/Wrinkles/crease_a_tileable_N.uasset" 786
"D:/UE5_Project/TombEvader/Content/MetaHumans/Common/Materials/Textures/Clothing/Wrinkles/crease_a_tileable_N.uexp" 787
"D:/UE5_Project/TombEvader/Content/MetaHumans/Common/Materials/Cargopants/M_btm_cargopants.uasset" 788
"D:/UE5_Project/TombEvader/Content/MetaHumans/Common/Materials/Cargopants/M_btm_cargopants.uexp" 789
"D:/UE5_Project/TombEvader/Content/MetaHumans/Common/Male/Tall/UnderWeight/Bottoms/Cargopants/m_tal_unw_btm_cargopants_Cinematic.uasset" 790
"D:/UE5_Project/TombEvader/Content/MetaHumans/Common/Male/Tall/UnderWeight/Bottoms/Cargopants/m_tal_unw_btm_cargopants_Cinematic.uexp" 791
"D:/UE5_Project/TombEvader/Content/MetaHumans/Common/Materials/Flats/shs_flats_N.ubulk" 792
"D:/UE5_Project/TombEvader/Content/MetaHumans/Common/Materials/Flats/shs_flats_N.uasset" 793
"D:/UE5_Project/TombEvader/Content/MetaHumans/Common/Materials/Flats/shs_flats_N.uexp" 794
"D:/UE5_Project/TombEvader/Content/MetaHumans/Common/Materials/Flats/shs_flats_Mask.ubulk" 795
"D:/UE5_Project/TombEvader/Content/MetaHumans/Common/Materials/Flats/shs_flats_Mask.uasset" 796
"D:/UE5_Project/TombEvader/Content/MetaHumans/Common/Materials/Flats/shs_flats_Mask.uexp" 797
"D:/UE5_Project/TombEvader/Content/MetaHumans/Common/Materials/Flats/shs_flats_AO.ubulk" 798
"D:/UE5_Project/TombEvader/Content/MetaHumans/Common/Materials/Flats/shs_flats_AO.uasset" 799
"D:/UE5_Project/TombEvader/Content/MetaHumans/Common/Materials/Flats/shs_flats_AO.uexp" 800
"D:/UE5_Project/TombEvader/Content/MetaHumans/Common/Materials/Flats/M_shs_flats.uasset" 801
"D:/UE5_Project/TombEvader/Content/MetaHumans/Common/Materials/Flats/M_shs_flats.uexp" 802
"D:/UE5_Project/TombEvader/Content/MetaHumans/Common/Male/Tall/UnderWeight/Shoes/Flats/Meshes/m_tal_unw_shs_flats_Cinematic.uasset" 803
"D:/UE5_Project/TombEvader/Content/MetaHumans/Common/Male/Tall/UnderWeight/Shoes/Flats/Meshes/m_tal_unw_shs_flats_Cinematic.uexp" 804
"D:/UE5_Project/TombEvader/Content/MetaHumans/Common/Materials/RigidBody_PhysicsMaterial.uasset" 805
"D:/UE5_Project/TombEvader/Content/MetaHumans/Common/Materials/RigidBody_PhysicsMaterial.uexp" 806
"D:/UE5_Project/TombEvader/Content/MetaHumans/Common/Male/Tall/UnderWeight/Tops/Hoodie/Meshes/m_tal_unw_top_hoodie_strings_Physics.uasset" 807
"D:/UE5_Project/TombEvader/Content/MetaHumans/Common/Male/Tall/UnderWeight/Tops/Hoodie/Meshes/m_tal_unw_top_hoodie_strings_Physics.uexp" 808
"D:/UE5_Project/TombEvader/Content/MetaHumans/Common/Materials/Hoodie/top_hoodie_N.ubulk" 809
"D:/UE5_Project/TombEvader/Content/MetaHumans/Common/Materials/Hoodie/top_hoodie_N.uasset" 810
"D:/UE5_Project/TombEvader/Content/MetaHumans/Common/Materials/Hoodie/top_hoodie_N.uexp" 811
"D:/UE5_Project/TombEvader/Content/MetaHumans/Common/Materials/Hoodie/top_hoodie_Mask.ubulk" 812
"D:/UE5_Project/TombEvader/Content/MetaHumans/Common/Materials/Hoodie/top_hoodie_Mask.uasset" 813
"D:/UE5_Project/TombEvader/Content/MetaHumans/Common/Materials/Hoodie/top_hoodie_Mask.uexp" 814
"D:/UE5_Project/TombEvader/Content/MetaHumans/Common/Materials/Hoodie/top_hoodie_AO.ubulk" 815
"D:/UE5_Project/TombEvader/Content/MetaHumans/Common/Materials/Hoodie/top_hoodie_AO.uasset" 816
"D:/UE5_Project/TombEvader/Content/MetaHumans/Common/Materials/Hoodie/top_hoodie_AO.uexp" 817
"D:/UE5_Project/TombEvader/Content/MetaHumans/Common/Materials/Textures/Clothing/Macros/macro_heather_04.ubulk" 818
"D:/UE5_Project/TombEvader/Content/MetaHumans/Common/Materials/Textures/Clothing/Macros/macro_heather_04.uasset" 819
"D:/UE5_Project/TombEvader/Content/MetaHumans/Common/Materials/Textures/Clothing/Macros/macro_heather_04.uexp" 820
"D:/UE5_Project/TombEvader/Content/MetaHumans/Common/Materials/Textures/Clothing/Micros/micro_doubleKnit_front_AOHCA_M.ubulk" 821
"D:/UE5_Project/TombEvader/Content/MetaHumans/Common/Materials/Textures/Clothing/Micros/micro_doubleKnit_front_AOHCA_M.uasset" 822
"D:/UE5_Project/TombEvader/Content/MetaHumans/Common/Materials/Textures/Clothing/Micros/micro_doubleKnit_front_AOHCA_M.uexp" 823
"D:/UE5_Project/TombEvader/Content/MetaHumans/Common/Materials/Textures/Clothing/Micros/micro_knit_front_AOHCA_M.ubulk" 824
"D:/UE5_Project/TombEvader/Content/MetaHumans/Common/Materials/Textures/Clothing/Micros/micro_knit_front_AOHCA_M.uasset" 825
"D:/UE5_Project/TombEvader/Content/MetaHumans/Common/Materials/Textures/Clothing/Micros/micro_knit_front_AOHCA_M.uexp" 826
"D:/UE5_Project/TombEvader/Content/MetaHumans/Common/Materials/Textures/Clothing/Micros/micro_knit_front_N.ubulk" 827
"D:/UE5_Project/TombEvader/Content/MetaHumans/Common/Materials/Textures/Clothing/Micros/micro_knit_front_N.uasset" 828
"D:/UE5_Project/TombEvader/Content/MetaHumans/Common/Materials/Textures/Clothing/Micros/micro_knit_front_N.uexp" 829
"D:/UE5_Project/TombEvader/Content/MetaHumans/Common/Materials/Hoodie/M_top_hoodie.uasset" 830
"D:/UE5_Project/TombEvader/Content/MetaHumans/Common/Materials/Hoodie/M_top_hoodie.uexp" 831
"../../../Engine/Content/Animation/DefaultVariableFrameStrippingSettings.uasset" 832
"../../../Engine/Content/Animation/DefaultVariableFrameStrippingSettings.uexp" 833
"../../../Engine/Content/Animation/DefaultAnimCurveCompressionSettings.uasset" 834
"../../../Engine/Content/Animation/DefaultAnimCurveCompressionSettings.uexp" 835
"../../../Engine/Content/Animation/DefaultAnimBoneCompressionSettings.uasset" 836
"../../../Engine/Content/Animation/DefaultAnimBoneCompressionSettings.uexp" 837
"D:/UE5_Project/TombEvader/Content/MetaHumans/Common/Male/Tall/UnderWeight/Tops/Hoodie/Meshes/m_tal_unw_top_hoodie_Skeleton.uasset" 838
"D:/UE5_Project/TombEvader/Content/MetaHumans/Common/Male/Tall/UnderWeight/Tops/Hoodie/Meshes/m_tal_unw_top_hoodie_Skeleton.uexp" 839
"D:/UE5_Project/TombEvader/Content/MetaHumans/Common/Male/Tall/UnderWeight/Tops/Hoodie/Meshes/m_tal_unw_top_hoodie_bake.uasset" 840
"D:/UE5_Project/TombEvader/Content/MetaHumans/Common/Male/Tall/UnderWeight/Tops/Hoodie/Meshes/m_tal_unw_top_hoodie_bake.uexp" 841
"D:/UE5_Project/TombEvader/Content/MetaHumans/Common/Female/Medium/NormalWeight/Body/metahuman_base_skel.uasset" 842
"D:/UE5_Project/TombEvader/Content/MetaHumans/Common/Female/Medium/NormalWeight/Body/metahuman_base_skel.uexp" 843
"D:/UE5_Project/TombEvader/Content/MetaHumans/Common/Shared/Animation/CR_PlaceHolder.uasset" 844
"D:/UE5_Project/TombEvader/Content/MetaHumans/Common/Shared/Animation/CR_PlaceHolder.uexp" 845
"D:/UE5_Project/TombEvader/Content/MetaHumans/Common/Shared/Animation/ABP_Clothing_PostProcess.uasset" 846
"D:/UE5_Project/TombEvader/Content/MetaHumans/Common/Shared/Animation/ABP_Clothing_PostProcess.uexp" 847
"D:/UE5_Project/TombEvader/Content/MetaHumans/Common/Male/Tall/UnderWeight/Tops/Hoodie/Meshes/m_tal_unw_top_hoodie_AnimBP_Cinematic.uasset" 848
"D:/UE5_Project/TombEvader/Content/MetaHumans/Common/Male/Tall/UnderWeight/Tops/Hoodie/Meshes/m_tal_unw_top_hoodie_AnimBP_Cinematic.uexp" 849
"D:/UE5_Project/TombEvader/Content/MetaHumans/Common/Male/Tall/UnderWeight/Tops/Hoodie/Meshes/m_tal_unw_top_hoodie_Cinematic.uasset" 850
"D:/UE5_Project/TombEvader/Content/MetaHumans/Common/Male/Tall/UnderWeight/Tops/Hoodie/Meshes/m_tal_unw_top_hoodie_Cinematic.uexp" 851
"D:/UE5_Project/TombEvader/Content/MetaHumans/Seneca/Body/BodyBaseColor.ubulk" 852
"D:/UE5_Project/TombEvader/Content/MetaHumans/Seneca/Body/BodyBaseColor.uasset" 853
"D:/UE5_Project/TombEvader/Content/MetaHumans/Seneca/Body/BodyBaseColor.uexp" 854
"D:/UE5_Project/TombEvader/Content/MetaHumans/Common/Male/Textures/male_002/8K/male_body_cavity_map.uexp" 855
"D:/UE5_Project/TombEvader/Content/MetaHumans/Common/Male/Textures/male_002/8K/male_body_cavity_map.ubulk" 856
"D:/UE5_Project/TombEvader/Content/MetaHumans/Common/Male/Textures/male_002/8K/male_body_cavity_map.uasset" 857
"D:/UE5_Project/TombEvader/Content/MetaHumans/Common/Male/Textures/male_002/8K/male_body_cavity_map.uptnl" 858
"D:/UE5_Project/TombEvader/Content/MetaHumans/Common/Male/Textures/male_002/8K/male_body_normal_map.uexp" 859
"D:/UE5_Project/TombEvader/Content/MetaHumans/Common/Male/Textures/male_002/8K/male_body_normal_map.ubulk" 860
"D:/UE5_Project/TombEvader/Content/MetaHumans/Common/Male/Textures/male_002/8K/male_body_normal_map.uasset" 861
"D:/UE5_Project/TombEvader/Content/MetaHumans/Common/Male/Textures/male_002/8K/male_body_normal_map.uptnl" 862
"D:/UE5_Project/TombEvader/Content/MetaHumans/Common/Male/Textures/male_002/8K/male_body_roughness_map.uexp" 863
"D:/UE5_Project/TombEvader/Content/MetaHumans/Common/Male/Textures/male_002/8K/male_body_roughness_map.ubulk" 864
"D:/UE5_Project/TombEvader/Content/MetaHumans/Common/Male/Textures/male_002/8K/male_body_roughness_map.uasset" 865
"D:/UE5_Project/TombEvader/Content/MetaHumans/Common/Male/Textures/male_002/8K/male_body_roughness_map.uptnl" 866
"D:/UE5_Project/TombEvader/Content/MetaHumans/Common/Male/Textures/Shared/8K/male_body_mask_map.uexp" 867
"D:/UE5_Project/TombEvader/Content/MetaHumans/Common/Male/Textures/Shared/8K/male_body_mask_map.ubulk" 868
"D:/UE5_Project/TombEvader/Content/MetaHumans/Common/Male/Textures/Shared/8K/male_body_mask_map.uasset" 869
"D:/UE5_Project/TombEvader/Content/MetaHumans/Common/Male/Textures/Shared/8K/male_body_mask_map.uptnl" 870
"D:/UE5_Project/TombEvader/Content/MetaHumans/Common/Male/Textures/Shared/8K/male_underwear_color_map.uexp" 871
"D:/UE5_Project/TombEvader/Content/MetaHumans/Common/Male/Textures/Shared/8K/male_underwear_color_map.ubulk" 872
"D:/UE5_Project/TombEvader/Content/MetaHumans/Common/Male/Textures/Shared/8K/male_underwear_color_map.uasset" 873
"D:/UE5_Project/TombEvader/Content/MetaHumans/Common/Male/Textures/Shared/8K/male_underwear_color_map.uptnl" 874
"../../../Engine/Content/Functions/Engine_MaterialFunctions03/Math/RemapValueRange.uasset" 875
"../../../Engine/Content/Functions/Engine_MaterialFunctions03/Math/RemapValueRange.uexp" 876
"D:/UE5_Project/TombEvader/Content/MetaHumans/Common/Textures/T_FlatNormal.ubulk" 877
"D:/UE5_Project/TombEvader/Content/MetaHumans/Common/Textures/T_FlatNormal.uasset" 878
"D:/UE5_Project/TombEvader/Content/MetaHumans/Common/Textures/T_FlatNormal.uexp" 879
"D:/UE5_Project/TombEvader/Content/MetaHumans/Common/Textures/T_BodyHideMask.ubulk" 880
"D:/UE5_Project/TombEvader/Content/MetaHumans/Common/Textures/T_BodyHideMask.uasset" 881
"D:/UE5_Project/TombEvader/Content/MetaHumans/Common/Textures/T_BodyHideMask.uexp" 882
"D:/UE5_Project/TombEvader/Content/MetaHumans/Common/Textures/DefaultTexture_VT.ubulk" 883
"D:/UE5_Project/TombEvader/Content/MetaHumans/Common/Textures/DefaultTexture_VT.uasset" 884
"D:/UE5_Project/TombEvader/Content/MetaHumans/Common/Textures/DefaultTexture_VT.uexp" 885
"D:/UE5_Project/TombEvader/Content/MetaHumans/Common/Materials/DefaultTexture_LinearColor.ubulk" 886
"D:/UE5_Project/TombEvader/Content/MetaHumans/Common/Materials/DefaultTexture_LinearColor.uasset" 887
"D:/UE5_Project/TombEvader/Content/MetaHumans/Common/Materials/DefaultTexture_LinearColor.uexp" 888
"D:/UE5_Project/TombEvader/Content/MetaHumans/Common/Materials/Textures/T_SkinMicroNormal.ubulk" 889
"D:/UE5_Project/TombEvader/Content/MetaHumans/Common/Materials/Textures/T_SkinMicroNormal.uasset" 890
"D:/UE5_Project/TombEvader/Content/MetaHumans/Common/Materials/Textures/T_SkinMicroNormal.uexp" 891
"D:/UE5_Project/TombEvader/Content/MetaHumans/Common/Face/SubsurfaceProfiles/SSP_Head.uasset" 892
"D:/UE5_Project/TombEvader/Content/MetaHumans/Common/Face/SubsurfaceProfiles/SSP_Head.uexp" 893
"D:/UE5_Project/TombEvader/Content/MetaHumans/Common/Materials/M_BodySkin.uasset" 894
"D:/UE5_Project/TombEvader/Content/MetaHumans/Common/Materials/M_BodySkin.uexp" 895
"D:/UE5_Project/TombEvader/Content/MetaHumans/Common/Materials/MI_BodySynthesized.uasset" 896
"D:/UE5_Project/TombEvader/Content/MetaHumans/Common/Materials/MI_BodySynthesized.uexp" 897
"D:/UE5_Project/TombEvader/Content/MetaHumans/Seneca/Materials/MI_BodySynthesized.uasset" 898
"D:/UE5_Project/TombEvader/Content/MetaHumans/Seneca/Materials/MI_BodySynthesized.uexp" 899
"D:/UE5_Project/TombEvader/Content/MetaHumans/Common/Controls/MHGizmoLibrary.uasset" 900
"D:/UE5_Project/TombEvader/Content/MetaHumans/Common/Controls/MHGizmoLibrary.uexp" 901
"D:/UE5_Project/TombEvader/Content/MetaHumans/Common/Face/HeadMovementIK_Proc_CtrlRig.uasset" 902
"D:/UE5_Project/TombEvader/Content/MetaHumans/Common/Face/HeadMovementIK_Proc_CtrlRig.uexp" 903
"D:/UE5_Project/TombEvader/Content/MetaHumans/Common/Common/metahuman_proc_ControlRig.uasset" 904
"D:/UE5_Project/TombEvader/Content/MetaHumans/Common/Common/metahuman_proc_ControlRig.uexp" 905
"D:/UE5_Project/TombEvader/Content/MetaHumans/Common/Male/Tall/UnderWeight/Poses/m_tal_unw_upperarm_r_pose.uasset" 906
"D:/UE5_Project/TombEvader/Content/MetaHumans/Common/Male/Tall/UnderWeight/Poses/m_tal_unw_upperarm_r_pose.uexp" 907
"D:/UE5_Project/TombEvader/Content/MetaHumans/Common/Male/Tall/UnderWeight/Poses/m_tal_unw_upperarm_l_pose.uasset" 908
"D:/UE5_Project/TombEvader/Content/MetaHumans/Common/Male/Tall/UnderWeight/Poses/m_tal_unw_upperarm_l_pose.uexp" 909
"D:/UE5_Project/TombEvader/Content/MetaHumans/Common/Male/Tall/UnderWeight/Poses/m_tal_unw_thumb_03_r_pose.uasset" 910
"D:/UE5_Project/TombEvader/Content/MetaHumans/Common/Male/Tall/UnderWeight/Poses/m_tal_unw_thumb_03_r_pose.uexp" 911
"D:/UE5_Project/TombEvader/Content/MetaHumans/Common/Male/Tall/UnderWeight/Poses/m_tal_unw_thumb_03_l_pose.uasset" 912
"D:/UE5_Project/TombEvader/Content/MetaHumans/Common/Male/Tall/UnderWeight/Poses/m_tal_unw_thumb_03_l_pose.uexp" 913
"D:/UE5_Project/TombEvader/Content/MetaHumans/Common/Male/Tall/UnderWeight/Poses/m_tal_unw_thumb_02_r_pose.uasset" 914
"D:/UE5_Project/TombEvader/Content/MetaHumans/Common/Male/Tall/UnderWeight/Poses/m_tal_unw_thumb_02_r_pose.uexp" 915
"D:/UE5_Project/TombEvader/Content/MetaHumans/Common/Male/Tall/UnderWeight/Poses/m_tal_unw_thumb_02_l_pose.uasset" 916
"D:/UE5_Project/TombEvader/Content/MetaHumans/Common/Male/Tall/UnderWeight/Poses/m_tal_unw_thumb_02_l_pose.uexp" 917
"D:/UE5_Project/TombEvader/Content/MetaHumans/Common/Male/Tall/UnderWeight/Poses/m_tal_unw_thumb_01_r_pose.uasset" 918
"D:/UE5_Project/TombEvader/Content/MetaHumans/Common/Male/Tall/UnderWeight/Poses/m_tal_unw_thumb_01_r_pose.uexp" 919
"D:/UE5_Project/TombEvader/Content/MetaHumans/Common/Male/Tall/UnderWeight/Poses/m_tal_unw_thumb_01_l_pose.uasset" 920
"D:/UE5_Project/TombEvader/Content/MetaHumans/Common/Male/Tall/UnderWeight/Poses/m_tal_unw_thumb_01_l_pose.uexp" 921
"D:/UE5_Project/TombEvader/Content/MetaHumans/Common/Male/Tall/UnderWeight/Poses/m_tal_unw_thigh_r_pose.uasset" 922
"D:/UE5_Project/TombEvader/Content/MetaHumans/Common/Male/Tall/UnderWeight/Poses/m_tal_unw_thigh_r_pose.uexp" 923
"D:/UE5_Project/TombEvader/Content/MetaHumans/Common/Male/Tall/UnderWeight/Poses/m_tal_unw_thigh_l_pose.uasset" 924
"D:/UE5_Project/TombEvader/Content/MetaHumans/Common/Male/Tall/UnderWeight/Poses/m_tal_unw_thigh_l_pose.uexp" 925
"D:/UE5_Project/TombEvader/Content/MetaHumans/Common/Male/Tall/UnderWeight/Poses/m_tal_unw_ring_03_r_pose.uasset" 926
"D:/UE5_Project/TombEvader/Content/MetaHumans/Common/Male/Tall/UnderWeight/Poses/m_tal_unw_ring_03_r_pose.uexp" 927
"D:/UE5_Project/TombEvader/Content/MetaHumans/Common/Male/Tall/UnderWeight/Poses/m_tal_unw_ring_03_l_pose.uasset" 928
"D:/UE5_Project/TombEvader/Content/MetaHumans/Common/Male/Tall/UnderWeight/Poses/m_tal_unw_ring_03_l_pose.uexp" 929
"D:/UE5_Project/TombEvader/Content/MetaHumans/Common/Male/Tall/UnderWeight/Poses/m_tal_unw_ring_02_r_pose.uasset" 930
"D:/UE5_Project/TombEvader/Content/MetaHumans/Common/Male/Tall/UnderWeight/Poses/m_tal_unw_ring_02_r_pose.uexp" 931
"D:/UE5_Project/TombEvader/Content/MetaHumans/Common/Male/Tall/UnderWeight/Poses/m_tal_unw_ring_02_l_pose.uasset" 932
"D:/UE5_Project/TombEvader/Content/MetaHumans/Common/Male/Tall/UnderWeight/Poses/m_tal_unw_ring_02_l_pose.uexp" 933
"D:/UE5_Project/TombEvader/Content/MetaHumans/Common/Male/Tall/UnderWeight/Poses/m_tal_unw_ring_01_r_pose.uasset" 934
"D:/UE5_Project/TombEvader/Content/MetaHumans/Common/Male/Tall/UnderWeight/Poses/m_tal_unw_ring_01_r_pose.uexp" 935
"D:/UE5_Project/TombEvader/Content/MetaHumans/Common/Male/Tall/UnderWeight/Poses/m_tal_unw_ring_01_l_pose.uasset" 936
"D:/UE5_Project/TombEvader/Content/MetaHumans/Common/Male/Tall/UnderWeight/Poses/m_tal_unw_ring_01_l_pose.uexp" 937
"D:/UE5_Project/TombEvader/Content/MetaHumans/Common/Male/Tall/UnderWeight/Poses/m_tal_unw_pinky_03_r_pose.uasset" 938
"D:/UE5_Project/TombEvader/Content/MetaHumans/Common/Male/Tall/UnderWeight/Poses/m_tal_unw_pinky_03_r_pose.uexp" 939
"D:/UE5_Project/TombEvader/Content/MetaHumans/Common/Male/Tall/UnderWeight/Poses/m_tal_unw_pinky_03_l_pose.uasset" 940
"D:/UE5_Project/TombEvader/Content/MetaHumans/Common/Male/Tall/UnderWeight/Poses/m_tal_unw_pinky_03_l_pose.uexp" 941
"D:/UE5_Project/TombEvader/Content/MetaHumans/Common/Male/Tall/UnderWeight/Poses/m_tal_unw_pinky_02_r_pose.uasset" 942
"D:/UE5_Project/TombEvader/Content/MetaHumans/Common/Male/Tall/UnderWeight/Poses/m_tal_unw_pinky_02_r_pose.uexp" 943
"D:/UE5_Project/TombEvader/Content/MetaHumans/Common/Male/Tall/UnderWeight/Poses/m_tal_unw_pinky_02_l_pose.uasset" 944
"D:/UE5_Project/TombEvader/Content/MetaHumans/Common/Male/Tall/UnderWeight/Poses/m_tal_unw_pinky_02_l_pose.uexp" 945
"D:/UE5_Project/TombEvader/Content/MetaHumans/Common/Male/Tall/UnderWeight/Poses/m_tal_unw_pinky_01_r_pose.uasset" 946
"D:/UE5_Project/TombEvader/Content/MetaHumans/Common/Male/Tall/UnderWeight/Poses/m_tal_unw_pinky_01_r_pose.uexp" 947
"D:/UE5_Project/TombEvader/Content/MetaHumans/Common/Male/Tall/UnderWeight/Poses/m_tal_unw_pinky_01_l_pose.uasset" 948
"D:/UE5_Project/TombEvader/Content/MetaHumans/Common/Male/Tall/UnderWeight/Poses/m_tal_unw_pinky_01_l_pose.uexp" 949
"D:/UE5_Project/TombEvader/Content/MetaHumans/Common/Male/Tall/UnderWeight/Poses/m_tal_unw_middle_03_r_pose.uasset" 950
"D:/UE5_Project/TombEvader/Content/MetaHumans/Common/Male/Tall/UnderWeight/Poses/m_tal_unw_middle_03_r_pose.uexp" 951
"D:/UE5_Project/TombEvader/Content/MetaHumans/Common/Male/Tall/UnderWeight/Poses/m_tal_unw_middle_03_l_pose.uasset" 952
"D:/UE5_Project/TombEvader/Content/MetaHumans/Common/Male/Tall/UnderWeight/Poses/m_tal_unw_middle_03_l_pose.uexp" 953
"D:/UE5_Project/TombEvader/Content/MetaHumans/Common/Male/Tall/UnderWeight/Poses/m_tal_unw_middle_02_r_pose.uasset" 954
"D:/UE5_Project/TombEvader/Content/MetaHumans/Common/Male/Tall/UnderWeight/Poses/m_tal_unw_middle_02_r_pose.uexp" 955
"D:/UE5_Project/TombEvader/Content/MetaHumans/Common/Male/Tall/UnderWeight/Poses/m_tal_unw_middle_02_l_pose.uasset" 956
"D:/UE5_Project/TombEvader/Content/MetaHumans/Common/Male/Tall/UnderWeight/Poses/m_tal_unw_middle_02_l_pose.uexp" 957
"D:/UE5_Project/TombEvader/Content/MetaHumans/Common/Male/Tall/UnderWeight/Poses/m_tal_unw_middle_01_r_pose.uasset" 958
"D:/UE5_Project/TombEvader/Content/MetaHumans/Common/Male/Tall/UnderWeight/Poses/m_tal_unw_middle_01_r_pose.uexp" 959
"D:/UE5_Project/TombEvader/Content/MetaHumans/Common/Male/Tall/UnderWeight/Poses/m_tal_unw_middle_01_l_pose.uasset" 960
"D:/UE5_Project/TombEvader/Content/MetaHumans/Common/Male/Tall/UnderWeight/Poses/m_tal_unw_middle_01_l_pose.uexp" 961
"D:/UE5_Project/TombEvader/Content/MetaHumans/Common/Male/Tall/UnderWeight/Poses/m_tal_unw_lowerarm_r_pose.uasset" 962
"D:/UE5_Project/TombEvader/Content/MetaHumans/Common/Male/Tall/UnderWeight/Poses/m_tal_unw_lowerarm_r_pose.uexp" 963
"D:/UE5_Project/TombEvader/Content/MetaHumans/Common/Male/Tall/UnderWeight/Poses/m_tal_unw_lowerarm_l_pose.uasset" 964
"D:/UE5_Project/TombEvader/Content/MetaHumans/Common/Male/Tall/UnderWeight/Poses/m_tal_unw_lowerarm_l_pose.uexp" 965
"D:/UE5_Project/TombEvader/Content/MetaHumans/Common/Male/Tall/UnderWeight/Poses/m_tal_unw_index_03_r_pose.uasset" 966
"D:/UE5_Project/TombEvader/Content/MetaHumans/Common/Male/Tall/UnderWeight/Poses/m_tal_unw_index_03_r_pose.uexp" 967
"D:/UE5_Project/TombEvader/Content/MetaHumans/Common/Male/Tall/UnderWeight/Poses/m_tal_unw_index_03_l_pose.uasset" 968
"D:/UE5_Project/TombEvader/Content/MetaHumans/Common/Male/Tall/UnderWeight/Poses/m_tal_unw_index_03_l_pose.uexp" 969
"D:/UE5_Project/TombEvader/Content/MetaHumans/Common/Male/Tall/UnderWeight/Poses/m_tal_unw_index_02_r_pose.uasset" 970
"D:/UE5_Project/TombEvader/Content/MetaHumans/Common/Male/Tall/UnderWeight/Poses/m_tal_unw_index_02_r_pose.uexp" 971
"D:/UE5_Project/TombEvader/Content/MetaHumans/Common/Male/Tall/UnderWeight/Poses/m_tal_unw_index_02_l_pose.uasset" 972
"D:/UE5_Project/TombEvader/Content/MetaHumans/Common/Male/Tall/UnderWeight/Poses/m_tal_unw_index_02_l_pose.uexp" 973
"D:/UE5_Project/TombEvader/Content/MetaHumans/Common/Male/Tall/UnderWeight/Poses/m_tal_unw_index_01_r_pose.uasset" 974
"D:/UE5_Project/TombEvader/Content/MetaHumans/Common/Male/Tall/UnderWeight/Poses/m_tal_unw_index_01_r_pose.uexp" 975
"D:/UE5_Project/TombEvader/Content/MetaHumans/Common/Male/Tall/UnderWeight/Poses/m_tal_unw_index_01_l_pose.uasset" 976
"D:/UE5_Project/TombEvader/Content/MetaHumans/Common/Male/Tall/UnderWeight/Poses/m_tal_unw_index_01_l_pose.uexp" 977
"D:/UE5_Project/TombEvader/Content/MetaHumans/Common/Male/Tall/UnderWeight/Poses/m_tal_unw_hand_r_pose.uasset" 978
"D:/UE5_Project/TombEvader/Content/MetaHumans/Common/Male/Tall/UnderWeight/Poses/m_tal_unw_hand_r_pose.uexp" 979
"D:/UE5_Project/TombEvader/Content/MetaHumans/Common/Male/Tall/UnderWeight/Poses/m_tal_unw_hand_l_pose.uasset" 980
"D:/UE5_Project/TombEvader/Content/MetaHumans/Common/Male/Tall/UnderWeight/Poses/m_tal_unw_hand_l_pose.uexp" 981
"D:/UE5_Project/TombEvader/Content/MetaHumans/Common/Male/Tall/UnderWeight/Poses/m_tal_unw_foot_r_pose.uasset" 982
"D:/UE5_Project/TombEvader/Content/MetaHumans/Common/Male/Tall/UnderWeight/Poses/m_tal_unw_foot_r_pose.uexp" 983
"D:/UE5_Project/TombEvader/Content/MetaHumans/Common/Male/Tall/UnderWeight/Poses/m_tal_unw_foot_l_pose.uasset" 984
"D:/UE5_Project/TombEvader/Content/MetaHumans/Common/Male/Tall/UnderWeight/Poses/m_tal_unw_foot_l_pose.uexp" 985
"D:/UE5_Project/TombEvader/Content/MetaHumans/Common/Male/Tall/UnderWeight/Poses/m_tal_unw_clavicle_r_pose.uasset" 986
"D:/UE5_Project/TombEvader/Content/MetaHumans/Common/Male/Tall/UnderWeight/Poses/m_tal_unw_clavicle_r_pose.uexp" 987
"D:/UE5_Project/TombEvader/Content/MetaHumans/Common/Male/Tall/UnderWeight/Poses/m_tal_unw_clavicle_l_pose.uasset" 988
"D:/UE5_Project/TombEvader/Content/MetaHumans/Common/Male/Tall/UnderWeight/Poses/m_tal_unw_clavicle_l_pose.uexp" 989
"D:/UE5_Project/TombEvader/Content/MetaHumans/Common/Male/Tall/UnderWeight/Poses/m_tal_unw_calf_r_pose.uasset" 990
"D:/UE5_Project/TombEvader/Content/MetaHumans/Common/Male/Tall/UnderWeight/Poses/m_tal_unw_calf_r_pose.uexp" 991
"D:/UE5_Project/TombEvader/Content/MetaHumans/Common/Male/Tall/UnderWeight/Poses/m_tal_unw_calf_l_pose.uasset" 992
"D:/UE5_Project/TombEvader/Content/MetaHumans/Common/Male/Tall/UnderWeight/Poses/m_tal_unw_calf_l_pose.uexp" 993
"D:/UE5_Project/TombEvader/Content/MetaHumans/Common/Male/Tall/UnderWeight/Body/m_tal_unw_animbp_Cinematic.uasset" 994
"D:/UE5_Project/TombEvader/Content/MetaHumans/Common/Male/Tall/UnderWeight/Body/m_tal_unw_animbp_Cinematic.uexp" 995
"D:/UE5_Project/TombEvader/Content/MetaHumans/Common/Male/Tall/UnderWeight/Body/m_tal_unw_body_Physics.uasset" 996
"D:/UE5_Project/TombEvader/Content/MetaHumans/Common/Male/Tall/UnderWeight/Body/m_tal_unw_body_Physics.uexp" 997
"D:/UE5_Project/TombEvader/Content/MetaHumans/Seneca/Body/m_tal_unw_body.uasset" 998
"D:/UE5_Project/TombEvader/Content/MetaHumans/Seneca/Body/m_tal_unw_body.uexp" 999
"D:/UE5_Project/TombEvader/Content/MetaHumans/Common/Materials/SP_TeethCharacterCreator.uasset" 1000
"D:/UE5_Project/TombEvader/Content/MetaHumans/Common/Materials/SP_TeethCharacterCreator.uexp" 1001
"../../../Engine/Content/Functions/Engine_MaterialFunctions01/Gradient/LinearGradient.uasset" 1002
"../../../Engine/Content/Functions/Engine_MaterialFunctions01/Gradient/LinearGradient.uexp" 1003
"../../../Engine/Content/Functions/Engine_MaterialFunctions02/SmoothStep.uasset" 1004
"../../../Engine/Content/Functions/Engine_MaterialFunctions02/SmoothStep.uexp" 1005
"D:/UE5_Project/TombEvader/Content/MetaHumans/Common/Materials/Textures/gums_div_001.ubulk" 1006
"D:/UE5_Project/TombEvader/Content/MetaHumans/Common/Materials/Textures/gums_div_001.uasset" 1007
"D:/UE5_Project/TombEvader/Content/MetaHumans/Common/Materials/Textures/gums_div_001.uexp" 1008
"D:/UE5_Project/TombEvader/Content/MetaHumans/Common/Materials/Textures/skin_n.uasset" 1009
"D:/UE5_Project/TombEvader/Content/MetaHumans/Common/Materials/Textures/skin_n.uexp" 1010
"D:/UE5_Project/TombEvader/Content/MetaHumans/Common/Materials/Textures/T_Teeth_mouthOcc.ubulk" 1011
"D:/UE5_Project/TombEvader/Content/MetaHumans/Common/Materials/Textures/T_Teeth_mouthOcc.uasset" 1012
"D:/UE5_Project/TombEvader/Content/MetaHumans/Common/Materials/Textures/T_Teeth_mouthOcc.uexp" 1013
"D:/UE5_Project/TombEvader/Content/MetaHumans/Common/Materials/Textures/teeth_color_map_001.ubulk" 1014
"D:/UE5_Project/TombEvader/Content/MetaHumans/Common/Materials/Textures/teeth_color_map_001.uasset" 1015
"D:/UE5_Project/TombEvader/Content/MetaHumans/Common/Materials/Textures/teeth_color_map_001.uexp" 1016
"D:/UE5_Project/TombEvader/Content/MetaHumans/Common/Materials/Textures/teeth_masks_001.ubulk" 1017
"D:/UE5_Project/TombEvader/Content/MetaHumans/Common/Materials/Textures/teeth_masks_001.uasset" 1018
"D:/UE5_Project/TombEvader/Content/MetaHumans/Common/Materials/Textures/teeth_masks_001.uexp" 1019
"D:/UE5_Project/TombEvader/Content/MetaHumans/Common/Materials/Textures/teeth_normal_map.ubulk" 1020
"D:/UE5_Project/TombEvader/Content/MetaHumans/Common/Materials/Textures/teeth_normal_map.uasset" 1021
"D:/UE5_Project/TombEvader/Content/MetaHumans/Common/Materials/Textures/teeth_normal_map.uexp" 1022
"D:/UE5_Project/TombEvader/Content/MetaHumans/Common/Materials/Textures/teeth_sharpNormal_map.ubulk" 1023
"D:/UE5_Project/TombEvader/Content/MetaHumans/Common/Materials/Textures/teeth_sharpNormal_map.uasset" 1024
"D:/UE5_Project/TombEvader/Content/MetaHumans/Common/Materials/Textures/teeth_sharpNormal_map.uexp" 1025
"D:/UE5_Project/TombEvader/Content/MetaHumans/Common/Materials/Textures/TeethGumsNormal.ubulk" 1026
"D:/UE5_Project/TombEvader/Content/MetaHumans/Common/Materials/Textures/TeethGumsNormal.uasset" 1027
"D:/UE5_Project/TombEvader/Content/MetaHumans/Common/Materials/Textures/TeethGumsNormal.uexp" 1028
"../../../Engine/Content/Functions/Engine_MaterialFunctions02/Utility/CustomReflectionVector.uasset" 1029
"../../../Engine/Content/Functions/Engine_MaterialFunctions02/Utility/CustomReflectionVector.uexp" 1030
"../../../Engine/Content/Functions/Engine_MaterialFunctions02/Masking/ThresholdWithRange.uasset" 1031
"../../../Engine/Content/Functions/Engine_MaterialFunctions02/Masking/ThresholdWithRange.uexp" 1032
"D:/UE5_Project/TombEvader/Content/MetaHumans/Common/Materials/Textures/gums_color_picker.ubulk" 1033
"D:/UE5_Project/TombEvader/Content/MetaHumans/Common/Materials/Textures/gums_color_picker.uasset" 1034
"D:/UE5_Project/TombEvader/Content/MetaHumans/Common/Materials/Textures/gums_color_picker.uexp" 1035
"D:/UE5_Project/TombEvader/Content/MetaHumans/Common/Materials/Textures/plaque_color_picker.ubulk" 1036
"D:/UE5_Project/TombEvader/Content/MetaHumans/Common/Materials/Textures/plaque_color_picker.uasset" 1037
"D:/UE5_Project/TombEvader/Content/MetaHumans/Common/Materials/Textures/plaque_color_picker.uexp" 1038
"D:/UE5_Project/TombEvader/Content/MetaHumans/Common/Materials/Textures/teeth_color_picker_001.ubulk" 1039
"D:/UE5_Project/TombEvader/Content/MetaHumans/Common/Materials/Textures/teeth_color_picker_001.uasset" 1040
"D:/UE5_Project/TombEvader/Content/MetaHumans/Common/Materials/Textures/teeth_color_picker_001.uexp" 1041
"D:/UE5_Project/TombEvader/Content/MetaHumans/Common/Materials/M_Teeth.uasset" 1042
"D:/UE5_Project/TombEvader/Content/MetaHumans/Common/Materials/M_Teeth.uexp" 1043
"D:/UE5_Project/TombEvader/Content/MetaHumans/Common/Materials/M_TeethCharacterCreator_Inst.uasset" 1044
"D:/UE5_Project/TombEvader/Content/MetaHumans/Common/Materials/M_TeethCharacterCreator_Inst.uexp" 1045
"D:/UE5_Project/TombEvader/Content/MetaHumans/Seneca/Materials/M_TeethCharacterCreator_Inst.uasset" 1046
"D:/UE5_Project/TombEvader/Content/MetaHumans/Seneca/Materials/M_TeethCharacterCreator_Inst.uexp" 1047
"D:/UE5_Project/TombEvader/Content/MetaHumans/Common/MaleHair/Textures/Eyelashes_S_Sparse_Coverage.ubulk" 1048
"D:/UE5_Project/TombEvader/Content/MetaHumans/Common/MaleHair/Textures/Eyelashes_S_Sparse_Coverage.uasset" 1049
"D:/UE5_Project/TombEvader/Content/MetaHumans/Common/MaleHair/Textures/Eyelashes_S_Sparse_Coverage.uexp" 1050
"D:/UE5_Project/TombEvader/Content/MetaHumans/Common/Materials/T_Black_Linear.uasset" 1051
"D:/UE5_Project/TombEvader/Content/MetaHumans/Common/Materials/T_Black_Linear.uexp" 1052
"D:/UE5_Project/TombEvader/Content/MetaHumans/Common/Materials/MF_YCbCrAdjustments_BoostRedness.uasset" 1053
"D:/UE5_Project/TombEvader/Content/MetaHumans/Common/Materials/MF_YCbCrAdjustments_BoostRedness.uexp" 1054
"D:/UE5_Project/TombEvader/Content/MetaHumans/Common/Materials/MF_YCbCr2RGB.uasset" 1055
"D:/UE5_Project/TombEvader/Content/MetaHumans/Common/Materials/MF_YCbCr2RGB.uexp" 1056
"D:/UE5_Project/TombEvader/Content/MetaHumans/Common/Materials/MF_RGB2YCbCr.uasset" 1057
"D:/UE5_Project/TombEvader/Content/MetaHumans/Common/Materials/MF_RGB2YCbCr.uexp" 1058
"D:/UE5_Project/TombEvader/Content/MetaHumans/Common/Materials/MF_RedHairBoost.uasset" 1059
"D:/UE5_Project/TombEvader/Content/MetaHumans/Common/Materials/MF_RedHairBoost.uexp" 1060
"D:/UE5_Project/TombEvader/Content/MetaHumans/Common/Materials/M_Eyelashes_Cards.uasset" 1061
"D:/UE5_Project/TombEvader/Content/MetaHumans/Common/Materials/M_Eyelashes_Cards.uexp" 1062
"D:/UE5_Project/TombEvader/Content/MetaHumans/Common/Materials/M_EyeLash_HigherLODs_Inst.uasset" 1063
"D:/UE5_Project/TombEvader/Content/MetaHumans/Common/Materials/M_EyeLash_HigherLODs_Inst.uexp" 1064
"D:/UE5_Project/TombEvader/Content/MetaHumans/Seneca/Materials/M_EyeLash_HigherLODs_Inst.uasset" 1065
"D:/UE5_Project/TombEvader/Content/MetaHumans/Seneca/Materials/M_EyeLash_HigherLODs_Inst.uexp" 1066
"D:/UE5_Project/TombEvader/Content/MetaHumans/Common/Materials/M_EyelashLowerLODs_Inst.uasset" 1067
"D:/UE5_Project/TombEvader/Content/MetaHumans/Common/Materials/M_EyelashLowerLODs_Inst.uexp" 1068
"D:/UE5_Project/TombEvader/Content/MetaHumans/Seneca/Materials/M_EyelashLowerLODs_Inst.uasset" 1069
"D:/UE5_Project/TombEvader/Content/MetaHumans/Seneca/Materials/M_EyelashLowerLODs_Inst.uexp" 1070
"D:/UE5_Project/TombEvader/Content/MetaHumans/Common/Face/Neck_CtrlRig.uasset" 1071
"D:/UE5_Project/TombEvader/Content/MetaHumans/Common/Face/Neck_CtrlRig.uexp" 1072
"D:/UE5_Project/TombEvader/Content/MetaHumans/Common/Face/Face_PostProcess_AnimBP.uasset" 1073
"D:/UE5_Project/TombEvader/Content/MetaHumans/Common/Face/Face_PostProcess_AnimBP.uexp" 1074
"D:/UE5_Project/TombEvader/Content/MetaHumans/Common/Face/neckPoses/neckCorr_m_tal_unw_RBFSolver_pose.uasset" 1075
"D:/UE5_Project/TombEvader/Content/MetaHumans/Common/Face/neckPoses/neckCorr_m_tal_unw_RBFSolver_pose.uexp" 1076
"D:/UE5_Project/TombEvader/Content/MetaHumans/Seneca/Face/ABP_Seneca_FaceMesh_PostProcess.uasset" 1077
"D:/UE5_Project/TombEvader/Content/MetaHumans/Seneca/Face/ABP_Seneca_FaceMesh_PostProcess.uexp" 1078
"D:/UE5_Project/TombEvader/Content/MetaHumans/Common/Face/Face_Archetype_Physics.uasset" 1079
"D:/UE5_Project/TombEvader/Content/MetaHumans/Common/Face/Face_Archetype_Physics.uexp" 1080
"D:/UE5_Project/TombEvader/Content/MetaHumans/Common/Face/SubsurfaceProfiles/SSP_Eye_Inner.uasset" 1081
"D:/UE5_Project/TombEvader/Content/MetaHumans/Common/Face/SubsurfaceProfiles/SSP_Eye_Inner.uexp" 1082
"../../../Engine/Content/Functions/Engine_MaterialFunctions01/Texturing/FlattenNormal.uasset" 1083
"../../../Engine/Content/Functions/Engine_MaterialFunctions01/Texturing/FlattenNormal.uexp" 1084
"../../../Engine/Content/Functions/Engine_MaterialFunctions02/Lerp_3Color.uasset" 1085
"../../../Engine/Content/Functions/Engine_MaterialFunctions02/Lerp_3Color.uexp" 1086
"../../../Engine/Content/Functions/Engine_MaterialFunctions02/Math/CreateThirdOrthogonalVector.uasset" 1087
"../../../Engine/Content/Functions/Engine_MaterialFunctions02/Math/CreateThirdOrthogonalVector.uexp" 1088
"../../../Engine/Content/Functions/Engine_MaterialFunctions02/TangentBasis.uasset" 1089
"../../../Engine/Content/Functions/Engine_MaterialFunctions02/TangentBasis.uexp" 1090
"../../../Engine/Content/Functions/Engine_MaterialFunctions02/Math/InverseTransformMatrix.uasset" 1091
"../../../Engine/Content/Functions/Engine_MaterialFunctions02/Math/InverseTransformMatrix.uexp" 1092
"../../../Engine/Content/EngineVolumetrics/Fogsheet/Materials/T_EV_BlankWhite_01.uasset" 1093
"../../../Engine/Content/EngineVolumetrics/Fogsheet/Materials/T_EV_BlankWhite_01.uexp" 1094
"../../../Engine/Content/Functions/Engine_MaterialFunctions02/Math/TransformToZVector.uasset" 1095
"../../../Engine/Content/Functions/Engine_MaterialFunctions02/Math/TransformToZVector.uexp" 1096
"D:/UE5_Project/TombEvader/Content/MetaHumans/Common/Face/Textures/IrisTextures/iris_001/T_Iris_A_H.ubulk" 1097
"D:/UE5_Project/TombEvader/Content/MetaHumans/Common/Face/Textures/IrisTextures/iris_001/T_Iris_A_H.uasset" 1098
"D:/UE5_Project/TombEvader/Content/MetaHumans/Common/Face/Textures/IrisTextures/iris_001/T_Iris_A_H.uexp" 1099
"D:/UE5_Project/TombEvader/Content/MetaHumans/Common/Face/Textures/IrisTextures/iris_001/T_Iris_A_M.ubulk" 1100
"D:/UE5_Project/TombEvader/Content/MetaHumans/Common/Face/Textures/IrisTextures/iris_001/T_Iris_A_M.uasset" 1101
"D:/UE5_Project/TombEvader/Content/MetaHumans/Common/Face/Textures/IrisTextures/iris_001/T_Iris_A_M.uexp" 1102
"D:/UE5_Project/TombEvader/Content/MetaHumans/Common/Face/Textures/T_Veins_D.ubulk" 1103
"D:/UE5_Project/TombEvader/Content/MetaHumans/Common/Face/Textures/T_Veins_D.uasset" 1104
"D:/UE5_Project/TombEvader/Content/MetaHumans/Common/Face/Textures/T_Veins_D.uexp" 1105
"D:/UE5_Project/TombEvader/Content/MetaHumans/Common/Face/Textures/T_TilingNoise_001.ubulk" 1106
"D:/UE5_Project/TombEvader/Content/MetaHumans/Common/Face/Textures/T_TilingNoise_001.uasset" 1107
"D:/UE5_Project/TombEvader/Content/MetaHumans/Common/Face/Textures/T_TilingNoise_001.uexp" 1108
"D:/UE5_Project/TombEvader/Content/MetaHumans/Common/Face/Textures/T_sclera_tint_picker.ubulk" 1109
"D:/UE5_Project/TombEvader/Content/MetaHumans/Common/Face/Textures/T_sclera_tint_picker.uasset" 1110
"D:/UE5_Project/TombEvader/Content/MetaHumans/Common/Face/Textures/T_sclera_tint_picker.uexp" 1111
"D:/UE5_Project/TombEvader/Content/MetaHumans/Common/Face/Textures/T_Sclera_N.ubulk" 1112
"D:/UE5_Project/TombEvader/Content/MetaHumans/Common/Face/Textures/T_Sclera_N.uasset" 1113
"D:/UE5_Project/TombEvader/Content/MetaHumans/Common/Face/Textures/T_Sclera_N.uexp" 1114
"D:/UE5_Project/TombEvader/Content/MetaHumans/Common/Face/Textures/T_Sclera_D.ubulk" 1115
"D:/UE5_Project/TombEvader/Content/MetaHumans/Common/Face/Textures/T_Sclera_D.uasset" 1116
"D:/UE5_Project/TombEvader/Content/MetaHumans/Common/Face/Textures/T_Sclera_D.uexp" 1117
"D:/UE5_Project/TombEvader/Content/MetaHumans/Common/Face/Textures/T_iris_color_picker.ubulk" 1118
"D:/UE5_Project/TombEvader/Content/MetaHumans/Common/Face/Textures/T_iris_color_picker.uasset" 1119
"D:/UE5_Project/TombEvader/Content/MetaHumans/Common/Face/Textures/T_iris_color_picker.uexp" 1120
"D:/UE5_Project/TombEvader/Content/MetaHumans/Common/Face/Textures/T_Eye_N.ubulk" 1121
"D:/UE5_Project/TombEvader/Content/MetaHumans/Common/Face/Textures/T_Eye_N.uasset" 1122
"D:/UE5_Project/TombEvader/Content/MetaHumans/Common/Face/Textures/T_Eye_N.uexp" 1123
"D:/UE5_Project/TombEvader/Content/MetaHumans/Common/Face/Textures/T_EyeMidPlaneDisplacement.ubulk" 1124
"D:/UE5_Project/TombEvader/Content/MetaHumans/Common/Face/Textures/T_EyeMidPlaneDisplacement.uasset" 1125
"D:/UE5_Project/TombEvader/Content/MetaHumans/Common/Face/Textures/T_EyeMidPlaneDisplacement.uexp" 1126
"D:/UE5_Project/TombEvader/Content/MetaHumans/Common/Face/MaterialFunctions/Eye/MF_RefractionDirection.uasset" 1127
"D:/UE5_Project/TombEvader/Content/MetaHumans/Common/Face/MaterialFunctions/Eye/MF_RefractionDirection.uexp" 1128
"D:/UE5_Project/TombEvader/Content/MetaHumans/Common/Face/MaterialFunctions/Eye/MF_ParallaxOcclusionMappingEye.uasset" 1129
"D:/UE5_Project/TombEvader/Content/MetaHumans/Common/Face/MaterialFunctions/Eye/MF_ParallaxOcclusionMappingEye.uexp" 1130
"D:/UE5_Project/TombEvader/Content/MetaHumans/Common/Face/MaterialFunctions/Eye/MF_IrisUVMask.uasset" 1131
"D:/UE5_Project/TombEvader/Content/MetaHumans/Common/Face/MaterialFunctions/Eye/MF_IrisUVMask.uexp" 1132
"D:/UE5_Project/TombEvader/Content/MetaHumans/Common/Face/MaterialFunctions/Eye/MF_IrisGenerator.uasset" 1133
"D:/UE5_Project/TombEvader/Content/MetaHumans/Common/Face/MaterialFunctions/Eye/MF_IrisGenerator.uexp" 1134
"D:/UE5_Project/TombEvader/Content/MetaHumans/Common/Face/MaterialFunctions/Eye/MF_EyeRefraction.uasset" 1135
"D:/UE5_Project/TombEvader/Content/MetaHumans/Common/Face/MaterialFunctions/Eye/MF_EyeRefraction.uexp" 1136
"D:/UE5_Project/TombEvader/Content/MetaHumans/Common/Face/Materials/M_EyeRefractive.uasset" 1137
"D:/UE5_Project/TombEvader/Content/MetaHumans/Common/Face/Materials/M_EyeRefractive.uexp" 1138
"D:/UE5_Project/TombEvader/Content/MetaHumans/Common/Face/Materials/MI_EyeRefractive_Inst_R.uasset" 1139
"D:/UE5_Project/TombEvader/Content/MetaHumans/Common/Face/Materials/MI_EyeRefractive_Inst_R.uexp" 1140
"D:/UE5_Project/TombEvader/Content/MetaHumans/Seneca/Face/Materials/MI_EyeRefractive_Inst_R.uasset" 1141
"D:/UE5_Project/TombEvader/Content/MetaHumans/Seneca/Face/Materials/MI_EyeRefractive_Inst_R.uexp" 1142
"D:/UE5_Project/TombEvader/Content/MetaHumans/Common/Face/Materials/MI_EyeRefractive_Inst_L.uasset" 1143
"D:/UE5_Project/TombEvader/Content/MetaHumans/Common/Face/Materials/MI_EyeRefractive_Inst_L.uexp" 1144
"D:/UE5_Project/TombEvader/Content/MetaHumans/Seneca/Face/Materials/MI_EyeRefractive_Inst_L.uasset" 1145
"D:/UE5_Project/TombEvader/Content/MetaHumans/Seneca/Face/Materials/MI_EyeRefractive_Inst_L.uexp" 1146
"D:/UE5_Project/TombEvader/Content/MetaHumans/Common/Materials/HighlightsTextures/HighlightMask_strips.ubulk" 1147
"D:/UE5_Project/TombEvader/Content/MetaHumans/Common/Materials/HighlightsTextures/HighlightMask_strips.uasset" 1148
"D:/UE5_Project/TombEvader/Content/MetaHumans/Common/Materials/HighlightsTextures/HighlightMask_strips.uexp" 1149
"D:/UE5_Project/TombEvader/Content/MetaHumans/Seneca/Face/T_BakedNormal_LOD5.ubulk" 1150
"D:/UE5_Project/TombEvader/Content/MetaHumans/Seneca/Face/T_BakedNormal_LOD5.uasset" 1151
"D:/UE5_Project/TombEvader/Content/MetaHumans/Seneca/Face/T_BakedNormal_LOD5.uexp" 1152
"D:/UE5_Project/TombEvader/Content/MetaHumans/Seneca/Face/T_BakedNormal_LOD4.ubulk" 1153
"D:/UE5_Project/TombEvader/Content/MetaHumans/Seneca/Face/T_BakedNormal_LOD4.uasset" 1154
"D:/UE5_Project/TombEvader/Content/MetaHumans/Seneca/Face/T_BakedNormal_LOD4.uexp" 1155
"D:/UE5_Project/TombEvader/Content/MetaHumans/Seneca/Face/T_BakedNormal_LOD3.ubulk" 1156
"D:/UE5_Project/TombEvader/Content/MetaHumans/Seneca/Face/T_BakedNormal_LOD3.uasset" 1157
"D:/UE5_Project/TombEvader/Content/MetaHumans/Seneca/Face/T_BakedNormal_LOD3.uexp" 1158
"D:/UE5_Project/TombEvader/Content/MetaHumans/Seneca/Face/FaceNormal_MAIN.uexp" 1159
"D:/UE5_Project/TombEvader/Content/MetaHumans/Seneca/Face/FaceNormal_MAIN.ubulk" 1160
"D:/UE5_Project/TombEvader/Content/MetaHumans/Seneca/Face/FaceNormal_MAIN.uasset" 1161
"D:/UE5_Project/TombEvader/Content/MetaHumans/Seneca/Face/FaceNormal_MAIN.uptnl" 1162
"D:/UE5_Project/TombEvader/Content/MetaHumans/Seneca/Face/FaceRoughness_MAIN.ubulk" 1163
"D:/UE5_Project/TombEvader/Content/MetaHumans/Seneca/Face/FaceRoughness_MAIN.uasset" 1164
"D:/UE5_Project/TombEvader/Content/MetaHumans/Seneca/Face/FaceRoughness_MAIN.uexp" 1165
"D:/UE5_Project/TombEvader/Content/MetaHumans/Seneca/Face/FaceNormal_WM3.uexp" 1166
"D:/UE5_Project/TombEvader/Content/MetaHumans/Seneca/Face/FaceNormal_WM3.ubulk" 1167
"D:/UE5_Project/TombEvader/Content/MetaHumans/Seneca/Face/FaceNormal_WM3.uasset" 1168
"D:/UE5_Project/TombEvader/Content/MetaHumans/Seneca/Face/FaceNormal_WM3.uptnl" 1169
"D:/UE5_Project/TombEvader/Content/MetaHumans/Seneca/Face/FaceNormal_WM2.uexp" 1170
"D:/UE5_Project/TombEvader/Content/MetaHumans/Seneca/Face/FaceNormal_WM2.ubulk" 1171
"D:/UE5_Project/TombEvader/Content/MetaHumans/Seneca/Face/FaceNormal_WM2.uasset" 1172
"D:/UE5_Project/TombEvader/Content/MetaHumans/Seneca/Face/FaceNormal_WM2.uptnl" 1173
"D:/UE5_Project/TombEvader/Content/MetaHumans/Seneca/Face/FaceNormal_WM1.uexp" 1174
"D:/UE5_Project/TombEvader/Content/MetaHumans/Seneca/Face/FaceNormal_WM1.ubulk" 1175
"D:/UE5_Project/TombEvader/Content/MetaHumans/Seneca/Face/FaceNormal_WM1.uasset" 1176
"D:/UE5_Project/TombEvader/Content/MetaHumans/Seneca/Face/FaceNormal_WM1.uptnl" 1177
"D:/UE5_Project/TombEvader/Content/MetaHumans/Seneca/Face/FaceFoundationBlusherMask.ubulk" 1178
"D:/UE5_Project/TombEvader/Content/MetaHumans/Seneca/Face/FaceFoundationBlusherMask.uasset" 1179
"D:/UE5_Project/TombEvader/Content/MetaHumans/Seneca/Face/FaceFoundationBlusherMask.uexp" 1180
"D:/UE5_Project/TombEvader/Content/MetaHumans/Seneca/Face/FaceEyeLipstickMask.ubulk" 1181
"D:/UE5_Project/TombEvader/Content/MetaHumans/Seneca/Face/FaceEyeLipstickMask.uasset" 1182
"D:/UE5_Project/TombEvader/Content/MetaHumans/Seneca/Face/FaceEyeLipstickMask.uexp" 1183
"D:/UE5_Project/TombEvader/Content/MetaHumans/Seneca/Face/FaceColor_MAIN.ubulk" 1184
"D:/UE5_Project/TombEvader/Content/MetaHumans/Seneca/Face/FaceColor_MAIN.uasset" 1185
"D:/UE5_Project/TombEvader/Content/MetaHumans/Seneca/Face/FaceColor_MAIN.uexp" 1186
"D:/UE5_Project/TombEvader/Content/MetaHumans/Seneca/Face/FaceColor_CM3.ubulk" 1187
"D:/UE5_Project/TombEvader/Content/MetaHumans/Seneca/Face/FaceColor_CM3.uasset" 1188
"D:/UE5_Project/TombEvader/Content/MetaHumans/Seneca/Face/FaceColor_CM3.uexp" 1189
"D:/UE5_Project/TombEvader/Content/MetaHumans/Seneca/Face/FaceColor_CM2.ubulk" 1190
"D:/UE5_Project/TombEvader/Content/MetaHumans/Seneca/Face/FaceColor_CM2.uasset" 1191
"D:/UE5_Project/TombEvader/Content/MetaHumans/Seneca/Face/FaceColor_CM2.uexp" 1192
"D:/UE5_Project/TombEvader/Content/MetaHumans/Seneca/Face/FaceColor_CM1.ubulk" 1193
"D:/UE5_Project/TombEvader/Content/MetaHumans/Seneca/Face/FaceColor_CM1.uasset" 1194
"D:/UE5_Project/TombEvader/Content/MetaHumans/Seneca/Face/FaceColor_CM1.uexp" 1195
"D:/UE5_Project/TombEvader/Content/MetaHumans/Seneca/Face/FaceCavity_MAIN.uexp" 1196
"D:/UE5_Project/TombEvader/Content/MetaHumans/Seneca/Face/FaceCavity_MAIN.ubulk" 1197
"D:/UE5_Project/TombEvader/Content/MetaHumans/Seneca/Face/FaceCavity_MAIN.uasset" 1198
"D:/UE5_Project/TombEvader/Content/MetaHumans/Seneca/Face/FaceCavity_MAIN.uptnl" 1199
"D:/UE5_Project/TombEvader/Content/MetaHumans/Seneca/Face/FaceBakedGroomRootTipGradientRegionMasks.ubulk" 1200
"D:/UE5_Project/TombEvader/Content/MetaHumans/Seneca/Face/FaceBakedGroomRootTipGradientRegionMasks.uasset" 1201
"D:/UE5_Project/TombEvader/Content/MetaHumans/Seneca/Face/FaceBakedGroomRootTipGradientRegionMasks.uexp" 1202
"D:/UE5_Project/TombEvader/Content/MetaHumans/Seneca/Face/FaceBakedGroomAttributeMap.ubulk" 1203
"D:/UE5_Project/TombEvader/Content/MetaHumans/Seneca/Face/FaceBakedGroomAttributeMap.uasset" 1204
"D:/UE5_Project/TombEvader/Content/MetaHumans/Seneca/Face/FaceBakedGroomAttributeMap.uexp" 1205
"D:/UE5_Project/TombEvader/Content/MetaHumans/Common/Face/Textures/Default_SecColors.uasset" 1206
"D:/UE5_Project/TombEvader/Content/MetaHumans/Common/Face/Textures/Default_SecColors.uexp" 1207
"../../../Engine/Content/Functions/Engine_MaterialFunctions02/Utility/MakeFloat4.uasset" 1208
"../../../Engine/Content/Functions/Engine_MaterialFunctions02/Utility/MakeFloat4.uexp" 1209
"../../../Engine/Content/Functions/Engine_MaterialFunctions01/ImageAdjustment/CheapContrast.uasset" 1210
"../../../Engine/Content/Functions/Engine_MaterialFunctions01/ImageAdjustment/CheapContrast.uexp" 1211
"D:/UE5_Project/TombEvader/Content/MetaHumans/Common/Materials/MF_Variation.uasset" 1212
"D:/UE5_Project/TombEvader/Content/MetaHumans/Common/Materials/MF_Variation.uexp" 1213
"D:/UE5_Project/TombEvader/Content/MetaHumans/Common/Materials/MF_Hair_Color.uasset" 1214
"D:/UE5_Project/TombEvader/Content/MetaHumans/Common/Materials/MF_Hair_Color.uexp" 1215
"D:/UE5_Project/TombEvader/Content/MetaHumans/Common/Materials/MF_Hair_SecondaryColors.uasset" 1216
"D:/UE5_Project/TombEvader/Content/MetaHumans/Common/Materials/MF_Hair_SecondaryColors.uexp" 1217
"D:/UE5_Project/TombEvader/Content/MetaHumans/Common/Materials/MF_Hair_SaltAndPeper.uasset" 1218
"D:/UE5_Project/TombEvader/Content/MetaHumans/Common/Materials/MF_Hair_SaltAndPeper.uexp" 1219
"D:/UE5_Project/TombEvader/Content/MetaHumans/Common/Materials/MF_Hair_ColorBlending.uasset" 1220
"D:/UE5_Project/TombEvader/Content/MetaHumans/Common/Materials/MF_Hair_ColorBlending.uexp" 1221
"D:/UE5_Project/TombEvader/Content/MetaHumans/Common/Face/Textures/T_MH_BentNormal_AO.ubulk" 1222
"D:/UE5_Project/TombEvader/Content/MetaHumans/Common/Face/Textures/T_MH_BentNormal_AO.uasset" 1223
"D:/UE5_Project/TombEvader/Content/MetaHumans/Common/Face/Textures/T_MH_BentNormal_AO.uexp" 1224
"D:/UE5_Project/TombEvader/Content/MetaHumans/Common/Face/Textures/T_DefaultTextureLinear.ubulk" 1225
"D:/UE5_Project/TombEvader/Content/MetaHumans/Common/Face/Textures/T_DefaultTextureLinear.uasset" 1226
"D:/UE5_Project/TombEvader/Content/MetaHumans/Common/Face/Textures/T_DefaultTextureLinear.uexp" 1227
"D:/UE5_Project/TombEvader/Content/MetaHumans/Common/Face/Textures/T_1x1_BakedGroomTextureBase.uasset" 1228
"D:/UE5_Project/TombEvader/Content/MetaHumans/Common/Face/Textures/T_1x1_BakedGroomTextureBase.uexp" 1229
"D:/UE5_Project/TombEvader/Content/MetaHumans/Common/Face/Textures/Utilities/AnimMasks/T_head_wm13_msk_01.ubulk" 1230
"D:/UE5_Project/TombEvader/Content/MetaHumans/Common/Face/Textures/Utilities/AnimMasks/T_head_wm13_msk_01.uasset" 1231
"D:/UE5_Project/TombEvader/Content/MetaHumans/Common/Face/Textures/Utilities/AnimMasks/T_head_wm13_msk_01.uexp" 1232
"D:/UE5_Project/TombEvader/Content/MetaHumans/Common/Face/Textures/Utilities/AnimMasks/T_head_wm1_msk_01.ubulk" 1233
"D:/UE5_Project/TombEvader/Content/MetaHumans/Common/Face/Textures/Utilities/AnimMasks/T_head_wm1_msk_01.uasset" 1234
"D:/UE5_Project/TombEvader/Content/MetaHumans/Common/Face/Textures/Utilities/AnimMasks/T_head_wm1_msk_01.uexp" 1235
"D:/UE5_Project/TombEvader/Content/MetaHumans/Common/Face/Textures/Utilities/AnimMasks/T_head_wm1_msk_02.ubulk" 1236
"D:/UE5_Project/TombEvader/Content/MetaHumans/Common/Face/Textures/Utilities/AnimMasks/T_head_wm1_msk_02.uasset" 1237
"D:/UE5_Project/TombEvader/Content/MetaHumans/Common/Face/Textures/Utilities/AnimMasks/T_head_wm1_msk_02.uexp" 1238
"D:/UE5_Project/TombEvader/Content/MetaHumans/Common/Face/Textures/Utilities/AnimMasks/T_head_wm1_msk_03.ubulk" 1239
"D:/UE5_Project/TombEvader/Content/MetaHumans/Common/Face/Textures/Utilities/AnimMasks/T_head_wm1_msk_03.uasset" 1240
"D:/UE5_Project/TombEvader/Content/MetaHumans/Common/Face/Textures/Utilities/AnimMasks/T_head_wm1_msk_03.uexp" 1241
"D:/UE5_Project/TombEvader/Content/MetaHumans/Common/Face/Textures/Utilities/AnimMasks/T_head_wm2_msk_01.ubulk" 1242
"D:/UE5_Project/TombEvader/Content/MetaHumans/Common/Face/Textures/Utilities/AnimMasks/T_head_wm2_msk_01.uasset" 1243
"D:/UE5_Project/TombEvader/Content/MetaHumans/Common/Face/Textures/Utilities/AnimMasks/T_head_wm2_msk_01.uexp" 1244
"D:/UE5_Project/TombEvader/Content/MetaHumans/Common/Face/Textures/Utilities/AnimMasks/T_head_wm2_msk_02.ubulk" 1245
"D:/UE5_Project/TombEvader/Content/MetaHumans/Common/Face/Textures/Utilities/AnimMasks/T_head_wm2_msk_02.uasset" 1246
"D:/UE5_Project/TombEvader/Content/MetaHumans/Common/Face/Textures/Utilities/AnimMasks/T_head_wm2_msk_02.uexp" 1247
"D:/UE5_Project/TombEvader/Content/MetaHumans/Common/Face/Textures/Utilities/AnimMasks/T_head_wm3_msk_01.ubulk" 1248
"D:/UE5_Project/TombEvader/Content/MetaHumans/Common/Face/Textures/Utilities/AnimMasks/T_head_wm3_msk_01.uasset" 1249
"D:/UE5_Project/TombEvader/Content/MetaHumans/Common/Face/Textures/Utilities/AnimMasks/T_head_wm3_msk_01.uexp" 1250
"D:/UE5_Project/TombEvader/Content/MetaHumans/Common/Face/Textures/Utilities/AnimMasks/T_head_wm3_msk_02.ubulk" 1251
"D:/UE5_Project/TombEvader/Content/MetaHumans/Common/Face/Textures/Utilities/AnimMasks/T_head_wm3_msk_02.uasset" 1252
"D:/UE5_Project/TombEvader/Content/MetaHumans/Common/Face/Textures/Utilities/AnimMasks/T_head_wm3_msk_02.uexp" 1253
"D:/UE5_Project/TombEvader/Content/MetaHumans/Common/Face/Textures/Utilities/AnimMasks/T_head_wm_msk_Array.uasset" 1254
"D:/UE5_Project/TombEvader/Content/MetaHumans/Common/Face/Textures/Utilities/AnimMasks/T_head_wm_msk_Array.uexp" 1255
"D:/UE5_Project/TombEvader/Content/MetaHumans/Common/Face/MaterialFunctions/Head/MF_HeadMask_TexArraySample.uasset" 1256
"D:/UE5_Project/TombEvader/Content/MetaHumans/Common/Face/MaterialFunctions/Head/MF_HeadMask_TexArraySample.uexp" 1257
"D:/UE5_Project/TombEvader/Content/MetaHumans/Common/Face/MaterialFunctions/Head/MF_HeadMask_03A.uasset" 1258
"D:/UE5_Project/TombEvader/Content/MetaHumans/Common/Face/MaterialFunctions/Head/MF_HeadMask_03A.uexp" 1259
"D:/UE5_Project/TombEvader/Content/MetaHumans/Common/Face/MaterialFunctions/Head/MF_HeadMask_03.uasset" 1260
"D:/UE5_Project/TombEvader/Content/MetaHumans/Common/Face/MaterialFunctions/Head/MF_HeadMask_03.uexp" 1261
"D:/UE5_Project/TombEvader/Content/MetaHumans/Common/Face/MaterialFunctions/Head/MF_HeadMask_02A.uasset" 1262
"D:/UE5_Project/TombEvader/Content/MetaHumans/Common/Face/MaterialFunctions/Head/MF_HeadMask_02A.uexp" 1263
"D:/UE5_Project/TombEvader/Content/MetaHumans/Common/Face/Textures/Utilities/AnimMasks/T_head_wm2_msk_03.ubulk" 1264
"D:/UE5_Project/TombEvader/Content/MetaHumans/Common/Face/Textures/Utilities/AnimMasks/T_head_wm2_msk_03.uasset" 1265
"D:/UE5_Project/TombEvader/Content/MetaHumans/Common/Face/Textures/Utilities/AnimMasks/T_head_wm2_msk_03.uexp" 1266
"D:/UE5_Project/TombEvader/Content/MetaHumans/Common/Face/MaterialFunctions/Head/MF_HeadMask_02.uasset" 1267
"D:/UE5_Project/TombEvader/Content/MetaHumans/Common/Face/MaterialFunctions/Head/MF_HeadMask_02.uexp" 1268
"D:/UE5_Project/TombEvader/Content/MetaHumans/Common/Face/MaterialFunctions/Head/MF_HeadMask_01A.uasset" 1269
"D:/UE5_Project/TombEvader/Content/MetaHumans/Common/Face/MaterialFunctions/Head/MF_HeadMask_01A.uexp" 1270
"D:/UE5_Project/TombEvader/Content/MetaHumans/Common/Face/Textures/Utilities/AnimMasks/T_head_wm1_msk_04.ubulk" 1271
"D:/UE5_Project/TombEvader/Content/MetaHumans/Common/Face/Textures/Utilities/AnimMasks/T_head_wm1_msk_04.uasset" 1272
"D:/UE5_Project/TombEvader/Content/MetaHumans/Common/Face/Textures/Utilities/AnimMasks/T_head_wm1_msk_04.uexp" 1273
"D:/UE5_Project/TombEvader/Content/MetaHumans/Common/Face/MaterialFunctions/Head/MF_HeadMask_01.uasset" 1274
"D:/UE5_Project/TombEvader/Content/MetaHumans/Common/Face/MaterialFunctions/Head/MF_HeadMask_01.uexp" 1275
"D:/UE5_Project/TombEvader/Content/MetaHumans/Common/Face/MaterialFunctions/MF_AnimatedMaps.uasset" 1276
"D:/UE5_Project/TombEvader/Content/MetaHumans/Common/Face/MaterialFunctions/MF_AnimatedMaps.uexp" 1277
"D:/UE5_Project/TombEvader/Content/MetaHumans/Common/Face/Textures/RoughnessRegionsMasks/T_RoughnessRegions_007.uasset" 1278
"D:/UE5_Project/TombEvader/Content/MetaHumans/Common/Face/Textures/RoughnessRegionsMasks/T_RoughnessRegions_007.uexp" 1279
"D:/UE5_Project/TombEvader/Content/MetaHumans/Common/Face/Textures/RoughnessRegionsMasks/T_RoughnessRegions_006.uasset" 1280
"D:/UE5_Project/TombEvader/Content/MetaHumans/Common/Face/Textures/RoughnessRegionsMasks/T_RoughnessRegions_006.uexp" 1281
"D:/UE5_Project/TombEvader/Content/MetaHumans/Common/Face/Textures/RoughnessRegionsMasks/T_RoughnessRegions_005.uasset" 1282
"D:/UE5_Project/TombEvader/Content/MetaHumans/Common/Face/Textures/RoughnessRegionsMasks/T_RoughnessRegions_005.uexp" 1283
"D:/UE5_Project/TombEvader/Content/MetaHumans/Common/Face/Textures/RoughnessRegionsMasks/T_RoughnessRegions_004.uasset" 1284
"D:/UE5_Project/TombEvader/Content/MetaHumans/Common/Face/Textures/RoughnessRegionsMasks/T_RoughnessRegions_004.uexp" 1285
"D:/UE5_Project/TombEvader/Content/MetaHumans/Common/Face/Textures/RoughnessRegionsMasks/T_RoughnessRegions_003.uasset" 1286
"D:/UE5_Project/TombEvader/Content/MetaHumans/Common/Face/Textures/RoughnessRegionsMasks/T_RoughnessRegions_003.uexp" 1287
"D:/UE5_Project/TombEvader/Content/MetaHumans/Common/Face/Textures/RoughnessRegionsMasks/T_RoughnessRegions_002.uasset" 1288
"D:/UE5_Project/TombEvader/Content/MetaHumans/Common/Face/Textures/RoughnessRegionsMasks/T_RoughnessRegions_002.uexp" 1289
"D:/UE5_Project/TombEvader/Content/MetaHumans/Common/Face/Textures/RoughnessRegionsMasks/T_RoughnessRegions_001.uasset" 1290
"D:/UE5_Project/TombEvader/Content/MetaHumans/Common/Face/Textures/RoughnessRegionsMasks/T_RoughnessRegions_001.uexp" 1291
"D:/UE5_Project/TombEvader/Content/MetaHumans/Common/Face/MaterialFunctions/Head/MF_RoughnessMult.uasset" 1292
"D:/UE5_Project/TombEvader/Content/MetaHumans/Common/Face/MaterialFunctions/Head/MF_RoughnessMult.uexp" 1293
"D:/UE5_Project/TombEvader/Content/MetaHumans/Common/Face/MaterialFunctions/Grooms/MF_BakedGroomTexturesCombined.uasset" 1294
"D:/UE5_Project/TombEvader/Content/MetaHumans/Common/Face/MaterialFunctions/Grooms/MF_BakedGroomTexturesCombined.uexp" 1295
"D:/UE5_Project/TombEvader/Content/MetaHumans/Common/Face/ArtistDelights/SkinAccents/T_SkinAccentRegions_002.ubulk" 1296
"D:/UE5_Project/TombEvader/Content/MetaHumans/Common/Face/ArtistDelights/SkinAccents/T_SkinAccentRegions_002.uasset" 1297
"D:/UE5_Project/TombEvader/Content/MetaHumans/Common/Face/ArtistDelights/SkinAccents/T_SkinAccentRegions_002.uexp" 1298
"D:/UE5_Project/TombEvader/Content/MetaHumans/Common/Face/Materials/Baked/M_Head_Baked.uasset" 1299
"D:/UE5_Project/TombEvader/Content/MetaHumans/Common/Face/Materials/Baked/M_Head_Baked.uexp" 1300
"D:/UE5_Project/TombEvader/Content/MetaHumans/Common/Face/Materials/Baked/MI_HeadSynthesized_Baked.uasset" 1301
"D:/UE5_Project/TombEvader/Content/MetaHumans/Common/Face/Materials/Baked/MI_HeadSynthesized_Baked.uexp" 1302
"D:/UE5_Project/TombEvader/Content/MetaHumans/Seneca/Face/Materials/Baked/MI_HeadSynthesized_Baked.uasset" 1303
"D:/UE5_Project/TombEvader/Content/MetaHumans/Seneca/Face/Materials/Baked/MI_HeadSynthesized_Baked.uexp" 1304
"D:/UE5_Project/TombEvader/Content/MetaHumans/Seneca/Face/Materials/Baked/MI_HeadSynthesized_Baked_LOD1.uasset" 1305
"D:/UE5_Project/TombEvader/Content/MetaHumans/Seneca/Face/Materials/Baked/MI_HeadSynthesized_Baked_LOD1.uexp" 1306
"D:/UE5_Project/TombEvader/Content/MetaHumans/Seneca/Face/Materials/Baked/MI_HeadSynthesized_Baked_LOD2.uasset" 1307
"D:/UE5_Project/TombEvader/Content/MetaHumans/Seneca/Face/Materials/Baked/MI_HeadSynthesized_Baked_LOD2.uexp" 1308
"D:/UE5_Project/TombEvader/Content/MetaHumans/Seneca/Face/Materials/Baked/MI_HeadSynthesized_Baked_LOD3.uasset" 1309
"D:/UE5_Project/TombEvader/Content/MetaHumans/Seneca/Face/Materials/Baked/MI_HeadSynthesized_Baked_LOD3.uexp" 1310
"D:/UE5_Project/TombEvader/Content/MetaHumans/Seneca/Face/Materials/Baked/MI_HeadSynthesized_Baked_LOD4.uasset" 1311
"D:/UE5_Project/TombEvader/Content/MetaHumans/Seneca/Face/Materials/Baked/MI_HeadSynthesized_Baked_LOD4.uexp" 1312
"D:/UE5_Project/TombEvader/Content/MetaHumans/Seneca/Face/FaceNormal_MAIN_LOD.uexp" 1313
"D:/UE5_Project/TombEvader/Content/MetaHumans/Seneca/Face/FaceNormal_MAIN_LOD.ubulk" 1314
"D:/UE5_Project/TombEvader/Content/MetaHumans/Seneca/Face/FaceNormal_MAIN_LOD.uasset" 1315
"D:/UE5_Project/TombEvader/Content/MetaHumans/Seneca/Face/FaceNormal_MAIN_LOD.uptnl" 1316
"D:/UE5_Project/TombEvader/Content/MetaHumans/Seneca/Face/FaceRoughness_MAIN_LOD.ubulk" 1317
"D:/UE5_Project/TombEvader/Content/MetaHumans/Seneca/Face/FaceRoughness_MAIN_LOD.uasset" 1318
"D:/UE5_Project/TombEvader/Content/MetaHumans/Seneca/Face/FaceRoughness_MAIN_LOD.uexp" 1319
"D:/UE5_Project/TombEvader/Content/MetaHumans/Seneca/Face/FaceColor_MAIN_LOD.ubulk" 1320
"D:/UE5_Project/TombEvader/Content/MetaHumans/Seneca/Face/FaceColor_MAIN_LOD.uasset" 1321
"D:/UE5_Project/TombEvader/Content/MetaHumans/Seneca/Face/FaceColor_MAIN_LOD.uexp" 1322
"D:/UE5_Project/TombEvader/Content/MetaHumans/Seneca/Face/FaceBakedGroomRootTipGradientRegionMasks_LOD.ubulk" 1323
"D:/UE5_Project/TombEvader/Content/MetaHumans/Seneca/Face/FaceBakedGroomRootTipGradientRegionMasks_LOD.uasset" 1324
"D:/UE5_Project/TombEvader/Content/MetaHumans/Seneca/Face/FaceBakedGroomRootTipGradientRegionMasks_LOD.uexp" 1325
"D:/UE5_Project/TombEvader/Content/MetaHumans/Seneca/Face/FaceBakedGroomAttributeMap_LOD.ubulk" 1326
"D:/UE5_Project/TombEvader/Content/MetaHumans/Seneca/Face/FaceBakedGroomAttributeMap_LOD.uasset" 1327
"D:/UE5_Project/TombEvader/Content/MetaHumans/Seneca/Face/FaceBakedGroomAttributeMap_LOD.uexp" 1328
"D:/UE5_Project/TombEvader/Content/MetaHumans/Seneca/Face/Materials/Baked/MI_HeadSynthesized_Baked_LOD5.uasset" 1329
"D:/UE5_Project/TombEvader/Content/MetaHumans/Seneca/Face/Materials/Baked/MI_HeadSynthesized_Baked_LOD5.uexp" 1330
"D:/UE5_Project/TombEvader/Content/MetaHumans/Common/Face/Materials/M_Cartilage.uasset" 1331
"D:/UE5_Project/TombEvader/Content/MetaHumans/Common/Face/Materials/M_Cartilage.uexp" 1332
"D:/UE5_Project/TombEvader/Content/MetaHumans/Common/Face/Textures/T_lacrimal_n.ubulk" 1333
"D:/UE5_Project/TombEvader/Content/MetaHumans/Common/Face/Textures/T_lacrimal_n.uasset" 1334
"D:/UE5_Project/TombEvader/Content/MetaHumans/Common/Face/Textures/T_lacrimal_n.uexp" 1335
"D:/UE5_Project/TombEvader/Content/MetaHumans/Common/Face/Textures/T_lacrimal_h.ubulk" 1336
"D:/UE5_Project/TombEvader/Content/MetaHumans/Common/Face/Textures/T_lacrimal_h.uasset" 1337
"D:/UE5_Project/TombEvader/Content/MetaHumans/Common/Face/Textures/T_lacrimal_h.uexp" 1338
"D:/UE5_Project/TombEvader/Content/MetaHumans/Common/Face/Materials/M_lacrimal_fluid.uasset" 1339
"D:/UE5_Project/TombEvader/Content/MetaHumans/Common/Face/Materials/M_lacrimal_fluid.uexp" 1340
"D:/UE5_Project/TombEvader/Content/MetaHumans/Common/Face/Materials/MI_lacrimal_fluid_Inst.uasset" 1341
"D:/UE5_Project/TombEvader/Content/MetaHumans/Common/Face/Materials/MI_lacrimal_fluid_Inst.uexp" 1342
"D:/UE5_Project/TombEvader/Content/MetaHumans/Common/Face/MaterialFunctions/MF_PathTracingQualitySwitch.uasset" 1343
"D:/UE5_Project/TombEvader/Content/MetaHumans/Common/Face/MaterialFunctions/MF_PathTracingQualitySwitch.uexp" 1344
"D:/UE5_Project/TombEvader/Content/MetaHumans/Common/Face/Materials/M_EyeOcclusion.uasset" 1345
"D:/UE5_Project/TombEvader/Content/MetaHumans/Common/Face/Materials/M_EyeOcclusion.uexp" 1346
"D:/UE5_Project/TombEvader/Content/MetaHumans/Common/Face/Materials/MI_EyeOcclusion_Inst.uasset" 1347
"D:/UE5_Project/TombEvader/Content/MetaHumans/Common/Face/Materials/MI_EyeOcclusion_Inst.uexp" 1348
"D:/UE5_Project/TombEvader/Content/MetaHumans/Seneca/Face/Seneca_FaceMesh.uasset" 1349
"D:/UE5_Project/TombEvader/Content/MetaHumans/Seneca/Face/Seneca_FaceMesh.uexp" 1350
"../../../Engine/Content/MapTemplates/TilingNoise05.ubulk" 1351
"../../../Engine/Content/MapTemplates/TilingNoise05.uasset" 1352
"../../../Engine/Content/MapTemplates/TilingNoise05.uexp" 1353
"D:/UE5_Project/TombEvader/Content/MetaHumans/Common/Materials/Textures/skin_bar_color_picker.uasset" 1354
"D:/UE5_Project/TombEvader/Content/MetaHumans/Common/Materials/Textures/skin_bar_color_picker.uexp" 1355
"D:/UE5_Project/TombEvader/Content/MetaHumans/Common/Materials/M_PeachFuzzMaster.uasset" 1356
"D:/UE5_Project/TombEvader/Content/MetaHumans/Common/Materials/M_PeachFuzzMaster.uexp" 1357
"D:/UE5_Project/TombEvader/Content/MetaHumans/Common/Materials/MI_PeachFuzz.uasset" 1358
"D:/UE5_Project/TombEvader/Content/MetaHumans/Common/Materials/MI_PeachFuzz.uexp" 1359
"D:/UE5_Project/TombEvader/Content/MetaHumans/Seneca/FemaleHair/Hair/Peachfuzz_M_Thin.ubulk" 1360
"D:/UE5_Project/TombEvader/Content/MetaHumans/Seneca/FemaleHair/Hair/Peachfuzz_M_Thin.uasset" 1361
"D:/UE5_Project/TombEvader/Content/MetaHumans/Seneca/FemaleHair/Hair/Peachfuzz_M_Thin.uexp" 1362
"D:/UE5_Project/TombEvader/Content/MetaHumans/Seneca/FemaleHair/GroomBinding/Peachfuzz_M_Thin_Binding.ubulk" 1363
"D:/UE5_Project/TombEvader/Content/MetaHumans/Seneca/FemaleHair/GroomBinding/Peachfuzz_M_Thin_Binding.uasset" 1364
"D:/UE5_Project/TombEvader/Content/MetaHumans/Seneca/FemaleHair/GroomBinding/Peachfuzz_M_Thin_Binding.uexp" 1365
"../../../Engine/Content/EngineMaterials/Good64x64TilingNoiseHighFreq.uasset" 1366
"../../../Engine/Content/EngineMaterials/Good64x64TilingNoiseHighFreq.uexp" 1367
"../../../Engine/Content/Functions/Engine_MaterialFunctions02/Texturing/ScreenAlignedPixelToPixelUVs.uasset" 1368
"../../../Engine/Content/Functions/Engine_MaterialFunctions02/Texturing/ScreenAlignedPixelToPixelUVs.uexp" 1369
"../../../Engine/Content/Functions/Engine_MaterialFunctions02/Utility/DitherTemporalAA.uasset" 1370
"../../../Engine/Content/Functions/Engine_MaterialFunctions02/Utility/DitherTemporalAA.uexp" 1371
"../../../Engine/Content/Functions/Engine_MaterialFunctions02/Math/Pi.uasset" 1372
"../../../Engine/Content/Functions/Engine_MaterialFunctions02/Math/Pi.uexp" 1373
"D:/UE5_Project/TombEvader/Content/MetaHumans/Common/Textures/T_Black_Linear.uasset" 1374
"D:/UE5_Project/TombEvader/Content/MetaHumans/Common/Textures/T_Black_Linear.uexp" 1375
"../../../Engine/Content/Functions/Engine_MaterialFunctions01/Coordinates/WorldUnitsInPixel.uasset" 1376
"../../../Engine/Content/Functions/Engine_MaterialFunctions01/Coordinates/WorldUnitsInPixel.uexp" 1377
"D:/UE5_Project/TombEvader/Content/MetaHumans/Common/Materials/Textures/TilingNoise05.ubulk" 1378
"D:/UE5_Project/TombEvader/Content/MetaHumans/Common/Materials/Textures/TilingNoise05.uasset" 1379
"D:/UE5_Project/TombEvader/Content/MetaHumans/Common/Materials/Textures/TilingNoise05.uexp" 1380
"D:/UE5_Project/TombEvader/Content/MetaHumans/Common/Materials/MF_HairAnisotropic.uasset" 1381
"D:/UE5_Project/TombEvader/Content/MetaHumans/Common/Materials/MF_HairAnisotropic.uexp" 1382
"D:/UE5_Project/TombEvader/Content/MetaHumans/Common/Materials/M_hair_v4.uasset" 1383
"D:/UE5_Project/TombEvader/Content/MetaHumans/Common/Materials/M_hair_v4.uexp" 1384
"D:/UE5_Project/TombEvader/Content/MetaHumans/Common/Materials/MI_Hair.uasset" 1385
"D:/UE5_Project/TombEvader/Content/MetaHumans/Common/Materials/MI_Hair.uexp" 1386
"D:/UE5_Project/TombEvader/Content/MetaHumans/Common/Materials/MI_Hair_Helmet.uasset" 1387
"D:/UE5_Project/TombEvader/Content/MetaHumans/Common/Materials/MI_Hair_Helmet.uexp" 1388
"D:/UE5_Project/TombEvader/Content/MetaHumans/Common/Materials/M_Facial_Hair.uasset" 1389
"D:/UE5_Project/TombEvader/Content/MetaHumans/Common/Materials/M_Facial_Hair.uexp" 1390
"D:/UE5_Project/TombEvader/Content/MetaHumans/Common/Materials/MI_Facial_Hair.uasset" 1391
"D:/UE5_Project/TombEvader/Content/MetaHumans/Common/Materials/MI_Facial_Hair.uexp" 1392
"D:/UE5_Project/TombEvader/Content/MetaHumans/Seneca/MaleHair/Helmets/Beard_S_Full_Helmet_LOD7.ubulk" 1393
"D:/UE5_Project/TombEvader/Content/MetaHumans/Seneca/MaleHair/Helmets/Beard_S_Full_Helmet_LOD7.uasset" 1394
"D:/UE5_Project/TombEvader/Content/MetaHumans/Seneca/MaleHair/Helmets/Beard_S_Full_Helmet_LOD7.uexp" 1395
"D:/UE5_Project/TombEvader/Content/MetaHumans/Seneca/MaleHair/Helmets/Beard_S_Full_Helmet_LOD6.ubulk" 1396
"D:/UE5_Project/TombEvader/Content/MetaHumans/Seneca/MaleHair/Helmets/Beard_S_Full_Helmet_LOD6.uasset" 1397
"D:/UE5_Project/TombEvader/Content/MetaHumans/Seneca/MaleHair/Helmets/Beard_S_Full_Helmet_LOD6.uexp" 1398
"D:/UE5_Project/TombEvader/Content/MetaHumans/Seneca/MaleHair/Helmets/Beard_S_Full_Helmet_LOD5.ubulk" 1399
"D:/UE5_Project/TombEvader/Content/MetaHumans/Seneca/MaleHair/Helmets/Beard_S_Full_Helmet_LOD5.uasset" 1400
"D:/UE5_Project/TombEvader/Content/MetaHumans/Seneca/MaleHair/Helmets/Beard_S_Full_Helmet_LOD5.uexp" 1401
"D:/UE5_Project/TombEvader/Content/MetaHumans/Seneca/MaleHair/Hair/Beard_S_Full_CardsMesh_Group0_LOD4.ubulk" 1402
"D:/UE5_Project/TombEvader/Content/MetaHumans/Seneca/MaleHair/Hair/Beard_S_Full_CardsMesh_Group0_LOD4.uasset" 1403
"D:/UE5_Project/TombEvader/Content/MetaHumans/Seneca/MaleHair/Hair/Beard_S_Full_CardsMesh_Group0_LOD4.uexp" 1404
"D:/UE5_Project/TombEvader/Content/MetaHumans/Seneca/MaleHair/Hair/Beard_S_Full_CardsMesh_Group0_LOD3.ubulk" 1405
"D:/UE5_Project/TombEvader/Content/MetaHumans/Seneca/MaleHair/Hair/Beard_S_Full_CardsMesh_Group0_LOD3.uasset" 1406
"D:/UE5_Project/TombEvader/Content/MetaHumans/Seneca/MaleHair/Hair/Beard_S_Full_CardsMesh_Group0_LOD3.uexp" 1407
"D:/UE5_Project/TombEvader/Content/MetaHumans/Seneca/MaleHair/Hair/Beard_S_Full_CardsMesh_Group0_LOD2.ubulk" 1408
"D:/UE5_Project/TombEvader/Content/MetaHumans/Seneca/MaleHair/Hair/Beard_S_Full_CardsMesh_Group0_LOD2.uasset" 1409
"D:/UE5_Project/TombEvader/Content/MetaHumans/Seneca/MaleHair/Hair/Beard_S_Full_CardsMesh_Group0_LOD2.uexp" 1410
"D:/UE5_Project/TombEvader/Content/MetaHumans/Seneca/MaleHair/Hair/Beard_S_Full_CardsMesh_Group0_LOD1.ubulk" 1411
"D:/UE5_Project/TombEvader/Content/MetaHumans/Seneca/MaleHair/Hair/Beard_S_Full_CardsMesh_Group0_LOD1.uasset" 1412
"D:/UE5_Project/TombEvader/Content/MetaHumans/Seneca/MaleHair/Hair/Beard_S_Full_CardsMesh_Group0_LOD1.uexp" 1413
"D:/UE5_Project/TombEvader/Content/MetaHumans/Seneca/MaleHair/Hair/Beard_S_Full_CardsMesh_Group0_LOD0.ubulk" 1414
"D:/UE5_Project/TombEvader/Content/MetaHumans/Seneca/MaleHair/Hair/Beard_S_Full_CardsMesh_Group0_LOD0.uasset" 1415
"D:/UE5_Project/TombEvader/Content/MetaHumans/Seneca/MaleHair/Hair/Beard_S_Full_CardsMesh_Group0_LOD0.uexp" 1416
"D:/UE5_Project/TombEvader/Content/MetaHumans/Common/MaleHair/Textures/Beard_S_Full_CardsAtlas_Attribute.ubulk" 1417
"D:/UE5_Project/TombEvader/Content/MetaHumans/Common/MaleHair/Textures/Beard_S_Full_CardsAtlas_Attribute.uasset" 1418
"D:/UE5_Project/TombEvader/Content/MetaHumans/Common/MaleHair/Textures/Beard_S_Full_CardsAtlas_Attribute.uexp" 1419
"D:/UE5_Project/TombEvader/Content/MetaHumans/Common/MaleHair/Textures/Beard_S_Full_CardsAtlas_Tangent.ubulk" 1420
"D:/UE5_Project/TombEvader/Content/MetaHumans/Common/MaleHair/Textures/Beard_S_Full_CardsAtlas_Tangent.uasset" 1421
"D:/UE5_Project/TombEvader/Content/MetaHumans/Common/MaleHair/Textures/Beard_S_Full_CardsAtlas_Tangent.uexp" 1422
"D:/UE5_Project/TombEvader/Content/MetaHumans/Common/MaleHair/Textures/Helmets/Beard_S_Full_ColorXYDepthGroupID.ubulk" 1423
"D:/UE5_Project/TombEvader/Content/MetaHumans/Common/MaleHair/Textures/Helmets/Beard_S_Full_ColorXYDepthGroupID.uasset" 1424
"D:/UE5_Project/TombEvader/Content/MetaHumans/Common/MaleHair/Textures/Helmets/Beard_S_Full_ColorXYDepthGroupID.uexp" 1425
"D:/UE5_Project/TombEvader/Content/MetaHumans/Common/MaleHair/Textures/Helmets/Beard_S_Full_RootUVSeedCoverage.ubulk" 1426
"D:/UE5_Project/TombEvader/Content/MetaHumans/Common/MaleHair/Textures/Helmets/Beard_S_Full_RootUVSeedCoverage.uasset" 1427
"D:/UE5_Project/TombEvader/Content/MetaHumans/Common/MaleHair/Textures/Helmets/Beard_S_Full_RootUVSeedCoverage.uexp" 1428
"D:/UE5_Project/TombEvader/Content/MetaHumans/Common/MaleHair/Textures/Helmets/Beard_S_Full_TangentCoordU.ubulk" 1429
"D:/UE5_Project/TombEvader/Content/MetaHumans/Common/MaleHair/Textures/Helmets/Beard_S_Full_TangentCoordU.uasset" 1430
"D:/UE5_Project/TombEvader/Content/MetaHumans/Common/MaleHair/Textures/Helmets/Beard_S_Full_TangentCoordU.uexp" 1431
"D:/UE5_Project/TombEvader/Content/MetaHumans/Seneca/MaleHair/Hair/Beard_S_Full.ubulk" 1432
"D:/UE5_Project/TombEvader/Content/MetaHumans/Seneca/MaleHair/Hair/Beard_S_Full.uasset" 1433
"D:/UE5_Project/TombEvader/Content/MetaHumans/Seneca/MaleHair/Hair/Beard_S_Full.uexp" 1434
"D:/UE5_Project/TombEvader/Content/MetaHumans/Seneca/MaleHair/GroomBinding/Beard_S_Full_Binding.ubulk" 1435
"D:/UE5_Project/TombEvader/Content/MetaHumans/Seneca/MaleHair/GroomBinding/Beard_S_Full_Binding.uasset" 1436
"D:/UE5_Project/TombEvader/Content/MetaHumans/Seneca/MaleHair/GroomBinding/Beard_S_Full_Binding.uexp" 1437
"D:/UE5_Project/TombEvader/Content/MetaHumans/Seneca/MaleHair/Hair/Eyebrows_M_Full_CardsMesh_Group0_LOD4.ubulk" 1438
"D:/UE5_Project/TombEvader/Content/MetaHumans/Seneca/MaleHair/Hair/Eyebrows_M_Full_CardsMesh_Group0_LOD4.uasset" 1439
"D:/UE5_Project/TombEvader/Content/MetaHumans/Seneca/MaleHair/Hair/Eyebrows_M_Full_CardsMesh_Group0_LOD4.uexp" 1440
"D:/UE5_Project/TombEvader/Content/MetaHumans/Seneca/MaleHair/Hair/Eyebrows_M_Full_CardsMesh_Group0_LOD3.ubulk" 1441
"D:/UE5_Project/TombEvader/Content/MetaHumans/Seneca/MaleHair/Hair/Eyebrows_M_Full_CardsMesh_Group0_LOD3.uasset" 1442
"D:/UE5_Project/TombEvader/Content/MetaHumans/Seneca/MaleHair/Hair/Eyebrows_M_Full_CardsMesh_Group0_LOD3.uexp" 1443
"D:/UE5_Project/TombEvader/Content/MetaHumans/Seneca/MaleHair/Hair/Eyebrows_M_Full_CardsMesh_Group0_LOD2.ubulk" 1444
"D:/UE5_Project/TombEvader/Content/MetaHumans/Seneca/MaleHair/Hair/Eyebrows_M_Full_CardsMesh_Group0_LOD2.uasset" 1445
"D:/UE5_Project/TombEvader/Content/MetaHumans/Seneca/MaleHair/Hair/Eyebrows_M_Full_CardsMesh_Group0_LOD2.uexp" 1446
"D:/UE5_Project/TombEvader/Content/MetaHumans/Seneca/MaleHair/Hair/Eyebrows_M_Full_CardsMesh_Group0_LOD1.ubulk" 1447
"D:/UE5_Project/TombEvader/Content/MetaHumans/Seneca/MaleHair/Hair/Eyebrows_M_Full_CardsMesh_Group0_LOD1.uasset" 1448
"D:/UE5_Project/TombEvader/Content/MetaHumans/Seneca/MaleHair/Hair/Eyebrows_M_Full_CardsMesh_Group0_LOD1.uexp" 1449
"D:/UE5_Project/TombEvader/Content/MetaHumans/Seneca/MaleHair/Hair/Eyebrows_M_Full_CardsMesh_Group0_LOD0.ubulk" 1450
"D:/UE5_Project/TombEvader/Content/MetaHumans/Seneca/MaleHair/Hair/Eyebrows_M_Full_CardsMesh_Group0_LOD0.uasset" 1451
"D:/UE5_Project/TombEvader/Content/MetaHumans/Seneca/MaleHair/Hair/Eyebrows_M_Full_CardsMesh_Group0_LOD0.uexp" 1452
"D:/UE5_Project/TombEvader/Content/MetaHumans/Common/MaleHair/Textures/Eyebrows_M_Full_CardsAtlas_Attribute.ubulk" 1453
"D:/UE5_Project/TombEvader/Content/MetaHumans/Common/MaleHair/Textures/Eyebrows_M_Full_CardsAtlas_Attribute.uasset" 1454
"D:/UE5_Project/TombEvader/Content/MetaHumans/Common/MaleHair/Textures/Eyebrows_M_Full_CardsAtlas_Attribute.uexp" 1455
"D:/UE5_Project/TombEvader/Content/MetaHumans/Common/MaleHair/Textures/Eyebrows_M_Full_CardsAtlas_Tangent.ubulk" 1456
"D:/UE5_Project/TombEvader/Content/MetaHumans/Common/MaleHair/Textures/Eyebrows_M_Full_CardsAtlas_Tangent.uasset" 1457
"D:/UE5_Project/TombEvader/Content/MetaHumans/Common/MaleHair/Textures/Eyebrows_M_Full_CardsAtlas_Tangent.uexp" 1458
"D:/UE5_Project/TombEvader/Content/MetaHumans/Seneca/MaleHair/Hair/Eyebrows_M_Full.ubulk" 1459
"D:/UE5_Project/TombEvader/Content/MetaHumans/Seneca/MaleHair/Hair/Eyebrows_M_Full.uasset" 1460
"D:/UE5_Project/TombEvader/Content/MetaHumans/Seneca/MaleHair/Hair/Eyebrows_M_Full.uexp" 1461
"D:/UE5_Project/TombEvader/Content/MetaHumans/Seneca/MaleHair/GroomBinding/Eyebrows_M_Full_Binding.ubulk" 1462
"D:/UE5_Project/TombEvader/Content/MetaHumans/Seneca/MaleHair/GroomBinding/Eyebrows_M_Full_Binding.uasset" 1463
"D:/UE5_Project/TombEvader/Content/MetaHumans/Seneca/MaleHair/GroomBinding/Eyebrows_M_Full_Binding.uexp" 1464
"D:/UE5_Project/TombEvader/Content/MetaHumans/Seneca/MaleHair/Hair/Eyelashes_S_Sparse.ubulk" 1465
"D:/UE5_Project/TombEvader/Content/MetaHumans/Seneca/MaleHair/Hair/Eyelashes_S_Sparse.uasset" 1466
"D:/UE5_Project/TombEvader/Content/MetaHumans/Seneca/MaleHair/Hair/Eyelashes_S_Sparse.uexp" 1467
"D:/UE5_Project/TombEvader/Content/MetaHumans/Seneca/MaleHair/GroomBinding/Eyelashes_S_Sparse_Binding.ubulk" 1468
"D:/UE5_Project/TombEvader/Content/MetaHumans/Seneca/MaleHair/GroomBinding/Eyelashes_S_Sparse_Binding.uasset" 1469
"D:/UE5_Project/TombEvader/Content/MetaHumans/Seneca/MaleHair/GroomBinding/Eyelashes_S_Sparse_Binding.uexp" 1470
"D:/UE5_Project/TombEvader/Content/MetaHumans/Common/Materials/MI_Hair_Cards.uasset" 1471
"D:/UE5_Project/TombEvader/Content/MetaHumans/Common/Materials/MI_Hair_Cards.uexp" 1472
"D:/UE5_Project/TombEvader/Content/MetaHumans/Seneca/MaleHair/Helmets/Hair_M_Layered_Helmet_LOD7.ubulk" 1473
"D:/UE5_Project/TombEvader/Content/MetaHumans/Seneca/MaleHair/Helmets/Hair_M_Layered_Helmet_LOD7.uasset" 1474
"D:/UE5_Project/TombEvader/Content/MetaHumans/Seneca/MaleHair/Helmets/Hair_M_Layered_Helmet_LOD7.uexp" 1475
"D:/UE5_Project/TombEvader/Content/MetaHumans/Seneca/MaleHair/Helmets/Hair_M_Layered_Helmet_LOD6.ubulk" 1476
"D:/UE5_Project/TombEvader/Content/MetaHumans/Seneca/MaleHair/Helmets/Hair_M_Layered_Helmet_LOD6.uasset" 1477
"D:/UE5_Project/TombEvader/Content/MetaHumans/Seneca/MaleHair/Helmets/Hair_M_Layered_Helmet_LOD6.uexp" 1478
"D:/UE5_Project/TombEvader/Content/MetaHumans/Seneca/MaleHair/Helmets/Hair_M_Layered_Helmet_LOD5.ubulk" 1479
"D:/UE5_Project/TombEvader/Content/MetaHumans/Seneca/MaleHair/Helmets/Hair_M_Layered_Helmet_LOD5.uasset" 1480
"D:/UE5_Project/TombEvader/Content/MetaHumans/Seneca/MaleHair/Helmets/Hair_M_Layered_Helmet_LOD5.uexp" 1481
"D:/UE5_Project/TombEvader/Content/MetaHumans/Seneca/MaleHair/Hair/Hair_M_Layered_CardsMesh_Group0_LOD4.ubulk" 1482
"D:/UE5_Project/TombEvader/Content/MetaHumans/Seneca/MaleHair/Hair/Hair_M_Layered_CardsMesh_Group0_LOD4.uasset" 1483
"D:/UE5_Project/TombEvader/Content/MetaHumans/Seneca/MaleHair/Hair/Hair_M_Layered_CardsMesh_Group0_LOD4.uexp" 1484
"D:/UE5_Project/TombEvader/Content/MetaHumans/Seneca/MaleHair/Hair/Hair_M_Layered_CardsMesh_Group0_LOD3.ubulk" 1485
"D:/UE5_Project/TombEvader/Content/MetaHumans/Seneca/MaleHair/Hair/Hair_M_Layered_CardsMesh_Group0_LOD3.uasset" 1486
"D:/UE5_Project/TombEvader/Content/MetaHumans/Seneca/MaleHair/Hair/Hair_M_Layered_CardsMesh_Group0_LOD3.uexp" 1487
"D:/UE5_Project/TombEvader/Content/MetaHumans/Seneca/MaleHair/Hair/Hair_M_Layered_CardsMesh_Group0_LOD2.ubulk" 1488
"D:/UE5_Project/TombEvader/Content/MetaHumans/Seneca/MaleHair/Hair/Hair_M_Layered_CardsMesh_Group0_LOD2.uasset" 1489
"D:/UE5_Project/TombEvader/Content/MetaHumans/Seneca/MaleHair/Hair/Hair_M_Layered_CardsMesh_Group0_LOD2.uexp" 1490
"D:/UE5_Project/TombEvader/Content/MetaHumans/Seneca/MaleHair/Hair/Hair_M_Layered_CardsMesh_Group0_LOD1.ubulk" 1491
"D:/UE5_Project/TombEvader/Content/MetaHumans/Seneca/MaleHair/Hair/Hair_M_Layered_CardsMesh_Group0_LOD1.uasset" 1492
"D:/UE5_Project/TombEvader/Content/MetaHumans/Seneca/MaleHair/Hair/Hair_M_Layered_CardsMesh_Group0_LOD1.uexp" 1493
"D:/UE5_Project/TombEvader/Content/MetaHumans/Seneca/MaleHair/Hair/Hair_M_Layered_CardsMesh_Group0_LOD0.ubulk" 1494
"D:/UE5_Project/TombEvader/Content/MetaHumans/Seneca/MaleHair/Hair/Hair_M_Layered_CardsMesh_Group0_LOD0.uasset" 1495
"D:/UE5_Project/TombEvader/Content/MetaHumans/Seneca/MaleHair/Hair/Hair_M_Layered_CardsMesh_Group0_LOD0.uexp" 1496
"D:/UE5_Project/TombEvader/Content/MetaHumans/Common/MaleHair/Textures/Hair_M_Layered_CardsAtlas_Attribute.ubulk" 1497
"D:/UE5_Project/TombEvader/Content/MetaHumans/Common/MaleHair/Textures/Hair_M_Layered_CardsAtlas_Attribute.uasset" 1498
"D:/UE5_Project/TombEvader/Content/MetaHumans/Common/MaleHair/Textures/Hair_M_Layered_CardsAtlas_Attribute.uexp" 1499
"D:/UE5_Project/TombEvader/Content/MetaHumans/Common/MaleHair/Textures/Hair_M_Layered_CardsAtlas_Tangent.ubulk" 1500
"D:/UE5_Project/TombEvader/Content/MetaHumans/Common/MaleHair/Textures/Hair_M_Layered_CardsAtlas_Tangent.uasset" 1501
"D:/UE5_Project/TombEvader/Content/MetaHumans/Common/MaleHair/Textures/Hair_M_Layered_CardsAtlas_Tangent.uexp" 1502
"D:/UE5_Project/TombEvader/Content/MetaHumans/Common/MaleHair/Textures/Helmets/Hair_M_Layered_ColorXYDepthGroupID.ubulk" 1503
"D:/UE5_Project/TombEvader/Content/MetaHumans/Common/MaleHair/Textures/Helmets/Hair_M_Layered_ColorXYDepthGroupID.uasset" 1504
"D:/UE5_Project/TombEvader/Content/MetaHumans/Common/MaleHair/Textures/Helmets/Hair_M_Layered_ColorXYDepthGroupID.uexp" 1505
"D:/UE5_Project/TombEvader/Content/MetaHumans/Common/MaleHair/Textures/Helmets/Hair_M_Layered_RooUVSeedCoverage.ubulk" 1506
"D:/UE5_Project/TombEvader/Content/MetaHumans/Common/MaleHair/Textures/Helmets/Hair_M_Layered_RooUVSeedCoverage.uasset" 1507
"D:/UE5_Project/TombEvader/Content/MetaHumans/Common/MaleHair/Textures/Helmets/Hair_M_Layered_RooUVSeedCoverage.uexp" 1508
"D:/UE5_Project/TombEvader/Content/MetaHumans/Common/MaleHair/Textures/Helmets/Hair_M_Layered_TangentCoordU.ubulk" 1509
"D:/UE5_Project/TombEvader/Content/MetaHumans/Common/MaleHair/Textures/Helmets/Hair_M_Layered_TangentCoordU.uasset" 1510
"D:/UE5_Project/TombEvader/Content/MetaHumans/Common/MaleHair/Textures/Helmets/Hair_M_Layered_TangentCoordU.uexp" 1511
"D:/UE5_Project/TombEvader/Content/MetaHumans/Seneca/MaleHair/Hair/Hair_M_Layered.ubulk" 1512
"D:/UE5_Project/TombEvader/Content/MetaHumans/Seneca/MaleHair/Hair/Hair_M_Layered.uasset" 1513
"D:/UE5_Project/TombEvader/Content/MetaHumans/Seneca/MaleHair/Hair/Hair_M_Layered.uexp" 1514
"D:/UE5_Project/TombEvader/Content/MetaHumans/Seneca/MaleHair/GroomBinding/Hair_M_Layered_Binding.ubulk" 1515
"D:/UE5_Project/TombEvader/Content/MetaHumans/Seneca/MaleHair/GroomBinding/Hair_M_Layered_Binding.uasset" 1516
"D:/UE5_Project/TombEvader/Content/MetaHumans/Seneca/MaleHair/GroomBinding/Hair_M_Layered_Binding.uexp" 1517
"D:/UE5_Project/TombEvader/Content/MetaHumans/Seneca/MaleHair/Helmets/Mustache_S_Full_Helmet_LOD7.ubulk" 1518
"D:/UE5_Project/TombEvader/Content/MetaHumans/Seneca/MaleHair/Helmets/Mustache_S_Full_Helmet_LOD7.uasset" 1519
"D:/UE5_Project/TombEvader/Content/MetaHumans/Seneca/MaleHair/Helmets/Mustache_S_Full_Helmet_LOD7.uexp" 1520
"D:/UE5_Project/TombEvader/Content/MetaHumans/Seneca/MaleHair/Helmets/Mustache_S_Full_Helmet_LOD6.ubulk" 1521
"D:/UE5_Project/TombEvader/Content/MetaHumans/Seneca/MaleHair/Helmets/Mustache_S_Full_Helmet_LOD6.uasset" 1522
"D:/UE5_Project/TombEvader/Content/MetaHumans/Seneca/MaleHair/Helmets/Mustache_S_Full_Helmet_LOD6.uexp" 1523
"D:/UE5_Project/TombEvader/Content/MetaHumans/Seneca/MaleHair/Helmets/Mustache_S_Full_Helmet_LOD5.ubulk" 1524
"D:/UE5_Project/TombEvader/Content/MetaHumans/Seneca/MaleHair/Helmets/Mustache_S_Full_Helmet_LOD5.uasset" 1525
"D:/UE5_Project/TombEvader/Content/MetaHumans/Seneca/MaleHair/Helmets/Mustache_S_Full_Helmet_LOD5.uexp" 1526
"D:/UE5_Project/TombEvader/Content/MetaHumans/Seneca/MaleHair/Hair/Mustache_S_Full_CardsMesh_Group0_LOD4.ubulk" 1527
"D:/UE5_Project/TombEvader/Content/MetaHumans/Seneca/MaleHair/Hair/Mustache_S_Full_CardsMesh_Group0_LOD4.uasset" 1528
"D:/UE5_Project/TombEvader/Content/MetaHumans/Seneca/MaleHair/Hair/Mustache_S_Full_CardsMesh_Group0_LOD4.uexp" 1529
"D:/UE5_Project/TombEvader/Content/MetaHumans/Seneca/MaleHair/Hair/Mustache_S_Full_CardsMesh_Group0_LOD3.ubulk" 1530
"D:/UE5_Project/TombEvader/Content/MetaHumans/Seneca/MaleHair/Hair/Mustache_S_Full_CardsMesh_Group0_LOD3.uasset" 1531
"D:/UE5_Project/TombEvader/Content/MetaHumans/Seneca/MaleHair/Hair/Mustache_S_Full_CardsMesh_Group0_LOD3.uexp" 1532
"D:/UE5_Project/TombEvader/Content/MetaHumans/Seneca/MaleHair/Hair/Mustache_S_Full_CardsMesh_Group0_LOD2.ubulk" 1533
"D:/UE5_Project/TombEvader/Content/MetaHumans/Seneca/MaleHair/Hair/Mustache_S_Full_CardsMesh_Group0_LOD2.uasset" 1534
"D:/UE5_Project/TombEvader/Content/MetaHumans/Seneca/MaleHair/Hair/Mustache_S_Full_CardsMesh_Group0_LOD2.uexp" 1535
"D:/UE5_Project/TombEvader/Content/MetaHumans/Seneca/MaleHair/Hair/Mustache_S_Full_CardsMesh_Group0_LOD1.ubulk" 1536
"D:/UE5_Project/TombEvader/Content/MetaHumans/Seneca/MaleHair/Hair/Mustache_S_Full_CardsMesh_Group0_LOD1.uasset" 1537
"D:/UE5_Project/TombEvader/Content/MetaHumans/Seneca/MaleHair/Hair/Mustache_S_Full_CardsMesh_Group0_LOD1.uexp" 1538
"D:/UE5_Project/TombEvader/Content/MetaHumans/Seneca/MaleHair/Hair/Mustache_S_Full_CardsMesh_Group0_LOD0.ubulk" 1539
"D:/UE5_Project/TombEvader/Content/MetaHumans/Seneca/MaleHair/Hair/Mustache_S_Full_CardsMesh_Group0_LOD0.uasset" 1540
"D:/UE5_Project/TombEvader/Content/MetaHumans/Seneca/MaleHair/Hair/Mustache_S_Full_CardsMesh_Group0_LOD0.uexp" 1541
"D:/UE5_Project/TombEvader/Content/MetaHumans/Common/MaleHair/Textures/Helmets/Mustache_S_Full_ColorXYDepthGroupID1.ubulk" 1542
"D:/UE5_Project/TombEvader/Content/MetaHumans/Common/MaleHair/Textures/Helmets/Mustache_S_Full_ColorXYDepthGroupID1.uasset" 1543
"D:/UE5_Project/TombEvader/Content/MetaHumans/Common/MaleHair/Textures/Helmets/Mustache_S_Full_ColorXYDepthGroupID1.uexp" 1544
"D:/UE5_Project/TombEvader/Content/MetaHumans/Common/MaleHair/Textures/Helmets/Mustache_S_Full_RooUVSeedCoverage.ubulk" 1545
"D:/UE5_Project/TombEvader/Content/MetaHumans/Common/MaleHair/Textures/Helmets/Mustache_S_Full_RooUVSeedCoverage.uasset" 1546
"D:/UE5_Project/TombEvader/Content/MetaHumans/Common/MaleHair/Textures/Helmets/Mustache_S_Full_RooUVSeedCoverage.uexp" 1547
"D:/UE5_Project/TombEvader/Content/MetaHumans/Common/MaleHair/Textures/Helmets/Mustache_S_Full_TangentCoordU.ubulk" 1548
"D:/UE5_Project/TombEvader/Content/MetaHumans/Common/MaleHair/Textures/Helmets/Mustache_S_Full_TangentCoordU.uasset" 1549
"D:/UE5_Project/TombEvader/Content/MetaHumans/Common/MaleHair/Textures/Helmets/Mustache_S_Full_TangentCoordU.uexp" 1550
"D:/UE5_Project/TombEvader/Content/MetaHumans/Common/MaleHair/Textures/Mustache_S_Full_CardsAtlas_Attribute.ubulk" 1551
"D:/UE5_Project/TombEvader/Content/MetaHumans/Common/MaleHair/Textures/Mustache_S_Full_CardsAtlas_Attribute.uasset" 1552
"D:/UE5_Project/TombEvader/Content/MetaHumans/Common/MaleHair/Textures/Mustache_S_Full_CardsAtlas_Attribute.uexp" 1553
"D:/UE5_Project/TombEvader/Content/MetaHumans/Common/MaleHair/Textures/Mustache_S_Full_CardsAtlas_Tangent.ubulk" 1554
"D:/UE5_Project/TombEvader/Content/MetaHumans/Common/MaleHair/Textures/Mustache_S_Full_CardsAtlas_Tangent.uasset" 1555
"D:/UE5_Project/TombEvader/Content/MetaHumans/Common/MaleHair/Textures/Mustache_S_Full_CardsAtlas_Tangent.uexp" 1556
"D:/UE5_Project/TombEvader/Content/MetaHumans/Seneca/MaleHair/Hair/Mustache_S_Full.ubulk" 1557
"D:/UE5_Project/TombEvader/Content/MetaHumans/Seneca/MaleHair/Hair/Mustache_S_Full.uasset" 1558
"D:/UE5_Project/TombEvader/Content/MetaHumans/Seneca/MaleHair/Hair/Mustache_S_Full.uexp" 1559
"D:/UE5_Project/TombEvader/Content/MetaHumans/Seneca/MaleHair/GroomBinding/Mustache_S_Full_Binding.ubulk" 1560
"D:/UE5_Project/TombEvader/Content/MetaHumans/Seneca/MaleHair/GroomBinding/Mustache_S_Full_Binding.uasset" 1561
"D:/UE5_Project/TombEvader/Content/MetaHumans/Seneca/MaleHair/GroomBinding/Mustache_S_Full_Binding.uexp" 1562
"D:/UE5_Project/TombEvader/Content/MetaHumans/Seneca/Materials/Cargopants/M_btm_cargopants.uasset" 1563
"D:/UE5_Project/TombEvader/Content/MetaHumans/Seneca/Materials/Cargopants/M_btm_cargopants.uexp" 1564
"D:/UE5_Project/TombEvader/Content/MetaHumans/Seneca/Materials/Flats/M_shs_flats.uasset" 1565
"D:/UE5_Project/TombEvader/Content/MetaHumans/Seneca/Materials/Flats/M_shs_flats.uexp" 1566
"D:/UE5_Project/TombEvader/Content/MetaHumans/Seneca/Materials/Hoodie/M_top_hoodie.uasset" 1567
"D:/UE5_Project/TombEvader/Content/MetaHumans/Seneca/Materials/Hoodie/M_top_hoodie.uexp" 1568
"D:/UE5_Project/TombEvader/Content/MetaHumans/Seneca/Materials/MI_Facial_Hair.uasset" 1569
"D:/UE5_Project/TombEvader/Content/MetaHumans/Seneca/Materials/MI_Facial_Hair.uexp" 1570
"D:/UE5_Project/TombEvader/Content/MetaHumans/Seneca/Materials/MI_Facial_Hair1.uasset" 1571
"D:/UE5_Project/TombEvader/Content/MetaHumans/Seneca/Materials/MI_Facial_Hair1.uexp" 1572
"D:/UE5_Project/TombEvader/Content/MetaHumans/Seneca/Materials/MI_Facial_Hair2.uasset" 1573
"D:/UE5_Project/TombEvader/Content/MetaHumans/Seneca/Materials/MI_Facial_Hair2.uexp" 1574
"D:/UE5_Project/TombEvader/Content/MetaHumans/Seneca/Materials/MI_Hair.uasset" 1575
"D:/UE5_Project/TombEvader/Content/MetaHumans/Seneca/Materials/MI_Hair.uexp" 1576
"D:/UE5_Project/TombEvader/Content/MetaHumans/Seneca/Materials/MI_Hair1.uasset" 1577
"D:/UE5_Project/TombEvader/Content/MetaHumans/Seneca/Materials/MI_Hair1.uexp" 1578
"D:/UE5_Project/TombEvader/Content/MetaHumans/Seneca/Materials/MI_Hair2.uasset" 1579
"D:/UE5_Project/TombEvader/Content/MetaHumans/Seneca/Materials/MI_Hair2.uexp" 1580
"D:/UE5_Project/TombEvader/Content/MetaHumans/Seneca/Materials/MI_Hair3.uasset" 1581
"D:/UE5_Project/TombEvader/Content/MetaHumans/Seneca/Materials/MI_Hair3.uexp" 1582
"D:/UE5_Project/TombEvader/Content/MetaHumans/Seneca/Materials/MI_Hair4.uasset" 1583
"D:/UE5_Project/TombEvader/Content/MetaHumans/Seneca/Materials/MI_Hair4.uexp" 1584
"D:/UE5_Project/TombEvader/Content/MetaHumans/Seneca/Materials/MI_Hair_Cards.uasset" 1585
"D:/UE5_Project/TombEvader/Content/MetaHumans/Seneca/Materials/MI_Hair_Cards.uexp" 1586
"D:/UE5_Project/TombEvader/Content/MetaHumans/Seneca/Materials/MI_Hair_Helmet.uasset" 1587
"D:/UE5_Project/TombEvader/Content/MetaHumans/Seneca/Materials/MI_Hair_Helmet.uexp" 1588
"D:/UE5_Project/TombEvader/Content/MetaHumans/Seneca/Materials/MI_Hair_Helmet1.uasset" 1589
"D:/UE5_Project/TombEvader/Content/MetaHumans/Seneca/Materials/MI_Hair_Helmet1.uexp" 1590
"D:/UE5_Project/TombEvader/Content/MetaHumans/Seneca/Materials/MI_Hair_Helmet2.uasset" 1591
"D:/UE5_Project/TombEvader/Content/MetaHumans/Seneca/Materials/MI_Hair_Helmet2.uexp" 1592
"D:/UE5_Project/TombEvader/Content/MetaHumans/Seneca/Materials/MI_PeachFuzz.uasset" 1593
"D:/UE5_Project/TombEvader/Content/MetaHumans/Seneca/Materials/MI_PeachFuzz.uexp" 1594
"../../../Engine/Content/MobileResources/HUD/VirtualJoystick_Thumb.uasset" 1595
"../../../Engine/Content/MobileResources/HUD/VirtualJoystick_Thumb.uexp" 1596
"../../../Engine/Content/MobileResources/HUD/VirtualJoystick_Background.uasset" 1597
"../../../Engine/Content/MobileResources/HUD/VirtualJoystick_Background.uexp" 1598
"D:/UE5_Project/TombEvader/Content/Input/Touch/UI_Thumbstick.uasset" 1599
"D:/UE5_Project/TombEvader/Content/Input/Touch/UI_Thumbstick.uexp" 1600
"D:/UE5_Project/TombEvader/Content/Input/Touch/BPI_TouchInterface.uasset" 1601
"D:/UE5_Project/TombEvader/Content/Input/Touch/BPI_TouchInterface.uexp" 1602
"D:/UE5_Project/TombEvader/Content/Input/Touch/UI_TouchSimple.uasset" 1603
"D:/UE5_Project/TombEvader/Content/Input/Touch/UI_TouchSimple.uexp" 1604
"D:/UE5_Project/TombEvader/Content/FirstPerson/Anims/CtrlRig_FPWarp.uasset" 1605
"D:/UE5_Project/TombEvader/Content/FirstPerson/Anims/CtrlRig_FPWarp.uexp" 1606
"D:/UE5_Project/TombEvader/Content/FirstPerson/Anims/ABP_FP_Copy.uasset" 1607
"D:/UE5_Project/TombEvader/Content/FirstPerson/Anims/ABP_FP_Copy.uexp" 1608
"D:/UE5_Project/TombEvader/Content/Characters/Mannequins/Rigs/CR_Mannequin_FootIK.uasset" 1609
"D:/UE5_Project/TombEvader/Content/Characters/Mannequins/Rigs/CR_Mannequin_FootIK.uexp" 1610
"D:/UE5_Project/TombEvader/Content/Characters/Mannequins/Anims/Unarmed/MM_Idle.uasset" 1611
"D:/UE5_Project/TombEvader/Content/Characters/Mannequins/Anims/Unarmed/MM_Idle.uexp" 1612
"../../../Engine/Plugins/Animation/ACLPlugin/Content/ACLAnimCurveCompressionSettings.uasset" 1613
"../../../Engine/Plugins/Animation/ACLPlugin/Content/ACLAnimCurveCompressionSettings.uexp" 1614
"D:/UE5_Project/TombEvader/Content/Sounds/Attenuations/SA_Footsteps.uasset" 1615
"D:/UE5_Project/TombEvader/Content/Sounds/Attenuations/SA_Footsteps.uexp" 1616
"D:/UE5_Project/TombEvader/Content/Fab/Essential_Foosteps_SK/WAV/Concrete/Footstep_Concrete_Boots_Jog_1.ubulk" 1617
"D:/UE5_Project/TombEvader/Content/Fab/Essential_Foosteps_SK/WAV/Concrete/Footstep_Concrete_Boots_Jog_1.uasset" 1618
"D:/UE5_Project/TombEvader/Content/Fab/Essential_Foosteps_SK/WAV/Concrete/Footstep_Concrete_Boots_Jog_1.uexp" 1619
"D:/UE5_Project/TombEvader/Content/Fab/Essential_Foosteps_SK/WAV/Concrete/Footstep_Concrete_Boots_Jog_2.ubulk" 1620
"D:/UE5_Project/TombEvader/Content/Fab/Essential_Foosteps_SK/WAV/Concrete/Footstep_Concrete_Boots_Jog_2.uasset" 1621
"D:/UE5_Project/TombEvader/Content/Fab/Essential_Foosteps_SK/WAV/Concrete/Footstep_Concrete_Boots_Jog_2.uexp" 1622
"D:/UE5_Project/TombEvader/Content/Fab/Essential_Foosteps_SK/WAV/Concrete/Footstep_Concrete_Boots_Jog_3.ubulk" 1623
"D:/UE5_Project/TombEvader/Content/Fab/Essential_Foosteps_SK/WAV/Concrete/Footstep_Concrete_Boots_Jog_3.uasset" 1624
"D:/UE5_Project/TombEvader/Content/Fab/Essential_Foosteps_SK/WAV/Concrete/Footstep_Concrete_Boots_Jog_3.uexp" 1625
"D:/UE5_Project/TombEvader/Content/Fab/Essential_Foosteps_SK/WAV/Concrete/Footstep_Concrete_Boots_Jog_4.ubulk" 1626
"D:/UE5_Project/TombEvader/Content/Fab/Essential_Foosteps_SK/WAV/Concrete/Footstep_Concrete_Boots_Jog_4.uasset" 1627
"D:/UE5_Project/TombEvader/Content/Fab/Essential_Foosteps_SK/WAV/Concrete/Footstep_Concrete_Boots_Jog_4.uexp" 1628
"D:/UE5_Project/TombEvader/Content/Fab/Essential_Foosteps_SK/WAV/Concrete/Footstep_Concrete_Boots_Jog_5.ubulk" 1629
"D:/UE5_Project/TombEvader/Content/Fab/Essential_Foosteps_SK/WAV/Concrete/Footstep_Concrete_Boots_Jog_5.uasset" 1630
"D:/UE5_Project/TombEvader/Content/Fab/Essential_Foosteps_SK/WAV/Concrete/Footstep_Concrete_Boots_Jog_5.uexp" 1631
"D:/UE5_Project/TombEvader/Content/Fab/Essential_Foosteps_SK/WAV/Concrete/Footstep_Concrete_Boots_Jog_6.ubulk" 1632
"D:/UE5_Project/TombEvader/Content/Fab/Essential_Foosteps_SK/WAV/Concrete/Footstep_Concrete_Boots_Jog_6.uasset" 1633
"D:/UE5_Project/TombEvader/Content/Fab/Essential_Foosteps_SK/WAV/Concrete/Footstep_Concrete_Boots_Jog_6.uexp" 1634
"D:/UE5_Project/TombEvader/Content/Fab/Essential_Foosteps_SK/WAV/Concrete/Footstep_Concrete_Boots_Jog_7.ubulk" 1635
"D:/UE5_Project/TombEvader/Content/Fab/Essential_Foosteps_SK/WAV/Concrete/Footstep_Concrete_Boots_Jog_7.uasset" 1636
"D:/UE5_Project/TombEvader/Content/Fab/Essential_Foosteps_SK/WAV/Concrete/Footstep_Concrete_Boots_Jog_7.uexp" 1637
"D:/UE5_Project/TombEvader/Content/Fab/Essential_Foosteps_SK/WAV/Concrete/Footstep_Concrete_Boots_Jog_8.ubulk" 1638
"D:/UE5_Project/TombEvader/Content/Fab/Essential_Foosteps_SK/WAV/Concrete/Footstep_Concrete_Boots_Jog_8.uasset" 1639
"D:/UE5_Project/TombEvader/Content/Fab/Essential_Foosteps_SK/WAV/Concrete/Footstep_Concrete_Boots_Jog_8.uexp" 1640
"D:/UE5_Project/TombEvader/Content/Sounds/Cues/SC_FootstepsConcrete.uasset" 1641
"D:/UE5_Project/TombEvader/Content/Sounds/Cues/SC_FootstepsConcrete.uexp" 1642
"D:/UE5_Project/TombEvader/Content/Fab/Essential_Foosteps_SK/WAV/Sand/Footstep_Sand_Boots_Run_1.ubulk" 1643
"D:/UE5_Project/TombEvader/Content/Fab/Essential_Foosteps_SK/WAV/Sand/Footstep_Sand_Boots_Run_1.uasset" 1644
"D:/UE5_Project/TombEvader/Content/Fab/Essential_Foosteps_SK/WAV/Sand/Footstep_Sand_Boots_Run_1.uexp" 1645
"D:/UE5_Project/TombEvader/Content/Fab/Essential_Foosteps_SK/WAV/Sand/Footstep_Sand_Boots_Run_2.ubulk" 1646
"D:/UE5_Project/TombEvader/Content/Fab/Essential_Foosteps_SK/WAV/Sand/Footstep_Sand_Boots_Run_2.uasset" 1647
"D:/UE5_Project/TombEvader/Content/Fab/Essential_Foosteps_SK/WAV/Sand/Footstep_Sand_Boots_Run_2.uexp" 1648
"D:/UE5_Project/TombEvader/Content/Fab/Essential_Foosteps_SK/WAV/Sand/Footstep_Sand_Boots_Run_3.ubulk" 1649
"D:/UE5_Project/TombEvader/Content/Fab/Essential_Foosteps_SK/WAV/Sand/Footstep_Sand_Boots_Run_3.uasset" 1650
"D:/UE5_Project/TombEvader/Content/Fab/Essential_Foosteps_SK/WAV/Sand/Footstep_Sand_Boots_Run_3.uexp" 1651
"D:/UE5_Project/TombEvader/Content/Fab/Essential_Foosteps_SK/WAV/Sand/Footstep_Sand_Boots_Run_4.ubulk" 1652
"D:/UE5_Project/TombEvader/Content/Fab/Essential_Foosteps_SK/WAV/Sand/Footstep_Sand_Boots_Run_4.uasset" 1653
"D:/UE5_Project/TombEvader/Content/Fab/Essential_Foosteps_SK/WAV/Sand/Footstep_Sand_Boots_Run_4.uexp" 1654
"D:/UE5_Project/TombEvader/Content/Fab/Essential_Foosteps_SK/WAV/Sand/Footstep_Sand_Boots_Run_5.ubulk" 1655
"D:/UE5_Project/TombEvader/Content/Fab/Essential_Foosteps_SK/WAV/Sand/Footstep_Sand_Boots_Run_5.uasset" 1656
"D:/UE5_Project/TombEvader/Content/Fab/Essential_Foosteps_SK/WAV/Sand/Footstep_Sand_Boots_Run_5.uexp" 1657
"D:/UE5_Project/TombEvader/Content/Fab/Essential_Foosteps_SK/WAV/Sand/Footstep_Sand_Boots_Run_6.ubulk" 1658
"D:/UE5_Project/TombEvader/Content/Fab/Essential_Foosteps_SK/WAV/Sand/Footstep_Sand_Boots_Run_6.uasset" 1659
"D:/UE5_Project/TombEvader/Content/Fab/Essential_Foosteps_SK/WAV/Sand/Footstep_Sand_Boots_Run_6.uexp" 1660
"D:/UE5_Project/TombEvader/Content/Fab/Essential_Foosteps_SK/WAV/Sand/Footstep_Sand_Boots_Run_7.ubulk" 1661
"D:/UE5_Project/TombEvader/Content/Fab/Essential_Foosteps_SK/WAV/Sand/Footstep_Sand_Boots_Run_7.uasset" 1662
"D:/UE5_Project/TombEvader/Content/Fab/Essential_Foosteps_SK/WAV/Sand/Footstep_Sand_Boots_Run_7.uexp" 1663
"D:/UE5_Project/TombEvader/Content/Fab/Essential_Foosteps_SK/WAV/Sand/Footstep_Sand_Boots_Run_8.ubulk" 1664
"D:/UE5_Project/TombEvader/Content/Fab/Essential_Foosteps_SK/WAV/Sand/Footstep_Sand_Boots_Run_8.uasset" 1665
"D:/UE5_Project/TombEvader/Content/Fab/Essential_Foosteps_SK/WAV/Sand/Footstep_Sand_Boots_Run_8.uexp" 1666
"D:/UE5_Project/TombEvader/Content/Sounds/Cues/SC_FootstepsSand.uasset" 1667
"D:/UE5_Project/TombEvader/Content/Sounds/Cues/SC_FootstepsSand.uexp" 1668
"D:/UE5_Project/TombEvader/Content/FirstPerson/AnimNotify/BP_FootstepNotify.uasset" 1669
"D:/UE5_Project/TombEvader/Content/FirstPerson/AnimNotify/BP_FootstepNotify.uexp" 1670
"D:/UE5_Project/TombEvader/Content/Characters/Mannequins/Anims/Unarmed/Walk/MF_Unarmed_Walk_Right.uasset" 1671
"D:/UE5_Project/TombEvader/Content/Characters/Mannequins/Anims/Unarmed/Walk/MF_Unarmed_Walk_Right.uexp" 1672
"D:/UE5_Project/TombEvader/Content/Characters/Mannequins/Anims/Unarmed/Walk/MF_Unarmed_Walk_Left.uasset" 1673
"D:/UE5_Project/TombEvader/Content/Characters/Mannequins/Anims/Unarmed/Walk/MF_Unarmed_Walk_Left.uexp" 1674
"D:/UE5_Project/TombEvader/Content/Characters/Mannequins/Anims/Unarmed/Jog/MF_Unarmed_Jog_Bwd.uasset" 1675
"D:/UE5_Project/TombEvader/Content/Characters/Mannequins/Anims/Unarmed/Jog/MF_Unarmed_Jog_Bwd.uexp" 1676
"../../../Engine/Content/Animation/DefaultRecorderBoneCompression.uasset" 1677
"../../../Engine/Content/Animation/DefaultRecorderBoneCompression.uexp" 1678
"D:/UE5_Project/TombEvader/Content/Characters/Mannequins/Anims/Unarmed/Jog/MF_Unarmed_Jog_Bwd_Left.uasset" 1679
"D:/UE5_Project/TombEvader/Content/Characters/Mannequins/Anims/Unarmed/Jog/MF_Unarmed_Jog_Bwd_Left.uexp" 1680
"D:/UE5_Project/TombEvader/Content/Characters/Mannequins/Anims/Unarmed/Jog/MF_Unarmed_Jog_Bwd_Right.uasset" 1681
"D:/UE5_Project/TombEvader/Content/Characters/Mannequins/Anims/Unarmed/Jog/MF_Unarmed_Jog_Bwd_Right.uexp" 1682
"D:/UE5_Project/TombEvader/Content/Characters/Mannequins/Anims/Unarmed/Jog/MF_Unarmed_Jog_Fwd.uasset" 1683
"D:/UE5_Project/TombEvader/Content/Characters/Mannequins/Anims/Unarmed/Jog/MF_Unarmed_Jog_Fwd.uexp" 1684
"D:/UE5_Project/TombEvader/Content/Characters/Mannequins/Anims/Unarmed/Jog/MF_Unarmed_Jog_Fwd_Left.uasset" 1685
"D:/UE5_Project/TombEvader/Content/Characters/Mannequins/Anims/Unarmed/Jog/MF_Unarmed_Jog_Fwd_Left.uexp" 1686
"D:/UE5_Project/TombEvader/Content/Characters/Mannequins/Anims/Unarmed/Jog/MF_Unarmed_Jog_Fwd_Right.uasset" 1687
"D:/UE5_Project/TombEvader/Content/Characters/Mannequins/Anims/Unarmed/Jog/MF_Unarmed_Jog_Fwd_Right.uexp" 1688
"D:/UE5_Project/TombEvader/Content/Characters/Mannequins/Anims/Unarmed/Jog/MF_Unarmed_Jog_Left.uasset" 1689
"D:/UE5_Project/TombEvader/Content/Characters/Mannequins/Anims/Unarmed/Jog/MF_Unarmed_Jog_Left.uexp" 1690
"D:/UE5_Project/TombEvader/Content/Characters/Mannequins/Anims/Unarmed/Jog/MF_Unarmed_Jog_Right.uasset" 1691
"D:/UE5_Project/TombEvader/Content/Characters/Mannequins/Anims/Unarmed/Jog/MF_Unarmed_Jog_Right.uexp" 1692
"D:/UE5_Project/TombEvader/Content/Characters/Mannequins/Anims/Unarmed/Walk/MF_Unarmed_Walk_Bwd.uasset" 1693
"D:/UE5_Project/TombEvader/Content/Characters/Mannequins/Anims/Unarmed/Walk/MF_Unarmed_Walk_Bwd.uexp" 1694
"D:/UE5_Project/TombEvader/Content/Characters/Mannequins/Anims/Unarmed/Walk/MF_Unarmed_Walk_Bwd_Left.uasset" 1695
"D:/UE5_Project/TombEvader/Content/Characters/Mannequins/Anims/Unarmed/Walk/MF_Unarmed_Walk_Bwd_Left.uexp" 1696
"D:/UE5_Project/TombEvader/Content/Characters/Mannequins/Anims/Unarmed/Walk/MF_Unarmed_Walk_Bwd_Right.uasset" 1697
"D:/UE5_Project/TombEvader/Content/Characters/Mannequins/Anims/Unarmed/Walk/MF_Unarmed_Walk_Bwd_Right.uexp" 1698
"D:/UE5_Project/TombEvader/Content/Characters/Mannequins/Anims/Unarmed/Walk/MF_Unarmed_Walk_Fwd.uasset" 1699
"D:/UE5_Project/TombEvader/Content/Characters/Mannequins/Anims/Unarmed/Walk/MF_Unarmed_Walk_Fwd.uexp" 1700
"D:/UE5_Project/TombEvader/Content/Characters/Mannequins/Anims/Unarmed/Walk/MF_Unarmed_Walk_Fwd_Left.uasset" 1701
"D:/UE5_Project/TombEvader/Content/Characters/Mannequins/Anims/Unarmed/Walk/MF_Unarmed_Walk_Fwd_Left.uexp" 1702
"D:/UE5_Project/TombEvader/Content/Characters/Mannequins/Anims/Unarmed/Walk/MF_Unarmed_Walk_Fwd_Right.uasset" 1703
"D:/UE5_Project/TombEvader/Content/Characters/Mannequins/Anims/Unarmed/Walk/MF_Unarmed_Walk_Fwd_Right.uexp" 1704
"D:/UE5_Project/TombEvader/Content/Characters/Mannequins/Anims/Unarmed/BS_Idle_Walk_Run.uasset" 1705
"D:/UE5_Project/TombEvader/Content/Characters/Mannequins/Anims/Unarmed/BS_Idle_Walk_Run.uexp" 1706
"D:/UE5_Project/TombEvader/Content/Characters/Mannequins/Anims/Unarmed/Jump/MM_Fall_Loop.uasset" 1707
"D:/UE5_Project/TombEvader/Content/Characters/Mannequins/Anims/Unarmed/Jump/MM_Fall_Loop.uexp" 1708
"D:/UE5_Project/TombEvader/Content/Characters/Mannequins/Anims/Unarmed/Jump/MM_Jump.uasset" 1709
"D:/UE5_Project/TombEvader/Content/Characters/Mannequins/Anims/Unarmed/Jump/MM_Jump.uexp" 1710
"D:/UE5_Project/TombEvader/Content/Characters/Mannequins/Anims/Unarmed/Jump/MM_Land.uasset" 1711
"D:/UE5_Project/TombEvader/Content/Characters/Mannequins/Anims/Unarmed/Jump/MM_Land.uexp" 1712
"D:/UE5_Project/TombEvader/Content/Characters/Mannequins/Anims/Unarmed/ABP_Unarmed.uasset" 1713
"D:/UE5_Project/TombEvader/Content/Characters/Mannequins/Anims/Unarmed/ABP_Unarmed.uexp" 1714
"D:/UE5_Project/TombEvader/Content/FirstPerson/Blueprints/BP_FirstPersonCharacter.uasset" 1715
"D:/UE5_Project/TombEvader/Content/FirstPerson/Blueprints/BP_FirstPersonCharacter.uexp" 1716
"D:/UE5_Project/TombEvader/Content/Input/IMC_MouseLook.uasset" 1717
"D:/UE5_Project/TombEvader/Content/Input/IMC_MouseLook.uexp" 1718
"D:/UE5_Project/TombEvader/Content/Input/IMC_Default.uasset" 1719
"D:/UE5_Project/TombEvader/Content/Input/IMC_Default.uexp" 1720
"D:/UE5_Project/TombEvader/Content/FirstPerson/Blueprints/BP_FirstPersonCameraManager.uasset" 1721
"D:/UE5_Project/TombEvader/Content/FirstPerson/Blueprints/BP_FirstPersonCameraManager.uexp" 1722
"D:/UE5_Project/TombEvader/Content/FirstPerson/Blueprints/BP_FirstPersonPlayerController.uasset" 1723
"D:/UE5_Project/TombEvader/Content/FirstPerson/Blueprints/BP_FirstPersonPlayerController.uexp" 1724
"D:/UE5_Project/TombEvader/Content/FirstPerson/Blueprints/BP_FirstPersonGameMode.uasset" 1725
"D:/UE5_Project/TombEvader/Content/FirstPerson/Blueprints/BP_FirstPersonGameMode.uexp" 1726
"../../../Engine/Content/ArtTools/RenderToTexture/Meshes/S_1_Unit_Plane.ubulk" 1727
"../../../Engine/Content/ArtTools/RenderToTexture/Meshes/S_1_Unit_Plane.uasset" 1728
"../../../Engine/Content/ArtTools/RenderToTexture/Meshes/S_1_Unit_Plane.uexp" 1729
"../../../Engine/Content/EngineMaterials/Substrate/Glints2/AGlintTex2dArray2.uasset" 1730
"../../../Engine/Content/EngineMaterials/Substrate/Glints2/AGlintTex2dArray2.uexp" 1731
"../../../Engine/Content/EngineMaterials/Substrate/GLints/AGlintTex2dArray.uasset" 1732
"../../../Engine/Content/EngineMaterials/Substrate/GLints/AGlintTex2dArray.uexp" 1733
"D:/UE5_Project/TombEvader/Content/MetaHumans/Common/Controls/M_RigControlActor_Black.uasset" 1734
"D:/UE5_Project/TombEvader/Content/MetaHumans/Common/Controls/M_RigControlActor_Black.uexp" 1735
"D:/UE5_Project/TombEvader/Content/MetaHumans/Common/Controls/faceboard_followGrp.ubulk" 1736
"D:/UE5_Project/TombEvader/Content/MetaHumans/Common/Controls/faceboard_followGrp.uasset" 1737
"D:/UE5_Project/TombEvader/Content/MetaHumans/Common/Controls/faceboard_followGrp.uexp" 1738
"D:/UE5_Project/TombEvader/Content/MetaHumans/Common/Controls/faceboard_2x.ubulk" 1739
"D:/UE5_Project/TombEvader/Content/MetaHumans/Common/Controls/faceboard_2x.uasset" 1740
"D:/UE5_Project/TombEvader/Content/MetaHumans/Common/Controls/faceboard_2x.uexp" 1741
"D:/UE5_Project/TombEvader/Content/MetaHumans/Common/Controls/convergence_3l.ubulk" 1742
"D:/UE5_Project/TombEvader/Content/MetaHumans/Common/Controls/convergence_3l.uasset" 1743
"D:/UE5_Project/TombEvader/Content/MetaHumans/Common/Controls/convergence_3l.uexp" 1744
"../../../Engine/Content/Functions/Engine_MaterialFunctions01/Shading/PowerToRoughness.uasset" 1745
"../../../Engine/Content/Functions/Engine_MaterialFunctions01/Shading/PowerToRoughness.uexp" 1746
"../../../Engine/Content/Functions/Engine_MaterialFunctions01/Shading/ConvertFromDiffSpec.uasset" 1747
"../../../Engine/Content/Functions/Engine_MaterialFunctions01/Shading/ConvertFromDiffSpec.uexp" 1748
"../../../Engine/Content/EngineResources/DefaultTextureCube.uasset" 1749
"../../../Engine/Content/EngineResources/DefaultTextureCube.uexp" 1750
"../../../Engine/Content/EngineMaterials/Substrate/Volume/SubstrateSimpleVolumeEnvLUT3D.uasset" 1751
"../../../Engine/Content/EngineMaterials/Substrate/Volume/SubstrateSimpleVolumeEnvLUT3D.uexp" 1752
"../../../Engine/Content/EngineMaterials/Substrate/Volume/SubstrateSimpleVolumeLUT3D.uasset" 1753
"../../../Engine/Content/EngineMaterials/Substrate/Volume/SubstrateSimpleVolumeLUT3D.uexp" 1754
"../../../Engine/Plugins/Interchange/Assets/Content/Utilities/New_LUT.uasset" 1755
"../../../Engine/Plugins/Interchange/Assets/Content/Utilities/New_LUT.uexp" 1756
"../../../Engine/Plugins/Interchange/Assets/Content/Functions/MF_Iridescence.uasset" 1757
"../../../Engine/Plugins/Interchange/Assets/Content/Functions/MF_Iridescence.uexp" 1758
"../../../Engine/Plugins/Interchange/Assets/Content/gltf/Textures/T_White_srgb.uasset" 1759
"../../../Engine/Plugins/Interchange/Assets/Content/gltf/Textures/T_White_srgb.uexp" 1760
"../../../Engine/Plugins/Interchange/Assets/Content/gltf/MaterialFunctions/MF_BaseColor.uasset" 1761
"../../../Engine/Plugins/Interchange/Assets/Content/gltf/MaterialFunctions/MF_BaseColor.uexp" 1762
"../../../Engine/Plugins/Interchange/Assets/Content/gltf/MaterialFunctions/MF_RotateV2.uasset" 1763
"../../../Engine/Plugins/Interchange/Assets/Content/gltf/MaterialFunctions/MF_RotateV2.uexp" 1764
"../../../Engine/Plugins/Interchange/Assets/Content/gltf/MaterialFunctions/MF_TransformUVs.uasset" 1765
"../../../Engine/Plugins/Interchange/Assets/Content/gltf/MaterialFunctions/MF_TransformUVs.uexp" 1766
"../../../Engine/Plugins/Interchange/Assets/Content/gltf/MaterialFunctions/MF_IOR.uasset" 1767
"../../../Engine/Plugins/Interchange/Assets/Content/gltf/MaterialFunctions/MF_IOR.uexp" 1768
"../../../Engine/Plugins/Interchange/Assets/Content/gltf/MaterialFunctions/MF_Iridescence.uasset" 1769
"../../../Engine/Plugins/Interchange/Assets/Content/gltf/MaterialFunctions/MF_Iridescence.uexp" 1770
"../../../Engine/Plugins/Interchange/Assets/Content/gltf/Textures/T_White_Linear.uasset" 1771
"../../../Engine/Plugins/Interchange/Assets/Content/gltf/Textures/T_White_Linear.uexp" 1772
"../../../Engine/Plugins/Interchange/Assets/Content/gltf/MaterialFunctions/MF_MetallicRoughness.uasset" 1773
"../../../Engine/Plugins/Interchange/Assets/Content/gltf/MaterialFunctions/MF_MetallicRoughness.uexp" 1774
"../../../Engine/Content/Functions/Engine_MaterialFunctions02/Math/Transform3x3Matrix.uasset" 1775
"../../../Engine/Content/Functions/Engine_MaterialFunctions02/Math/Transform3x3Matrix.uexp" 1776
"../../../Engine/Plugins/Interchange/Assets/Content/gltf/MaterialFunctions/MF_RotateNormals_TS.uasset" 1777
"../../../Engine/Plugins/Interchange/Assets/Content/gltf/MaterialFunctions/MF_RotateNormals_TS.uexp" 1778
"../../../Engine/Plugins/Interchange/Assets/Content/gltf/MaterialFunctions/MF_ScaleNormal.uasset" 1779
"../../../Engine/Plugins/Interchange/Assets/Content/gltf/MaterialFunctions/MF_ScaleNormal.uexp" 1780
"../../../Engine/Plugins/Interchange/Assets/Content/gltf/Textures/T_Generic_N.uasset" 1781
"../../../Engine/Plugins/Interchange/Assets/Content/gltf/Textures/T_Generic_N.uexp" 1782
"../../../Engine/Plugins/Interchange/Assets/Content/gltf/MaterialFunctions/MF_Normals.uasset" 1783
"../../../Engine/Plugins/Interchange/Assets/Content/gltf/MaterialFunctions/MF_Normals.uexp" 1784
"../../../Engine/Plugins/Interchange/Assets/Content/gltf/MaterialFunctions/MF_Occlusion.uasset" 1785
"../../../Engine/Plugins/Interchange/Assets/Content/gltf/MaterialFunctions/MF_Occlusion.uexp" 1786
"../../../Engine/Plugins/Interchange/Assets/Content/gltf/MaterialFunctions/MF_Specular.uasset" 1787
"../../../Engine/Plugins/Interchange/Assets/Content/gltf/MaterialFunctions/MF_Specular.uexp" 1788
"../../../Engine/Plugins/Interchange/Assets/Content/gltf/Textures/T_Anisotropy_Direction_Linear.uasset" 1789
"../../../Engine/Plugins/Interchange/Assets/Content/gltf/Textures/T_Anisotropy_Direction_Linear.uexp" 1790
"../../../Engine/Plugins/Interchange/Assets/Content/gltf/MaterialFunctions/MF_SpecularAnisotropy.uasset" 1791
"../../../Engine/Plugins/Interchange/Assets/Content/gltf/MaterialFunctions/MF_SpecularAnisotropy.uexp" 1792
"../../../Engine/Plugins/Interchange/Assets/Content/gltf/MaterialFunctions/MF_Emissive.uasset" 1793
"../../../Engine/Plugins/Interchange/Assets/Content/gltf/MaterialFunctions/MF_Emissive.uexp" 1794
"../../../Engine/Plugins/Interchange/Assets/Content/gltf/MaterialFunctions/MF_Clearcoat.uasset" 1795
"../../../Engine/Plugins/Interchange/Assets/Content/gltf/MaterialFunctions/MF_Clearcoat.uexp" 1796
"../../../Engine/Plugins/Interchange/Assets/Content/gltf/MaterialBodies/MF_ClearCoat_Body.uasset" 1797
"../../../Engine/Plugins/Interchange/Assets/Content/gltf/MaterialBodies/MF_ClearCoat_Body.uexp" 1798
"../../../Engine/Plugins/Interchange/Assets/Content/gltf/M_ClearCoat.uasset" 1799
"../../../Engine/Plugins/Interchange/Assets/Content/gltf/M_ClearCoat.uexp" 1800
"../../../Engine/Plugins/Interchange/Assets/Content/gltf/MaterialInstances/MI_ClearCoat_Blend.uasset" 1801
"../../../Engine/Plugins/Interchange/Assets/Content/gltf/MaterialInstances/MI_ClearCoat_Blend.uexp" 1802
"../../../Engine/Plugins/Interchange/Assets/Content/gltf/MaterialInstances/MI_ClearCoat_Blend_DS.uasset" 1803
"../../../Engine/Plugins/Interchange/Assets/Content/gltf/MaterialInstances/MI_ClearCoat_Blend_DS.uexp" 1804
"../../../Engine/Plugins/Interchange/Assets/Content/gltf/MaterialInstances/MI_ClearCoat_Mask.uasset" 1805
"../../../Engine/Plugins/Interchange/Assets/Content/gltf/MaterialInstances/MI_ClearCoat_Mask.uexp" 1806
"../../../Engine/Plugins/Interchange/Assets/Content/gltf/MaterialInstances/MI_ClearCoat_Mask_DS.uasset" 1807
"../../../Engine/Plugins/Interchange/Assets/Content/gltf/MaterialInstances/MI_ClearCoat_Mask_DS.uexp" 1808
"../../../Engine/Plugins/Interchange/Assets/Content/gltf/MaterialInstances/MI_ClearCoat_Opaque.uasset" 1809
"../../../Engine/Plugins/Interchange/Assets/Content/gltf/MaterialInstances/MI_ClearCoat_Opaque.uexp" 1810
"../../../Engine/Plugins/Interchange/Assets/Content/gltf/MaterialInstances/MI_ClearCoat_Opaque_DS.uasset" 1811
"../../../Engine/Plugins/Interchange/Assets/Content/gltf/MaterialInstances/MI_ClearCoat_Opaque_DS.uexp" 1812
"../../../Engine/Plugins/Interchange/Assets/Content/gltf/MaterialBodies/MF_Default_Body.uasset" 1813
"../../../Engine/Plugins/Interchange/Assets/Content/gltf/MaterialBodies/MF_Default_Body.uexp" 1814
"../../../Engine/Plugins/Interchange/Assets/Content/gltf/M_Default.uasset" 1815
"../../../Engine/Plugins/Interchange/Assets/Content/gltf/M_Default.uexp" 1816
"../../../Engine/Plugins/Interchange/Assets/Content/gltf/MaterialInstances/MI_Default_Blend.uasset" 1817
"../../../Engine/Plugins/Interchange/Assets/Content/gltf/MaterialInstances/MI_Default_Blend.uexp" 1818
"../../../Engine/Plugins/Interchange/Assets/Content/gltf/MaterialInstances/MI_Default_Blend_DS.uasset" 1819
"../../../Engine/Plugins/Interchange/Assets/Content/gltf/MaterialInstances/MI_Default_Blend_DS.uexp" 1820
"../../../Engine/Plugins/Interchange/Assets/Content/gltf/MaterialInstances/MI_Default_Mask.uasset" 1821
"../../../Engine/Plugins/Interchange/Assets/Content/gltf/MaterialInstances/MI_Default_Mask.uexp" 1822
"../../../Engine/Plugins/Interchange/Assets/Content/gltf/MaterialInstances/MI_Default_Mask_DS.uasset" 1823
"../../../Engine/Plugins/Interchange/Assets/Content/gltf/MaterialInstances/MI_Default_Mask_DS.uexp" 1824
"../../../Engine/Plugins/Interchange/Assets/Content/gltf/MaterialInstances/MI_Default_Opaque.uasset" 1825
"../../../Engine/Plugins/Interchange/Assets/Content/gltf/MaterialInstances/MI_Default_Opaque.uexp" 1826
"../../../Engine/Plugins/Interchange/Assets/Content/gltf/MaterialFunctions/MF_Sheen.uasset" 1827
"../../../Engine/Plugins/Interchange/Assets/Content/gltf/MaterialFunctions/MF_Sheen.uexp" 1828
"../../../Engine/Plugins/Interchange/Assets/Content/gltf/MaterialBodies/MF_Sheen_Body.uasset" 1829
"../../../Engine/Plugins/Interchange/Assets/Content/gltf/MaterialBodies/MF_Sheen_Body.uexp" 1830
"../../../Engine/Plugins/Interchange/Assets/Content/gltf/M_Sheen.uasset" 1831
"../../../Engine/Plugins/Interchange/Assets/Content/gltf/M_Sheen.uexp" 1832
"../../../Engine/Plugins/Interchange/Assets/Content/gltf/MaterialInstances/MI_Sheen_Blend.uasset" 1833
"../../../Engine/Plugins/Interchange/Assets/Content/gltf/MaterialInstances/MI_Sheen_Blend.uexp" 1834
"../../../Engine/Plugins/Interchange/Assets/Content/gltf/MaterialInstances/MI_Sheen_Blend_DS.uasset" 1835
"../../../Engine/Plugins/Interchange/Assets/Content/gltf/MaterialInstances/MI_Sheen_Blend_DS.uexp" 1836
"../../../Engine/Plugins/Interchange/Assets/Content/gltf/MaterialInstances/MI_Sheen_Mask.uasset" 1837
"../../../Engine/Plugins/Interchange/Assets/Content/gltf/MaterialInstances/MI_Sheen_Mask.uexp" 1838
"../../../Engine/Plugins/Interchange/Assets/Content/gltf/MaterialInstances/MI_Sheen_Mask_DS.uasset" 1839
"../../../Engine/Plugins/Interchange/Assets/Content/gltf/MaterialInstances/MI_Sheen_Mask_DS.uexp" 1840
"../../../Engine/Plugins/Interchange/Assets/Content/gltf/MaterialInstances/MI_Sheen_Opaque.uasset" 1841
"../../../Engine/Plugins/Interchange/Assets/Content/gltf/MaterialInstances/MI_Sheen_Opaque.uexp" 1842
"../../../Engine/Plugins/Interchange/Assets/Content/gltf/MaterialInstances/MI_Sheen_Opaque_DS.uasset" 1843
"../../../Engine/Plugins/Interchange/Assets/Content/gltf/MaterialInstances/MI_Sheen_Opaque_DS.uexp" 1844
"../../../Engine/Content/Functions/Engine_MaterialFunctions02/Math/AddComponents.uasset" 1845
"../../../Engine/Content/Functions/Engine_MaterialFunctions02/Math/AddComponents.uexp" 1846
"../../../Engine/Plugins/Interchange/Assets/Content/gltf/MaterialFunctions/MF_DiffuseSpecGloss.uasset" 1847
"../../../Engine/Plugins/Interchange/Assets/Content/gltf/MaterialFunctions/MF_DiffuseSpecGloss.uexp" 1848
"../../../Engine/Plugins/Interchange/Assets/Content/gltf/MaterialFunctions/MF_MaxComponentValue.uasset" 1849
"../../../Engine/Plugins/Interchange/Assets/Content/gltf/MaterialFunctions/MF_MaxComponentValue.uexp" 1850
"../../../Engine/Plugins/Interchange/Assets/Content/gltf/MaterialFunctions/MF_PerceivedBrightness.uasset" 1851
"../../../Engine/Plugins/Interchange/Assets/Content/gltf/MaterialFunctions/MF_PerceivedBrightness.uexp" 1852
"../../../Engine/Plugins/Interchange/Assets/Content/gltf/MaterialFunctions/MF_SpecGlossToMetalRoughness.uasset" 1853
"../../../Engine/Plugins/Interchange/Assets/Content/gltf/MaterialFunctions/MF_SpecGlossToMetalRoughness.uexp" 1854
"../../../Engine/Plugins/Interchange/Assets/Content/gltf/MaterialBodies/MF_SpecularGlossiness_Body.uasset" 1855
"../../../Engine/Plugins/Interchange/Assets/Content/gltf/MaterialBodies/MF_SpecularGlossiness_Body.uexp" 1856
"../../../Engine/Plugins/Interchange/Assets/Content/gltf/M_SpecularGlossiness.uasset" 1857
"../../../Engine/Plugins/Interchange/Assets/Content/gltf/M_SpecularGlossiness.uexp" 1858
"../../../Engine/Plugins/Interchange/Assets/Content/gltf/MaterialInstances/MI_SpecularGlossiness_Blend.uasset" 1859
"../../../Engine/Plugins/Interchange/Assets/Content/gltf/MaterialInstances/MI_SpecularGlossiness_Blend.uexp" 1860
"../../../Engine/Plugins/Interchange/Assets/Content/gltf/MaterialInstances/MI_SpecularGlossiness_Blend_DS.uasset" 1861
"../../../Engine/Plugins/Interchange/Assets/Content/gltf/MaterialInstances/MI_SpecularGlossiness_Blend_DS.uexp" 1862
"../../../Engine/Plugins/Interchange/Assets/Content/gltf/MaterialInstances/MI_SpecularGlossiness_Mask.uasset" 1863
"../../../Engine/Plugins/Interchange/Assets/Content/gltf/MaterialInstances/MI_SpecularGlossiness_Mask.uexp" 1864
"../../../Engine/Plugins/Interchange/Assets/Content/gltf/MaterialInstances/MI_SpecularGlossiness_Mask_DS.uasset" 1865
"../../../Engine/Plugins/Interchange/Assets/Content/gltf/MaterialInstances/MI_SpecularGlossiness_Mask_DS.uexp" 1866
"../../../Engine/Plugins/Interchange/Assets/Content/gltf/MaterialInstances/MI_SpecularGlossiness_Opaque.uasset" 1867
"../../../Engine/Plugins/Interchange/Assets/Content/gltf/MaterialInstances/MI_SpecularGlossiness_Opaque.uexp" 1868
"../../../Engine/Plugins/Interchange/Assets/Content/gltf/MaterialInstances/MI_SpecularGlossiness_Opaque_DS.uasset" 1869
"../../../Engine/Plugins/Interchange/Assets/Content/gltf/MaterialInstances/MI_SpecularGlossiness_Opaque_DS.uexp" 1870
"../../../Engine/Plugins/Interchange/Assets/Content/gltf/MaterialFunctions/MF_Fresnel_DS.uasset" 1871
"../../../Engine/Plugins/Interchange/Assets/Content/gltf/MaterialFunctions/MF_Fresnel_DS.uexp" 1872
"../../../Engine/Plugins/Interchange/Assets/Content/gltf/MaterialFunctions/MF_Temporal_Blur.uasset" 1873
"../../../Engine/Plugins/Interchange/Assets/Content/gltf/MaterialFunctions/MF_Temporal_Blur.uexp" 1874
"../../../Engine/Plugins/Interchange/Assets/Content/gltf/MaterialFunctions/MF_Transmission.uasset" 1875
"../../../Engine/Plugins/Interchange/Assets/Content/gltf/MaterialFunctions/MF_Transmission.uexp" 1876
"../../../Engine/Plugins/Interchange/Assets/Content/gltf/MaterialBodies/MF_Transmission_Body.uasset" 1877
"../../../Engine/Plugins/Interchange/Assets/Content/gltf/MaterialBodies/MF_Transmission_Body.uexp" 1878
"../../../Engine/Plugins/Interchange/Assets/Content/gltf/M_Transmission.uasset" 1879
"../../../Engine/Plugins/Interchange/Assets/Content/gltf/M_Transmission.uexp" 1880
"../../../Engine/Plugins/Interchange/Assets/Content/gltf/MaterialInstances/MI_Transmission.uasset" 1881
"../../../Engine/Plugins/Interchange/Assets/Content/gltf/MaterialInstances/MI_Transmission.uexp" 1882
"../../../Engine/Plugins/Interchange/Assets/Content/gltf/MaterialInstances/MI_Transmission_DS.uasset" 1883
"../../../Engine/Plugins/Interchange/Assets/Content/gltf/MaterialInstances/MI_Transmission_DS.uexp" 1884
"../../../Engine/Plugins/Interchange/Assets/Content/gltf/MaterialBodies/MF_Unlit_Body.uasset" 1885
"../../../Engine/Plugins/Interchange/Assets/Content/gltf/MaterialBodies/MF_Unlit_Body.uexp" 1886
"../../../Engine/Plugins/Interchange/Assets/Content/gltf/M_Unlit.uasset" 1887
"../../../Engine/Plugins/Interchange/Assets/Content/gltf/M_Unlit.uexp" 1888
"../../../Engine/Plugins/Interchange/Assets/Content/gltf/MaterialInstances/MI_Unlit_Blend.uasset" 1889
"../../../Engine/Plugins/Interchange/Assets/Content/gltf/MaterialInstances/MI_Unlit_Blend.uexp" 1890
"../../../Engine/Plugins/Interchange/Assets/Content/gltf/MaterialInstances/MI_Unlit_Blend_DS.uasset" 1891
"../../../Engine/Plugins/Interchange/Assets/Content/gltf/MaterialInstances/MI_Unlit_Blend_DS.uexp" 1892
"../../../Engine/Plugins/Interchange/Assets/Content/gltf/MaterialInstances/MI_Unlit_Mask.uasset" 1893
"../../../Engine/Plugins/Interchange/Assets/Content/gltf/MaterialInstances/MI_Unlit_Mask.uexp" 1894
"../../../Engine/Plugins/Interchange/Assets/Content/gltf/MaterialInstances/MI_Unlit_Mask_DS.uasset" 1895
"../../../Engine/Plugins/Interchange/Assets/Content/gltf/MaterialInstances/MI_Unlit_Mask_DS.uexp" 1896
"../../../Engine/Plugins/Interchange/Assets/Content/gltf/MaterialInstances/MI_Unlit_Opaque.uasset" 1897
"../../../Engine/Plugins/Interchange/Assets/Content/gltf/MaterialInstances/MI_Unlit_Opaque.uexp" 1898
"../../../Engine/Plugins/Runtime/AR/ARUtilities/Content/Materials/M_ScreenSpacePassthroughCamera.uasset" 1899
"../../../Engine/Plugins/Runtime/AR/ARUtilities/Content/Materials/M_ScreenSpacePassthroughCamera.uexp" 1900
"../../../Engine/Plugins/Runtime/AR/ARUtilities/Content/Materials/MI_ScreenSpacePassthroughCameraExternalTexture.uasset" 1901
"../../../Engine/Plugins/Runtime/AR/ARUtilities/Content/Materials/MI_ScreenSpacePassthroughCameraExternalTexture.uexp" 1902
"../../../Engine/Content/EngineResources/WhiteSquareTexture.uasset" 1903
"../../../Engine/Content/EngineResources/WhiteSquareTexture.uexp" 1904
"../../../Engine/Content/EngineMaterials/Widget3DPassThrough.uasset" 1905
"../../../Engine/Content/EngineMaterials/Widget3DPassThrough.uexp" 1906
"../../../Engine/Content/EngineMaterials/Widget3DPassThrough_Masked.uasset" 1907
"../../../Engine/Content/EngineMaterials/Widget3DPassThrough_Masked.uexp" 1908
"../../../Engine/Content/EngineMaterials/Widget3DPassThrough_Opaque.uasset" 1909
"../../../Engine/Content/EngineMaterials/Widget3DPassThrough_Opaque.uexp" 1910
"../../../Engine/Content/EngineMaterials/Widget3DPassThrough_Masked_OneSided.uasset" 1911
"../../../Engine/Content/EngineMaterials/Widget3DPassThrough_Masked_OneSided.uexp" 1912
"../../../Engine/Content/EngineMaterials/Widget3DPassThrough_Opaque_OneSided.uasset" 1913
"../../../Engine/Content/EngineMaterials/Widget3DPassThrough_Opaque_OneSided.uexp" 1914
"../../../Engine/Content/EngineMaterials/Widget3DPassThrough_Translucent.uasset" 1915
"../../../Engine/Content/EngineMaterials/Widget3DPassThrough_Translucent.uexp" 1916
"../../../Engine/Content/EngineMaterials/Widget3DPassThrough_Translucent_OneSided.uasset" 1917
"../../../Engine/Content/EngineMaterials/Widget3DPassThrough_Translucent_OneSided.uexp" 1918
"../../../Engine/Content/EditorLandscapeResources/ColorMaskBrushMaterial.uasset" 1919
"../../../Engine/Content/EditorLandscapeResources/ColorMaskBrushMaterial.uexp" 1920
"../../../Engine/Content/EditorLandscapeResources/ColorMaskBrushMaterial_MaskedRegion.uasset" 1921
"../../../Engine/Content/EditorLandscapeResources/ColorMaskBrushMaterial_MaskedRegion.uexp" 1922
"../../../Engine/Content/Functions/Engine_MaterialFunctions03/Math/WithinRangeFloat2.uasset" 1923
"../../../Engine/Content/Functions/Engine_MaterialFunctions03/Math/WithinRangeFloat2.uexp" 1924
"../../../Engine/Content/EditorLandscapeResources/MaskBrushMaterial.uasset" 1925
"../../../Engine/Content/EditorLandscapeResources/MaskBrushMaterial.uexp" 1926
"../../../Engine/Content/EditorLandscapeResources/MaskBrushMaterial_MaskedRegion.uasset" 1927
"../../../Engine/Content/EditorLandscapeResources/MaskBrushMaterial_MaskedRegion.uexp" 1928
"../../../Engine/Content/EditorLandscapeResources/SelectBrushMaterial.uasset" 1929
"../../../Engine/Content/EditorLandscapeResources/SelectBrushMaterial.uexp" 1930
"../../../Engine/Content/EditorLandscapeResources/SelectBrushMaterial_Selected.uasset" 1931
"../../../Engine/Content/EditorLandscapeResources/SelectBrushMaterial_Selected.uexp" 1932
"../../../Engine/Content/EditorLandscapeResources/SelectBrushMaterial_SelectedRegion.uasset" 1933
"../../../Engine/Content/EditorLandscapeResources/SelectBrushMaterial_SelectedRegion.uexp" 1934
"../../../Engine/Plugins/NNE/NNEDenoiser/Content/NNE_oidn2-3-0_rt_hdr_alb_nrm_small__dyn__fp16_opset11_DenoiseAlpha.uasset" 1935
"../../../Engine/Plugins/NNE/NNEDenoiser/Content/NNE_oidn2-3-0_rt_hdr_alb_nrm_small__dyn__fp16_opset11_DenoiseAlpha.uexp" 1936
"../../../Engine/Plugins/NNE/NNEDenoiser/Content/NNE_oidn2-3-0_rt_hdr_alb_nrm_small__dyn__fp16_opset11_ForwardAlpha.uasset" 1937
"../../../Engine/Plugins/NNE/NNEDenoiser/Content/NNE_oidn2-3-0_rt_hdr_alb_nrm_small__dyn__fp16_opset11_ForwardAlpha.uexp" 1938
"../../../Engine/Plugins/NNE/NNEDenoiser/Content/NNE_oidn2-3-0_rt_hdr_alb_nrm__dyn__fp16_opset11_DenoiseAlpha.uasset" 1939
"../../../Engine/Plugins/NNE/NNEDenoiser/Content/NNE_oidn2-3-0_rt_hdr_alb_nrm__dyn__fp16_opset11_DenoiseAlpha.uexp" 1940
"../../../Engine/Plugins/NNE/NNEDenoiser/Content/NNE_oidn2-3-0_rt_hdr_alb_nrm__dyn__fp16_opset11_ForwardAlpha.uasset" 1941
"../../../Engine/Plugins/NNE/NNEDenoiser/Content/NNE_oidn2-3-0_rt_hdr_alb_nrm__dyn__fp16_opset11_ForwardAlpha.uexp" 1942
"../../../Engine/Plugins/NNE/NNEDenoiser/Content/NNE_oidn2-3-0_rt_hdr_calb_cnrm_large__dyn__fp16_opset11_DenoiseAlpha.uasset" 1943
"../../../Engine/Plugins/NNE/NNEDenoiser/Content/NNE_oidn2-3-0_rt_hdr_calb_cnrm_large__dyn__fp16_opset11_DenoiseAlpha.uexp" 1944
"../../../Engine/Plugins/NNE/NNEDenoiser/Content/NNE_oidn2-3-0_rt_hdr_calb_cnrm_large__dyn__fp16_opset11_ForwardAlpha.uasset" 1945
"../../../Engine/Plugins/NNE/NNEDenoiser/Content/NNE_oidn2-3-0_rt_hdr_calb_cnrm_large__dyn__fp16_opset11_ForwardAlpha.uexp" 1946
"../../../Engine/Plugins/Runtime/AR/AppleAR/AppleARKit/Content/M_OcclusionOverlay.uasset" 1947
"../../../Engine/Plugins/Runtime/AR/AppleAR/AppleARKit/Content/M_OcclusionOverlay.uexp" 1948
"../../../Engine/Plugins/Runtime/AR/AppleAR/AppleARKit/Content/MI_DepthOcclusionOverlay.uasset" 1949
"../../../Engine/Plugins/Runtime/AR/AppleAR/AppleARKit/Content/MI_DepthOcclusionOverlay.uexp" 1950
"../../../Engine/Plugins/Runtime/AR/AppleAR/AppleARKit/Content/MI_MatteOcclusionOverlay.uasset" 1951
"../../../Engine/Plugins/Runtime/AR/AppleAR/AppleARKit/Content/MI_MatteOcclusionOverlay.uexp" 1952
"../../../Engine/Plugins/2D/Paper2D/Content/DefaultSpriteMaterial.uasset" 1953
"../../../Engine/Plugins/2D/Paper2D/Content/DefaultSpriteMaterial.uexp" 1954
"../../../Engine/Plugins/2D/Paper2D/Content/MaskedUnlitSpriteMaterial.uasset" 1955
"../../../Engine/Plugins/2D/Paper2D/Content/MaskedUnlitSpriteMaterial.uexp" 1956
"../../../Engine/Plugins/2D/Paper2D/Content/OpaqueUnlitSpriteMaterial.uasset" 1957
"../../../Engine/Plugins/2D/Paper2D/Content/OpaqueUnlitSpriteMaterial.uexp" 1958
"../../../Engine/Content/EngineResources/LandscapeVisibilityLayerInfo.uasset" 1959
"../../../Engine/Content/EngineResources/LandscapeVisibilityLayerInfo.uexp" 1960
"../../../Engine/Content/VREditor/Sounds/UI/Drop_Item_From_ContentBrowser.ubulk" 1961
"../../../Engine/Content/VREditor/Sounds/UI/Drop_Item_From_ContentBrowser.uasset" 1962
"../../../Engine/Content/VREditor/Sounds/UI/Drop_Item_From_ContentBrowser.uexp" 1963
"../../../Engine/Content/VREditor/TransformGizmo/TransformGizmoMaterial_Inst.uasset" 1964
"../../../Engine/Content/VREditor/TransformGizmo/TransformGizmoMaterial_Inst.uexp" 1965
"../../../Engine/Content/VREditor/TransformGizmo/TranslucentTransformGizmoMaterial_Inst.uasset" 1966
"../../../Engine/Content/VREditor/TransformGizmo/TranslucentTransformGizmoMaterial_Inst.uexp" 1967
"../../../Engine/Content/Functions/Engine_MaterialFunctions02/SplitComponents.uasset" 1968
"../../../Engine/Content/Functions/Engine_MaterialFunctions02/SplitComponents.uexp" 1969
"../../../Engine/Content/VREditor/SnapGrid/SnapGridMaterial.uasset" 1970
"../../../Engine/Content/VREditor/SnapGrid/SnapGridMaterial.uexp" 1971
"../../../Engine/Content/VREditor/SnapGrid/SnapGridPlaneMesh.ubulk" 1972
"../../../Engine/Content/VREditor/SnapGrid/SnapGridPlaneMesh.uasset" 1973
"../../../Engine/Content/VREditor/SnapGrid/SnapGridPlaneMesh.uexp" 1974
"../../../Engine/Content/VREditor/Sounds/UI/Gizmo_Handle_Clicked.ubulk" 1975
"../../../Engine/Content/VREditor/Sounds/UI/Gizmo_Handle_Clicked.uasset" 1976
"../../../Engine/Content/VREditor/Sounds/UI/Gizmo_Handle_Clicked.uexp" 1977
"../../../Engine/Content/VREditor/Sounds/UI/Object_PickUp.ubulk" 1978
"../../../Engine/Content/VREditor/Sounds/UI/Object_PickUp.uasset" 1979
"../../../Engine/Content/VREditor/Sounds/UI/Object_PickUp.uexp" 1980
"../../../Engine/Content/VREditor/Sounds/UI/Object_Snaps_To_Another_Actor.ubulk" 1981
"../../../Engine/Content/VREditor/Sounds/UI/Object_Snaps_To_Another_Actor.uasset" 1982
"../../../Engine/Content/VREditor/Sounds/UI/Object_Snaps_To_Another_Actor.uexp" 1983
"../../../Engine/Content/VREditor/Sounds/UI/Object_Snaps_To_Grid.ubulk" 1984
"../../../Engine/Content/VREditor/Sounds/UI/Object_Snaps_To_Grid.uasset" 1985
"../../../Engine/Content/VREditor/Sounds/UI/Object_Snaps_To_Grid.uexp" 1986
"../../../Engine/Content/VREditor/Sounds/UI/Scaling_Down.ubulk" 1987
"../../../Engine/Content/VREditor/Sounds/UI/Scaling_Down.uasset" 1988
"../../../Engine/Content/VREditor/Sounds/UI/Scaling_Down.uexp" 1989
"../../../Engine/Content/VREditor/Sounds/UI/Scaling_Up.ubulk" 1990
"../../../Engine/Content/VREditor/Sounds/UI/Scaling_Up.uasset" 1991
"../../../Engine/Content/VREditor/Sounds/UI/Scaling_Up.uexp" 1992
"../../../Engine/Content/VREditor/Sounds/UI/Selection_Changes.ubulk" 1993
"../../../Engine/Content/VREditor/Sounds/UI/Selection_Changes.uasset" 1994
"../../../Engine/Content/VREditor/Sounds/UI/Selection_Changes.uexp" 1995
"../../../Engine/Content/VREditor/TransformGizmo/PlaneTranslationHandle.ubulk" 1996
"../../../Engine/Content/VREditor/TransformGizmo/PlaneTranslationHandle.uasset" 1997
"../../../Engine/Content/VREditor/TransformGizmo/PlaneTranslationHandle.uexp" 1998
"../../../Engine/Content/VREditor/TransformGizmo/RotationHandleFull.ubulk" 1999
"../../../Engine/Content/VREditor/TransformGizmo/RotationHandleFull.uasset" 2000
"../../../Engine/Content/VREditor/TransformGizmo/RotationHandleFull.uexp" 2001
"../../../Engine/Content/VREditor/TransformGizmo/RotationHandleIndicator.ubulk" 2002
"../../../Engine/Content/VREditor/TransformGizmo/RotationHandleIndicator.uasset" 2003
"../../../Engine/Content/VREditor/TransformGizmo/RotationHandleIndicator.uexp" 2004
"../../../Engine/Content/VREditor/TransformGizmo/RotationHandleQuarter.ubulk" 2005
"../../../Engine/Content/VREditor/TransformGizmo/RotationHandleQuarter.uasset" 2006
"../../../Engine/Content/VREditor/TransformGizmo/RotationHandleQuarter.uexp" 2007
"../../../Engine/Content/VREditor/TransformGizmo/StartRotationHandleIndicator.ubulk" 2008
"../../../Engine/Content/VREditor/TransformGizmo/StartRotationHandleIndicator.uasset" 2009
"../../../Engine/Content/VREditor/TransformGizmo/StartRotationHandleIndicator.uexp" 2010
"../../../Engine/Content/VREditor/TransformGizmo/TransformGizmoFreeRotation.ubulk" 2011
"../../../Engine/Content/VREditor/TransformGizmo/TransformGizmoFreeRotation.uasset" 2012
"../../../Engine/Content/VREditor/TransformGizmo/TransformGizmoFreeRotation.uexp" 2013
"../../../Engine/Content/VREditor/TransformGizmo/TranslateArrowHandle.ubulk" 2014
"../../../Engine/Content/VREditor/TransformGizmo/TranslateArrowHandle.uasset" 2015
"../../../Engine/Content/VREditor/TransformGizmo/TranslateArrowHandle.uexp" 2016
"../../../Engine/Content/VREditor/TransformGizmo/UniformScaleHandle.ubulk" 2017
"../../../Engine/Content/VREditor/TransformGizmo/UniformScaleHandle.uasset" 2018
"../../../Engine/Content/VREditor/TransformGizmo/UniformScaleHandle.uexp" 2019
"../../../Engine/Plugins/Animation/DeformerGraph/Content/DeformerFunctions/DG_Function_LinearBlendSkin_Morph_Cloth.uasset" 2020
"../../../Engine/Plugins/Animation/DeformerGraph/Content/DeformerFunctions/DG_Function_LinearBlendSkin_Morph_Cloth.uexp" 2021
"../../../Engine/Plugins/Animation/DeformerGraph/Content/Deformers/DG_LinearBlendSkin_Morph_Cloth.uasset" 2022
"../../../Engine/Plugins/Animation/DeformerGraph/Content/Deformers/DG_LinearBlendSkin_Morph_Cloth.uexp" 2023
"../../../Engine/Plugins/Animation/DeformerGraph/Content/DeformerFunctions/DG_Function_LinearBlendSkin_Morph_Cloth_PositionOnly.uasset" 2024
"../../../Engine/Plugins/Animation/DeformerGraph/Content/DeformerFunctions/DG_Function_LinearBlendSkin_Morph_Cloth_PositionOnly.uexp" 2025
"../../../Engine/Plugins/Animation/DeformerGraph/Content/DeformerFunctions/DG_Function_ComputeNormalsTangents.uasset" 2026
"../../../Engine/Plugins/Animation/DeformerGraph/Content/DeformerFunctions/DG_Function_ComputeNormalsTangents.uexp" 2027
"../../../Engine/Plugins/Animation/DeformerGraph/Content/Deformers/DG_LinearBlendSkin_Morph_Cloth_RecomputeNormals.uasset" 2028
"../../../Engine/Plugins/Animation/DeformerGraph/Content/Deformers/DG_LinearBlendSkin_Morph_Cloth_RecomputeNormals.uexp" 2029
"../../../Engine/Content/BasicShapes/Cylinder.ubulk" 2030
"../../../Engine/Content/BasicShapes/Cylinder.uasset" 2031
"../../../Engine/Content/BasicShapes/Cylinder.uexp" 2032
"../../../Engine/Plugins/Runtime/HairStrands/Content/Materials/NiagaraHairMaterial.uasset" 2033
"../../../Engine/Plugins/Runtime/HairStrands/Content/Materials/NiagaraHairMaterial.uexp" 2034
"../../../Engine/Plugins/Runtime/HairStrands/Content/Emitters/StableSpringsSystem.uasset" 2035
"../../../Engine/Plugins/Runtime/HairStrands/Content/Emitters/StableSpringsSystem.uexp" 2036
"../../../Engine/Plugins/NNE/NNEDenoiser/Content/NNEDT_Oidn2-3_Balanced.uasset" 2037
"../../../Engine/Plugins/NNE/NNEDenoiser/Content/NNEDT_Oidn2-3_Balanced.uexp" 2038
"../../../Engine/Plugins/NNE/NNEDenoiser/Content/NNEDT_Oidn2-3_Balanced_Alpha.uasset" 2039
"../../../Engine/Plugins/NNE/NNEDenoiser/Content/NNEDT_Oidn2-3_Balanced_Alpha.uexp" 2040
"../../../Engine/Plugins/NNE/NNEDenoiser/Content/NNED_Oidn2-3_Balanced.uasset" 2041
"../../../Engine/Plugins/NNE/NNEDenoiser/Content/NNED_Oidn2-3_Balanced.uexp" 2042
"../../../Engine/Plugins/NNE/NNEDenoiser/Content/NNED_Oidn2-3_Balanced_Alpha.uasset" 2043
"../../../Engine/Plugins/NNE/NNEDenoiser/Content/NNED_Oidn2-3_Balanced_Alpha.uexp" 2044
"../../../Engine/Plugins/NNE/NNEDenoiser/Content/NNED_Oidn2-3_Fast.uasset" 2045
"../../../Engine/Plugins/NNE/NNEDenoiser/Content/NNED_Oidn2-3_Fast.uexp" 2046
"../../../Engine/Plugins/NNE/NNEDenoiser/Content/NNED_Oidn2-3_Fast_Alpha.uasset" 2047
"../../../Engine/Plugins/NNE/NNEDenoiser/Content/NNED_Oidn2-3_Fast_Alpha.uexp" 2048
"../../../Engine/Plugins/NNE/NNEDenoiser/Content/NNED_Oidn2-3_HighQuality.uasset" 2049
"../../../Engine/Plugins/NNE/NNEDenoiser/Content/NNED_Oidn2-3_HighQuality.uexp" 2050
"../../../Engine/Plugins/NNE/NNEDenoiser/Content/NNED_Oidn2-3_HighQuality_Alpha.uasset" 2051
"../../../Engine/Plugins/NNE/NNEDenoiser/Content/NNED_Oidn2-3_HighQuality_Alpha.uexp" 2052
"D:/UE5_Project/TombEvader/Content/UI/Widgets/MenuBackground.uasset" 2053
"D:/UE5_Project/TombEvader/Content/UI/Widgets/MenuBackground.uexp" 2054
"D:/UE5_Project/TombEvader/Content/UI/Widgets/WBP_MainMenu.uasset" 2055
"D:/UE5_Project/TombEvader/Content/UI/Widgets/WBP_MainMenu.uexp" 2056
"D:/UE5_Project/TombEvader/Content/UI/MenuGameMode.uasset" 2057
"D:/UE5_Project/TombEvader/Content/UI/MenuGameMode.uexp" 2058
"D:/UE5_Project/TombEvader/Content/Sounds/Source/MainMenuMusic.ubulk" 2059
"D:/UE5_Project/TombEvader/Content/Sounds/Source/MainMenuMusic.uasset" 2060
"D:/UE5_Project/TombEvader/Content/Sounds/Source/MainMenuMusic.uexp" 2061
"D:/UE5_Project/TombEvader/Content/Maps/L_Main_Menu.uexp" 2062
"D:/UE5_Project/TombEvader/Content/Maps/L_Main_Menu.umap" 2063
"D:/UE5_Project/TombEvader/Content/Sounds/RE_Tomb.uasset" 2064
"D:/UE5_Project/TombEvader/Content/Sounds/RE_Tomb.uexp" 2065
"../../../Engine/Plugins/FX/Niagara/Content/VectorFields/Assets/TilingCurl32.uasset" 2066
"../../../Engine/Plugins/FX/Niagara/Content/VectorFields/Assets/TilingCurl32.uexp" 2067
"../../../Engine/Content/Functions/Engine_MaterialFunctions01/Density/ExponentialDensity.uasset" 2068
"../../../Engine/Content/Functions/Engine_MaterialFunctions01/Density/ExponentialDensity.uexp" 2069
"../../../Engine/Content/Functions/Engine_MaterialFunctions01/Gradient/RadialGradientExponential.uasset" 2070
"../../../Engine/Content/Functions/Engine_MaterialFunctions01/Gradient/RadialGradientExponential.uexp" 2071
"../../../Engine/Content/Functions/Engine_MaterialFunctions02/Utility/VectorToRadialValue.uasset" 2072
"../../../Engine/Content/Functions/Engine_MaterialFunctions02/Utility/VectorToRadialValue.uexp" 2073
"../../../Engine/Content/Functions/Engine_MaterialFunctions02/ExampleContent/Textures/LowResBlurredNoise.uasset" 2074
"../../../Engine/Content/Functions/Engine_MaterialFunctions02/ExampleContent/Textures/LowResBlurredNoise.uexp" 2075
"D:/UE5_Project/TombEvader/Content/Effects/M_Portal.uasset" 2076
"D:/UE5_Project/TombEvader/Content/Effects/M_Portal.uexp" 2077
"D:/UE5_Project/TombEvader/Content/Fab/A_Surface_Footstep/Niagara_FX/Textures/T_Squib_one_normal.ubulk" 2078
"D:/UE5_Project/TombEvader/Content/Fab/A_Surface_Footstep/Niagara_FX/Textures/T_Squib_one_normal.uasset" 2079
"D:/UE5_Project/TombEvader/Content/Fab/A_Surface_Footstep/Niagara_FX/Textures/T_Squib_one_normal.uexp" 2080
"D:/UE5_Project/TombEvader/Content/Fab/A_Surface_Footstep/Niagara_FX/Textures/T_Squib_one_1024_8x8.ubulk" 2081
"D:/UE5_Project/TombEvader/Content/Fab/A_Surface_Footstep/Niagara_FX/Textures/T_Squib_one_1024_8x8.uasset" 2082
"D:/UE5_Project/TombEvader/Content/Fab/A_Surface_Footstep/Niagara_FX/Textures/T_Squib_one_1024_8x8.uexp" 2083
"D:/UE5_Project/TombEvader/Content/Fab/A_Surface_Footstep/Niagara_FX/Materials/M_EnergySmoke.uasset" 2084
"D:/UE5_Project/TombEvader/Content/Fab/A_Surface_Footstep/Niagara_FX/Materials/M_EnergySmoke.uexp" 2085
"D:/UE5_Project/TombEvader/Content/Effects/NS_Portal.uasset" 2086
"D:/UE5_Project/TombEvader/Content/Effects/NS_Portal.uexp" 2087
"D:/UE5_Project/TombEvader/Content/Sounds/Attenuations/SA_Door.uasset" 2088
"D:/UE5_Project/TombEvader/Content/Sounds/Attenuations/SA_Door.uexp" 2089
"D:/UE5_Project/TombEvader/Content/Sounds/Source/StoneDoorScrape.ubulk" 2090
"D:/UE5_Project/TombEvader/Content/Sounds/Source/StoneDoorScrape.uasset" 2091
"D:/UE5_Project/TombEvader/Content/Sounds/Source/StoneDoorScrape.uexp" 2092
"../../../Engine/Content/Functions/Engine_MaterialFunctions01/AlphaBlend/WorldAlignedBlend.uasset" 2093
"../../../Engine/Content/Functions/Engine_MaterialFunctions01/AlphaBlend/WorldAlignedBlend.uexp" 2094
"D:/UE5_Project/TombEvader/Content/Fab/Stylized_Egypt/Textures/stones_textures/T_stones_Normal.ubulk" 2095
"D:/UE5_Project/TombEvader/Content/Fab/Stylized_Egypt/Textures/stones_textures/T_stones_Normal.uasset" 2096
"D:/UE5_Project/TombEvader/Content/Fab/Stylized_Egypt/Textures/stones_textures/T_stones_Normal.uexp" 2097
"D:/UE5_Project/TombEvader/Content/Fab/Stylized_Egypt/Textures/stones_textures/T_stones_BaseColor.ubulk" 2098
"D:/UE5_Project/TombEvader/Content/Fab/Stylized_Egypt/Textures/stones_textures/T_stones_BaseColor.uasset" 2099
"D:/UE5_Project/TombEvader/Content/Fab/Stylized_Egypt/Textures/stones_textures/T_stones_BaseColor.uexp" 2100
"D:/UE5_Project/TombEvader/Content/Fab/Stylized_Egypt/Textures/stones_textures/T_moss_BaseColor.ubulk" 2101
"D:/UE5_Project/TombEvader/Content/Fab/Stylized_Egypt/Textures/stones_textures/T_moss_BaseColor.uasset" 2102
"D:/UE5_Project/TombEvader/Content/Fab/Stylized_Egypt/Textures/stones_textures/T_moss_BaseColor.uexp" 2103
"D:/UE5_Project/TombEvader/Content/Fab/Stylized_Egypt/Materials/stones_materials/M_stones.uasset" 2104
"D:/UE5_Project/TombEvader/Content/Fab/Stylized_Egypt/Materials/stones_materials/M_stones.uexp" 2105
"D:/UE5_Project/TombEvader/Content/Fab/Stylized_Egypt/Materials/stones_materials/MI_stones_01_Inst.uasset" 2106
"D:/UE5_Project/TombEvader/Content/Fab/Stylized_Egypt/Materials/stones_materials/MI_stones_01_Inst.uexp" 2107
"D:/UE5_Project/TombEvader/Content/Maps/_GENERATED/Neo/Combined_DD787965.ubulk" 2108
"D:/UE5_Project/TombEvader/Content/Maps/_GENERATED/Neo/Combined_DD787965.uasset" 2109
"D:/UE5_Project/TombEvader/Content/Maps/_GENERATED/Neo/Combined_DD787965.uexp" 2110
"D:/UE5_Project/TombEvader/Content/Sounds/Source/PortalSound.ubulk" 2111
"D:/UE5_Project/TombEvader/Content/Sounds/Source/PortalSound.uasset" 2112
"D:/UE5_Project/TombEvader/Content/Sounds/Source/PortalSound.uexp" 2113
"D:/UE5_Project/TombEvader/Content/Blueprints/BP_Portal.uasset" 2114
"D:/UE5_Project/TombEvader/Content/Blueprints/BP_Portal.uexp" 2115
"../../../Engine/Plugins/Interchange/Assets/Content/gltf/MaterialInstances/MI_Unlit_Opaque_DS.uasset" 2116
"../../../Engine/Plugins/Interchange/Assets/Content/gltf/MaterialInstances/MI_Unlit_Opaque_DS.uexp" 2117
"D:/UE5_Project/TombEvader/Content/Fab/egyptian_papyrus/egyptian_papyrus/Textures/egyptian_papyrus_texture_0.ubulk" 2118
"D:/UE5_Project/TombEvader/Content/Fab/egyptian_papyrus/egyptian_papyrus/Textures/egyptian_papyrus_texture_0.uasset" 2119
"D:/UE5_Project/TombEvader/Content/Fab/egyptian_papyrus/egyptian_papyrus/Textures/egyptian_papyrus_texture_0.uexp" 2120
"D:/UE5_Project/TombEvader/Content/Fab/egyptian_papyrus/egyptian_papyrus/Materials/model_Material_u1_v1.uasset" 2121
"D:/UE5_Project/TombEvader/Content/Fab/egyptian_papyrus/egyptian_papyrus/Materials/model_Material_u1_v1.uexp" 2122
"D:/UE5_Project/TombEvader/Content/Fab/egyptian_papyrus/egyptian_papyrus/StaticMeshes/egyptian_papyrus.ubulk" 2123
"D:/UE5_Project/TombEvader/Content/Fab/egyptian_papyrus/egyptian_papyrus/StaticMeshes/egyptian_papyrus.uasset" 2124
"D:/UE5_Project/TombEvader/Content/Fab/egyptian_papyrus/egyptian_papyrus/StaticMeshes/egyptian_papyrus.uexp" 2125
"D:/UE5_Project/TombEvader/Content/UI/Widgets/WBP_Mic.uasset" 2126
"D:/UE5_Project/TombEvader/Content/UI/Widgets/WBP_Mic.uexp" 2127
"D:/UE5_Project/TombEvader/Content/Blueprints/VoicePuzzle/BP_AudioListener.uasset" 2128
"D:/UE5_Project/TombEvader/Content/Blueprints/VoicePuzzle/BP_AudioListener.uexp" 2129
"D:/UE5_Project/TombEvader/Content/Blueprints/VoicePuzzle/BP_GoalBox.uasset" 2130
"D:/UE5_Project/TombEvader/Content/Blueprints/VoicePuzzle/BP_GoalBox.uexp" 2131
"D:/UE5_Project/TombEvader/Content/Font/M_DefaultText.uasset" 2132
"D:/UE5_Project/TombEvader/Content/Font/M_DefaultText.uexp" 2133
"D:/UE5_Project/TombEvader/Content/Font/MI_DefaultText.uasset" 2134
"D:/UE5_Project/TombEvader/Content/Font/MI_DefaultText.uexp" 2135
"D:/UE5_Project/TombEvader/Content/Blueprints/VoicePuzzle/BP_InteractiveTextRender.uasset" 2136
"D:/UE5_Project/TombEvader/Content/Blueprints/VoicePuzzle/BP_InteractiveTextRender.uexp" 2137
"D:/UE5_Project/TombEvader/Content/Fab/Stylized_Egypt/Textures/building_textures/base_textures/concrete/T_concrete_BaseColor.ubulk" 2138
"D:/UE5_Project/TombEvader/Content/Fab/Stylized_Egypt/Textures/building_textures/base_textures/concrete/T_concrete_BaseColor.uasset" 2139
"D:/UE5_Project/TombEvader/Content/Fab/Stylized_Egypt/Textures/building_textures/base_textures/concrete/T_concrete_BaseColor.uexp" 2140
"D:/UE5_Project/TombEvader/Content/Fab/Stylized_Egypt/Textures/building_textures/base_textures/concrete/T_concrete_Normal.ubulk" 2141
"D:/UE5_Project/TombEvader/Content/Fab/Stylized_Egypt/Textures/building_textures/base_textures/concrete/T_concrete_Normal.uasset" 2142
"D:/UE5_Project/TombEvader/Content/Fab/Stylized_Egypt/Textures/building_textures/base_textures/concrete/T_concrete_Normal.uexp" 2143
"D:/UE5_Project/TombEvader/Content/Fab/Stylized_Egypt/Textures/building_textures/building_normal_maps/T_part_ornament_Normal.ubulk" 2144
"D:/UE5_Project/TombEvader/Content/Fab/Stylized_Egypt/Textures/building_textures/building_normal_maps/T_part_ornament_Normal.uasset" 2145
"D:/UE5_Project/TombEvader/Content/Fab/Stylized_Egypt/Textures/building_textures/building_normal_maps/T_part_ornament_Normal.uexp" 2146
"D:/UE5_Project/TombEvader/Content/Fab/Stylized_Egypt/Textures/building_textures/T_part_ornament_MaskRGB.ubulk" 2147
"D:/UE5_Project/TombEvader/Content/Fab/Stylized_Egypt/Textures/building_textures/T_part_ornament_MaskRGB.uasset" 2148
"D:/UE5_Project/TombEvader/Content/Fab/Stylized_Egypt/Textures/building_textures/T_part_ornament_MaskRGB.uexp" 2149
"D:/UE5_Project/TombEvader/Content/Material/M_Rune.uasset" 2150
"D:/UE5_Project/TombEvader/Content/Material/M_Rune.uexp" 2151
"D:/UE5_Project/TombEvader/Content/Material/MI_Rune.uasset" 2152
"D:/UE5_Project/TombEvader/Content/Material/MI_Rune.uexp" 2153
"D:/UE5_Project/TombEvader/Content/Fab/Stylized_Egypt/Materials/building_materials/M_part_ornament.uasset" 2154
"D:/UE5_Project/TombEvader/Content/Fab/Stylized_Egypt/Materials/building_materials/M_part_ornament.uexp" 2155
"D:/UE5_Project/TombEvader/Content/Fab/Stylized_Egypt/Materials/building_materials/MI_part_ornament_01_Inst.uasset" 2156
"D:/UE5_Project/TombEvader/Content/Fab/Stylized_Egypt/Materials/building_materials/MI_part_ornament_01_Inst.uexp" 2157
"D:/UE5_Project/TombEvader/Content/Fab/Stylized_Egypt/Meshes/building/SM_part_ornament_02.ubulk" 2158
"D:/UE5_Project/TombEvader/Content/Fab/Stylized_Egypt/Meshes/building/SM_part_ornament_02.uasset" 2159
"D:/UE5_Project/TombEvader/Content/Fab/Stylized_Egypt/Meshes/building/SM_part_ornament_02.uexp" 2160
"D:/UE5_Project/TombEvader/Content/Blueprints/VoicePuzzle/BP_VoiceRune.uasset" 2161
"D:/UE5_Project/TombEvader/Content/Blueprints/VoicePuzzle/BP_VoiceRune.uexp" 2162
"D:/UE5_Project/TombEvader/Content/Fab/Stylized_Egypt/Textures/props_textures/wood_box/T_wood_box_Normal.ubulk" 2163
"D:/UE5_Project/TombEvader/Content/Fab/Stylized_Egypt/Textures/props_textures/wood_box/T_wood_box_Normal.uasset" 2164
"D:/UE5_Project/TombEvader/Content/Fab/Stylized_Egypt/Textures/props_textures/wood_box/T_wood_box_Normal.uexp" 2165
"D:/UE5_Project/TombEvader/Content/Fab/Stylized_Egypt/Textures/props_textures/wood_box/T_wood_box_BaseColor.ubulk" 2166
"D:/UE5_Project/TombEvader/Content/Fab/Stylized_Egypt/Textures/props_textures/wood_box/T_wood_box_BaseColor.uasset" 2167
"D:/UE5_Project/TombEvader/Content/Fab/Stylized_Egypt/Textures/props_textures/wood_box/T_wood_box_BaseColor.uexp" 2168
"D:/UE5_Project/TombEvader/Content/Fab/Stylized_Egypt/Materials/props_materials/M_props.uasset" 2169
"D:/UE5_Project/TombEvader/Content/Fab/Stylized_Egypt/Materials/props_materials/M_props.uexp" 2170
"D:/UE5_Project/TombEvader/Content/Fab/Stylized_Egypt/Textures/props_textures/jug/T_jug_Normal.ubulk" 2171
"D:/UE5_Project/TombEvader/Content/Fab/Stylized_Egypt/Textures/props_textures/jug/T_jug_Normal.uasset" 2172
"D:/UE5_Project/TombEvader/Content/Fab/Stylized_Egypt/Textures/props_textures/jug/T_jug_Normal.uexp" 2173
"D:/UE5_Project/TombEvader/Content/Fab/Stylized_Egypt/Textures/props_textures/jug/T_jug_BaseColor.ubulk" 2174
"D:/UE5_Project/TombEvader/Content/Fab/Stylized_Egypt/Textures/props_textures/jug/T_jug_BaseColor.uasset" 2175
"D:/UE5_Project/TombEvader/Content/Fab/Stylized_Egypt/Textures/props_textures/jug/T_jug_BaseColor.uexp" 2176
"D:/UE5_Project/TombEvader/Content/Fab/Stylized_Egypt/Materials/props_materials/MI_jug_01_Inst.uasset" 2177
"D:/UE5_Project/TombEvader/Content/Fab/Stylized_Egypt/Materials/props_materials/MI_jug_01_Inst.uexp" 2178
"D:/UE5_Project/TombEvader/Content/Maps/_GENERATED/Neo/SM_jug_broken_04_0_65C3001C.ubulk" 2179
"D:/UE5_Project/TombEvader/Content/Maps/_GENERATED/Neo/SM_jug_broken_04_0_65C3001C.uasset" 2180
"D:/UE5_Project/TombEvader/Content/Maps/_GENERATED/Neo/SM_jug_broken_04_0_65C3001C.uexp" 2181
"D:/UE5_Project/TombEvader/Content/Maps/_GENERATED/Neo/SM_jug_broken_04_1_18D5BFF3.ubulk" 2182
"D:/UE5_Project/TombEvader/Content/Maps/_GENERATED/Neo/SM_jug_broken_04_1_18D5BFF3.uasset" 2183
"D:/UE5_Project/TombEvader/Content/Maps/_GENERATED/Neo/SM_jug_broken_04_1_18D5BFF3.uexp" 2184
"D:/UE5_Project/TombEvader/Content/Maps/_GENERATED/Neo/SM_jug_broken_04_2_03CC2C61.ubulk" 2185
"D:/UE5_Project/TombEvader/Content/Maps/_GENERATED/Neo/SM_jug_broken_04_2_03CC2C61.uasset" 2186
"D:/UE5_Project/TombEvader/Content/Maps/_GENERATED/Neo/SM_jug_broken_04_2_03CC2C61.uexp" 2187
"D:/UE5_Project/TombEvader/Content/Maps/_GENERATED/Neo/SM_jug_broken_5_0_38B4DD40.ubulk" 2188
"D:/UE5_Project/TombEvader/Content/Maps/_GENERATED/Neo/SM_jug_broken_5_0_38B4DD40.uasset" 2189
"D:/UE5_Project/TombEvader/Content/Maps/_GENERATED/Neo/SM_jug_broken_5_0_38B4DD40.uexp" 2190
"D:/UE5_Project/TombEvader/Content/Maps/_GENERATED/Neo/SM_jug_broken_5_1_03F74B82.ubulk" 2191
"D:/UE5_Project/TombEvader/Content/Maps/_GENERATED/Neo/SM_jug_broken_5_1_03F74B82.uasset" 2192
"D:/UE5_Project/TombEvader/Content/Maps/_GENERATED/Neo/SM_jug_broken_5_1_03F74B82.uexp" 2193
"D:/UE5_Project/TombEvader/Content/Maps/_GENERATED/Neo/SM_jug_broken_5_2_5C1E3989.ubulk" 2194
"D:/UE5_Project/TombEvader/Content/Maps/_GENERATED/Neo/SM_jug_broken_5_2_5C1E3989.uasset" 2195
"D:/UE5_Project/TombEvader/Content/Maps/_GENERATED/Neo/SM_jug_broken_5_2_5C1E3989.uexp" 2196
"D:/UE5_Project/TombEvader/Content/Fab/Stylized_Egypt/Textures/building_textures/building_normal_maps/T_wooden_part_02_Normal.ubulk" 2197
"D:/UE5_Project/TombEvader/Content/Fab/Stylized_Egypt/Textures/building_textures/building_normal_maps/T_wooden_part_02_Normal.uasset" 2198
"D:/UE5_Project/TombEvader/Content/Fab/Stylized_Egypt/Textures/building_textures/building_normal_maps/T_wooden_part_02_Normal.uexp" 2199
"D:/UE5_Project/TombEvader/Content/Fab/Stylized_Egypt/Textures/building_textures/base_textures/metal/T_metal_Roughness.ubulk" 2200
"D:/UE5_Project/TombEvader/Content/Fab/Stylized_Egypt/Textures/building_textures/base_textures/metal/T_metal_Roughness.uasset" 2201
"D:/UE5_Project/TombEvader/Content/Fab/Stylized_Egypt/Textures/building_textures/base_textures/metal/T_metal_Roughness.uexp" 2202
"D:/UE5_Project/TombEvader/Content/Fab/Stylized_Egypt/Textures/building_textures/base_textures/metal/T_metal_Normal.ubulk" 2203
"D:/UE5_Project/TombEvader/Content/Fab/Stylized_Egypt/Textures/building_textures/base_textures/metal/T_metal_Normal.uasset" 2204
"D:/UE5_Project/TombEvader/Content/Fab/Stylized_Egypt/Textures/building_textures/base_textures/metal/T_metal_Normal.uexp" 2205
"D:/UE5_Project/TombEvader/Content/Fab/Stylized_Egypt/Materials/building_materials/base_materials/M_metal.uasset" 2206
"D:/UE5_Project/TombEvader/Content/Fab/Stylized_Egypt/Materials/building_materials/base_materials/M_metal.uexp" 2207
"../../../Engine/Content/EngineMaterials/DefaultNormal_Uncompressed.ubulk" 2208
"../../../Engine/Content/EngineMaterials/DefaultNormal_Uncompressed.uasset" 2209
"../../../Engine/Content/EngineMaterials/DefaultNormal_Uncompressed.uexp" 2210
"../../../Engine/Content/Functions/Engine_MaterialFunctions01/Texturing/WorldAlignedTexture.uasset" 2211
"../../../Engine/Content/Functions/Engine_MaterialFunctions01/Texturing/WorldAlignedTexture.uexp" 2212
"../../../Engine/Content/Functions/Engine_MaterialFunctions02/WorldAlignedNormals_HighQuality.uasset" 2213
"../../../Engine/Content/Functions/Engine_MaterialFunctions02/WorldAlignedNormals_HighQuality.uexp" 2214
"../../../Engine/Content/Functions/Engine_MaterialFunctions01/Texturing/WorldAlignedNormal.uasset" 2215
"../../../Engine/Content/Functions/Engine_MaterialFunctions01/Texturing/WorldAlignedNormal.uexp" 2216
"D:/UE5_Project/TombEvader/Content/Fab/Stylized_Egypt/Textures/building_textures/base_textures/concrete_paint/T_concrete_paint_Normal.ubulk" 2217
"D:/UE5_Project/TombEvader/Content/Fab/Stylized_Egypt/Textures/building_textures/base_textures/concrete_paint/T_concrete_paint_Normal.uasset" 2218
"D:/UE5_Project/TombEvader/Content/Fab/Stylized_Egypt/Textures/building_textures/base_textures/concrete_paint/T_concrete_paint_Normal.uexp" 2219
"D:/UE5_Project/TombEvader/Content/Fab/Stylized_Egypt/Textures/building_textures/base_textures/concrete_paint/T_concrete_paint_BaseColor.ubulk" 2220
"D:/UE5_Project/TombEvader/Content/Fab/Stylized_Egypt/Textures/building_textures/base_textures/concrete_paint/T_concrete_paint_BaseColor.uasset" 2221
"D:/UE5_Project/TombEvader/Content/Fab/Stylized_Egypt/Textures/building_textures/base_textures/concrete_paint/T_concrete_paint_BaseColor.uexp" 2222
"D:/UE5_Project/TombEvader/Content/Fab/Stylized_Egypt/Materials/building_materials/base_materials/M_base_concrete_WPO.uasset" 2223
"D:/UE5_Project/TombEvader/Content/Fab/Stylized_Egypt/Materials/building_materials/base_materials/M_base_concrete_WPO.uexp" 2224
"D:/UE5_Project/TombEvader/Content/Fab/Stylized_Egypt/Materials/building_materials/base_materials/MI_base_concrete_WPO_Inst.uasset" 2225
"D:/UE5_Project/TombEvader/Content/Fab/Stylized_Egypt/Materials/building_materials/base_materials/MI_base_concrete_WPO_Inst.uexp" 2226
"D:/UE5_Project/TombEvader/Content/Fab/Stylized_Egypt/Textures/building_textures/building_normal_maps/T_block_Normal.ubulk" 2227
"D:/UE5_Project/TombEvader/Content/Fab/Stylized_Egypt/Textures/building_textures/building_normal_maps/T_block_Normal.uasset" 2228
"D:/UE5_Project/TombEvader/Content/Fab/Stylized_Egypt/Textures/building_textures/building_normal_maps/T_block_Normal.uexp" 2229
"D:/UE5_Project/TombEvader/Content/Fab/Stylized_Egypt/Materials/building_materials/M_block.uasset" 2230
"D:/UE5_Project/TombEvader/Content/Fab/Stylized_Egypt/Materials/building_materials/M_block.uexp" 2231
"D:/UE5_Project/TombEvader/Content/Fab/Stylized_Egypt/Materials/building_materials/MI_block_01_Inst.uasset" 2232
"D:/UE5_Project/TombEvader/Content/Fab/Stylized_Egypt/Materials/building_materials/MI_block_01_Inst.uexp" 2233
"D:/UE5_Project/TombEvader/Content/Fab/Stylized_Egypt/Meshes/building/SM_block_02.ubulk" 2234
"D:/UE5_Project/TombEvader/Content/Fab/Stylized_Egypt/Meshes/building/SM_block_02.uasset" 2235
"D:/UE5_Project/TombEvader/Content/Fab/Stylized_Egypt/Meshes/building/SM_block_02.uexp" 2236
"D:/UE5_Project/TombEvader/Content/Fab/Stylized_Egypt/Textures/building_textures/base_textures/brick_01/T_brick_01_Normal.ubulk" 2237
"D:/UE5_Project/TombEvader/Content/Fab/Stylized_Egypt/Textures/building_textures/base_textures/brick_01/T_brick_01_Normal.uasset" 2238
"D:/UE5_Project/TombEvader/Content/Fab/Stylized_Egypt/Textures/building_textures/base_textures/brick_01/T_brick_01_Normal.uexp" 2239
"D:/UE5_Project/TombEvader/Content/Fab/Stylized_Egypt/Textures/building_textures/base_textures/brick_01/T_brick_01_BaseColor.ubulk" 2240
"D:/UE5_Project/TombEvader/Content/Fab/Stylized_Egypt/Textures/building_textures/base_textures/brick_01/T_brick_01_BaseColor.uasset" 2241
"D:/UE5_Project/TombEvader/Content/Fab/Stylized_Egypt/Textures/building_textures/base_textures/brick_01/T_brick_01_BaseColor.uexp" 2242
"../../../Engine/Content/Functions/Engine_MaterialFunctions02/Texturing/CustomRotator.uasset" 2243
"../../../Engine/Content/Functions/Engine_MaterialFunctions02/Texturing/CustomRotator.uexp" 2244
"D:/UE5_Project/TombEvader/Content/Fab/Stylized_Egypt/Textures/decals_textures/T_decal_pattern_07_Mask.ubulk" 2245
"D:/UE5_Project/TombEvader/Content/Fab/Stylized_Egypt/Textures/decals_textures/T_decal_pattern_07_Mask.uasset" 2246
"D:/UE5_Project/TombEvader/Content/Fab/Stylized_Egypt/Textures/decals_textures/T_decal_pattern_07_Mask.uexp" 2247
"D:/UE5_Project/TombEvader/Content/Fab/Stylized_Egypt/Textures/landscape_textures/sand/T_sand_Normal.ubulk" 2248
"D:/UE5_Project/TombEvader/Content/Fab/Stylized_Egypt/Textures/landscape_textures/sand/T_sand_Normal.uasset" 2249
"D:/UE5_Project/TombEvader/Content/Fab/Stylized_Egypt/Textures/landscape_textures/sand/T_sand_Normal.uexp" 2250
"D:/UE5_Project/TombEvader/Content/Fab/Stylized_Egypt/Textures/landscape_textures/sand/T_sand_BaseColor.ubulk" 2251
"D:/UE5_Project/TombEvader/Content/Fab/Stylized_Egypt/Textures/landscape_textures/sand/T_sand_BaseColor.uasset" 2252
"D:/UE5_Project/TombEvader/Content/Fab/Stylized_Egypt/Textures/landscape_textures/sand/T_sand_BaseColor.uexp" 2253
"D:/UE5_Project/TombEvader/Content/Fab/Stylized_Egypt/Materials/building_materials/base_materials/M_concrete_paint.uasset" 2254
"D:/UE5_Project/TombEvader/Content/Fab/Stylized_Egypt/Materials/building_materials/base_materials/M_concrete_paint.uexp" 2255
"D:/UE5_Project/TombEvader/Content/Fab/Stylized_Egypt/Materials/building_materials/base_materials/MI_concrete_paint_01_Inst.uasset" 2256
"D:/UE5_Project/TombEvader/Content/Fab/Stylized_Egypt/Materials/building_materials/base_materials/MI_concrete_paint_01_Inst.uexp" 2257
"D:/UE5_Project/TombEvader/Content/Fab/Stylized_Egypt/Textures/building_textures/building_normal_maps/T_building_01_Normal.ubulk" 2258
"D:/UE5_Project/TombEvader/Content/Fab/Stylized_Egypt/Textures/building_textures/building_normal_maps/T_building_01_Normal.uasset" 2259
"D:/UE5_Project/TombEvader/Content/Fab/Stylized_Egypt/Textures/building_textures/building_normal_maps/T_building_01_Normal.uexp" 2260
"D:/UE5_Project/TombEvader/Content/Fab/Stylized_Egypt/Materials/building_materials/M_building_concrete.uasset" 2261
"D:/UE5_Project/TombEvader/Content/Fab/Stylized_Egypt/Materials/building_materials/M_building_concrete.uexp" 2262
"D:/UE5_Project/TombEvader/Content/Fab/Stylized_Egypt/Materials/building_materials/MI_building_concrete_01_Inst.uasset" 2263
"D:/UE5_Project/TombEvader/Content/Fab/Stylized_Egypt/Materials/building_materials/MI_building_concrete_01_Inst.uexp" 2264
"D:/UE5_Project/TombEvader/Content/Fab/Stylized_Egypt/Meshes/building/SM_building_column_01.ubulk" 2265
"D:/UE5_Project/TombEvader/Content/Fab/Stylized_Egypt/Meshes/building/SM_building_column_01.uasset" 2266
"D:/UE5_Project/TombEvader/Content/Fab/Stylized_Egypt/Meshes/building/SM_building_column_01.uexp" 2267
"D:/UE5_Project/TombEvader/Content/Fab/Stylized_Egypt/Meshes/building/SM_building_part_05.ubulk" 2268
"D:/UE5_Project/TombEvader/Content/Fab/Stylized_Egypt/Meshes/building/SM_building_part_05.uasset" 2269
"D:/UE5_Project/TombEvader/Content/Fab/Stylized_Egypt/Meshes/building/SM_building_part_05.uexp" 2270
"D:/UE5_Project/TombEvader/Content/Fab/Stylized_Egypt/Meshes/building/SM_part_ornament_10.ubulk" 2271
"D:/UE5_Project/TombEvader/Content/Fab/Stylized_Egypt/Meshes/building/SM_part_ornament_10.uasset" 2272
"D:/UE5_Project/TombEvader/Content/Fab/Stylized_Egypt/Meshes/building/SM_part_ornament_10.uexp" 2273
"D:/UE5_Project/TombEvader/Content/Fab/Stylized_Egypt/Meshes/building/SM_part_ornament_01.ubulk" 2274
"D:/UE5_Project/TombEvader/Content/Fab/Stylized_Egypt/Meshes/building/SM_part_ornament_01.uasset" 2275
"D:/UE5_Project/TombEvader/Content/Fab/Stylized_Egypt/Meshes/building/SM_part_ornament_01.uexp" 2276
"D:/UE5_Project/TombEvader/Content/Fab/Stylized_Egypt/Textures/props_textures/egyptian_statue/T_egyptian_statue_01_Normal.ubulk" 2277
"D:/UE5_Project/TombEvader/Content/Fab/Stylized_Egypt/Textures/props_textures/egyptian_statue/T_egyptian_statue_01_Normal.uasset" 2278
"D:/UE5_Project/TombEvader/Content/Fab/Stylized_Egypt/Textures/props_textures/egyptian_statue/T_egyptian_statue_01_Normal.uexp" 2279
"D:/UE5_Project/TombEvader/Content/Fab/Stylized_Egypt/Textures/props_textures/egyptian_statue/T_egyptian_statue_01_BaseColor.ubulk" 2280
"D:/UE5_Project/TombEvader/Content/Fab/Stylized_Egypt/Textures/props_textures/egyptian_statue/T_egyptian_statue_01_BaseColor.uasset" 2281
"D:/UE5_Project/TombEvader/Content/Fab/Stylized_Egypt/Textures/props_textures/egyptian_statue/T_egyptian_statue_01_BaseColor.uexp" 2282
"D:/UE5_Project/TombEvader/Content/Fab/Stylized_Egypt/Materials/props_materials/M_egyptian_statue.uasset" 2283
"D:/UE5_Project/TombEvader/Content/Fab/Stylized_Egypt/Materials/props_materials/M_egyptian_statue.uexp" 2284
"D:/UE5_Project/TombEvader/Content/Fab/Stylized_Egypt/Materials/props_materials/MI_egyptian_statue_01_Inst.uasset" 2285
"D:/UE5_Project/TombEvader/Content/Fab/Stylized_Egypt/Materials/props_materials/MI_egyptian_statue_01_Inst.uexp" 2286
"D:/UE5_Project/TombEvader/Content/Fab/Stylized_Egypt/Meshes/props/SM_egyptian_statue_01.ubulk" 2287
"D:/UE5_Project/TombEvader/Content/Fab/Stylized_Egypt/Meshes/props/SM_egyptian_statue_01.uasset" 2288
"D:/UE5_Project/TombEvader/Content/Fab/Stylized_Egypt/Meshes/props/SM_egyptian_statue_01.uexp" 2289
"D:/UE5_Project/TombEvader/Content/Fab/Stylized_Egypt/Meshes/props/SM_jug_02.ubulk" 2290
"D:/UE5_Project/TombEvader/Content/Fab/Stylized_Egypt/Meshes/props/SM_jug_02.uasset" 2291
"D:/UE5_Project/TombEvader/Content/Fab/Stylized_Egypt/Meshes/props/SM_jug_02.uexp" 2292
"D:/UE5_Project/TombEvader/Content/Fab/Stylized_Egypt/Meshes/props/SM_jug_03.ubulk" 2293
"D:/UE5_Project/TombEvader/Content/Fab/Stylized_Egypt/Meshes/props/SM_jug_03.uasset" 2294
"D:/UE5_Project/TombEvader/Content/Fab/Stylized_Egypt/Meshes/props/SM_jug_03.uexp" 2295
"D:/UE5_Project/TombEvader/Content/Fab/Stylized_Egypt/Meshes/props/SM_jug_broken_02.ubulk" 2296
"D:/UE5_Project/TombEvader/Content/Fab/Stylized_Egypt/Meshes/props/SM_jug_broken_02.uasset" 2297
"D:/UE5_Project/TombEvader/Content/Fab/Stylized_Egypt/Meshes/props/SM_jug_broken_02.uexp" 2298
"D:/UE5_Project/TombEvader/Content/Fab/Stylized_Egypt/Meshes/props/SM_jug_broken_03.ubulk" 2299
"D:/UE5_Project/TombEvader/Content/Fab/Stylized_Egypt/Meshes/props/SM_jug_broken_03.uasset" 2300
"D:/UE5_Project/TombEvader/Content/Fab/Stylized_Egypt/Meshes/props/SM_jug_broken_03.uexp" 2301
"D:/UE5_Project/TombEvader/Content/Maps/L_Void_Puzzle_2.uexp" 2302
"D:/UE5_Project/TombEvader/Content/Maps/L_Void_Puzzle_2.umap" 2303
"../../../Engine/Content/EngineSky/T_Sky_Stars.ubulk" 2304
"../../../Engine/Content/EngineSky/T_Sky_Stars.uasset" 2305
"../../../Engine/Content/EngineSky/T_Sky_Stars.uexp" 2306
"../../../Engine/Content/EngineSky/T_Sky_Clouds_M.ubulk" 2307
"../../../Engine/Content/EngineSky/T_Sky_Clouds_M.uasset" 2308
"../../../Engine/Content/EngineSky/T_Sky_Clouds_M.uexp" 2309
"../../../Engine/Content/EngineSky/T_Sky_Blue.ubulk" 2310
"../../../Engine/Content/EngineSky/T_Sky_Blue.uasset" 2311
"../../../Engine/Content/EngineSky/T_Sky_Blue.uexp" 2312
"../../../Engine/Content/EngineSky/M_Sky_Panning_Clouds2.uasset" 2313
"../../../Engine/Content/EngineSky/M_Sky_Panning_Clouds2.uexp" 2314
"../../../Engine/Content/EngineSky/SM_SkySphere.ubulk" 2315
"../../../Engine/Content/EngineSky/SM_SkySphere.uasset" 2316
"../../../Engine/Content/EngineSky/SM_SkySphere.uexp" 2317
"../../../Engine/Content/EngineSky/M_SimpleSkyDome.uasset" 2318
"../../../Engine/Content/EngineSky/M_SimpleSkyDome.uexp" 2319
"../../../Engine/Content/EngineMaterials/WeightMapPlaceholderTexture.uasset" 2320
"../../../Engine/Content/EngineMaterials/WeightMapPlaceholderTexture.uexp" 2321
"../../../Engine/Content/EngineMaterials/WeightMapArrayPlaceholderTexture.uasset" 2322
"../../../Engine/Content/EngineMaterials/WeightMapArrayPlaceholderTexture.uexp" 2323
"D:/UE5_Project/TombEvader/Content/Fab/A_Surface_Footstep/Environment_Assets/Textures/T_Ground_Grass_D.ubulk" 2324
"D:/UE5_Project/TombEvader/Content/Fab/A_Surface_Footstep/Environment_Assets/Textures/T_Ground_Grass_D.uasset" 2325
"D:/UE5_Project/TombEvader/Content/Fab/A_Surface_Footstep/Environment_Assets/Textures/T_Ground_Grass_D.uexp" 2326
"D:/UE5_Project/TombEvader/Content/Fab/A_Surface_Footstep/Environment_Assets/Textures/T_Ground_Grass_N.ubulk" 2327
"D:/UE5_Project/TombEvader/Content/Fab/A_Surface_Footstep/Environment_Assets/Textures/T_Ground_Grass_N.uasset" 2328
"D:/UE5_Project/TombEvader/Content/Fab/A_Surface_Footstep/Environment_Assets/Textures/T_Ground_Grass_N.uexp" 2329
"D:/UE5_Project/TombEvader/Content/Fab/A_Surface_Footstep/Environment_Assets/Textures/T_Ground_Gravel_D.ubulk" 2330
"D:/UE5_Project/TombEvader/Content/Fab/A_Surface_Footstep/Environment_Assets/Textures/T_Ground_Gravel_D.uasset" 2331
"D:/UE5_Project/TombEvader/Content/Fab/A_Surface_Footstep/Environment_Assets/Textures/T_Ground_Gravel_D.uexp" 2332
"D:/UE5_Project/TombEvader/Content/Fab/A_Surface_Footstep/Environment_Assets/Textures/T_Ground_Gravel_N.ubulk" 2333
"D:/UE5_Project/TombEvader/Content/Fab/A_Surface_Footstep/Environment_Assets/Textures/T_Ground_Gravel_N.uasset" 2334
"D:/UE5_Project/TombEvader/Content/Fab/A_Surface_Footstep/Environment_Assets/Textures/T_Ground_Gravel_N.uexp" 2335
"D:/UE5_Project/TombEvader/Content/Fab/A_Surface_Footstep/Environment_Assets/Textures/T_MacroVariation.uasset" 2336
"D:/UE5_Project/TombEvader/Content/Fab/A_Surface_Footstep/Environment_Assets/Textures/T_MacroVariation.uexp" 2337
"D:/UE5_Project/TombEvader/Content/Fab/A_Surface_Footstep/Environment_Assets/Textures/T_Perlin_Noise_M.ubulk" 2338
"D:/UE5_Project/TombEvader/Content/Fab/A_Surface_Footstep/Environment_Assets/Textures/T_Perlin_Noise_M.uasset" 2339
"D:/UE5_Project/TombEvader/Content/Fab/A_Surface_Footstep/Environment_Assets/Textures/T_Perlin_Noise_M.uexp" 2340
"D:/UE5_Project/TombEvader/Content/Landscape/M_Landscape.uasset" 2341
"D:/UE5_Project/TombEvader/Content/Landscape/M_Landscape.uexp" 2342
"D:/UE5_Project/TombEvader/Content/Effects/M_CloudPlane.uasset" 2343
"D:/UE5_Project/TombEvader/Content/Effects/M_CloudPlane.uexp" 2344
"D:/UE5_Project/TombEvader/Content/Effects/MI_CloudPlane.uasset" 2345
"D:/UE5_Project/TombEvader/Content/Effects/MI_CloudPlane.uexp" 2346
"D:/UE5_Project/TombEvader/Content/Blueprints/BP_RespawnVolume.uasset" 2347
"D:/UE5_Project/TombEvader/Content/Blueprints/BP_RespawnVolume.uexp" 2348
"../../../Engine/Content/EngineSky/VolumetricClouds/VT_PerlinWorley_Balanced.uasset" 2349
"../../../Engine/Content/EngineSky/VolumetricClouds/VT_PerlinWorley_Balanced.uexp" 2350
"../../../Engine/Content/EngineSky/VolumetricClouds/T_Profile_08.ubulk" 2351
"../../../Engine/Content/EngineSky/VolumetricClouds/T_Profile_08.uasset" 2352
"../../../Engine/Content/EngineSky/VolumetricClouds/T_Profile_08.uexp" 2353
"../../../Engine/Content/EngineSky/VolumetricClouds/T_CloudPattern.ubulk" 2354
"../../../Engine/Content/EngineSky/VolumetricClouds/T_CloudPattern.uasset" 2355
"../../../Engine/Content/EngineSky/VolumetricClouds/T_CloudPattern.uexp" 2356
"../../../Engine/Content/EngineSky/VolumetricClouds/T_CloudMask.ubulk" 2357
"../../../Engine/Content/EngineSky/VolumetricClouds/T_CloudMask.uasset" 2358
"../../../Engine/Content/EngineSky/VolumetricClouds/T_CloudMask.uexp" 2359
"../../../Engine/Content/Functions/Engine_MaterialFunctions02/Utility/BreakOutFloat4Components.uasset" 2360
"../../../Engine/Content/Functions/Engine_MaterialFunctions02/Utility/BreakOutFloat4Components.uexp" 2361
"../../../Engine/Content/EngineResources/DefaultVolumeTexture2D.uasset" 2362
"../../../Engine/Content/EngineResources/DefaultVolumeTexture2D.uexp" 2363
"../../../Engine/Content/EngineResources/DefaultVolumeTexture.uasset" 2364
"../../../Engine/Content/EngineResources/DefaultVolumeTexture.uexp" 2365
"../../../Engine/Content/EngineSky/VolumetricClouds/VT_Lightning.uasset" 2366
"../../../Engine/Content/EngineSky/VolumetricClouds/VT_Lightning.uexp" 2367
"../../../Engine/Content/Functions/Engine_MaterialFunctions01/Units/Km-to-Cm.uasset" 2368
"../../../Engine/Content/Functions/Engine_MaterialFunctions01/Units/Km-to-Cm.uexp" 2369
"../../../Engine/Content/EngineSky/VolumetricClouds/m_SimpleVolumetricCloud.uasset" 2370
"../../../Engine/Content/EngineSky/VolumetricClouds/m_SimpleVolumetricCloud.uexp" 2371
"../../../Engine/Content/EngineSky/VolumetricClouds/m_SimpleVolumetricCloud_Inst.uasset" 2372
"../../../Engine/Content/EngineSky/VolumetricClouds/m_SimpleVolumetricCloud_Inst.uexp" 2373
"D:/UE5_Project/TombEvader/Content/Maps/_GENERATED/Neo/SM_CloudPlane.ubulk" 2374
"D:/UE5_Project/TombEvader/Content/Maps/_GENERATED/Neo/SM_CloudPlane.uasset" 2375
"D:/UE5_Project/TombEvader/Content/Maps/_GENERATED/Neo/SM_CloudPlane.uexp" 2376
"D:/UE5_Project/TombEvader/Content/Maps/L_Sky_Puzzle_3_sharedassets/Gras_LayerInfo.uasset" 2377
"D:/UE5_Project/TombEvader/Content/Maps/L_Sky_Puzzle_3_sharedassets/Gras_LayerInfo.uexp" 2378
"D:/UE5_Project/TombEvader/Content/Maps/L_Sky_Puzzle_3_sharedassets/Rock_LayerInfo.uasset" 2379
"D:/UE5_Project/TombEvader/Content/Maps/L_Sky_Puzzle_3_sharedassets/Rock_LayerInfo.uexp" 2380
"D:/UE5_Project/TombEvader/Content/Fab/Stylized_Egypt/Meshes/building/SM_part_ornament_08.ubulk" 2381
"D:/UE5_Project/TombEvader/Content/Fab/Stylized_Egypt/Meshes/building/SM_part_ornament_08.uasset" 2382
"D:/UE5_Project/TombEvader/Content/Fab/Stylized_Egypt/Meshes/building/SM_part_ornament_08.uexp" 2383
"../../../Engine/Plugins/FX/Niagara/Content/DefaultAssets/DefaultRIbbonMaterial.uasset" 2384
"../../../Engine/Plugins/FX/Niagara/Content/DefaultAssets/DefaultRIbbonMaterial.uexp" 2385
"D:/UE5_Project/TombEvader/Content/Effects/NS_Beam.uasset" 2386
"D:/UE5_Project/TombEvader/Content/Effects/NS_Beam.uexp" 2387
"D:/UE5_Project/TombEvader/Content/Sounds/Source/Level3VoiceLine.ubulk" 2388
"D:/UE5_Project/TombEvader/Content/Sounds/Source/Level3VoiceLine.uasset" 2389
"D:/UE5_Project/TombEvader/Content/Sounds/Source/Level3VoiceLine.uexp" 2390
"D:/UE5_Project/TombEvader/Content/Sounds/Source/LaserBeam.ubulk" 2391
"D:/UE5_Project/TombEvader/Content/Sounds/Source/LaserBeam.uasset" 2392
"D:/UE5_Project/TombEvader/Content/Sounds/Source/LaserBeam.uexp" 2393
"D:/UE5_Project/TombEvader/Content/Fab/Stylized_Egypt/Meshes/building/SM_part_ornament_06.ubulk" 2394
"D:/UE5_Project/TombEvader/Content/Fab/Stylized_Egypt/Meshes/building/SM_part_ornament_06.uasset" 2395
"D:/UE5_Project/TombEvader/Content/Fab/Stylized_Egypt/Meshes/building/SM_part_ornament_06.uexp" 2396
"D:/UE5_Project/TombEvader/Content/Fab/Stylized_Egypt/Materials/building_materials/base_materials/MI_metal_A_Inst.uasset" 2397
"D:/UE5_Project/TombEvader/Content/Fab/Stylized_Egypt/Materials/building_materials/base_materials/MI_metal_A_Inst.uexp" 2398
"D:/UE5_Project/TombEvader/Content/Fab/Stylized_Egypt/Textures/building_textures/base_textures/concrete_slab/T_concrete_slab_Normal.ubulk" 2399
"D:/UE5_Project/TombEvader/Content/Fab/Stylized_Egypt/Textures/building_textures/base_textures/concrete_slab/T_concrete_slab_Normal.uasset" 2400
"D:/UE5_Project/TombEvader/Content/Fab/Stylized_Egypt/Textures/building_textures/base_textures/concrete_slab/T_concrete_slab_Normal.uexp" 2401
"D:/UE5_Project/TombEvader/Content/Fab/Stylized_Egypt/Textures/building_textures/base_textures/concrete_slab/T_concrete_slab_BaseColor.ubulk" 2402
"D:/UE5_Project/TombEvader/Content/Fab/Stylized_Egypt/Textures/building_textures/base_textures/concrete_slab/T_concrete_slab_BaseColor.uasset" 2403
"D:/UE5_Project/TombEvader/Content/Fab/Stylized_Egypt/Textures/building_textures/base_textures/concrete_slab/T_concrete_slab_BaseColor.uexp" 2404
"D:/UE5_Project/TombEvader/Content/Fab/Stylized_Egypt/Materials/building_materials/base_materials/MI_concrete_slab_Inst.uasset" 2405
"D:/UE5_Project/TombEvader/Content/Fab/Stylized_Egypt/Materials/building_materials/base_materials/MI_concrete_slab_Inst.uexp" 2406
"D:/UE5_Project/TombEvader/Content/Fab/Stylized_Egypt/Meshes/building/SM_roof_dome_01.ubulk" 2407
"D:/UE5_Project/TombEvader/Content/Fab/Stylized_Egypt/Meshes/building/SM_roof_dome_01.uasset" 2408
"D:/UE5_Project/TombEvader/Content/Fab/Stylized_Egypt/Meshes/building/SM_roof_dome_01.uexp" 2409
"D:/UE5_Project/TombEvader/Content/Blueprints/JumpPuzzle/BP_AscensionPadestal.uasset" 2410
"D:/UE5_Project/TombEvader/Content/Blueprints/JumpPuzzle/BP_AscensionPadestal.uexp" 2411
"D:/UE5_Project/TombEvader/Content/FirstPerson/Effects/PhysMats/PM_Grass.uasset" 2412
"D:/UE5_Project/TombEvader/Content/FirstPerson/Effects/PhysMats/PM_Grass.uexp" 2413
"../../../Engine/Plugins/Interchange/Assets/Content/Functions/MF_PhongToMetalRoughness.uasset" 2414
"../../../Engine/Plugins/Interchange/Assets/Content/Functions/MF_PhongToMetalRoughness.uexp" 2415
"D:/UE5_Project/TombEvader/Content/Fab/AssetsEgypt/Textures/T_EgyptianObelisk.ubulk" 2416
"D:/UE5_Project/TombEvader/Content/Fab/AssetsEgypt/Textures/T_EgyptianObelisk.uasset" 2417
"D:/UE5_Project/TombEvader/Content/Fab/AssetsEgypt/Textures/T_EgyptianObelisk.uexp" 2418
"D:/UE5_Project/TombEvader/Content/Fab/AssetsEgypt/Materials/M_EgyptianObelisk.uasset" 2419
"D:/UE5_Project/TombEvader/Content/Fab/AssetsEgypt/Materials/M_EgyptianObelisk.uexp" 2420
"D:/UE5_Project/TombEvader/Content/Fab/AssetsEgypt/Models/SM_EgyptianObelisk.ubulk" 2421
"D:/UE5_Project/TombEvader/Content/Fab/AssetsEgypt/Models/SM_EgyptianObelisk.uasset" 2422
"D:/UE5_Project/TombEvader/Content/Fab/AssetsEgypt/Models/SM_EgyptianObelisk.uexp" 2423
"D:/UE5_Project/TombEvader/Content/Maps/L_Sky_Puzzle_3.uexp" 2424
"D:/UE5_Project/TombEvader/Content/Maps/L_Sky_Puzzle_3.ubulk" 2425
"D:/UE5_Project/TombEvader/Content/Maps/L_Sky_Puzzle_3.umap" 2426
"../../../Engine/Content/EngineSky/C_Sky_Zenith_Color.uasset" 2427
"../../../Engine/Content/EngineSky/C_Sky_Zenith_Color.uexp" 2428
"../../../Engine/Content/EngineSky/C_Sky_Horizon_Color.uasset" 2429
"../../../Engine/Content/EngineSky/C_Sky_Horizon_Color.uexp" 2430
"../../../Engine/Content/EngineSky/C_Sky_Cloud_Color.uasset" 2431
"../../../Engine/Content/EngineSky/C_Sky_Cloud_Color.uexp" 2432
"../../../Engine/Content/EngineSky/BP_Sky_Sphere.uasset" 2433
"../../../Engine/Content/EngineSky/BP_Sky_Sphere.uexp" 2434
"D:/UE5_Project/TombEvader/Content/Maps/L_Desert_Puzzle_1_BuiltData.ubulk" 2435
"D:/UE5_Project/TombEvader/Content/Maps/L_Desert_Puzzle_1_BuiltData.uasset" 2436
"D:/UE5_Project/TombEvader/Content/Maps/L_Desert_Puzzle_1_BuiltData.uexp" 2437
"D:/UE5_Project/TombEvader/Content/Images/M_Hieroglyph.uasset" 2438
"D:/UE5_Project/TombEvader/Content/Images/M_Hieroglyph.uexp" 2439
"D:/UE5_Project/TombEvader/Content/Images/JACKAL-HIEROGLYPH.ubulk" 2440
"D:/UE5_Project/TombEvader/Content/Images/JACKAL-HIEROGLYPH.uasset" 2441
"D:/UE5_Project/TombEvader/Content/Images/JACKAL-HIEROGLYPH.uexp" 2442
"D:/UE5_Project/TombEvader/Content/Images/MI_JACKAL_Hieroglyph.uasset" 2443
"D:/UE5_Project/TombEvader/Content/Images/MI_JACKAL_Hieroglyph.uexp" 2444
"D:/UE5_Project/TombEvader/Content/Images/IBISES-HIEROGLYPH.ubulk" 2445
"D:/UE5_Project/TombEvader/Content/Images/IBISES-HIEROGLYPH.uasset" 2446
"D:/UE5_Project/TombEvader/Content/Images/IBISES-HIEROGLYPH.uexp" 2447
"D:/UE5_Project/TombEvader/Content/Images/MI_IBISES_Hieroglyph.uasset" 2448
"D:/UE5_Project/TombEvader/Content/Images/MI_IBISES_Hieroglyph.uexp" 2449
"D:/UE5_Project/TombEvader/Content/Images/HAWK-HIEROGLYPH.ubulk" 2450
"D:/UE5_Project/TombEvader/Content/Images/HAWK-HIEROGLYPH.uasset" 2451
"D:/UE5_Project/TombEvader/Content/Images/HAWK-HIEROGLYPH.uexp" 2452
"D:/UE5_Project/TombEvader/Content/Images/MI_HAWK_Hieroglyph.uasset" 2453
"D:/UE5_Project/TombEvader/Content/Images/MI_HAWK_Hieroglyph.uexp" 2454
"D:/UE5_Project/TombEvader/Content/Images/CROCODILE-HIEROGLYPH.ubulk" 2455
"D:/UE5_Project/TombEvader/Content/Images/CROCODILE-HIEROGLYPH.uasset" 2456
"D:/UE5_Project/TombEvader/Content/Images/CROCODILE-HIEROGLYPH.uexp" 2457
"D:/UE5_Project/TombEvader/Content/Images/MI_CROCODILE_Hieroglyph.uasset" 2458
"D:/UE5_Project/TombEvader/Content/Images/MI_CROCODILE_Hieroglyph.uexp" 2459
"D:/UE5_Project/TombEvader/Content/Images/COW-HIEROGLYPH.ubulk" 2460
"D:/UE5_Project/TombEvader/Content/Images/COW-HIEROGLYPH.uasset" 2461
"D:/UE5_Project/TombEvader/Content/Images/COW-HIEROGLYPH.uexp" 2462
"D:/UE5_Project/TombEvader/Content/Images/MI_COW_Hieroglyph.uasset" 2463
"D:/UE5_Project/TombEvader/Content/Images/MI_COW_Hieroglyph.uexp" 2464
"D:/UE5_Project/TombEvader/Content/Images/CAT-HIEROGLYPH.ubulk" 2465
"D:/UE5_Project/TombEvader/Content/Images/CAT-HIEROGLYPH.uasset" 2466
"D:/UE5_Project/TombEvader/Content/Images/CAT-HIEROGLYPH.uexp" 2467
"D:/UE5_Project/TombEvader/Content/Images/MI_CAT_Hieroglyph.uasset" 2468
"D:/UE5_Project/TombEvader/Content/Images/MI_CAT_Hieroglyph.uexp" 2469
"D:/UE5_Project/TombEvader/Content/Images/JACKAL.uasset" 2470
"D:/UE5_Project/TombEvader/Content/Images/JACKAL.uexp" 2471
"D:/UE5_Project/TombEvader/Content/Images/IBISES.uasset" 2472
"D:/UE5_Project/TombEvader/Content/Images/IBISES.uexp" 2473
"D:/UE5_Project/TombEvader/Content/Images/HAWK.uasset" 2474
"D:/UE5_Project/TombEvader/Content/Images/HAWK.uexp" 2475
"D:/UE5_Project/TombEvader/Content/Images/CROCODILE.uasset" 2476
"D:/UE5_Project/TombEvader/Content/Images/CROCODILE.uexp" 2477
"D:/UE5_Project/TombEvader/Content/Images/COW.uasset" 2478
"D:/UE5_Project/TombEvader/Content/Images/COW.uexp" 2479
"D:/UE5_Project/TombEvader/Content/Images/CAT.uasset" 2480
"D:/UE5_Project/TombEvader/Content/Images/CAT.uexp" 2481
"../../../Engine/Plugins/Interchange/Assets/Content/gltf/MaterialInstances/MI_Default_Opaque_DS.uasset" 2482
"../../../Engine/Plugins/Interchange/Assets/Content/gltf/MaterialInstances/MI_Default_Opaque_DS.uexp" 2483
"D:/UE5_Project/TombEvader/Content/Fab/Medieval_Torch/medieval_torch/Textures/medieval_torch_texture_0.ubulk" 2484
"D:/UE5_Project/TombEvader/Content/Fab/Medieval_Torch/medieval_torch/Textures/medieval_torch_texture_0.uasset" 2485
"D:/UE5_Project/TombEvader/Content/Fab/Medieval_Torch/medieval_torch/Textures/medieval_torch_texture_0.uexp" 2486
"D:/UE5_Project/TombEvader/Content/Fab/Medieval_Torch/medieval_torch/Textures/medieval_torch_texture_1.ubulk" 2487
"D:/UE5_Project/TombEvader/Content/Fab/Medieval_Torch/medieval_torch/Textures/medieval_torch_texture_1.uasset" 2488
"D:/UE5_Project/TombEvader/Content/Fab/Medieval_Torch/medieval_torch/Textures/medieval_torch_texture_1.uexp" 2489
"D:/UE5_Project/TombEvader/Content/Fab/Medieval_Torch/medieval_torch/Textures/medieval_torch_texture_2.ubulk" 2490
"D:/UE5_Project/TombEvader/Content/Fab/Medieval_Torch/medieval_torch/Textures/medieval_torch_texture_2.uasset" 2491
"D:/UE5_Project/TombEvader/Content/Fab/Medieval_Torch/medieval_torch/Textures/medieval_torch_texture_2.uexp" 2492
"D:/UE5_Project/TombEvader/Content/Fab/Medieval_Torch/medieval_torch/Materials/Torch.uasset" 2493
"D:/UE5_Project/TombEvader/Content/Fab/Medieval_Torch/medieval_torch/Materials/Torch.uexp" 2494
"D:/UE5_Project/TombEvader/Content/Fab/Medieval_Torch/medieval_torch/StaticMeshes/medieval_torch.ubulk" 2495
"D:/UE5_Project/TombEvader/Content/Fab/Medieval_Torch/medieval_torch/StaticMeshes/medieval_torch.uasset" 2496
"D:/UE5_Project/TombEvader/Content/Fab/Medieval_Torch/medieval_torch/StaticMeshes/medieval_torch.uexp" 2497
"D:/UE5_Project/TombEvader/Content/Sounds/Attenuations/SA_Torch.uasset" 2498
"D:/UE5_Project/TombEvader/Content/Sounds/Attenuations/SA_Torch.uexp" 2499
"D:/UE5_Project/TombEvader/Content/Sounds/Source/FireCrackling.ubulk" 2500
"D:/UE5_Project/TombEvader/Content/Sounds/Source/FireCrackling.uasset" 2501
"D:/UE5_Project/TombEvader/Content/Sounds/Source/FireCrackling.uexp" 2502
"../../../Engine/Plugins/FX/Niagara/Content/VectorFields/Assets/TilingCurl16.uasset" 2503
"../../../Engine/Plugins/FX/Niagara/Content/VectorFields/Assets/TilingCurl16.uexp" 2504
"D:/UE5_Project/TombEvader/Content/Fab/TorchFire/Texture/T_TorchFire.ubulk" 2505
"D:/UE5_Project/TombEvader/Content/Fab/TorchFire/Texture/T_TorchFire.uasset" 2506
"D:/UE5_Project/TombEvader/Content/Fab/TorchFire/Texture/T_TorchFire.uexp" 2507
"D:/UE5_Project/TombEvader/Content/Fab/TorchFire/Material/M_TorchFire.uasset" 2508
"D:/UE5_Project/TombEvader/Content/Fab/TorchFire/Material/M_TorchFire.uexp" 2509
"D:/UE5_Project/TombEvader/Content/Fab/TorchFire/Texture/T_Spark.ubulk" 2510
"D:/UE5_Project/TombEvader/Content/Fab/TorchFire/Texture/T_Spark.uasset" 2511
"D:/UE5_Project/TombEvader/Content/Fab/TorchFire/Texture/T_Spark.uexp" 2512
"D:/UE5_Project/TombEvader/Content/Fab/TorchFire/Material/M_Spark.uasset" 2513
"D:/UE5_Project/TombEvader/Content/Fab/TorchFire/Material/M_Spark.uexp" 2514
"D:/UE5_Project/TombEvader/Content/Fab/TorchFire/Texture/T_Smoke_B.ubulk" 2515
"D:/UE5_Project/TombEvader/Content/Fab/TorchFire/Texture/T_Smoke_B.uasset" 2516
"D:/UE5_Project/TombEvader/Content/Fab/TorchFire/Texture/T_Smoke_B.uexp" 2517
"D:/UE5_Project/TombEvader/Content/Fab/TorchFire/Texture/T_Smoke_A.ubulk" 2518
"D:/UE5_Project/TombEvader/Content/Fab/TorchFire/Texture/T_Smoke_A.uasset" 2519
"D:/UE5_Project/TombEvader/Content/Fab/TorchFire/Texture/T_Smoke_A.uexp" 2520
"D:/UE5_Project/TombEvader/Content/Fab/TorchFire/Material/M_Smoke.uasset" 2521
"D:/UE5_Project/TombEvader/Content/Fab/TorchFire/Material/M_Smoke.uexp" 2522
"D:/UE5_Project/TombEvader/Content/Fab/TorchFire/FX/NS_TorchFire_Standard.uasset" 2523
"D:/UE5_Project/TombEvader/Content/Fab/TorchFire/FX/NS_TorchFire_Standard.uexp" 2524
"D:/UE5_Project/TombEvader/Content/Blueprints/BP_Torch.uasset" 2525
"D:/UE5_Project/TombEvader/Content/Blueprints/BP_Torch.uexp" 2526
"../../../Engine/Content/BasicShapes/Plane.ubulk" 2527
"../../../Engine/Content/BasicShapes/Plane.uasset" 2528
"../../../Engine/Content/BasicShapes/Plane.uexp" 2529
"../../../Engine/Content/EngineMeshes/BackgroundMaterial.uasset" 2530
"../../../Engine/Content/EngineMeshes/BackgroundMaterial.uexp" 2531
"../../../Engine/Content/BasicShapes/Cube.ubulk" 2532
"../../../Engine/Content/BasicShapes/Cube.uasset" 2533
"../../../Engine/Content/BasicShapes/Cube.uexp" 2534
"D:/UE5_Project/TombEvader/Content/Blueprints/PicturePuzzle/BP_Hieroglyph.uasset" 2535
"D:/UE5_Project/TombEvader/Content/Blueprints/PicturePuzzle/BP_Hieroglyph.uexp" 2536
"D:/UE5_Project/TombEvader/Content/Blueprints/PicturePuzzle/BP_PictureManager.uasset" 2537
"D:/UE5_Project/TombEvader/Content/Blueprints/PicturePuzzle/BP_PictureManager.uexp" 2538
"D:/UE5_Project/TombEvader/Content/Images/SM_PictureFrame.ubulk" 2539
"D:/UE5_Project/TombEvader/Content/Images/SM_PictureFrame.uasset" 2540
"D:/UE5_Project/TombEvader/Content/Images/SM_PictureFrame.uexp" 2541
"D:/UE5_Project/TombEvader/Content/Images/M_PictureFrame.uasset" 2542
"D:/UE5_Project/TombEvader/Content/Images/M_PictureFrame.uexp" 2543
"D:/UE5_Project/TombEvader/Content/Blueprints/PicturePuzzle/BP_PictureFrameInteractable.uasset" 2544
"D:/UE5_Project/TombEvader/Content/Blueprints/PicturePuzzle/BP_PictureFrameInteractable.uexp" 2545
"D:/UE5_Project/TombEvader/Content/FirstPerson/Effects/PhysMats/PM_Sand.uasset" 2546
"D:/UE5_Project/TombEvader/Content/FirstPerson/Effects/PhysMats/PM_Sand.uexp" 2547
"../../../Engine/Plugins/Fab/Content/MaterialFunctions/QMF_Tiling.uasset" 2548
"../../../Engine/Plugins/Fab/Content/MaterialFunctions/QMF_Tiling.uexp" 2549
"../../../Engine/Plugins/Fab/Content/MaterialFunctions/QMF_RoughnessAdjustments.uasset" 2550
"../../../Engine/Plugins/Fab/Content/MaterialFunctions/QMF_RoughnessAdjustments.uexp" 2551
"../../../Engine/Plugins/Fab/Content/MaterialFunctions/QMF_NormalAdjustments.uasset" 2552
"../../../Engine/Plugins/Fab/Content/MaterialFunctions/QMF_NormalAdjustments.uexp" 2553
"../../../Engine/Plugins/Fab/Content/MaterialFunctions/QMF_BaseColorAdjustments.uasset" 2554
"../../../Engine/Plugins/Fab/Content/MaterialFunctions/QMF_BaseColorAdjustments.uexp" 2555
"../../../Engine/Plugins/Fab/Content/MaterialFunctions/QMF_AOAdjustments.uasset" 2556
"../../../Engine/Plugins/Fab/Content/MaterialFunctions/QMF_AOAdjustments.uexp" 2557
"../../../Engine/Plugins/Fab/Content/Textures/Standard/T_DefaultNormal.uasset" 2558
"../../../Engine/Plugins/Fab/Content/Textures/Standard/T_DefaultNormal.uexp" 2559
"../../../Engine/Plugins/Fab/Content/Textures/Standard/T_DefaultMasks.uasset" 2560
"../../../Engine/Plugins/Fab/Content/Textures/Standard/T_DefaultMasks.uexp" 2561
"../../../Engine/Plugins/Fab/Content/Textures/Standard/T_DefaultDisplacement.uasset" 2562
"../../../Engine/Plugins/Fab/Content/Textures/Standard/T_DefaultDisplacement.uexp" 2563
"../../../Engine/Plugins/Fab/Content/Textures/Standard/T_DefaultColor.uasset" 2564
"../../../Engine/Plugins/Fab/Content/Textures/Standard/T_DefaultColor.uexp" 2565
"../../../Engine/Plugins/Fab/Content/Materials/Standard/M_MS_Srf.uasset" 2566
"../../../Engine/Plugins/Fab/Content/Materials/Standard/M_MS_Srf.uexp" 2567
"D:/UE5_Project/TombEvader/Content/Fab/Megascans/Surfaces/Rippled_Sand_vd3lecfs/Medium/vd3lecfs_tier_2/Textures/T_vd3lecfs_2K_ORM.ubulk" 2568
"D:/UE5_Project/TombEvader/Content/Fab/Megascans/Surfaces/Rippled_Sand_vd3lecfs/Medium/vd3lecfs_tier_2/Textures/T_vd3lecfs_2K_ORM.uasset" 2569
"D:/UE5_Project/TombEvader/Content/Fab/Megascans/Surfaces/Rippled_Sand_vd3lecfs/Medium/vd3lecfs_tier_2/Textures/T_vd3lecfs_2K_ORM.uexp" 2570
"D:/UE5_Project/TombEvader/Content/Fab/Megascans/Surfaces/Rippled_Sand_vd3lecfs/Medium/vd3lecfs_tier_2/Textures/T_vd3lecfs_2K_N.ubulk" 2571
"D:/UE5_Project/TombEvader/Content/Fab/Megascans/Surfaces/Rippled_Sand_vd3lecfs/Medium/vd3lecfs_tier_2/Textures/T_vd3lecfs_2K_N.uasset" 2572
"D:/UE5_Project/TombEvader/Content/Fab/Megascans/Surfaces/Rippled_Sand_vd3lecfs/Medium/vd3lecfs_tier_2/Textures/T_vd3lecfs_2K_N.uexp" 2573
"D:/UE5_Project/TombEvader/Content/Fab/Megascans/Surfaces/Rippled_Sand_vd3lecfs/Medium/vd3lecfs_tier_2/Textures/T_vd3lecfs_2K_B.ubulk" 2574
"D:/UE5_Project/TombEvader/Content/Fab/Megascans/Surfaces/Rippled_Sand_vd3lecfs/Medium/vd3lecfs_tier_2/Textures/T_vd3lecfs_2K_B.uasset" 2575
"D:/UE5_Project/TombEvader/Content/Fab/Megascans/Surfaces/Rippled_Sand_vd3lecfs/Medium/vd3lecfs_tier_2/Textures/T_vd3lecfs_2K_B.uexp" 2576
"D:/UE5_Project/TombEvader/Content/Fab/Megascans/Surfaces/Rippled_Sand_vd3lecfs/Medium/vd3lecfs_tier_2/Materials/MI_Sand.uasset" 2577
"D:/UE5_Project/TombEvader/Content/Fab/Megascans/Surfaces/Rippled_Sand_vd3lecfs/Medium/vd3lecfs_tier_2/Materials/MI_Sand.uexp" 2578
"D:/UE5_Project/TombEvader/Content/Sounds/Source/CreepyMusic.ubulk" 2579
"D:/UE5_Project/TombEvader/Content/Sounds/Source/CreepyMusic.uasset" 2580
"D:/UE5_Project/TombEvader/Content/Sounds/Source/CreepyMusic.uexp" 2581
"D:/UE5_Project/TombEvader/Content/Maps/Sequences/IntroSequence.uasset" 2582
"D:/UE5_Project/TombEvader/Content/Maps/Sequences/IntroSequence.uexp" 2583
"D:/UE5_Project/TombEvader/Content/Blueprints/PicturePuzzle/BP_TombEntrance.uasset" 2584
"D:/UE5_Project/TombEvader/Content/Blueprints/PicturePuzzle/BP_TombEntrance.uexp" 2585
"D:/UE5_Project/TombEvader/Content/StarterContent/Textures/T_Metal_Gold_N.ubulk" 2586
"D:/UE5_Project/TombEvader/Content/StarterContent/Textures/T_Metal_Gold_N.uasset" 2587
"D:/UE5_Project/TombEvader/Content/StarterContent/Textures/T_Metal_Gold_N.uexp" 2588
"D:/UE5_Project/TombEvader/Content/StarterContent/Textures/T_Metal_Gold_D.ubulk" 2589
"D:/UE5_Project/TombEvader/Content/StarterContent/Textures/T_Metal_Gold_D.uasset" 2590
"D:/UE5_Project/TombEvader/Content/StarterContent/Textures/T_Metal_Gold_D.uexp" 2591
"D:/UE5_Project/TombEvader/Content/StarterContent/Textures/T_MacroVariation.uasset" 2592
"D:/UE5_Project/TombEvader/Content/StarterContent/Textures/T_MacroVariation.uexp" 2593
"D:/UE5_Project/TombEvader/Content/StarterContent/Materials/M_Metal_Gold.uasset" 2594
"D:/UE5_Project/TombEvader/Content/StarterContent/Materials/M_Metal_Gold.uexp" 2595
"D:/UE5_Project/TombEvader/Content/StarterContent/Textures/T_Smoke_Tiled_D.ubulk" 2596
"D:/UE5_Project/TombEvader/Content/StarterContent/Textures/T_Smoke_Tiled_D.uasset" 2597
"D:/UE5_Project/TombEvader/Content/StarterContent/Textures/T_Smoke_Tiled_D.uexp" 2598
"D:/UE5_Project/TombEvader/Content/StarterContent/Textures/T_Smoke_SubUV.ubulk" 2599
"D:/UE5_Project/TombEvader/Content/StarterContent/Textures/T_Smoke_SubUV.uasset" 2600
"D:/UE5_Project/TombEvader/Content/StarterContent/Textures/T_Smoke_SubUV.uexp" 2601
"D:/UE5_Project/TombEvader/Content/StarterContent/Particles/Materials/M_smoke_subUV.uasset" 2602
"D:/UE5_Project/TombEvader/Content/StarterContent/Particles/Materials/M_smoke_subUV.uexp" 2603
"../../../Engine/Content/Functions/Engine_MaterialFunctions01/Gradient/RadialGradient.uasset" 2604
"../../../Engine/Content/Functions/Engine_MaterialFunctions01/Gradient/RadialGradient.uexp" 2605
"D:/UE5_Project/TombEvader/Content/StarterContent/Particles/Materials/M_Radial_Gradient.uasset" 2606
"D:/UE5_Project/TombEvader/Content/StarterContent/Particles/Materials/M_Radial_Gradient.uexp" 2607
"D:/UE5_Project/TombEvader/Content/StarterContent/Textures/T_Water_N.ubulk" 2608
"D:/UE5_Project/TombEvader/Content/StarterContent/Textures/T_Water_N.uasset" 2609
"D:/UE5_Project/TombEvader/Content/StarterContent/Textures/T_Water_N.uexp" 2610
"D:/UE5_Project/TombEvader/Content/StarterContent/Particles/Materials/M_Heat_Distortion.uasset" 2611
"D:/UE5_Project/TombEvader/Content/StarterContent/Particles/Materials/M_Heat_Distortion.uexp" 2612
"D:/UE5_Project/TombEvader/Content/StarterContent/Textures/T_Fire_Tiled_D.ubulk" 2613
"D:/UE5_Project/TombEvader/Content/StarterContent/Textures/T_Fire_Tiled_D.uasset" 2614
"D:/UE5_Project/TombEvader/Content/StarterContent/Textures/T_Fire_Tiled_D.uexp" 2615
"D:/UE5_Project/TombEvader/Content/StarterContent/Textures/T_Fire_SubUV.ubulk" 2616
"D:/UE5_Project/TombEvader/Content/StarterContent/Textures/T_Fire_SubUV.uasset" 2617
"D:/UE5_Project/TombEvader/Content/StarterContent/Textures/T_Fire_SubUV.uexp" 2618
"D:/UE5_Project/TombEvader/Content/StarterContent/Particles/Materials/M_Fire_SubUV.uasset" 2619
"D:/UE5_Project/TombEvader/Content/StarterContent/Particles/Materials/M_Fire_SubUV.uexp" 2620
"D:/UE5_Project/TombEvader/Content/StarterContent/Particles/P_Fire.uasset" 2621
"D:/UE5_Project/TombEvader/Content/StarterContent/Particles/P_Fire.uexp" 2622
"D:/UE5_Project/TombEvader/Content/Fab/Medieval_Torch__Free_/medieval_torch_free/Textures/medieval_torch_free_texture_9.ubulk" 2623
"D:/UE5_Project/TombEvader/Content/Fab/Medieval_Torch__Free_/medieval_torch_free/Textures/medieval_torch_free_texture_9.uasset" 2624
"D:/UE5_Project/TombEvader/Content/Fab/Medieval_Torch__Free_/medieval_torch_free/Textures/medieval_torch_free_texture_9.uexp" 2625
"D:/UE5_Project/TombEvader/Content/Fab/Medieval_Torch__Free_/medieval_torch_free/Textures/medieval_torch_free_texture_10.ubulk" 2626
"D:/UE5_Project/TombEvader/Content/Fab/Medieval_Torch__Free_/medieval_torch_free/Textures/medieval_torch_free_texture_10.uasset" 2627
"D:/UE5_Project/TombEvader/Content/Fab/Medieval_Torch__Free_/medieval_torch_free/Textures/medieval_torch_free_texture_10.uexp" 2628
"D:/UE5_Project/TombEvader/Content/Fab/Medieval_Torch__Free_/medieval_torch_free/Textures/medieval_torch_free_texture_11.ubulk" 2629
"D:/UE5_Project/TombEvader/Content/Fab/Medieval_Torch__Free_/medieval_torch_free/Textures/medieval_torch_free_texture_11.uasset" 2630
"D:/UE5_Project/TombEvader/Content/Fab/Medieval_Torch__Free_/medieval_torch_free/Textures/medieval_torch_free_texture_11.uexp" 2631
"D:/UE5_Project/TombEvader/Content/Fab/Medieval_Torch__Free_/medieval_torch_free/Materials/FancytorchWood.uasset" 2632
"D:/UE5_Project/TombEvader/Content/Fab/Medieval_Torch__Free_/medieval_torch_free/Materials/FancytorchWood.uexp" 2633
"D:/UE5_Project/TombEvader/Content/Fab/Medieval_Torch__Free_/medieval_torch_free/Textures/medieval_torch_free_texture_6.ubulk" 2634
"D:/UE5_Project/TombEvader/Content/Fab/Medieval_Torch__Free_/medieval_torch_free/Textures/medieval_torch_free_texture_6.uasset" 2635
"D:/UE5_Project/TombEvader/Content/Fab/Medieval_Torch__Free_/medieval_torch_free/Textures/medieval_torch_free_texture_6.uexp" 2636
"D:/UE5_Project/TombEvader/Content/Fab/Medieval_Torch__Free_/medieval_torch_free/Textures/medieval_torch_free_texture_7.ubulk" 2637
"D:/UE5_Project/TombEvader/Content/Fab/Medieval_Torch__Free_/medieval_torch_free/Textures/medieval_torch_free_texture_7.uasset" 2638
"D:/UE5_Project/TombEvader/Content/Fab/Medieval_Torch__Free_/medieval_torch_free/Textures/medieval_torch_free_texture_7.uexp" 2639
"D:/UE5_Project/TombEvader/Content/Fab/Medieval_Torch__Free_/medieval_torch_free/Textures/medieval_torch_free_texture_8.ubulk" 2640
"D:/UE5_Project/TombEvader/Content/Fab/Medieval_Torch__Free_/medieval_torch_free/Textures/medieval_torch_free_texture_8.uasset" 2641
"D:/UE5_Project/TombEvader/Content/Fab/Medieval_Torch__Free_/medieval_torch_free/Textures/medieval_torch_free_texture_8.uexp" 2642
"D:/UE5_Project/TombEvader/Content/Fab/Medieval_Torch__Free_/medieval_torch_free/Materials/FancyTorchLeather.uasset" 2643
"D:/UE5_Project/TombEvader/Content/Fab/Medieval_Torch__Free_/medieval_torch_free/Materials/FancyTorchLeather.uexp" 2644
"D:/UE5_Project/TombEvader/Content/Fab/Medieval_Torch__Free_/medieval_torch_free/Textures/medieval_torch_free_texture_3.ubulk" 2645
"D:/UE5_Project/TombEvader/Content/Fab/Medieval_Torch__Free_/medieval_torch_free/Textures/medieval_torch_free_texture_3.uasset" 2646
"D:/UE5_Project/TombEvader/Content/Fab/Medieval_Torch__Free_/medieval_torch_free/Textures/medieval_torch_free_texture_3.uexp" 2647
"D:/UE5_Project/TombEvader/Content/Fab/Medieval_Torch__Free_/medieval_torch_free/Textures/medieval_torch_free_texture_4.ubulk" 2648
"D:/UE5_Project/TombEvader/Content/Fab/Medieval_Torch__Free_/medieval_torch_free/Textures/medieval_torch_free_texture_4.uasset" 2649
"D:/UE5_Project/TombEvader/Content/Fab/Medieval_Torch__Free_/medieval_torch_free/Textures/medieval_torch_free_texture_4.uexp" 2650
"D:/UE5_Project/TombEvader/Content/Fab/Medieval_Torch__Free_/medieval_torch_free/Textures/medieval_torch_free_texture_5.ubulk" 2651
"D:/UE5_Project/TombEvader/Content/Fab/Medieval_Torch__Free_/medieval_torch_free/Textures/medieval_torch_free_texture_5.uasset" 2652
"D:/UE5_Project/TombEvader/Content/Fab/Medieval_Torch__Free_/medieval_torch_free/Textures/medieval_torch_free_texture_5.uexp" 2653
"D:/UE5_Project/TombEvader/Content/Fab/Medieval_Torch__Free_/medieval_torch_free/Materials/FancyTorchIron.uasset" 2654
"D:/UE5_Project/TombEvader/Content/Fab/Medieval_Torch__Free_/medieval_torch_free/Materials/FancyTorchIron.uexp" 2655
"D:/UE5_Project/TombEvader/Content/Fab/Medieval_Torch__Free_/medieval_torch_free/Textures/medieval_torch_free_texture_0.ubulk" 2656
"D:/UE5_Project/TombEvader/Content/Fab/Medieval_Torch__Free_/medieval_torch_free/Textures/medieval_torch_free_texture_0.uasset" 2657
"D:/UE5_Project/TombEvader/Content/Fab/Medieval_Torch__Free_/medieval_torch_free/Textures/medieval_torch_free_texture_0.uexp" 2658
"D:/UE5_Project/TombEvader/Content/Fab/Medieval_Torch__Free_/medieval_torch_free/Textures/medieval_torch_free_texture_1.ubulk" 2659
"D:/UE5_Project/TombEvader/Content/Fab/Medieval_Torch__Free_/medieval_torch_free/Textures/medieval_torch_free_texture_1.uasset" 2660
"D:/UE5_Project/TombEvader/Content/Fab/Medieval_Torch__Free_/medieval_torch_free/Textures/medieval_torch_free_texture_1.uexp" 2661
"D:/UE5_Project/TombEvader/Content/Fab/Medieval_Torch__Free_/medieval_torch_free/Textures/medieval_torch_free_texture_2.ubulk" 2662
"D:/UE5_Project/TombEvader/Content/Fab/Medieval_Torch__Free_/medieval_torch_free/Textures/medieval_torch_free_texture_2.uasset" 2663
"D:/UE5_Project/TombEvader/Content/Fab/Medieval_Torch__Free_/medieval_torch_free/Textures/medieval_torch_free_texture_2.uexp" 2664
"D:/UE5_Project/TombEvader/Content/Fab/Medieval_Torch__Free_/medieval_torch_free/Materials/Coal.uasset" 2665
"D:/UE5_Project/TombEvader/Content/Fab/Medieval_Torch__Free_/medieval_torch_free/Materials/Coal.uexp" 2666
"D:/UE5_Project/TombEvader/Content/Fab/Medieval_Torch__Free_/medieval_torch_free/StaticMeshes/medieval_torch_free.ubulk" 2667
"D:/UE5_Project/TombEvader/Content/Fab/Medieval_Torch__Free_/medieval_torch_free/StaticMeshes/medieval_torch_free.uasset" 2668
"D:/UE5_Project/TombEvader/Content/Fab/Medieval_Torch__Free_/medieval_torch_free/StaticMeshes/medieval_torch_free.uexp" 2669
"D:/UE5_Project/TombEvader/Content/Blueprints/BP_StandingTorch.uasset" 2670
"D:/UE5_Project/TombEvader/Content/Blueprints/BP_StandingTorch.uexp" 2671
"D:/UE5_Project/TombEvader/Content/Fab/Anubis/anubis/Materials/material_0.uasset" 2672
"D:/UE5_Project/TombEvader/Content/Fab/Anubis/anubis/Materials/material_0.uexp" 2673
"D:/UE5_Project/TombEvader/Content/Fab/Anubis/anubis/StaticMeshes/anubis.ubulk" 2674
"D:/UE5_Project/TombEvader/Content/Fab/Anubis/anubis/StaticMeshes/anubis.uasset" 2675
"D:/UE5_Project/TombEvader/Content/Fab/Anubis/anubis/StaticMeshes/anubis.uexp" 2676
"D:/UE5_Project/TombEvader/Content/Fab/Guardians_of__Stone_/guardians_of_stone/Textures/guardians_of_stone_texture_0.ubulk" 2677
"D:/UE5_Project/TombEvader/Content/Fab/Guardians_of__Stone_/guardians_of_stone/Textures/guardians_of_stone_texture_0.uasset" 2678
"D:/UE5_Project/TombEvader/Content/Fab/Guardians_of__Stone_/guardians_of_stone/Textures/guardians_of_stone_texture_0.uexp" 2679
"D:/UE5_Project/TombEvader/Content/Fab/Guardians_of__Stone_/guardians_of_stone/Materials/Material_0_001.uasset" 2680
"D:/UE5_Project/TombEvader/Content/Fab/Guardians_of__Stone_/guardians_of_stone/Materials/Material_0_001.uexp" 2681
"D:/UE5_Project/TombEvader/Content/Fab/Guardians_of__Stone_/guardians_of_stone/StaticMeshes/guardians_of_stone.ubulk" 2682
"D:/UE5_Project/TombEvader/Content/Fab/Guardians_of__Stone_/guardians_of_stone/StaticMeshes/guardians_of_stone.uasset" 2683
"D:/UE5_Project/TombEvader/Content/Fab/Guardians_of__Stone_/guardians_of_stone/StaticMeshes/guardians_of_stone.uexp" 2684
"D:/UE5_Project/TombEvader/Content/Fab/Marble_Altar/marble_altar/Textures/marble_altar_texture_0.ubulk" 2685
"D:/UE5_Project/TombEvader/Content/Fab/Marble_Altar/marble_altar/Textures/marble_altar_texture_0.uasset" 2686
"D:/UE5_Project/TombEvader/Content/Fab/Marble_Altar/marble_altar/Textures/marble_altar_texture_0.uexp" 2687
"D:/UE5_Project/TombEvader/Content/Fab/Marble_Altar/marble_altar/Textures/marble_altar_texture_1.ubulk" 2688
"D:/UE5_Project/TombEvader/Content/Fab/Marble_Altar/marble_altar/Textures/marble_altar_texture_1.uasset" 2689
"D:/UE5_Project/TombEvader/Content/Fab/Marble_Altar/marble_altar/Textures/marble_altar_texture_1.uexp" 2690
"D:/UE5_Project/TombEvader/Content/Fab/Marble_Altar/marble_altar/Textures/marble_altar_texture_2.ubulk" 2691
"D:/UE5_Project/TombEvader/Content/Fab/Marble_Altar/marble_altar/Textures/marble_altar_texture_2.uasset" 2692
"D:/UE5_Project/TombEvader/Content/Fab/Marble_Altar/marble_altar/Textures/marble_altar_texture_2.uexp" 2693
"D:/UE5_Project/TombEvader/Content/Fab/Marble_Altar/marble_altar/Materials/Altar.uasset" 2694
"D:/UE5_Project/TombEvader/Content/Fab/Marble_Altar/marble_altar/Materials/Altar.uexp" 2695
"D:/UE5_Project/TombEvader/Content/Fab/Marble_Altar/marble_altar/StaticMeshes/marble_altar.ubulk" 2696
"D:/UE5_Project/TombEvader/Content/Fab/Marble_Altar/marble_altar/StaticMeshes/marble_altar.uasset" 2697
"D:/UE5_Project/TombEvader/Content/Fab/Marble_Altar/marble_altar/StaticMeshes/marble_altar.uexp" 2698
"D:/UE5_Project/TombEvader/Content/Fab/AssetsEgypt/Textures/T_EgyptianColumn.ubulk" 2699
"D:/UE5_Project/TombEvader/Content/Fab/AssetsEgypt/Textures/T_EgyptianColumn.uasset" 2700
"D:/UE5_Project/TombEvader/Content/Fab/AssetsEgypt/Textures/T_EgyptianColumn.uexp" 2701
"D:/UE5_Project/TombEvader/Content/Fab/AssetsEgypt/Materials/M_EgyptianColumn.uasset" 2702
"D:/UE5_Project/TombEvader/Content/Fab/AssetsEgypt/Materials/M_EgyptianColumn.uexp" 2703
"D:/UE5_Project/TombEvader/Content/Fab/AssetsEgypt/Models/SM_EgyptianColumn.ubulk" 2704
"D:/UE5_Project/TombEvader/Content/Fab/AssetsEgypt/Models/SM_EgyptianColumn.uasset" 2705
"D:/UE5_Project/TombEvader/Content/Fab/AssetsEgypt/Models/SM_EgyptianColumn.uexp" 2706
"D:/UE5_Project/TombEvader/Content/Fab/AssetsEgypt/Textures/T_CanopicJar.ubulk" 2707
"D:/UE5_Project/TombEvader/Content/Fab/AssetsEgypt/Textures/T_CanopicJar.uasset" 2708
"D:/UE5_Project/TombEvader/Content/Fab/AssetsEgypt/Textures/T_CanopicJar.uexp" 2709
"D:/UE5_Project/TombEvader/Content/Fab/AssetsEgypt/Materials/M_CanopicJar.uasset" 2710
"D:/UE5_Project/TombEvader/Content/Fab/AssetsEgypt/Materials/M_CanopicJar.uexp" 2711
"D:/UE5_Project/TombEvader/Content/Fab/AssetsEgypt/Models/SM_CanopicJar.ubulk" 2712
"D:/UE5_Project/TombEvader/Content/Fab/AssetsEgypt/Models/SM_CanopicJar.uasset" 2713
"D:/UE5_Project/TombEvader/Content/Fab/AssetsEgypt/Models/SM_CanopicJar.uexp" 2714
"D:/UE5_Project/TombEvader/Content/Fab/Stylized_Egypt/Materials/building_materials/base_materials/M_brick_WPO.uasset" 2715
"D:/UE5_Project/TombEvader/Content/Fab/Stylized_Egypt/Materials/building_materials/base_materials/M_brick_WPO.uexp" 2716
"D:/UE5_Project/TombEvader/Content/Fab/Stylized_Egypt/Materials/building_materials/base_materials/MI_brick_01_WPO_Inst.uasset" 2717
"D:/UE5_Project/TombEvader/Content/Fab/Stylized_Egypt/Materials/building_materials/base_materials/MI_brick_01_WPO_Inst.uexp" 2718
"D:/UE5_Project/TombEvader/Content/Fab/Stylized_Egypt/Materials/building_materials/base_materials/MI_concrete_paint_Planar_WPO_01_Inst.uasset" 2719
"D:/UE5_Project/TombEvader/Content/Fab/Stylized_Egypt/Materials/building_materials/base_materials/MI_concrete_paint_Planar_WPO_01_Inst.uexp" 2720
"D:/UE5_Project/TombEvader/Content/Fab/Stylized_Egypt/Textures/building_textures/base_textures/wooden_board_01/T_wooden_board_01_Normal.ubulk" 2721
"D:/UE5_Project/TombEvader/Content/Fab/Stylized_Egypt/Textures/building_textures/base_textures/wooden_board_01/T_wooden_board_01_Normal.uasset" 2722
"D:/UE5_Project/TombEvader/Content/Fab/Stylized_Egypt/Textures/building_textures/base_textures/wooden_board_01/T_wooden_board_01_Normal.uexp" 2723
"D:/UE5_Project/TombEvader/Content/Fab/Stylized_Egypt/Textures/building_textures/base_textures/wooden_board_01/T_wooden_board_01_BaseColor.ubulk" 2724
"D:/UE5_Project/TombEvader/Content/Fab/Stylized_Egypt/Textures/building_textures/base_textures/wooden_board_01/T_wooden_board_01_BaseColor.uasset" 2725
"D:/UE5_Project/TombEvader/Content/Fab/Stylized_Egypt/Textures/building_textures/base_textures/wooden_board_01/T_wooden_board_01_BaseColor.uexp" 2726
"D:/UE5_Project/TombEvader/Content/Fab/Stylized_Egypt/Materials/building_materials/base_materials/MI_wooden_board_01_Inst.uasset" 2727
"D:/UE5_Project/TombEvader/Content/Fab/Stylized_Egypt/Materials/building_materials/base_materials/MI_wooden_board_01_Inst.uexp" 2728
"D:/UE5_Project/TombEvader/Content/Fab/Stylized_Egypt/Materials/building_materials/base_materials/MI_wooden_board_Planar_WPO_01_Inst.uasset" 2729
"D:/UE5_Project/TombEvader/Content/Fab/Stylized_Egypt/Materials/building_materials/base_materials/MI_wooden_board_Planar_WPO_01_Inst.uexp" 2730
"D:/UE5_Project/TombEvader/Content/Fab/Stylized_Egypt/Textures/decals_textures/T_decal_dirt_04_Mask.ubulk" 2731
"D:/UE5_Project/TombEvader/Content/Fab/Stylized_Egypt/Textures/decals_textures/T_decal_dirt_04_Mask.uasset" 2732
"D:/UE5_Project/TombEvader/Content/Fab/Stylized_Egypt/Textures/decals_textures/T_decal_dirt_04_Mask.uexp" 2733
"D:/UE5_Project/TombEvader/Content/Fab/Stylized_Egypt/Textures/decals_textures/T_decal_dirt_01_Mask.ubulk" 2734
"D:/UE5_Project/TombEvader/Content/Fab/Stylized_Egypt/Textures/decals_textures/T_decal_dirt_01_Mask.uasset" 2735
"D:/UE5_Project/TombEvader/Content/Fab/Stylized_Egypt/Textures/decals_textures/T_decal_dirt_01_Mask.uexp" 2736
"D:/UE5_Project/TombEvader/Content/Fab/Stylized_Egypt/Materials/decals_materials/M_decal_dirt.uasset" 2737
"D:/UE5_Project/TombEvader/Content/Fab/Stylized_Egypt/Materials/decals_materials/M_decal_dirt.uexp" 2738
"D:/UE5_Project/TombEvader/Content/Fab/Stylized_Egypt/Materials/decals_materials/MI_decal_dirt_01_Inst.uasset" 2739
"D:/UE5_Project/TombEvader/Content/Fab/Stylized_Egypt/Materials/decals_materials/MI_decal_dirt_01_Inst.uexp" 2740
"D:/UE5_Project/TombEvader/Content/Fab/Stylized_Egypt/Materials/decals_materials/MI_decal_dirt_02_Inst.uasset" 2741
"D:/UE5_Project/TombEvader/Content/Fab/Stylized_Egypt/Materials/decals_materials/MI_decal_dirt_02_Inst.uexp" 2742
"D:/UE5_Project/TombEvader/Content/Fab/Stylized_Egypt/Materials/decals_materials/MI_decal_dirt_03_Inst.uasset" 2743
"D:/UE5_Project/TombEvader/Content/Fab/Stylized_Egypt/Materials/decals_materials/MI_decal_dirt_03_Inst.uexp" 2744
"D:/UE5_Project/TombEvader/Content/Fab/Stylized_Egypt/Textures/decals_textures/T_decal_hieroglyphs_01_Normal.ubulk" 2745
"D:/UE5_Project/TombEvader/Content/Fab/Stylized_Egypt/Textures/decals_textures/T_decal_hieroglyphs_01_Normal.uasset" 2746
"D:/UE5_Project/TombEvader/Content/Fab/Stylized_Egypt/Textures/decals_textures/T_decal_hieroglyphs_01_Normal.uexp" 2747
"D:/UE5_Project/TombEvader/Content/Fab/Stylized_Egypt/Textures/decals_textures/T_decal_hieroglyphs_01_Mask.ubulk" 2748
"D:/UE5_Project/TombEvader/Content/Fab/Stylized_Egypt/Textures/decals_textures/T_decal_hieroglyphs_01_Mask.uasset" 2749
"D:/UE5_Project/TombEvader/Content/Fab/Stylized_Egypt/Textures/decals_textures/T_decal_hieroglyphs_01_Mask.uexp" 2750
"D:/UE5_Project/TombEvader/Content/Fab/Stylized_Egypt/Materials/decals_materials/M_decal_hieroglyphs.uasset" 2751
"D:/UE5_Project/TombEvader/Content/Fab/Stylized_Egypt/Materials/decals_materials/M_decal_hieroglyphs.uexp" 2752
"D:/UE5_Project/TombEvader/Content/Fab/Stylized_Egypt/Materials/decals_materials/MI_decal_hieroglyphs_01_Inst.uasset" 2753
"D:/UE5_Project/TombEvader/Content/Fab/Stylized_Egypt/Materials/decals_materials/MI_decal_hieroglyphs_01_Inst.uexp" 2754
"D:/UE5_Project/TombEvader/Content/Fab/Stylized_Egypt/Meshes/building/SM_block_10.ubulk" 2755
"D:/UE5_Project/TombEvader/Content/Fab/Stylized_Egypt/Meshes/building/SM_block_10.uasset" 2756
"D:/UE5_Project/TombEvader/Content/Fab/Stylized_Egypt/Meshes/building/SM_block_10.uexp" 2757
"D:/UE5_Project/TombEvader/Content/Fab/Stylized_Egypt/Meshes/building/SM_block_01.ubulk" 2758
"D:/UE5_Project/TombEvader/Content/Fab/Stylized_Egypt/Meshes/building/SM_block_01.uasset" 2759
"D:/UE5_Project/TombEvader/Content/Fab/Stylized_Egypt/Meshes/building/SM_block_01.uexp" 2760
"D:/UE5_Project/TombEvader/Content/Fab/Stylized_Egypt/Meshes/building/SM_building_border_02.ubulk" 2761
"D:/UE5_Project/TombEvader/Content/Fab/Stylized_Egypt/Meshes/building/SM_building_border_02.uasset" 2762
"D:/UE5_Project/TombEvader/Content/Fab/Stylized_Egypt/Meshes/building/SM_building_border_02.uexp" 2763
"D:/UE5_Project/TombEvader/Content/Fab/Stylized_Egypt/Meshes/building/SM_building_column_02.ubulk" 2764
"D:/UE5_Project/TombEvader/Content/Fab/Stylized_Egypt/Meshes/building/SM_building_column_02.uasset" 2765
"D:/UE5_Project/TombEvader/Content/Fab/Stylized_Egypt/Meshes/building/SM_building_column_02.uexp" 2766
"D:/UE5_Project/TombEvader/Content/Fab/Stylized_Egypt/Meshes/building/SM_building_part_07.ubulk" 2767
"D:/UE5_Project/TombEvader/Content/Fab/Stylized_Egypt/Meshes/building/SM_building_part_07.uasset" 2768
"D:/UE5_Project/TombEvader/Content/Fab/Stylized_Egypt/Meshes/building/SM_building_part_07.uexp" 2769
"D:/UE5_Project/TombEvader/Content/Fab/Stylized_Egypt/Meshes/building/SM_building_part_08.ubulk" 2770
"D:/UE5_Project/TombEvader/Content/Fab/Stylized_Egypt/Meshes/building/SM_building_part_08.uasset" 2771
"D:/UE5_Project/TombEvader/Content/Fab/Stylized_Egypt/Meshes/building/SM_building_part_08.uexp" 2772
"D:/UE5_Project/TombEvader/Content/Fab/Stylized_Egypt/Materials/building_materials/base_materials/MI_concrete_paint_02_Inst.uasset" 2773
"D:/UE5_Project/TombEvader/Content/Fab/Stylized_Egypt/Materials/building_materials/base_materials/MI_concrete_paint_02_Inst.uexp" 2774
"D:/UE5_Project/TombEvader/Content/Fab/Stylized_Egypt/Textures/building_textures/base_textures/floor_tile/T_floor_tile_Normal.ubulk" 2775
"D:/UE5_Project/TombEvader/Content/Fab/Stylized_Egypt/Textures/building_textures/base_textures/floor_tile/T_floor_tile_Normal.uasset" 2776
"D:/UE5_Project/TombEvader/Content/Fab/Stylized_Egypt/Textures/building_textures/base_textures/floor_tile/T_floor_tile_Normal.uexp" 2777
"D:/UE5_Project/TombEvader/Content/Fab/Stylized_Egypt/Textures/building_textures/base_textures/floor_tile/T_floor_tile_BaseColor.ubulk" 2778
"D:/UE5_Project/TombEvader/Content/Fab/Stylized_Egypt/Textures/building_textures/base_textures/floor_tile/T_floor_tile_BaseColor.uasset" 2779
"D:/UE5_Project/TombEvader/Content/Fab/Stylized_Egypt/Textures/building_textures/base_textures/floor_tile/T_floor_tile_BaseColor.uexp" 2780
"D:/UE5_Project/TombEvader/Content/Fab/Stylized_Egypt/Materials/building_materials/base_materials/MI_floor_tile_01_Inst.uasset" 2781
"D:/UE5_Project/TombEvader/Content/Fab/Stylized_Egypt/Materials/building_materials/base_materials/MI_floor_tile_01_Inst.uexp" 2782
"D:/UE5_Project/TombEvader/Content/Fab/Stylized_Egypt/Textures/building_textures/base_textures/wood_02/T_wood_02_Normal.ubulk" 2783
"D:/UE5_Project/TombEvader/Content/Fab/Stylized_Egypt/Textures/building_textures/base_textures/wood_02/T_wood_02_Normal.uasset" 2784
"D:/UE5_Project/TombEvader/Content/Fab/Stylized_Egypt/Textures/building_textures/base_textures/wood_02/T_wood_02_Normal.uexp" 2785
"D:/UE5_Project/TombEvader/Content/Fab/Stylized_Egypt/Textures/building_textures/base_textures/wood_02/T_wood_02_BaseColor.ubulk" 2786
"D:/UE5_Project/TombEvader/Content/Fab/Stylized_Egypt/Textures/building_textures/base_textures/wood_02/T_wood_02_BaseColor.uasset" 2787
"D:/UE5_Project/TombEvader/Content/Fab/Stylized_Egypt/Textures/building_textures/base_textures/wood_02/T_wood_02_BaseColor.uexp" 2788
"D:/UE5_Project/TombEvader/Content/Fab/Stylized_Egypt/Materials/building_materials/base_materials/MI_wood_01_Inst.uasset" 2789
"D:/UE5_Project/TombEvader/Content/Fab/Stylized_Egypt/Materials/building_materials/base_materials/MI_wood_01_Inst.uexp" 2790
"D:/UE5_Project/TombEvader/Content/Fab/Stylized_Egypt/Materials/building_materials/base_materials/MI_wood_02_Inst.uasset" 2791
"D:/UE5_Project/TombEvader/Content/Fab/Stylized_Egypt/Materials/building_materials/base_materials/MI_wood_02_Inst.uexp" 2792
"D:/UE5_Project/TombEvader/Content/Fab/Stylized_Egypt/Meshes/building/SM_entry_pyramid_01.ubulk" 2793
"D:/UE5_Project/TombEvader/Content/Fab/Stylized_Egypt/Meshes/building/SM_entry_pyramid_01.uasset" 2794
"D:/UE5_Project/TombEvader/Content/Fab/Stylized_Egypt/Meshes/building/SM_entry_pyramid_01.uexp" 2795
"D:/UE5_Project/TombEvader/Content/Fab/Stylized_Egypt/Meshes/building/SM_entry_pyramid_02.ubulk" 2796
"D:/UE5_Project/TombEvader/Content/Fab/Stylized_Egypt/Meshes/building/SM_entry_pyramid_02.uasset" 2797
"D:/UE5_Project/TombEvader/Content/Fab/Stylized_Egypt/Meshes/building/SM_entry_pyramid_02.uexp" 2798
"D:/UE5_Project/TombEvader/Content/Fab/Stylized_Egypt/Meshes/building/SM_floor_01.ubulk" 2799
"D:/UE5_Project/TombEvader/Content/Fab/Stylized_Egypt/Meshes/building/SM_floor_01.uasset" 2800
"D:/UE5_Project/TombEvader/Content/Fab/Stylized_Egypt/Meshes/building/SM_floor_01.uexp" 2801
"D:/UE5_Project/TombEvader/Content/Fab/Stylized_Egypt/Meshes/building/SM_part_ornament_05.ubulk" 2802
"D:/UE5_Project/TombEvader/Content/Fab/Stylized_Egypt/Meshes/building/SM_part_ornament_05.uasset" 2803
"D:/UE5_Project/TombEvader/Content/Fab/Stylized_Egypt/Meshes/building/SM_part_ornament_05.uexp" 2804
"D:/UE5_Project/TombEvader/Content/Fab/Stylized_Egypt/Meshes/building/SM_part_ornament_07.ubulk" 2805
"D:/UE5_Project/TombEvader/Content/Fab/Stylized_Egypt/Meshes/building/SM_part_ornament_07.uasset" 2806
"D:/UE5_Project/TombEvader/Content/Fab/Stylized_Egypt/Meshes/building/SM_part_ornament_07.uexp" 2807
"D:/UE5_Project/TombEvader/Content/Fab/Stylized_Egypt/Meshes/building/SM_part_ornament_09.ubulk" 2808
"D:/UE5_Project/TombEvader/Content/Fab/Stylized_Egypt/Meshes/building/SM_part_ornament_09.uasset" 2809
"D:/UE5_Project/TombEvader/Content/Fab/Stylized_Egypt/Meshes/building/SM_part_ornament_09.uexp" 2810
"D:/UE5_Project/TombEvader/Content/Fab/Stylized_Egypt/Textures/building_textures/pyramid_textures/T_pyramid_Normal.ubulk" 2811
"D:/UE5_Project/TombEvader/Content/Fab/Stylized_Egypt/Textures/building_textures/pyramid_textures/T_pyramid_Normal.uasset" 2812
"D:/UE5_Project/TombEvader/Content/Fab/Stylized_Egypt/Textures/building_textures/pyramid_textures/T_pyramid_Normal.uexp" 2813
"D:/UE5_Project/TombEvader/Content/Fab/Stylized_Egypt/Textures/building_textures/pyramid_textures/T_pyramid_Mask.ubulk" 2814
"D:/UE5_Project/TombEvader/Content/Fab/Stylized_Egypt/Textures/building_textures/pyramid_textures/T_pyramid_Mask.uasset" 2815
"D:/UE5_Project/TombEvader/Content/Fab/Stylized_Egypt/Textures/building_textures/pyramid_textures/T_pyramid_Mask.uexp" 2816
"D:/UE5_Project/TombEvader/Content/Fab/Stylized_Egypt/Textures/building_textures/pyramid_textures/T_noise_pyramid_Normal.ubulk" 2817
"D:/UE5_Project/TombEvader/Content/Fab/Stylized_Egypt/Textures/building_textures/pyramid_textures/T_noise_pyramid_Normal.uasset" 2818
"D:/UE5_Project/TombEvader/Content/Fab/Stylized_Egypt/Textures/building_textures/pyramid_textures/T_noise_pyramid_Normal.uexp" 2819
"D:/UE5_Project/TombEvader/Content/Fab/Stylized_Egypt/Materials/building_materials/M_pyramid.uasset" 2820
"D:/UE5_Project/TombEvader/Content/Fab/Stylized_Egypt/Materials/building_materials/M_pyramid.uexp" 2821
"D:/UE5_Project/TombEvader/Content/Fab/Stylized_Egypt/Materials/building_materials/MI_pyramid_Inst.uasset" 2822
"D:/UE5_Project/TombEvader/Content/Fab/Stylized_Egypt/Materials/building_materials/MI_pyramid_Inst.uexp" 2823
"D:/UE5_Project/TombEvader/Content/Fab/Stylized_Egypt/Meshes/building/SM_pyramid_02.ubulk" 2824
"D:/UE5_Project/TombEvader/Content/Fab/Stylized_Egypt/Meshes/building/SM_pyramid_02.uasset" 2825
"D:/UE5_Project/TombEvader/Content/Fab/Stylized_Egypt/Meshes/building/SM_pyramid_02.uexp" 2826
"D:/UE5_Project/TombEvader/Content/Fab/Stylized_Egypt/Meshes/building/SM_pyramid_03.ubulk" 2827
"D:/UE5_Project/TombEvader/Content/Fab/Stylized_Egypt/Meshes/building/SM_pyramid_03.uasset" 2828
"D:/UE5_Project/TombEvader/Content/Fab/Stylized_Egypt/Meshes/building/SM_pyramid_03.uexp" 2829
"D:/UE5_Project/TombEvader/Content/Fab/Stylized_Egypt/Meshes/building/SM_wall_10.ubulk" 2830
"D:/UE5_Project/TombEvader/Content/Fab/Stylized_Egypt/Meshes/building/SM_wall_10.uasset" 2831
"D:/UE5_Project/TombEvader/Content/Fab/Stylized_Egypt/Meshes/building/SM_wall_10.uexp" 2832
"D:/UE5_Project/TombEvader/Content/Fab/Stylized_Egypt/Meshes/building/SM_wall_08.ubulk" 2833
"D:/UE5_Project/TombEvader/Content/Fab/Stylized_Egypt/Meshes/building/SM_wall_08.uasset" 2834
"D:/UE5_Project/TombEvader/Content/Fab/Stylized_Egypt/Meshes/building/SM_wall_08.uexp" 2835
"D:/UE5_Project/TombEvader/Content/Fab/Stylized_Egypt/Textures/building_textures/building_normal_maps/T_building_02_Normal.ubulk" 2836
"D:/UE5_Project/TombEvader/Content/Fab/Stylized_Egypt/Textures/building_textures/building_normal_maps/T_building_02_Normal.uasset" 2837
"D:/UE5_Project/TombEvader/Content/Fab/Stylized_Egypt/Textures/building_textures/building_normal_maps/T_building_02_Normal.uexp" 2838
"D:/UE5_Project/TombEvader/Content/Fab/Stylized_Egypt/Textures/building_textures/base_textures/wood_01/T_wood_01_Normal.ubulk" 2839
"D:/UE5_Project/TombEvader/Content/Fab/Stylized_Egypt/Textures/building_textures/base_textures/wood_01/T_wood_01_Normal.uasset" 2840
"D:/UE5_Project/TombEvader/Content/Fab/Stylized_Egypt/Textures/building_textures/base_textures/wood_01/T_wood_01_Normal.uexp" 2841
"D:/UE5_Project/TombEvader/Content/Fab/Stylized_Egypt/Textures/building_textures/base_textures/wood_01/T_wood_01_BaseColor.ubulk" 2842
"D:/UE5_Project/TombEvader/Content/Fab/Stylized_Egypt/Textures/building_textures/base_textures/wood_01/T_wood_01_BaseColor.uasset" 2843
"D:/UE5_Project/TombEvader/Content/Fab/Stylized_Egypt/Textures/building_textures/base_textures/wood_01/T_wood_01_BaseColor.uexp" 2844
"D:/UE5_Project/TombEvader/Content/Fab/Stylized_Egypt/Materials/building_materials/M_building_wood.uasset" 2845
"D:/UE5_Project/TombEvader/Content/Fab/Stylized_Egypt/Materials/building_materials/M_building_wood.uexp" 2846
"D:/UE5_Project/TombEvader/Content/Fab/Stylized_Egypt/Materials/building_materials/MI_building_wood_01_Inst.uasset" 2847
"D:/UE5_Project/TombEvader/Content/Fab/Stylized_Egypt/Materials/building_materials/MI_building_wood_01_Inst.uexp" 2848
"D:/UE5_Project/TombEvader/Content/Fab/Stylized_Egypt/Textures/building_textures/building_normal_maps/T_wooden_part_01_Normal.ubulk" 2849
"D:/UE5_Project/TombEvader/Content/Fab/Stylized_Egypt/Textures/building_textures/building_normal_maps/T_wooden_part_01_Normal.uasset" 2850
"D:/UE5_Project/TombEvader/Content/Fab/Stylized_Egypt/Textures/building_textures/building_normal_maps/T_wooden_part_01_Normal.uexp" 2851
"D:/UE5_Project/TombEvader/Content/Fab/Stylized_Egypt/Materials/building_materials/MI_building_wood_02_Inst.uasset" 2852
"D:/UE5_Project/TombEvader/Content/Fab/Stylized_Egypt/Materials/building_materials/MI_building_wood_02_Inst.uexp" 2853
"D:/UE5_Project/TombEvader/Content/Fab/Stylized_Egypt/Meshes/building/SM_wooden_boards_04.ubulk" 2854
"D:/UE5_Project/TombEvader/Content/Fab/Stylized_Egypt/Meshes/building/SM_wooden_boards_04.uasset" 2855
"D:/UE5_Project/TombEvader/Content/Fab/Stylized_Egypt/Meshes/building/SM_wooden_boards_04.uexp" 2856
"D:/UE5_Project/TombEvader/Content/Fab/Stylized_Egypt/Meshes/props/SM_jug_01.ubulk" 2857
"D:/UE5_Project/TombEvader/Content/Fab/Stylized_Egypt/Meshes/props/SM_jug_01.uasset" 2858
"D:/UE5_Project/TombEvader/Content/Fab/Stylized_Egypt/Meshes/props/SM_jug_01.uexp" 2859
"D:/UE5_Project/TombEvader/Content/Fab/Stylized_Egypt/Meshes/props/SM_jug_04.ubulk" 2860
"D:/UE5_Project/TombEvader/Content/Fab/Stylized_Egypt/Meshes/props/SM_jug_04.uasset" 2861
"D:/UE5_Project/TombEvader/Content/Fab/Stylized_Egypt/Meshes/props/SM_jug_04.uexp" 2862
"D:/UE5_Project/TombEvader/Content/Fab/Stylized_Egypt/Meshes/props/SM_jug_broken_01.ubulk" 2863
"D:/UE5_Project/TombEvader/Content/Fab/Stylized_Egypt/Meshes/props/SM_jug_broken_01.uasset" 2864
"D:/UE5_Project/TombEvader/Content/Fab/Stylized_Egypt/Meshes/props/SM_jug_broken_01.uexp" 2865
"D:/UE5_Project/TombEvader/Content/Fab/Stylized_Egypt/Meshes/props/SM_jug_broken_04.ubulk" 2866
"D:/UE5_Project/TombEvader/Content/Fab/Stylized_Egypt/Meshes/props/SM_jug_broken_04.uasset" 2867
"D:/UE5_Project/TombEvader/Content/Fab/Stylized_Egypt/Meshes/props/SM_jug_broken_04.uexp" 2868
"D:/UE5_Project/TombEvader/Content/Fab/Stylized_Egypt/Materials/props_materials/MI_wood_box_01_Inst.uasset" 2869
"D:/UE5_Project/TombEvader/Content/Fab/Stylized_Egypt/Materials/props_materials/MI_wood_box_01_Inst.uexp" 2870
"D:/UE5_Project/TombEvader/Content/Fab/Stylized_Egypt/Meshes/props/SM_wood_box_01.ubulk" 2871
"D:/UE5_Project/TombEvader/Content/Fab/Stylized_Egypt/Meshes/props/SM_wood_box_01.uasset" 2872
"D:/UE5_Project/TombEvader/Content/Fab/Stylized_Egypt/Meshes/props/SM_wood_box_01.uexp" 2873
"D:/UE5_Project/TombEvader/Content/Fab/Stylized_Egypt/Meshes/props/SM_wood_box_02.ubulk" 2874
"D:/UE5_Project/TombEvader/Content/Fab/Stylized_Egypt/Meshes/props/SM_wood_box_02.uasset" 2875
"D:/UE5_Project/TombEvader/Content/Fab/Stylized_Egypt/Meshes/props/SM_wood_box_02.uexp" 2876
"D:/UE5_Project/TombEvader/Content/Fab/Stylized_Egypt/Meshes/stones/SM_stone_05.ubulk" 2877
"D:/UE5_Project/TombEvader/Content/Fab/Stylized_Egypt/Meshes/stones/SM_stone_05.uasset" 2878
"D:/UE5_Project/TombEvader/Content/Fab/Stylized_Egypt/Meshes/stones/SM_stone_05.uexp" 2879
"D:/UE5_Project/TombEvader/Content/Fab/Stylized_Egypt/Meshes/stones/SM_stone_07.ubulk" 2880
"D:/UE5_Project/TombEvader/Content/Fab/Stylized_Egypt/Meshes/stones/SM_stone_07.uasset" 2881
"D:/UE5_Project/TombEvader/Content/Fab/Stylized_Egypt/Meshes/stones/SM_stone_07.uexp" 2882
"D:/UE5_Project/TombEvader/Content/Maps/L_Desert_Puzzle_1.uexp" 2883
"D:/UE5_Project/TombEvader/Content/Maps/L_Desert_Puzzle_1.ubulk" 2884
"D:/UE5_Project/TombEvader/Content/Maps/L_Desert_Puzzle_1.umap" 2885
"../../../Engine/Content/Maps/Entry_BuiltData.uasset" 2886
"../../../Engine/Content/Maps/Entry_BuiltData.uexp" 2887
"../../../Engine/Content/Maps/Entry.uexp" 2888
"../../../Engine/Content/Maps/Entry.umap" 2889
