"D:/UE5_Project/TombEvader/TombEvader.uproject" 1
"../../../Engine/Plugins/AudioGameplay/AudioGameplay.uplugin" 2
"../../../Engine/Plugins/AudioGameplayVolume/AudioGameplayVolume.uplugin" 3
"../../../Engine/Plugins/AudioInsights/AudioInsights.uplugin" 4
"../../../Engine/Plugins/BlueprintFileUtils/BlueprintFileUtils.uplugin" 5
"../../../Engine/Plugins/ChaosClothAsset/ChaosClothAsset.uplugin" 6
"../../../Engine/Plugins/ChaosInsights/ChaosInsights.uplugin" 7
"../../../Engine/Plugins/Chooser/Chooser.uplugin" 8
"../../../Engine/Plugins/ChaosVD/ChaosVD.uplugin" 9
"../../../Engine/Plugins/CmdLinkServer/CmdLinkServer.uplugin" 10
"../../../Engine/Plugins/DiscoveryBeaconReceiver/DiscoveryBeaconReceiver.uplugin" 11
"../../../Engine/Plugins/Bridge/Bridge.uplugin" 12
"../../../Engine/Plugins/ChaosCloth/ChaosCloth.uplugin" 13
"../../../Engine/Plugins/IoStoreInsights/IoStoreInsights.uplugin" 14
"../../../Engine/Plugins/ChaosClothAssetEditor/ChaosClothAssetEditor.uplugin" 15
"../../../Engine/Plugins/FastBuildController/FastBuildController.uplugin" 16
"../../../Engine/Plugins/MassInsights/MassInsights.uplugin" 17
"../../../Engine/Plugins/JsonBlueprintUtilities/JsonBlueprintUtilities.uplugin" 18
"../../../Engine/Plugins/LightWeightInstancesEditor/LightWeightInstancesEditor.uplugin" 19
"../../../Engine/Plugins/MemoryUsageQueries/MemoryUsageQueries.uplugin" 20
"../../../Engine/Plugins/MeshPainting/MeshPainting.uplugin" 21
"../../../Engine/Plugins/PCG/PCG.uplugin" 22
"../../../Engine/Plugins/ScriptPlugin/ScriptPlugin.uplugin" 23
"../../../Engine/Plugins/Fab/Fab.uplugin" 24
"../../../Engine/Plugins/TraceUtilities/TraceUtilities.uplugin" 25
"../../../Engine/Plugins/WorldMetrics/WorldMetrics.uplugin" 26
"../../../Engine/Plugins/Experimental/ActorPalette/ActorPalette.uplugin" 27
"../../../Engine/Plugins/TextureGraph/TextureGraph.uplugin" 28
"../../../Engine/Plugins/Experimental/AnimNext/AnimNext.uplugin" 29
"../../../Engine/Plugins/Experimental/AbilitySystemGameFeatureActions/AbilitySystemGameFeatureActions.uplugin" 30
"../../../Engine/Plugins/Experimental/AnimNextAnimGraph/AnimNextAnimGraph.uplugin" 31
"../../../Engine/Plugins/Mutable/Mutable.uplugin" 32
"../../../Engine/Plugins/UbaController/UbaController.uplugin" 33
"../../../Engine/Plugins/Experimental/AdvancedRenamer/AdvancedRenamer.uplugin" 34
"../../../Engine/Plugins/Experimental/AnimNextControlRig/AnimNextControlRig.uplugin" 35
"../../../Engine/Plugins/XGEController/XGEController.uplugin" 36
"../../../Engine/Plugins/Experimental/AnimNextChooser/AnimNextChooser.uplugin" 37
"../../../Engine/Plugins/RenderGraphInsights/RenderGraphInsights.uplugin" 38
"../../../Engine/Plugins/EnhancedInput/EnhancedInput.uplugin" 39
"../../../Engine/Plugins/Experimental/AnimToTexture/AnimToTexture.uplugin" 40
"../../../Engine/Plugins/Experimental/AnimNextPoseSearch/AnimNextPoseSearch.uplugin" 41
"../../../Engine/Plugins/Experimental/AnimNextStateTree/AnimNextStateTree.uplugin" 42
"../../../Engine/Plugins/Experimental/AnimNextWarping/AnimNextWarping.uplugin" 43
"../../../Engine/Plugins/Experimental/AsyncMessageSystem/AsyncMessageSystem.uplugin" 44
"../../../Engine/Plugins/Experimental/AsyncMessageSystemTests/AsyncMessageSystemTests.uplugin" 45
"../../../Engine/Plugins/Experimental/AvalancheDisplayCluster/AvalancheDisplayCluster.uplugin" 46
"../../../Engine/Plugins/Experimental/AvalancheDataLink/AvalancheDataLink.uplugin" 47
"../../../Engine/Plugins/Experimental/AvalancheSceneState/AvalancheSceneState.uplugin" 48
"../../../Engine/Plugins/Experimental/AvalancheSequenceNavigator/AvalancheSequenceNavigator.uplugin" 49
"../../../Engine/Plugins/Experimental/AutomationUtils/AutomationUtils.uplugin" 50
"../../../Engine/Plugins/Experimental/BackChannel/BackChannel.uplugin" 51
"../../../Engine/Plugins/Experimental/ChaosCaching/ChaosCaching.uplugin" 52
"../../../Engine/Plugins/Experimental/Buoyancy/Buoyancy.uplugin" 53
"../../../Engine/Plugins/Experimental/BlueprintStats/BlueprintStats.uplugin" 54
"../../../Engine/Plugins/Experimental/CelestialVault/CelestialVault.uplugin" 55
"../../../Engine/Plugins/Experimental/ChaosFlesh/ChaosFlesh.uplugin" 56
"../../../Engine/Plugins/Experimental/ChaosCachingUSD/ChaosCachingUSD.uplugin" 57
"../../../Engine/Plugins/Experimental/ChaosModularVehicle/ChaosModularVehicle.uplugin" 58
"../../../Engine/Plugins/Experimental/ChaosEditor/ChaosEditor.uplugin" 59
"../../../Engine/Plugins/Experimental/ChaosNiagara/ChaosNiagara.uplugin" 60
"../../../Engine/Plugins/Experimental/ChaosUserDataPT/ChaosUserDataPT.uplugin" 61
"../../../Engine/Plugins/Experimental/ChaosClothEditor/ChaosClothEditor.uplugin" 62
"../../../Engine/Plugins/Experimental/ChaosSolverPlugin/ChaosSolverPlugin.uplugin" 63
"../../../Engine/Plugins/Experimental/ChaosOutfitAsset/ChaosOutfitAsset.uplugin" 64
"../../../Engine/Plugins/Experimental/BlueprintSnapNodes/BlueprintSnapNodes.uplugin" 65
"../../../Engine/Plugins/Experimental/CineCameraSceneCapture/CineCameraSceneCapture.uplugin" 66
"../../../Engine/Plugins/Experimental/ChaosMover/ChaosMover.uplugin" 67
"../../../Engine/Plugins/Experimental/CharacterAI/CharacterAI.uplugin" 68
"../../../Engine/Plugins/Experimental/CodeView/CodeView.uplugin" 69
"../../../Engine/Plugins/Experimental/ColorCorrectRegions/ColorCorrectRegions.uplugin" 70
"../../../Engine/Plugins/Experimental/CinematicPrestreaming/CinematicPrestreaming.uplugin" 71
"../../../Engine/Plugins/Experimental/ControlFlows/ControlFlows.uplugin" 72
"../../../Engine/Plugins/Experimental/ChaosModularVehicleExamples/ChaosModularVehicleExamples.uplugin" 73
"../../../Engine/Plugins/Experimental/CineCameraRigs/CineCameraRigs.uplugin" 74
"../../../Engine/Plugins/Experimental/CommonConversation/CommonConversation.uplugin" 75
"../../../Engine/Plugins/Experimental/ChaosVehiclesPlugin/ChaosVehiclesPlugin.uplugin" 76
"../../../Engine/Plugins/Experimental/Dataflow/Dataflow.uplugin" 77
"../../../Engine/Plugins/Experimental/DataLink/DataLink.uplugin" 78
"../../../Engine/Plugins/Experimental/DaySequence/DaySequence.uplugin" 79
"../../../Engine/Plugins/Experimental/CodeEditor/CodeEditor.uplugin" 80
"../../../Engine/Plugins/Experimental/DefaultInstallBundleManager/DefaultInstallBundleManager.uplugin" 81
"../../../Engine/Plugins/Experimental/EditorDataStorageFeatures/EditorDataStorageFeatures.uplugin" 82
"../../../Engine/Plugins/Experimental/DataLinkOAuth/DataLinkOAuth.uplugin" 83
"../../../Engine/Plugins/Experimental/EditorTelemetry/EditorTelemetry.uplugin" 84
"../../../Engine/Plugins/Experimental/EditorPerformance/EditorPerformance.uplugin" 85
"../../../Engine/Plugins/Experimental/DynamicMaterialMediaStreamBridge/DynamicMaterialMediaStreamBridge.uplugin" 86
"../../../Engine/Plugins/Experimental/EditorDataStorage/EditorDataStorage.uplugin" 87
"../../../Engine/Plugins/Experimental/FieldSystemPlugin/FieldSystemPlugin.uplugin" 88
"../../../Engine/Plugins/Experimental/FastGeoStreaming/FastGeoStreaming.uplugin" 89
"../../../Engine/Plugins/Experimental/FullBodyIK/FullBodyIK.uplugin" 90
"../../../Engine/Plugins/Experimental/FloatingProperties/FloatingProperties.uplugin" 91
"../../../Engine/Plugins/Experimental/EvaluationNotifies/EvaluationNotifies.uplugin" 92
"../../../Engine/Plugins/Experimental/GameInputWindows/GameInputWindows.uplugin" 93
"../../../Engine/Plugins/Experimental/GameplayBehaviors/GameplayBehaviors.uplugin" 94
"../../../Engine/Plugins/Experimental/GameplayGraph/GameplayGraph.uplugin" 95
"../../../Engine/Plugins/Experimental/Gauntlet/Gauntlet.uplugin" 96
"../../../Engine/Plugins/Experimental/GeometryCacheAbcFile/GeometryCacheAbcFile.uplugin" 97
"../../../Engine/Plugins/Experimental/Fracture/Fracture.uplugin" 98
"../../../Engine/Plugins/Experimental/GeometryFlow/GeometryFlow.uplugin" 99
"../../../Engine/Plugins/Experimental/GeometryCollectionPlugin/GeometryCollectionPlugin.uplugin" 100
"../../../Engine/Plugins/Experimental/GeometryCacheLevelSequenceBaker/GeometryCacheLevelSequenceBaker.uplugin" 101
"../../../Engine/Plugins/Experimental/GameplayTargetingSystem/TargetingSystem.uplugin" 102
"../../../Engine/Plugins/Experimental/GizmoEdMode/GizmoEdMode.uplugin" 103
"../../../Engine/Plugins/Experimental/HairCardGenerator/HairCardGenerator.uplugin" 104
"../../../Engine/Plugins/Experimental/HairModelingToolset/HairModelingToolset.uplugin" 105
"../../../Engine/Plugins/Experimental/GeometryDataflow/GeometryDataflow.uplugin" 106
"../../../Engine/Plugins/Experimental/HairStrandsMutable/HairStrandsMutable.uplugin" 107
"../../../Engine/Plugins/Experimental/ImagePlate/ImagePlate.uplugin" 108
"../../../Engine/Plugins/Experimental/GPULightmass/GPULightmass.uplugin" 109
"../../../Engine/Plugins/Experimental/ImpostorBaker/ImpostorBaker.uplugin" 110
"../../../Engine/Plugins/Experimental/GizmoFramework/GizmoFramework.uplugin" 111
"../../../Engine/Plugins/Experimental/InstanceDataObjectFixupTool/InstanceDataObjectFixupTool.uplugin" 112
"../../../Engine/Plugins/Experimental/Iris/Iris.uplugin" 113
"../../../Engine/Plugins/Experimental/InlineMaterialInstance/InlineMaterialInstance.uplugin" 114
"../../../Engine/Plugins/Experimental/Landmass/Landmass.uplugin" 115
"../../../Engine/Plugins/Experimental/InteractionInterface/InteractionInterface.uplugin" 116
"../../../Engine/Plugins/Experimental/LiveLinkFaceImporter/LiveLinkFaceImporter.uplugin" 117
"../../../Engine/Plugins/Experimental/LandscapePatch/LandscapePatch.uplugin" 118
"../../../Engine/Plugins/Experimental/ImageWidgets/ImageWidgets.uplugin" 119
"../../../Engine/Plugins/Experimental/LowLevelNetTrace/LowLevelNetTrace.uplugin" 120
"../../../Engine/Plugins/Experimental/LearningAgents/LearningAgents.uplugin" 121
"../../../Engine/Plugins/Experimental/LocalizableMessage/LocalizableMessage.uplugin" 122
"../../../Engine/Plugins/Experimental/LevelSequenceNavigatorBridge/LevelSequenceNavigatorBridge.uplugin" 123
"../../../Engine/Plugins/Experimental/JWT/JWT.uplugin" 124
"../../../Engine/Plugins/Experimental/LiveLinkOpenVR/LiveLinkOpenVR.uplugin" 125
"../../../Engine/Plugins/Experimental/LiveLinkControlRig/LiveLinkControlRig.uplugin" 126
"../../../Engine/Plugins/Experimental/MediaStream/MediaStream.uplugin" 127
"../../../Engine/Plugins/Experimental/MotoSynth/MotoSynth.uplugin" 128
"../../../Engine/Plugins/Experimental/Mover/Mover.uplugin" 129
"../../../Engine/Plugins/Experimental/MetasoundExperimental/MetasoundExperimental.uplugin" 130
"../../../Engine/Plugins/Experimental/MoverAnimNext/MoverAnimNext.uplugin" 131
"../../../Engine/Plugins/Experimental/MotorSimOutputMotoSynth/MotorSimOutputMotoSynth.uplugin" 132
"../../../Engine/Plugins/Experimental/MLflow/MLflow.uplugin" 133
"../../../Engine/Plugins/Experimental/MeshModelingToolsetExp/MeshModelingToolsetExp.uplugin" 134
"../../../Engine/Plugins/Experimental/MediaViewer/MediaViewer.uplugin" 135
"../../../Engine/Plugins/Experimental/MeshResizing/MeshResizing.uplugin" 136
"../../../Engine/Plugins/Experimental/MoverExamples/MoverExamples.uplugin" 137
"../../../Engine/Plugins/Experimental/MoverIntegrations/MoverIntegrations.uplugin" 138
"../../../Engine/Plugins/Experimental/MoverTests/MoverTests.uplugin" 139
"../../../Engine/Plugins/Experimental/MovieScenePoseSearchTracks/MovieScenePoseSearchTracks.uplugin" 140
"../../../Engine/Plugins/Experimental/NeuralRendering/NeuralRendering.uplugin" 141
"../../../Engine/Plugins/Experimental/NaniteDisplacedMesh/NaniteDisplacedMesh.uplugin" 142
"../../../Engine/Plugins/Experimental/MutableClothing/MutableClothing.uplugin" 143
"../../../Engine/Plugins/Experimental/NFORDenoise/NFORDenoise.uplugin" 144
"../../../Engine/Plugins/Experimental/NNERuntimeBasicCpu/NNERuntimeBasicCpu.uplugin" 145
"../../../Engine/Plugins/Experimental/MutablePopulation/MutablePopulation.uplugin" 146
"../../../Engine/Plugins/Experimental/NNERuntimeCoreML/NNERuntimeCoreML.uplugin" 147
"../../../Engine/Plugins/Experimental/NNERuntimeIREE/NNERuntimeIREE.uplugin" 148
"../../../Engine/Plugins/Experimental/PCGBiomeCore/PCGBiomeCore.uplugin" 149
"../../../Engine/Plugins/Experimental/OpenImageDenoise/OpenImageDenoise.uplugin" 150
"../../../Engine/Plugins/Experimental/NNERuntimeRDG/NNERuntimeRDG.uplugin" 151
"../../../Engine/Plugins/Experimental/OptiXDenoise/OptiXDenoise.uplugin" 152
"../../../Engine/Plugins/Experimental/MovieSceneAnimMixer/MovieSceneAnimMixer.uplugin" 153
"../../../Engine/Plugins/Experimental/PlainPropsUObject/PlainPropsUObject.uplugin" 154
"../../../Engine/Plugins/Experimental/PanoramicCapture/PanoramicCapture.uplugin" 155
"../../../Engine/Plugins/Experimental/PCGBiomeSample/PCGBiomeSample.uplugin" 156
"../../../Engine/Plugins/Experimental/PixelStreamingPlayer/PixelStreamingPlayer.uplugin" 157
"../../../Engine/Plugins/Experimental/PhysicsControl/PhysicsControl.uplugin" 158
"../../../Engine/Plugins/Experimental/PlatformCrypto/PlatformCrypto.uplugin" 159
"../../../Engine/Plugins/Experimental/PluginAudit/PluginAudit.uplugin" 160
"../../../Engine/Plugins/Experimental/PlainProps/PlainProps.uplugin" 161
"../../../Engine/Plugins/Experimental/PluginTemplateTool/PluginTemplateTool.uplugin" 162
"../../../Engine/Plugins/Experimental/PSDImporter/PSDImporter.uplugin" 163
"../../../Engine/Plugins/Experimental/PlanarCutPlugin/PlanarCut.uplugin" 164
"../../../Engine/Plugins/Experimental/PythonScriptPlugin/PythonScriptPlugin.uplugin" 165
"../../../Engine/Plugins/Experimental/PythonFoundationPackages/PythonFoundationPackages.uplugin" 166
"../../../Engine/Plugins/Experimental/PluginReferenceViewer/PluginReferenceViewer.uplugin" 167
"../../../Engine/Plugins/Experimental/PSDImporterMaterialDesignerBridge/PSDImporterMaterialDesignerBridge.uplugin" 168
"../../../Engine/Plugins/Experimental/RawInput/RawInput.uplugin" 169
"../../../Engine/Plugins/Experimental/QuicMessaging/QuicMessaging.uplugin" 170
"../../../Engine/Plugins/Experimental/PostProcessMaterialChainGraph/PostProcessMaterialChainGraph.uplugin" 171
"../../../Engine/Plugins/Experimental/RazerChromaDevices/RazerChromaDevices.uplugin" 172
"../../../Engine/Plugins/Experimental/RemoteSession/RemoteSession.uplugin" 173
"../../../Engine/Plugins/Experimental/RenderGrid/RenderGrid.uplugin" 174
"../../../Engine/Plugins/Experimental/RigLogicMutable/RigLogicMutable.uplugin" 175
"../../../Engine/Plugins/Experimental/RemoteControlComponents/RemoteControlComponents.uplugin" 176
"../../../Engine/Plugins/Experimental/RigLogicAnimNext/RigLogicAnimNext.uplugin" 177
"../../../Engine/Plugins/Experimental/SecuritySandbox/SecuritySandbox.uplugin" 178
"../../../Engine/Plugins/Experimental/SceneState/SceneState.uplugin" 179
"../../../Engine/Plugins/Experimental/SequenceNavigator/SequenceNavigator.uplugin" 180
"../../../Engine/Plugins/Experimental/SkeletalReduction/SkeletalReduction.uplugin" 181
"../../../Engine/Plugins/Experimental/SimpleHMD/SimpleHMD.uplugin" 182
"../../../Engine/Plugins/Experimental/RuntimeTelemetry/RuntimeTelemetry.uplugin" 183
"../../../Engine/Plugins/Experimental/ScreenReader/ScreenReader.uplugin" 184
"../../../Engine/Plugins/Experimental/SlateIM/SlateIM.uplugin" 185
"../../../Engine/Plugins/Experimental/Shotgrid/Shotgrid.uplugin" 186
"../../../Engine/Plugins/Experimental/SerializationUtils/SerializationUtils.uplugin" 187
"../../../Engine/Plugins/Experimental/SpatialReadiness/SpatialReadiness.uplugin" 188
"../../../Engine/Plugins/Experimental/StructUtils/StructUtils.uplugin" 189
"../../../Engine/Plugins/Experimental/SlateModelViewViewModel/SlateModelViewViewModel.uplugin" 190
"../../../Engine/Plugins/Experimental/SlateScreenReader/SlateScreenReader.uplugin" 191
"../../../Engine/Plugins/Experimental/SurfaceEffects/SurfaceEffects.uplugin" 192
"../../../Engine/Plugins/Experimental/TetMeshing/TetMeshing.uplugin" 193
"../../../Engine/Plugins/Experimental/SubmitToolEditor/SubmitToolEditor.uplugin" 194
"../../../Engine/Plugins/Experimental/StateGraph/StateGraph.uplugin" 195
"../../../Engine/Plugins/Experimental/TechAudioTools/TechAudioTools.uplugin" 196
"../../../Engine/Plugins/Experimental/SVGImporter/SVGImporter.uplugin" 197
"../../../Engine/Plugins/Experimental/Text3D/Text3D.uplugin" 198
"../../../Engine/Plugins/Experimental/SubtitlesAndClosedCaptions/SubtitlesAndClosedCaptions.uplugin" 199
"../../../Engine/Plugins/Experimental/TextureMediaPlayer/TextureMediaPlayer.uplugin" 200
"../../../Engine/Plugins/Experimental/Tensorboard/Tensorboard.uplugin" 201
"../../../Engine/Plugins/Experimental/ToolPresets/ToolPresets.uplugin" 202
"../../../Engine/Plugins/Experimental/UserToolBoxCore/UserToolBoxCore.uplugin" 203
"../../../Engine/Plugins/Experimental/TargetDeviceServicesScripting/TargetDeviceServicesScripting.uplugin" 204
"../../../Engine/Plugins/Experimental/Volumetrics/Volumetrics.uplugin" 205
"../../../Engine/Plugins/Experimental/VirtualHeightfieldMesh/VirtualHeightfieldMesh.uplugin" 206
"../../../Engine/Plugins/Experimental/WaterExtras/WaterExtras.uplugin" 207
"../../../Engine/Plugins/Experimental/Water/Water.uplugin" 208
"../../../Engine/Plugins/Experimental/WaterAdvanced/WaterAdvanced.uplugin" 209
"../../../Engine/Plugins/Experimental/UIFramework/UIFramework.uplugin" 210
"../../../Engine/Plugins/Experimental/UserToolBoxBasicCommand/UserToolBoxBasicCommand.uplugin" 211
"../../../Engine/Plugins/Experimental/VirtualProductionUtilities/VirtualProductionUtilities.uplugin" 212
"../../../Engine/Plugins/Experimental/TextToSpeech/TextToSpeech.uplugin" 213
"../../../Engine/Plugins/Experimental/WidgetEditorToolPalette/WidgetEditorToolPalette.uplugin" 214
"../../../Engine/Plugins/FX/Cascade/Cascade.uplugin" 215
"../../../Engine/Plugins/FX/CascadeToNiagaraConverter/CascadeToNiagaraConverter.uplugin" 216
"../../../Engine/Plugins/FX/NiagaraFluids/NiagaraFluids.uplugin" 217
"../../../Engine/Plugins/FX/Niagara/Niagara.uplugin" 218
"../../../Engine/Plugins/FX/ExampleCustomDataInterface/ExampleCustomDataInterface.uplugin" 219
"../../../Engine/Plugins/FX/NiagaraMRQ/NiagaraMRQ.uplugin" 220
"../../../Engine/Plugins/Experimental/XRCreativeFramework/XRCreativeFramework.uplugin" 221
"../../../Engine/Plugins/Experimental/Workspace/Workspace.uplugin" 222
"../../../Engine/Plugins/FX/NiagaraSimCaching/NiagaraSimCaching.uplugin" 223
"../../../Engine/Plugins/Interchange/Assets/InterchangeAssets.uplugin" 224
"../../../Engine/Plugins/Interchange/Editor/InterchangeEditor.uplugin" 225
"../../../Engine/Plugins/Experimental/WaveFunctionCollapse/WaveFunctionCollapse.uplugin" 226
"../../../Engine/Plugins/Experimental/WebSocketMessaging/WebSocketMessaging.uplugin" 227
"../../../Engine/Plugins/Messaging/MessagingDebugger/MessagingDebugger.uplugin" 228
"../../../Engine/Plugins/Experimental/WebSocketNetworking/WebSocketNetworking.uplugin" 229
"../../../Engine/Plugins/Messaging/UdpMessaging/UdpMessaging.uplugin" 230
"../../../Engine/Plugins/MovieScene/ActorSequence/ActorSequence.uplugin" 231
"../../../Engine/Plugins/Messaging/TcpMessaging/TcpMessaging.uplugin" 232
"../../../Engine/Plugins/Interchange/Runtime/Interchange.uplugin" 233
"../../../Engine/Plugins/MovieScene/LevelSequenceEditor/LevelSequenceEditor.uplugin" 234
"../../../Engine/Plugins/MovieScene/CustomizableSequencerTracks/CustomizableSequencerTracks.uplugin" 235
"../../../Engine/Plugins/MovieScene/ReplayTracks/ReplayTracks.uplugin" 236
"../../../Engine/Plugins/MovieScene/MoviePipelineMaskRenderPass/MoviePipelineMaskRenderPass.uplugin" 237
"../../../Engine/Plugins/MovieScene/MovieSceneTextTrack/MovieSceneTextTrack.uplugin" 238
"../../../Engine/Plugins/NNE/NNEDenoiser/NNEDenoiser.uplugin" 239
"../../../Engine/Plugins/MovieScene/TemplateSequence/TemplateSequence.uplugin" 240
"../../../Engine/Plugins/Runtime/ActorLayerUtilities/ActorLayerUtilities.uplugin" 241
"../../../Engine/Plugins/NNE/NNERuntimeORT/NNERuntimeORT.uplugin" 242
"../../../Engine/Plugins/MovieScene/SequencerScripting/SequencerScripting.uplugin" 243
"../../../Engine/Plugins/Runtime/ADM/ADM.uplugin" 244
"../../../Engine/Plugins/Runtime/AndroidBackgroundService/AndroidBackgroundService.uplugin" 245
"../../../Engine/Plugins/MovieScene/MovieRenderPipeline/MovieRenderPipeline.uplugin" 246
"../../../Engine/Plugins/Runtime/AndroidPermission/AndroidPermission.uplugin" 247
"../../../Engine/Plugins/PCGInterops/PCGExternalDataInterop/PCGExternalDataInterop.uplugin" 248
"../../../Engine/Plugins/Runtime/AppleImageUtils/AppleImageUtils.uplugin" 249
"../../../Engine/Plugins/Protocols/MQTT/MQTT.uplugin" 250
"../../../Engine/Plugins/Runtime/AnimationBudgetAllocator/AnimationBudgetAllocator.uplugin" 251
"../../../Engine/Plugins/Runtime/AndroidFileServer/AndroidFileServer.uplugin" 252
"../../../Engine/Plugins/Runtime/AndroidDeviceProfileSelector/AndroidDeviceProfileSelector.uplugin" 253
"../../../Engine/Plugins/Runtime/AudioModulation/AudioModulation.uplugin" 254
"../../../Engine/Plugins/Runtime/ArchVisCharacter/ArchVisCharacter.uplugin" 255
"../../../Engine/Plugins/Runtime/AudioSynesthesia/AudioSynesthesia.uplugin" 256
"../../../Engine/Plugins/Runtime/AndroidMoviePlayer/AndroidMoviePlayer.uplugin" 257
"../../../Engine/Plugins/Runtime/CableComponent/CableComponent.uplugin" 258
"../../../Engine/Plugins/Runtime/AppleMoviePlayer/AppleMoviePlayer.uplugin" 259
"../../../Engine/Plugins/Runtime/AssetTags/AssetTags.uplugin" 260
"../../../Engine/Plugins/PCGInterops/PCGGeometryScriptInterop/PCGGeometryScriptInterop.uplugin" 261
"../../../Engine/Plugins/Runtime/AudioMotorSim/AudioMotorSim.uplugin" 262
"../../../Engine/Plugins/Runtime/ApexDestruction/ApexDestruction.uplugin" 263
"../../../Engine/Plugins/Runtime/AudioWidgets/AudioWidgets.uplugin" 264
"../../../Engine/Plugins/Runtime/CommonUI/CommonUI.uplugin" 265
"../../../Engine/Plugins/Runtime/ChunkDownloader/ChunkDownloader.uplugin" 266
"../../../Engine/Plugins/Runtime/CustomMeshComponent/CustomMeshComponent.uplugin" 267
"../../../Engine/Plugins/Runtime/Firebase/Firebase.uplugin" 268
"../../../Engine/Plugins/Runtime/GameFeatures/GameFeatures.uplugin" 269
"../../../Engine/Plugins/Runtime/DataRegistry/DataRegistry.uplugin" 270
"../../../Engine/Plugins/Runtime/ComputeFramework/ComputeFramework.uplugin" 271
"../../../Engine/Plugins/Runtime/ExampleDeviceProfileSelector/ExampleDeviceProfileSelector.uplugin" 272
"../../../Engine/Plugins/Runtime/GeometryCache/GeometryCache.uplugin" 273
"../../../Engine/Plugins/Runtime/GeoReferencing/GeoReferencing.uplugin" 274
"../../../Engine/Plugins/Runtime/AudioCapture/AudioCapture.uplugin" 275
"../../../Engine/Plugins/Runtime/GameplayInteractions/GameplayInteractions.uplugin" 276
"../../../Engine/Plugins/Runtime/HairStrands/HairStrands.uplugin" 277
"../../../Engine/Plugins/Runtime/GeometryScripting/GeometryScripting.uplugin" 278
"../../../Engine/Plugins/Runtime/GeometryProcessing/GeometryProcessing.uplugin" 279
"../../../Engine/Plugins/Runtime/GameplayStateTree/GameplayStateTree.uplugin" 280
"../../../Engine/Plugins/Runtime/GameInput/GameInput.uplugin" 281
"../../../Engine/Plugins/Runtime/GameplayAbilities/GameplayAbilities.uplugin" 282
"../../../Engine/Plugins/Runtime/GoogleCloudMessaging/GoogleCloudMessaging.uplugin" 283
"../../../Engine/Plugins/Runtime/GooglePAD/GooglePAD.uplugin" 284
"../../../Engine/Plugins/Runtime/HDRIBackdrop/HDRIBackdrop.uplugin" 285
"../../../Engine/Plugins/Runtime/GameplayBehaviorSmartObjects/GameplayBehaviorSmartObjects.uplugin" 286
"../../../Engine/Plugins/Runtime/InputDebugging/InputDebugging.uplugin" 287
"../../../Engine/Plugins/Runtime/LevelStreamingPersistence/LevelStreamingPersistence.uplugin" 288
"../../../Engine/Plugins/Runtime/Harmonix/Harmonix.uplugin" 289
"../../../Engine/Plugins/Runtime/LiveLinkOvernDisplay/LiveLinkOverNDisplay.uplugin" 290
"../../../Engine/Plugins/Runtime/HTTPChunkInstaller/HTTPChunkInstaller.uplugin" 291
"../../../Engine/Plugins/Runtime/InstancedActors/InstancedActors.uplugin" 292
"../../../Engine/Plugins/Runtime/LocationServicesIOSImpl/LocationServicesIOSImpl.uplugin" 293
"../../../Engine/Plugins/Runtime/HPMotionController/HPMotionController.uplugin" 294
"../../../Engine/Plugins/Runtime/LocationServicesBPLibrary/LocationServicesBPLibrary.uplugin" 295
"../../../Engine/Plugins/Runtime/IOSReplayKit/IOSReplayKit.uplugin" 296
"../../../Engine/Plugins/Runtime/IOSDeviceProfileSelector/IOSDeviceProfileSelector.uplugin" 297
"../../../Engine/Plugins/Runtime/LocationServicesAndroidImpl/LocationServicesAndroidImpl.uplugin" 298
"../../../Engine/Plugins/Runtime/MassEntity/MassEntity.uplugin" 299
"../../../Engine/Plugins/Runtime/MeshModelingToolset/MeshModelingToolset.uplugin" 300
"../../../Engine/Plugins/Runtime/MassGameplay/MassGameplay.uplugin" 301
"../../../Engine/Plugins/Runtime/MixedRealityCaptureFramework/MixedRealityCaptureFramework.uplugin" 302
"../../../Engine/Plugins/Runtime/ModularGameplay/ModularGameplay.uplugin" 303
"../../../Engine/Plugins/Runtime/LinuxDeviceProfileSelector/LinuxDeviceProfileSelector.uplugin" 304
"../../../Engine/Plugins/Runtime/MobilePatchingUtils/MobilePatchingUtils.uplugin" 305
"../../../Engine/Plugins/Runtime/ModelViewViewModel/ModelViewViewModel.uplugin" 306
"../../../Engine/Plugins/Runtime/NetworkPrediction/NetworkPrediction.uplugin" 307
"../../../Engine/Plugins/Runtime/MultiServerReplication/MultiServerReplication.uplugin" 308
"../../../Engine/Plugins/Runtime/MsQuic/MsQuic.uplugin" 309
"../../../Engine/Plugins/Runtime/MusicEnvironment/MusicEnvironment.uplugin" 310
"../../../Engine/Plugins/Runtime/MicrosoftSpatialAudio/MicroSoftSpatialSound.uplugin" 311
"../../../Engine/Plugins/Runtime/OpenXREyeTracker/OpenXREyeTracker.uplugin" 312
"../../../Engine/Plugins/Runtime/OpenCV/OpenCV.uplugin" 313
"../../../Engine/Plugins/Runtime/MIDIDevice/MIDIDevice.uplugin" 314
"../../../Engine/Plugins/Runtime/OpenXRHandTracking/OpenXRHandTracking.uplugin" 315
"../../../Engine/Plugins/Runtime/nDisplay/nDisplay.uplugin" 316
"../../../Engine/Plugins/Runtime/NetworkPredictionInsights/NetworkPredictionInsights.uplugin" 317
"../../../Engine/Plugins/Runtime/OpenXRMsftHandInteraction/OpenXRMsftHandInteraction.uplugin" 318
"../../../Engine/Plugins/Runtime/Metasound/Metasound.uplugin" 319
"../../../Engine/Plugins/Runtime/NavCorridor/NavCorridor.uplugin" 320
"../../../Engine/Plugins/Runtime/nDisplayModularFeatures/nDisplayModularFeatures.uplugin" 321
"../../../Engine/Plugins/Runtime/MobileFSR/MobileFSR.uplugin" 322
"../../../Engine/Plugins/Runtime/OptionalMobileFeaturesBPLibrary/OptionalMobileFeaturesBPLibrary.uplugin" 323
"../../../Engine/Plugins/Runtime/OpenXRViveTracker/OpenXRViveTracker.uplugin" 324
"../../../Engine/Plugins/Runtime/PropertyAccess/PropertyAccessEditor.uplugin" 325
"../../../Engine/Plugins/Runtime/NetworkPredictionExtras/NetworkPredictionExtras.uplugin" 326
"../../../Engine/Plugins/Runtime/OSC/OSC.uplugin" 327
"../../../Engine/Plugins/Runtime/ReplicationSystemTestPlugin/ReplicationSystemTestPlugin.uplugin" 328
"../../../Engine/Plugins/Runtime/ResonanceAudio/ResonanceAudio.uplugin" 329
"../../../Engine/Plugins/Runtime/RenderTrace/RenderTrace.uplugin" 330
"../../../Engine/Plugins/Runtime/ReplicationGraph/ReplicationGraph.uplugin" 331
"../../../Engine/Plugins/Runtime/SkeletalMerging/SkeletalMerging.uplugin" 332
"../../../Engine/Plugins/Runtime/ProceduralMeshComponent/ProceduralMeshComponent.uplugin" 333
"../../../Engine/Plugins/Runtime/OpenXR/OpenXR.uplugin" 334
"../../../Engine/Plugins/Runtime/ScriptableToolsFramework/ScriptableToolsFramework.uplugin" 335
"../../../Engine/Plugins/Runtime/PreLoadScreenMoviePlayer/PreLoadScreenMoviePlayer.uplugin" 336
"../../../Engine/Plugins/Runtime/SignificanceManager/SignificanceManager.uplugin" 337
"../../../Engine/Plugins/Runtime/SoundMod/SoundMod.uplugin" 338
"../../../Engine/Plugins/Runtime/SoundCueTemplates/SoundCueTemplates.uplugin" 339
"../../../Engine/Plugins/Runtime/PropertyBindingUtils/PropertyBindingUtils.uplugin" 340
"../../../Engine/Plugins/Runtime/SoundFields/SoundFields.uplugin" 341
"../../../Engine/Plugins/Runtime/Spatialization/Spatialization.uplugin" 342
"../../../Engine/Plugins/Runtime/SmartObjects/SmartObjects.uplugin" 343
"../../../Engine/Plugins/Runtime/RigVM/RigVM.uplugin" 344
"../../../Engine/Plugins/Runtime/SunPosition/SunPosition.uplugin" 345
"../../../Engine/Plugins/Runtime/SoundUtilities/SoundUtilities.uplugin" 346
"../../../Engine/Plugins/Runtime/WarpUtils/WarpUtils.uplugin" 347
"../../../Engine/Plugins/Runtime/WebBrowserNativeProxy/WebBrowserNativeProxy.uplugin" 348
"../../../Engine/Plugins/Runtime/StateTree/StateTree.uplugin" 349
"../../../Engine/Plugins/Runtime/WaveTable/WaveTable.uplugin" 350
"../../../Engine/Plugins/Runtime/USDCore/USDCore.uplugin" 351
"../../../Engine/Plugins/Runtime/Soundscape/Soundscape.uplugin" 352
"../../../Engine/Plugins/Runtime/WindowsDeviceProfileSelector/WindowsDeviceProfileSelector.uplugin" 353
"../../../Engine/Plugins/Runtime/WebBrowserWidget/WebBrowserWidget.uplugin" 354
"../../../Engine/Plugins/Runtime/WebMMoviePlayer/WebMMoviePlayer.uplugin" 355
"../../../Engine/Plugins/Runtime/Synthesis/Synthesis.uplugin" 356
"../../../Engine/Plugins/Runtime/WorldConditions/WorldConditions.uplugin" 357
"../../../Engine/Plugins/Tests/CQTest/CQTest.uplugin" 358
"../../../Engine/Plugins/Tests/CQTestEnhancedInput/CQTestEnhancedInput.uplugin" 359
"../../../Engine/Plugins/Runtime/ZoneGraphAnnotations/ZoneGraphAnnotations.uplugin" 360
"../../../Engine/Plugins/Runtime/XRBase/XRBase.uplugin" 361
"../../../Engine/Plugins/Runtime/ZoneGraph/ZoneGraph.uplugin" 362
"../../../Engine/Plugins/Tests/AutomationDriverTests/AutomationDriverTests.uplugin" 363
"../../../Engine/Plugins/Tests/RHITests/RHITests.uplugin" 364
"../../../Engine/Plugins/Tests/EditorTests/EditorTests.uplugin" 365
"../../../Engine/Plugins/Tests/InterchangeTests/InterchangeTests.uplugin" 366
"../../../Engine/Plugins/Tests/PythonAutomationTest/PythonAutomationTest.uplugin" 367
"../../../Engine/Plugins/Tests/TestFramework/TestFramework.uplugin" 368
"../../../Engine/Plugins/Tests/RuntimeTests/RuntimeTests.uplugin" 369
"../../../Engine/Plugins/Portal/LauncherChunkInstaller/LauncherChunkInstaller.uplugin" 370
"../../../Engine/Plugins/Web/HttpBlueprint/HttpBlueprint.uplugin" 371
"../../../Engine/Plugins/Tests/FbxAutomationTestBuilder/FbxAutomationTestBuilder.uplugin" 372
"../../../Engine/Plugins/Tests/TestSamples/TestSamples.uplugin" 373
"../../../Engine/Plugins/AI/AISupport/AISupport.uplugin" 374
"../../../Engine/Plugins/AI/MassCrowd/MassCrowd.uplugin" 375
"../../../Engine/Plugins/Tests/WidgetAutomationTests/WidgetAutomationTests.uplugin" 376
"../../../Engine/Plugins/2D/Paper2D/Paper2D.uplugin" 377
"../../../Engine/Plugins/AI/MLAdapter/MLAdapter.uplugin" 378
"../../../Engine/Plugins/AI/HTNPlanner/HTNPlanner.uplugin" 379
"../../../Engine/Plugins/AI/EnvironmentQueryEditor/EnvironmentQueryEditor.uplugin" 380
"../../../Engine/Plugins/AI/MassAI/MassAI.uplugin" 381
"../../../Engine/Plugins/Animation/ACLPlugin/ACLPlugin.uplugin" 382
"../../../Engine/Plugins/Runtime/WindowsMoviePlayer/WindowsMoviePlayer.uplugin" 383
"../../../Engine/Plugins/Animation/AnimationData/AnimationData.uplugin" 384
"../../../Engine/Plugins/Animation/AnimationModifierLibrary/AnimationModifierLibrary.uplugin" 385
"../../../Engine/Plugins/Animation/AnimationLocomotionLibrary/AnimationLocomotionLibrary.uplugin" 386
"../../../Engine/Plugins/Animation/AnimationWarping/AnimationWarping.uplugin" 387
"../../../Engine/Plugins/Animation/AnimatorKit/AnimatorKit.uplugin" 388
"../../../Engine/Plugins/Tests/FunctionalTestingEditor/FunctionalTestingEditor.uplugin" 389
"../../../Engine/Plugins/Animation/ControlRigModules/ControlRigModules.uplugin" 390
"../../../Engine/Plugins/Animation/ControlRigSpline/ControlRigSpline.uplugin" 391
"../../../Engine/Plugins/Animation/BlendStack/BlendStack.uplugin" 392
"../../../Engine/Plugins/Animation/DeformerGraph/DeformerGraph.uplugin" 393
"../../../Engine/Plugins/Animation/BlendSpaceMotionAnalysis/BlendSpaceMotionAnalysis.uplugin" 394
"../../../Engine/Plugins/Animation/GameplayInsights/GameplayInsights.uplugin" 395
"../../../Engine/Plugins/Animation/DNACalib/DNACalib.uplugin" 396
"../../../Engine/Plugins/Animation/GeneSplicer/GeneSplicer.uplugin" 397
"../../../Engine/Plugins/Animation/ControlRig/ControlRig.uplugin" 398
"../../../Engine/Plugins/Animation/LiveLink/LiveLink.uplugin" 399
"../../../Engine/Plugins/Animation/LiveLinkExampleDevice/LiveLinkExampleDevice.uplugin" 400
"../../../Engine/Plugins/Animation/IKRig/IKRig.uplugin" 401
"../../../Engine/Plugins/Animation/LiveLinkDevice/LiveLinkDevice.uplugin" 402
"../../../Engine/Plugins/Animation/LiveLinkHub/LiveLinkHub.uplugin" 403
"../../../Engine/Plugins/Animation/PerformanceCaptureCore/PerformanceCaptureCore.uplugin" 404
"../../../Engine/Plugins/Animation/RigLogic/RigLogic.uplugin" 405
"../../../Engine/Plugins/Animation/MotionWarping/MotionWarping.uplugin" 406
"../../../Engine/Plugins/Animation/TweeningUtils/TweeningUtils.uplugin" 407
"../../../Engine/Plugins/Compositing/Composure/Composure.uplugin" 408
"../../../Engine/Plugins/Animation/PoseSearch/PoseSearch.uplugin" 409
"../../../Engine/Plugins/Compositing/LensDistortion/LensDistortion.uplugin" 410
"../../../Engine/Plugins/Compositing/OpenCVLensDistortion/OpenCVLensDistortion.uplugin" 411
"../../../Engine/Plugins/Compositing/OpenColorIO/OpenColorIO.uplugin" 412
"../../../Engine/Plugins/Compression/OodleNetwork/OodleNetwork.uplugin" 413
"../../../Engine/Plugins/Animation/SkeletalMeshModelingTools/SkeletalMeshModelingTools.uplugin" 414
"../../../Engine/Plugins/Cameras/EngineCameras/EngineCameras.uplugin" 415
"../../../Engine/Plugins/Cameras/CameraShakePreviewer/CameraShakePreviewer.uplugin" 416
"../../../Engine/Plugins/Developer/DumpGPUServices/DumpGPUServices.uplugin" 417
"../../../Engine/Plugins/Cameras/GameplayCameras/GameplayCameras.uplugin" 418
"../../../Engine/Plugins/Developer/AnimationSharing/AnimationSharing.uplugin" 419
"../../../Engine/Plugins/Developer/CLionSourceCodeAccess/CLionSourceCodeAccess.uplugin" 420
"../../../Engine/Plugins/Animation/LiveLinkCurveDebugUI/LiveLinkCurveDebugUI.uplugin" 421
"../../../Engine/Plugins/Developer/DirectoryPlaceholder/DirectoryPlaceholder.uplugin" 422
"../../../Engine/Plugins/Developer/CodeLiteSourceCodeAccess/CodeLiteSourceCodeAccess.uplugin" 423
"../../../Engine/Plugins/Developer/N10XSourceCodeAccess/N10XSourceCodeAccess.uplugin" 424
"../../../Engine/Plugins/Developer/FieldNotificationTrace/FieldNotificationTrace.uplugin" 425
"../../../Engine/Plugins/Developer/NullSourceCodeAccess/NullSourceCodeAccess.uplugin" 426
"../../../Engine/Plugins/Developer/BlankPlugin/BlankPlugin.uplugin" 427
"../../../Engine/Plugins/Developer/KDevelopSourceCodeAccess/KDevelopSourceCodeAccess.uplugin" 428
"../../../Engine/Plugins/Developer/GitSourceControl/GitSourceControl.uplugin" 429
"../../../Engine/Plugins/Developer/PixWinPlugin/PixWinPlugin.uplugin" 430
"../../../Engine/Plugins/Developer/NamingTokens/NamingTokens.uplugin" 431
"../../../Engine/Plugins/Developer/PerforceSourceControl/PerforceSourceControl.uplugin" 432
"../../../Engine/Plugins/Developer/PlasticSourceControl/PlasticSourceControl.uplugin" 433
"../../../Engine/Plugins/Developer/RenderDocPlugin/RenderDocPlugin.uplugin" 434
"../../../Engine/Plugins/Developer/OneSkyLocalizationService/OneSkyLocalizationService.uplugin" 435
"../../../Engine/Plugins/Developer/TraceDataFiltering/TraceDataFilters.uplugin" 436
"../../../Engine/Plugins/Developer/UObjectPlugin/UObjectPlugin.uplugin" 437
"../../../Engine/Plugins/Developer/TextureFormatOodle/TextureFormatOodle.uplugin" 438
"../../../Engine/Plugins/Developer/SubversionSourceControl/SubversionSourceControl.uplugin" 439
"../../../Engine/Plugins/Developer/ProjectLauncher/ProjectLauncher.uplugin" 440
"../../../Engine/Plugins/Developer/PluginUtils/PluginUtils.uplugin" 441
"../../../Engine/Plugins/Developer/PropertyAccessNode/PropertyAccessNode.uplugin" 442
"../../../Engine/Plugins/Developer/RiderSourceCodeAccess/RiderSourceCodeAccess.uplugin" 443
"../../../Engine/Plugins/Developer/VisualStudioSourceCodeAccess/VisualStudioSourceCodeAccess.uplugin" 444
"../../../Engine/Plugins/Editor/AssetManagerEditor/AssetManagerEditor.uplugin" 445
"../../../Engine/Plugins/Developer/XCodeSourceCodeAccess/XCodeSourceCodeAccess.uplugin" 446
"../../../Engine/Plugins/Developer/VisualStudioCodeSourceCodeAccess/VisualStudioCodeSourceCodeAccess.uplugin" 447
"../../../Engine/Plugins/Developer/XcodeGPUDebuggerPlugin/XcodeGPUDebuggerPlugin.uplugin" 448
"../../../Engine/Plugins/Editor/BlueprintMaterialTextureNodes/BlueprintMaterialTextureNodes.uplugin" 449
"../../../Engine/Plugins/Editor/ColorGrading/ColorGrading.uplugin" 450
"../../../Engine/Plugins/Developer/TraceSourceFiltering/TraceSourceFilters.uplugin" 451
"../../../Engine/Plugins/Editor/CurveEditorTools/CurveEditorTools.uplugin" 452
"../../../Engine/Plugins/Editor/AssetReferenceRestrictions/AssetReferenceRestrictions.uplugin" 453
"../../../Engine/Plugins/Editor/AssetSearch/AssetSearch.uplugin" 454
"../../../Engine/Plugins/Editor/ConsoleVariablesEditor/ConsoleVariables.uplugin" 455
"../../../Engine/Plugins/Editor/DisplayClusterLaunch/DisplayClusterLaunch.uplugin" 456
"../../../Engine/Plugins/Editor/EditorScriptingUtilities/EditorScriptingUtilities.uplugin" 457
"../../../Engine/Plugins/Editor/EngineAssetDefinitions/EngineAssetDefinitions.uplugin" 458
"../../../Engine/Plugins/Editor/EditorSysConfigAssistant/EditorSysConfigAssistant.uplugin" 459
"../../../Engine/Plugins/Editor/CryptoKeys/CryptoKeys.uplugin" 460
"../../../Engine/Plugins/Editor/GameplayTagsEditor/GameplayTagsEditor.uplugin" 461
"../../../Engine/Plugins/Editor/GuidedTutorials/GuidedTutorials.uplugin" 462
"../../../Engine/Plugins/Editor/ChangelistReview/ChangelistReview.uplugin" 463
"../../../Engine/Plugins/Editor/EditorDebugTools/EditorDebugTools.uplugin" 464
"../../../Engine/Plugins/Editor/DataValidation/DataValidation.uplugin" 465
"../../../Engine/Plugins/Editor/FacialAnimation/FacialAnimation.uplugin" 466
"../../../Engine/Plugins/Editor/MaterialAnalyzer/MaterialAnalyzer.uplugin" 467
"../../../Engine/Plugins/Editor/BlueprintHeaderView/BlueprintHeaderView.uplugin" 468
"../../../Engine/Plugins/Editor/MacGraphicsSwitching/MacGraphicsSwitching.uplugin" 469
"../../../Engine/Plugins/Editor/GeometryMode/GeometryMode.uplugin" 470
"../../../Engine/Plugins/Editor/ModelingToolsEditorMode/ModelingToolsEditorMode.uplugin" 471
"../../../Engine/Plugins/Editor/ProxyLODPlugin/ProxyLODPlugin.uplugin" 472
"../../../Engine/Plugins/Editor/MeshLODToolset/MeshLODToolset.uplugin" 473
"../../../Engine/Plugins/Editor/LiveUpdateForSlate/LiveUpdateForSlate.uplugin" 474
"../../../Engine/Plugins/Editor/PluginBrowser/PluginBrowser.uplugin" 475
"../../../Engine/Plugins/Editor/SampleToolsEditorMode/SampleToolsEditorMode.uplugin" 476
"../../../Engine/Plugins/Editor/AssetRegistryExport/AssetRegistryExport.uplugin" 477
"../../../Engine/Plugins/Editor/MakeCookedEditorAsDLC/MakeCookedEditorAsDLC.uplugin" 478
"../../../Engine/Plugins/Editor/StylusInput/StylusInput.uplugin" 479
"../../../Engine/Plugins/Editor/SequencerAnimTools/SequencerAnimTools.uplugin" 480
"../../../Engine/Plugins/Editor/ModelViewViewModelPreview/ModelViewViewModelPreview.uplugin" 481
"../../../Engine/Plugins/Editor/UMGWidgetPreview/UMGWidgetPreview.uplugin" 482
"../../../Engine/Plugins/Editor/StaticMeshEditorModeling/StaticMeshEditorModeling.uplugin" 483
"../../../Engine/Plugins/Editor/WaveformEditor/WaveformEditor.uplugin" 484
"../../../Engine/Plugins/Editor/SpeedTreeImporter/SpeedTreeImporter.uplugin" 485
"../../../Engine/Plugins/Editor/MobileLauncherProfileWizard/MobileLauncherProfileWizard.uplugin" 486
"../../../Engine/Plugins/Enterprise/AxFImporter/AxFImporter.uplugin" 487
"../../../Engine/Plugins/Editor/ScriptableToolsEditorMode/ScriptableToolsEditorMode.uplugin" 488
"../../../Engine/Plugins/Enterprise/DatasmithC4DImporter/DatasmithC4DImporter.uplugin" 489
"../../../Engine/Plugins/Editor/UVEditor/UVEditor.uplugin" 490
"../../../Engine/Plugins/Enterprise/DatasmithCADImporter/DatasmithCADImporter.uplugin" 491
"../../../Engine/Plugins/Enterprise/DataprepEditor/DataprepEditor.uplugin" 492
"../../../Engine/Plugins/Enterprise/LidarPointCloud/LidarPointCloud.uplugin" 493
"../../../Engine/Plugins/Enterprise/DatasmithContent/DatasmithContent.uplugin" 494
"../../../Engine/Plugins/Editor/WorldPartitionHLODUtilities/WorldPartitionHLODUtilities.uplugin" 495
"../../../Engine/Plugins/Enterprise/GLTFExporter/GLTFExporter.uplugin" 496
"../../../Engine/Plugins/Enterprise/DatasmithFBXImporter/DatasmithFBXImporter.uplugin" 497
"../../../Engine/Plugins/Enterprise/VariantManager/VariantManager.uplugin" 498
"../../../Engine/Plugins/Importers/AlembicHairImporter/AlembicHairImporter.uplugin" 499
"../../../Engine/Plugins/Media/AppleProResDecoderElectra/AppleProResDecoderElectra.uplugin" 500
"../../../Engine/Plugins/Importers/USDMultiUser/USDMultiUser.uplugin" 501
"../../../Engine/Plugins/Media/AvidDNxHDDecoderElectra/AvidDNxHDDecoderElectra.uplugin" 502
"../../../Engine/Plugins/Media/BlackmagicMedia/BlackmagicMedia.uplugin" 503
"../../../Engine/Plugins/Media/AvfMedia/AvfMedia.uplugin" 504
"../../../Engine/Plugins/Enterprise/MDLImporter/MDLImporter.uplugin" 505
"../../../Engine/Plugins/Media/ElectraCDM/ElectraCDM.uplugin" 506
"../../../Engine/Plugins/Media/HAPDecoderElectra/HAPDecoderElectra.uplugin" 507
"../../../Engine/Plugins/Media/FlacDecoderElectra/FlacDecoderElectra.uplugin" 508
"../../../Engine/Plugins/Media/ElectraPlayer/ElectraPlayer.uplugin" 509
"../../../Engine/Plugins/Media/AudioCaptureTimecodeProvider/AudioCaptureTimecodeProvider.uplugin" 510
"../../../Engine/Plugins/Media/AndroidCamera/AndroidCamera.uplugin" 511
"../../../Engine/Plugins/Media/HAPMedia/HAPMedia.uplugin" 512
"../../../Engine/Plugins/Media/ElectraCodecs/ElectraCodecs.uplugin" 513
"../../../Engine/Plugins/Media/BinkMedia/BinkMedia.uplugin" 514
"../../../Engine/Plugins/Media/HardwareEncoders/HardwareEncoders.uplugin" 515
"../../../Engine/Plugins/Media/LinearTimecode/LinearTimecode.uplugin" 516
"../../../Engine/Plugins/Media/MediaFrameworkUtilities/MediaFrameworkUtilities.uplugin" 517
"../../../Engine/Plugins/Media/ElectraSubtitles/ElectraSubtitles.uplugin" 518
"../../../Engine/Plugins/Enterprise/DatasmithImporter/DatasmithImporter.uplugin" 519
"../../../Engine/Plugins/Media/NDIMedia/NDIMedia.uplugin" 520
"../../../Engine/Plugins/Importers/AlembicImporter/AlembicImporter.uplugin" 521
"../../../Engine/Plugins/Media/PixelCapture/PixelCapture.uplugin" 522
"../../../Engine/Plugins/Importers/USDImporterMDL/USDImporterMDL.uplugin" 523
"../../../Engine/Plugins/Media/OpusDecoderElectra/OpusDecoderElectra.uplugin" 524
"../../../Engine/Plugins/Media/AvidDNxMedia/AvidDNxMedia.uplugin" 525
"../../../Engine/Plugins/Media/MediaCompositing/MediaCompositing.uplugin" 526
"../../../Engine/Plugins/Media/D3D12VideoDecodersElectra/D3D12VideoDecodersElectra.uplugin" 527
"../../../Engine/Plugins/Media/WebMMedia/WebMMedia.uplugin" 528
"../../../Engine/Plugins/Importers/USDImporter/USDImporter.uplugin" 529
"../../../Engine/Plugins/Media/MediaPlayerEditor/MediaPlayerEditor.uplugin" 530
"../../../Engine/Plugins/Media/PixelStreaming/PixelStreaming.uplugin" 531
"../../../Engine/Plugins/Media/PixelStreaming2/PixelStreaming2.uplugin" 532
"../../../Engine/Plugins/Media/TimecodeSynchronizer/TimecodeSynchronizer.uplugin" 533
"../../../Engine/Plugins/Media/WmfMedia/WmfMedia.uplugin" 534
"../../../Engine/Plugins/MetaHuman/MetaHumanCoreTechLib/MetaHumanCoreTech.uplugin" 535
"../../../Engine/Plugins/Media/AppleProResMedia/AppleProResMedia.uplugin" 536
"../../../Engine/Plugins/Online/EOSShared/EOSShared.uplugin" 537
"../../../Engine/Plugins/Media/ImgMedia/ImgMedia.uplugin" 538
"../../../Engine/Plugins/MetaHuman/MetaHumanSDK/MetaHumanSDK.uplugin" 539
"../../../Engine/Plugins/Media/AndroidMedia/AndroidMedia.uplugin" 540
"../../../Engine/Plugins/MetaHuman/MetaHumanAnimator/MetaHuman.uplugin" 541
"../../../Engine/Plugins/MetaHuman/MetaHumanCalibrationProcessing/MetaHumanCalibrationProcessing.uplugin" 542
"../../../Engine/Plugins/Media/AjaMedia/AjaMedia.uplugin" 543
"../../../Engine/Plugins/MetaHuman/MetaHumanLiveLink/MetaHumanLiveLink.uplugin" 544
"../../../Engine/Plugins/NetcodeUnitTest/NUTUnrealEngine/NUTUnrealEngine.uplugin" 545
"../../../Engine/Plugins/Enterprise/VariantManagerContent/VariantManagerContent.uplugin" 546
"../../../Engine/Plugins/Online/EOSOverlayInputProvider/EOSOverlayInputProvider.uplugin" 547
"../../../Engine/Plugins/MetaHuman/MetaHumanCharacter/MetaHumanCharacter.uplugin" 548
"../../../Engine/Plugins/Online/OnlineBase/OnlineBase.uplugin" 549
"../../../Engine/Plugins/Online/OnlineServicesEOS/OnlineServicesEOS.uplugin" 550
"../../../Engine/Plugins/Online/OnlineServices/OnlineServices.uplugin" 551
"../../../Engine/Plugins/NetcodeUnitTest/NetcodeUnitTest/NetcodeUnitTest.uplugin" 552
"../../../Engine/Plugins/Online/OnlineServicesNull/OnlineServicesNull.uplugin" 553
"../../../Engine/Plugins/Online/OnlineFramework/OnlineFramework.uplugin" 554
"../../../Engine/Plugins/Online/OnlineSubsystemApple/OnlineSubsystemApple.uplugin" 555
"../../../Engine/Plugins/Online/OnlineServicesEpicCommon/OnlineServicesEpicCommon.uplugin" 556
"../../../Engine/Plugins/Media/MediaPlate/MediaPlate.uplugin" 557
"../../../Engine/Plugins/Online/OnlineSubsystemEOS/OnlineSubsystemEOS.uplugin" 558
"../../../Engine/Plugins/Online/OnlineServicesOSSAdapter/OnlineServicesOSSAdapter.uplugin" 559
"../../../Engine/Plugins/Media/ElectraUtil/ElectraUtil.uplugin" 560
"../../../Engine/Plugins/Online/OnlineSubsystemNull/OnlineSubsystemNull.uplugin" 561
"../../../Engine/Plugins/Media/MediaMovieStreamer/MediaMovieStreamer.uplugin" 562
"../../../Engine/Plugins/Online/OnlineSubsystemAmazon/OnlineSubsystemAmazon.uplugin" 563
"../../../Engine/Plugins/Online/OnlineSubsystemSteam/OnlineSubsystemSteam.uplugin" 564
"../../../Engine/Plugins/Online/OnlineSubsystemTencent/OnlineSubsystemTencent.uplugin" 565
"../../../Engine/Plugins/Media/VPxDecoderElectra/VPxDecoderElectra.uplugin" 566
"../../../Engine/Plugins/Media/MfMedia/MfMedia.uplugin" 567
"../../../Engine/Plugins/Online/SocketSubsystemEOS/SocketSubsystemEOS.uplugin" 568
"../../../Engine/Plugins/Online/WebAuth/WebAuth.uplugin" 569
"../../../Engine/Plugins/Media/MediaIOFramework/MediaIOFramework.uplugin" 570
"../../../Engine/Plugins/Online/OnlineSubsystem/OnlineSubsystem.uplugin" 571
"../../../Engine/Plugins/Performance/PerformanceMonitor/PerformanceMonitor.uplugin" 572
"../../../Engine/Plugins/VirtualProduction/ActorModifierCore/ActorModifierCore.uplugin" 573
"../../../Engine/Plugins/Online/OnlineSubsystemGoogle/OnlineSubsystemGoogle.uplugin" 574
"../../../Engine/Plugins/Slate/SlateInsights/SlateInsights.uplugin" 575
"../../../Engine/Plugins/VirtualProduction/ActorModifier/ActorModifier.uplugin" 576
"../../../Engine/Plugins/VirtualProduction/CameraCalibration/CameraCalibration.uplugin" 577
"../../../Engine/Plugins/VirtualProduction/Avalanche/Avalanche.uplugin" 578
"../../../Engine/Plugins/Online/OnlineSubsystemUtils/OnlineSubsystemUtils.uplugin" 579
"../../../Engine/Plugins/VirtualProduction/CameraCalibrationML/CameraCalibrationML.uplugin" 580
"../../../Engine/Plugins/VirtualProduction/CinematicAssemblyTools/CinematicAssemblyTools.uplugin" 581
"../../../Engine/Plugins/Online/OnlineServicesEOSGS/OnlineServicesEOSGS.uplugin" 582
"../../../Engine/Plugins/Performance/AutomatedPerfTesting/AutomatedPerfTesting.uplugin" 583
"../../../Engine/Plugins/VirtualProduction/ClonerEffector/ClonerEffector.uplugin" 584
"../../../Engine/Plugins/VirtualProduction/CompositePlane/CompositePlane.uplugin" 585
"../../../Engine/Plugins/VirtualProduction/DynamicMaterial/DynamicMaterial.uplugin" 586
"../../../Engine/Plugins/VirtualProduction/GeometryMask/GeometryMask.uplugin" 587
"../../../Engine/Plugins/VirtualProduction/ICVFXTesting/ICVFXTesting.uplugin" 588
"../../../Engine/Plugins/VirtualProduction/DataCharts/DataCharts.uplugin" 589
"../../../Engine/Plugins/VirtualProduction/CustomDetailsView/CustomDetailsView.uplugin" 590
"../../../Engine/Plugins/VirtualProduction/LensComponent/LensComponent.uplugin" 591
"../../../Engine/Plugins/VirtualProduction/ICVFX/ICVFX.uplugin" 592
"../../../Engine/Plugins/VirtualProduction/LiveLinkFreeD/LiveLinkFreeD.uplugin" 593
"../../../Engine/Plugins/VirtualProduction/LevelSnapshots/LevelSnapshots.uplugin" 594
"../../../Engine/Plugins/VirtualProduction/LiveLinkCamera/LiveLinkCamera.uplugin" 595
"../../../Engine/Plugins/VirtualProduction/LiveLinkLens/LiveLinkLens.uplugin" 596
"../../../Engine/Plugins/Online/OnlineSubsystemFacebook/OnlineSubsystemFacebook.uplugin" 597
"../../../Engine/Plugins/VirtualProduction/LiveLinkOpenTrackIO/LiveLinkOpenTrackIO.uplugin" 598
"../../../Engine/Plugins/VirtualProduction/LiveLinkPrestonMDR/LiveLinkPrestonMDR.uplugin" 599
"../../../Engine/Plugins/VirtualProduction/LiveLinkXR/LiveLinkXR.uplugin" 600
"../../../Engine/Plugins/VirtualProduction/LiveLinkMasterLockit/LiveLinkMasterLockit.uplugin" 601
"../../../Engine/Plugins/VirtualProduction/CaptureData/CaptureData.uplugin" 602
"../../../Engine/Plugins/VirtualProduction/OperatorStack/OperatorStack.uplugin" 603
"../../../Engine/Plugins/VirtualProduction/RemoteControl/RemoteControl.uplugin" 604
"../../../Engine/Plugins/Slate/SlateScripting/SlateScripting.uplugin" 605
"../../../Engine/Plugins/VirtualProduction/PerformanceCaptureWorkflow/PerformanceCaptureWorkflow.uplugin" 606
"../../../Engine/Plugins/VirtualProduction/RemoteControlProtocolDMX/RemoteControlProtocolDMX.uplugin" 607
"../../../Engine/Plugins/VirtualProduction/PropertyAnimatorCore/PropertyAnimatorCore.uplugin" 608
"../../../Engine/Plugins/VirtualProduction/SequencerPlaylists/SequencerPlaylists.uplugin" 609
"../../../Engine/Plugins/Online/SocketSubsystemSteamIP/SocketSubsystemSteamIP.uplugin" 610
"../../../Engine/Plugins/VirtualProduction/RemoteControlInterception/RemoteControlInterception.uplugin" 611
"../../../Engine/Plugins/VirtualProduction/EpicStageApp/EpicStageApp.uplugin" 612
"../../../Engine/Plugins/VirtualProduction/RemoteControlProtocolOSC/RemoteControlProtocolOSC.uplugin" 613
"../../../Engine/Plugins/VirtualProduction/RemoteControlWebInterface/RemoteControlWebInterface.uplugin" 614
"../../../Engine/Plugins/VirtualProduction/LiveLinkVRPN/LiveLinkVRPN.uplugin" 615
"../../../Engine/Plugins/VirtualProduction/StormSync/StormSync.uplugin" 616
"../../../Engine/Plugins/VirtualProduction/StageMonitoring/StageMonitoring.uplugin" 617
"../../../Engine/Plugins/VirtualProduction/CameraCalibrationCore/CameraCalibrationCore.uplugin" 618
"../../../Engine/Plugins/VirtualProduction/Takes/Takes.uplugin" 619
"../../../Engine/Plugins/VirtualProduction/StormSyncAvalancheBridge/StormSyncAvalancheBridge.uplugin" 620
"../../../Engine/Plugins/VirtualProduction/Switchboard/Switchboard.uplugin" 621
"../../../Engine/Plugins/VirtualProduction/VirtualCamera/VirtualCamera.uplugin" 622
"../../../Engine/Plugins/VirtualProduction/TimedDataMonitor/TimedDataMonitor.uplugin" 623
"../../../Engine/Plugins/VirtualProduction/VirtualCameraCore/VirtualCameraCore.uplugin" 624
"../../../Engine/Plugins/VirtualProduction/PropertyAnimator/PropertyAnimator.uplugin" 625
"../../../Engine/Plugins/VirtualProduction/MultiUserTakes/MultiUserTakes.uplugin" 626
"../../../Engine/Plugins/Experimental/CharacterFXEditor/BaseCharacterFXEditor/BaseCharacterFXEditor.uplugin" 627
"../../../Engine/Plugins/VirtualProduction/TextureShare/TextureShare.uplugin" 628
"../../../Engine/Plugins/Experimental/VirtualProduction/VPRoles/VPRoles.uplugin" 629
"../../../Engine/Plugins/Experimental/VirtualProduction/VPSettings/VPSettings.uplugin" 630
"../../../Engine/Plugins/Runtime/PacketHandlers/AESGCMHandlerComponent/AESGCMHandlerComponent.uplugin" 631
"../../../Engine/Plugins/Runtime/PacketHandlers/AESHandlerComponent/AESHandlerComponent.uplugin" 632
"../../../Engine/Plugins/VirtualProduction/LiveLinkInputDevice/LiveLinkInputDevice.uplugin" 633
"../../../Engine/Plugins/Experimental/CharacterFXEditor/ExampleCharacterFXEditor/ExampleCharacterFXEditor.uplugin" 634
"../../../Engine/Plugins/Experimental/PCGInterops/PCGInstancedActorsInterop/PCGInstancedActorsInterop.uplugin" 635
"../../../Engine/Plugins/Experimental/MetaHuman/MetaHumanRuntime/MetaHumanRuntime.uplugin" 636
"../../../Engine/Plugins/Runtime/Advertising/IOSTapJoy/IOSTapJoy.uplugin" 637
"../../../Engine/Plugins/Experimental/Animation/MotionTrajectory/MotionTrajectory.uplugin" 638
"../../../Engine/Plugins/Experimental/PCGInterops/PCGWaterInterop/PCGWaterInterop.uplugin" 639
"../../../Engine/Plugins/Experimental/Animation/SkeletonTemplateFramework/SkeletonTemplateFramework.uplugin" 640
"../../../Engine/Plugins/Experimental/VirtualProduction/LedWallCalibration/LedWallCalibration.uplugin" 641
"../../../Engine/Plugins/Experimental/Compositing/HoldoutComposite/HoldoutComposite.uplugin" 642
"../../../Engine/Plugins/Experimental/Animation/Locomotor/Locomotor.uplugin" 643
"../../../Engine/Plugins/VirtualProduction/RemoteControlProtocolMIDI/RemoteControlProtocolMIDI.uplugin" 644
"../../../Engine/Plugins/Runtime/MeshReconstruction/DummyMeshReconstructor/DummyMeshReconstructor.uplugin" 645
"../../../Engine/Plugins/Runtime/Steam/SteamAudio/SteamAudio.uplugin" 646
"../../../Engine/Plugins/Experimental/Animation/HierarchyTable/HierarchyTable.uplugin" 647
"../../../Engine/Plugins/Experimental/Animation/RigMapper/RigMapper.uplugin" 648
"../../../Engine/Plugins/Runtime/Windows/XInputDevice/XInputDevice.uplugin" 649
"../../../Engine/Plugins/Experimental/Animation/HierarchyTableAnimation/HierarchyTableAnimation.uplugin" 650
"../../../Engine/Plugins/Experimental/Animation/Optimus/Optimus.uplugin" 651
"../../../Engine/Plugins/Runtime/Steam/SteamController/SteamController.uplugin" 652
"../../../Engine/Plugins/Runtime/Steam/SteamSockets/SteamSockets.uplugin" 653
"../../../Engine/Plugins/Runtime/PacketHandlers/DTLSHandlerComponent/DTLSHandlerComponent.uplugin" 654
"../../../Engine/Plugins/Experimental/Animation/CurveExpression/CurveExpression.uplugin" 655
"../../../Engine/Plugins/Runtime/Steam/SteamShared/SteamShared.uplugin" 656
"../../../Engine/Plugins/Experimental/Compositing/CompositeCore/CompositeCore.uplugin" 657
"../../../Engine/Plugins/VirtualProduction/VirtualScouting/VirtualScouting.uplugin" 658
"../../../Engine/Plugins/Experimental/Animation/SkeletalMeshMorphTargetEditingTools/SkeletalMeshMorphTargetEditingTools.uplugin" 659
"../../../Engine/Plugins/Online/Android/AndroidFetchBackgroundDownload/AndroidFetchBackgroundDownload.uplugin" 660
"../../../Engine/Plugins/Experimental/Animation/PackedAttributes/PackedAttributes.uplugin" 661
"../../../Engine/Plugins/Experimental/Enterprise/DatasmithInterchange/DatasmithInterchange.uplugin" 662
"../../../Engine/Plugins/Online/Android/OnlineSubsystemGooglePlay/OnlineSubsystemGooglePlay.uplugin" 663
"../../../Engine/Plugins/Experimental/Enterprise/DataprepGeometryOperations/DataprepGeometryOperations.uplugin" 664
"../../../Engine/Plugins/Experimental/Enterprise/DatasmithRuntime/DatasmithRuntime.uplugin" 665
"../../../Engine/Plugins/Interchange/Extensions/OpenVDB/InterchangeOpenVDB.uplugin" 666
"../../../Engine/Plugins/Runtime/AR/ARUtilities/ARUtilities.uplugin" 667
"../../../Engine/Plugins/Editor/ObjectMixer/LightMixer/LightMixer.uplugin" 668
"../../../Engine/Plugins/VirtualProduction/Rivermax/RivermaxCore/RivermaxCore.uplugin" 669
"../../../Engine/Plugins/Experimental/Animation/ContextualAnimation/ContextualAnimation.uplugin" 670
"../../../Engine/Plugins/Runtime/Windows/WinDualShock/WinDualShock.uplugin" 671
"../../../Engine/Plugins/Runtime/Database/ADOSupport/ADOSupport.uplugin" 672
"../../../Engine/Plugins/Editor/ObjectMixer/ObjectMixer/ObjectMixer.uplugin" 673
"../../../Engine/Plugins/Runtime/Database/RemoteDatabaseSupport/RemoteDatabaseSupport.uplugin" 674
"../../../Engine/Plugins/Experimental/Animation/TrajectoryTools/TrajectoryTools.uplugin" 675
"../../../Engine/Plugins/VirtualProduction/CaptureManager/CaptureManagerEditor/CaptureManagerEditor.uplugin" 676
"../../../Engine/Plugins/VirtualProduction/Rivermax/RivermaxMedia/RivermaxMedia.uplugin" 677
"../../../Engine/Plugins/Runtime/Database/DatabaseSupport/DatabaseSupport.uplugin" 678
"../../../Engine/Plugins/VirtualProduction/CaptureManager/CaptureManagerCore/CaptureManagerCore.uplugin" 679
"../../../Engine/Plugins/Editor/Localization/PortableObjectFileDataSource/PortableObjectFileDataSource.uplugin" 680
"../../../Engine/Plugins/Runtime/Database/SQLiteSupport/SQLiteSupport.uplugin" 681
"../../../Engine/Plugins/VirtualProduction/Rivermax/RivermaxSync/RivermaxSync.uplugin" 682
"../../../Engine/Plugins/Runtime/Database/SQLiteCore/SQLiteCore.uplugin" 683
"../../../Engine/Plugins/Experimental/PCGInterops/PCGNiagaraInterop/PCGNiagaraInterop.uplugin" 684
"../../../Engine/Plugins/Interchange/Extensions/OpenUSD/InterchangeOpenUSD.uplugin" 685
"../../../Engine/Plugins/Runtime/XR/XRScribe/XRScribe.uplugin" 686
"../../../Engine/Plugins/VirtualProduction/CaptureManager/CaptureManagerApp/CaptureManagerApp.uplugin" 687
"../../../Engine/Plugins/VirtualProduction/CaptureManager/CaptureManagerDevices/CaptureManagerDevices.uplugin" 688
"../../../Engine/Plugins/Editor/ContentBrowser/ContentBrowserAliasDataSource/ContentBrowserAliasDataSource.uplugin" 689
"../../../Engine/Plugins/Editor/ContentBrowser/ContentBrowserAssetDataSource/ContentBrowserAssetDataSource.uplugin" 690
"../../../Engine/Plugins/Editor/ContentBrowser/ContentBrowserClassDataSource/ContentBrowserClassDataSource.uplugin" 691
"../../../Engine/Plugins/Runtime/XR/XRVisualization/XRVisualization.uplugin" 692
"../../../Engine/Plugins/Editor/ContentBrowser/ContentBrowserFileDataSource/ContentBrowserFileDataSource.uplugin" 693
"../../../Engine/Plugins/Online/VoiceChat/EOSVoiceChat/EOSVoiceChat.uplugin" 694
"../../../Engine/Plugins/Animation/MLDeformer/VertexDeltaModel/VertexDeltaModel.uplugin" 695
"../../../Engine/Plugins/Animation/MLDeformer/ChaosFleshGenerator/ChaosFleshGenerator.uplugin" 696
"../../../Engine/Plugins/Online/VoiceChat/VoiceChat/VoiceChat.uplugin" 697
"../../../Engine/Plugins/Animation/MLDeformer/NeuralMorphModel/NeuralMorphModel.uplugin" 698
"../../../Engine/Plugins/Animation/MLDeformer/MLDeformerFramework/MLDeformerFramework.uplugin" 699
"../../../Engine/Plugins/VirtualProduction/DMX/DMXControlConsole/DMXControlConsole.uplugin" 700
"../../../Engine/Plugins/Animation/MLDeformer/NearestNeighborModel/NearestNeighborModel.uplugin" 701
"../../../Engine/Plugins/VirtualProduction/DMX/DMXDisplayCluster/DMXDisplayCluster.uplugin" 702
"../../../Engine/Plugins/VirtualProduction/DMX/DatasmithMVR/DatasmithMVR.uplugin" 703
"../../../Engine/Plugins/VirtualProduction/DMX/DMXEngine/DMXEngine.uplugin" 704
"../../../Engine/Plugins/VirtualProduction/DMX/DMXFixtures/DMXFixtures.uplugin" 705
"../../../Engine/Plugins/Animation/MLDeformer/ChaosClothGenerator/ChaosClothGenerator.uplugin" 706
"../../../Engine/Plugins/VirtualProduction/DMX/DMXGDTF/DMXGDTF.uplugin" 707
"../../../Engine/Plugins/Developer/Concert/ConcertMain/ConcertMain.uplugin" 708
"../../../Engine/Plugins/VirtualProduction/DMX/DMXProtocol/DMXProtocol.uplugin" 709
"../../../Engine/Plugins/VirtualProduction/DMX/DMXModularFeatures/DMXModularFeatures.uplugin" 710
"../../../Engine/Plugins/Experimental/AVCodecs/AVCodecsCore/AVCodecsCore.uplugin" 711
"../../../Engine/Plugins/VirtualProduction/DMX/DMXPixelMapping/DMXPixelMapping.uplugin" 712
"../../../Engine/Plugins/Experimental/AVCodecs/LibVpxCodecs/LibVpxCodecs.uplugin" 713
"../../../Engine/Plugins/Experimental/AVCodecs/VTCodecs/VTCodecs.uplugin" 714
"../../../Engine/Plugins/Online/IOS/OnlineSubsystemIOS/OnlineSubsystemIOS.uplugin" 715
"../../../Engine/Plugins/Runtime/Analytics/Adjust/Adjust.uplugin" 716
"../../../Engine/Plugins/Experimental/AVCodecs/AMFCodecs/AMFCodecs.uplugin" 717
"../../../Engine/Plugins/Experimental/Web/WebAPI/WebAPI.uplugin" 718
"../../../Engine/Plugins/Experimental/AVCodecs/NVCodecs/NVCodecs.uplugin" 719
"../../../Engine/Plugins/Experimental/AVCodecs/WMFCodecs/WMFCodecs.uplugin" 720
"../../../Engine/Plugins/Runtime/Analytics/AnalyticsBlueprintLibrary/AnalyticsBlueprintLibrary.uplugin" 721
"../../../Engine/Plugins/Runtime/Analytics/AnalyticsMulticast/AnalyticsMulticast.uplugin" 722
"../../../Engine/Plugins/Runtime/Analytics/FileLogging/FileLogging.uplugin" 723
"../../../Engine/Plugins/Runtime/AR/AppleAR/AppleARKit/AppleARKit.uplugin" 724
"../../../Engine/Plugins/Runtime/AR/AppleAR/AppleARKitFaceSupport/AppleARKitFaceSupport.uplugin" 725
"../../../Engine/Plugins/Runtime/Nvidia/Reflex/Reflex.uplugin" 726
"../../../Engine/Plugins/Runtime/Nvidia/GeForceNOWWrapper/GeForceNOWWrapper.uplugin" 727
"../../../Engine/Plugins/Experimental/Animation/MLDeformer/DetailPoseModel/DetailPoseModel.uplugin" 728
"../../../Engine/Plugins/Developer/Concert/ConcertUI/ConcertClientSharedSlate/ConcertClientSharedSlate.uplugin" 729
"../../../Engine/Plugins/Runtime/AR/Google/GoogleARCore/GoogleARCore.uplugin" 730
"../../../Engine/Plugins/Developer/Concert/ConcertSync/ConcertSyncClient/ConcertSyncClient.uplugin" 731
"../../../Engine/Plugins/Developer/Concert/ConcertUI/ConcertSharedSlate/ConcertSharedSlate.uplugin" 732
"../../../Engine/Plugins/Developer/Concert/ConcertSync/ConcertSyncServer/ConcertSyncServer.uplugin" 733
"../../../Engine/Plugins/Runtime/AR/Google/GoogleARCoreServices/GoogleARCoreServices.uplugin" 734
"../../../Engine/Plugins/Developer/Concert/ConcertInsights/ConcertInsightsCore/ConcertInsightsCore.uplugin" 735
"../../../Engine/Plugins/Developer/Concert/ConcertInsights/ConcertInsightsVisualizer/ConcertInsightsVisualizer.uplugin" 736
"../../../Engine/Plugins/Developer/Concert/ConcertInsights/ConcertInsightsClient/ConcertInsightsClient.uplugin" 737
"../../../Engine/Plugins/Developer/Concert/ConcertSync/ConcertSyncTest/ConcertSyncTest.uplugin" 738
"../../../Engine/Plugins/Developer/Concert/ConcertSync/ConcertSyncCore/ConcertSyncCore.uplugin" 739
"../../../Engine/Plugins/Developer/Concert/ConcertApp/MultiUserServer/MultiUserServer.uplugin" 740
"../../../Engine/Plugins/Developer/Concert/ConcertInsights/ConcertInsightsServer/ConcertInsightsServer.uplugin" 741
"../../../Engine/Plugins/Developer/Concert/ConcertScripting/ConcertReplicationScripting/ConcertReplicationScripting.uplugin" 742
"../../../Engine/Plugins/Developer/Concert/ConcertApp/MultiUserClient/MultiUserClient.uplugin" 743
"../../../Engine/Plugins/Developer/Concert/ConcertApp/DisasterRecoveryClient/DisasterRecoveryClient.uplugin" 744
"../../../Engine/Platforms/Android/Plugins/RigLogic/RigLogic_Android.uplugin" 745
"../../../Engine/Platforms/Android/Plugins/Animation/ACLPlugin/ACLPlugin_Android.uplugin" 746
"../../../Engine/Platforms/IOS/Plugins/RigLogic/RigLogic_IOS.uplugin" 747
"../../../Engine/Content/Internationalization/icudt64l/cnvalias.icu" 748
"../../../Engine/Content/Internationalization/icudt64l/res_index.res" 749
"../../../Engine/Content/Internationalization/icudt64l/plurals.res" 750
"../../../Engine/Content/Internationalization/icudt64l/lang/en_AT.res" 751
"../../../Engine/Content/Internationalization/icudt64l/lang/pool.res" 752
"../../../Engine/Content/Internationalization/icudt64l/lang/en_150.res" 753
"../../../Engine/Content/Internationalization/icudt64l/lang/en_001.res" 754
"../../../Engine/Content/Internationalization/icudt64l/lang/en.res" 755
"../../../Engine/Content/Internationalization/icudt64l/lang/root.res" 756
"../../../Engine/Content/Internationalization/icudt64l/region/en_AT.res" 757
"../../../Engine/Content/Internationalization/icudt64l/region/pool.res" 758
"../../../Engine/Content/Internationalization/icudt64l/region/en_150.res" 759
"../../../Engine/Content/Internationalization/icudt64l/region/en.res" 760
"../../../Engine/Content/Internationalization/icudt64l/region/root.res" 761
"../../../Engine/Content/Internationalization/icudt64l/windowsZones.res" 762
"../../../Engine/Content/Internationalization/icudt64l/zoneinfo64.res" 763
"../../../Engine/Content/Internationalization/icudt64l/keyTypeData.res" 764
"../../../Engine/Content/Internationalization/icudt64l/timezoneTypes.res" 765
"../../../Engine/Content/Internationalization/icudt64l/likelySubtags.res" 766
"../../../Engine/Content/Internationalization/icudt64l/en_US.res" 767
"../../../Engine/Content/Internationalization/icudt64l/pool.res" 768
"../../../Engine/Content/Internationalization/icudt64l/en.res" 769
"../../../Engine/Content/Internationalization/icudt64l/root.res" 770
"../../../Engine/Content/Internationalization/icudt64l/supplementalData.res" 771
"../../../Engine/Config/ConfigRedirects.ini" 772
"C:/Users/Georg/AppData/Local/UnrealEngine/5.6/Saved/Config/WindowsEditor/Manifest.ini" 773
"../../../Engine/Config/BaseEngine.ini" 774
"../../../Engine/Config/Windows/BaseWindowsEngine.ini" 775
"D:/UE5_Project/TombEvader/Config/DefaultEngine.ini" 776
"../../../Engine/Config/BaseGame.ini" 777
"D:/UE5_Project/TombEvader/Config/DefaultGame.ini" 778
"../../../Engine/Config/Windows/WindowsGame.ini" 779
"D:/UE5_Project/TombEvader/Saved/Config/WindowsEditor/Game.ini" 780
"../../../Engine/Config/BaseInput.ini" 781
"../../../Engine/Config/Windows/BaseWindowsInput.ini" 782
"D:/UE5_Project/TombEvader/Config/DefaultInput.ini" 783
"../../../Engine/Config/Windows/WindowsInput.ini" 784
"../../../Engine/Config/BaseDeviceProfiles.ini" 785
"../../../Engine/Config/BaseGameUserSettings.ini" 786
"D:/UE5_Project/TombEvader/Saved/Config/WindowsEditor/GameUserSettings.ini" 787
"../../../Engine/Config/BaseScalability.ini" 788
"../../../Engine/Config/BaseRuntimeOptions.ini" 789
"../../../Engine/Config/BaseInstallBundle.ini" 790
"../../../Engine/Config/BaseHardware.ini" 791
"../../../Engine/Config/BaseCompat.ini" 792
"../../../Engine/Config/BaseLightmass.ini" 793
"../../../Engine/Config/BaseEditor.ini" 794
"D:/UE5_Project/TombEvader/Config/DefaultEditor.ini" 795
"D:/UE5_Project/TombEvader/Saved/Config/WindowsEditor/Editor.ini" 796
"../../../Engine/Config/BaseMaterialExpressions.ini" 797
"../../../Engine/Config/BaseEditorPerProjectUserSettings.ini" 798
"D:/UE5_Project/TombEvader/Config/DefaultEditorPerProjectUserSettings.ini" 799
"../../../Engine/Config/Windows/WindowsEditorPerProjectUserSettings.ini" 800
"D:/UE5_Project/TombEvader/Saved/Config/WindowsEditor/EditorPerProjectUserSettings.ini" 801
"../../../Engine/Config/BaseEditorSettings.ini" 802
"../../../Engine/Config/Windows/WindowsEditorSettings.ini" 803
"C:/Users/Georg/AppData/Local/UnrealEngine/5.6/Saved/Config/WindowsEditor/EditorSettings.ini" 804
"../../../Engine/Config/BaseEditorKeyBindings.ini" 805
"C:/Users/Georg/AppData/Local/UnrealEngine/5.6/Saved/Config/WindowsEditor/EditorLayout.ini" 806
"D:/UE5_Project/TombEvader/Binaries/Win64/TombEvader-Win64-Shipping.target" 807
"../../../Engine/Config/Android/BaseAndroidEngine.ini" 808
"../../../Engine/Config/IOS/BaseIOSEngine.ini" 809
"../../../Engine/Config/Mac/BaseMacEngine.ini" 810
"../../../Engine/Config/Linux/BaseLinuxEngine.ini" 811
"../../../Engine/Platforms/VisionOS/Config/BaseVisionOSEngine.ini" 812
"../../../Engine/Config/Android/AndroidEngine.ini" 813
"../../../Engine/Binaries/Win64/BootstrapPackagedGame-Win64-Shipping.target" 814
"../../../Engine/Binaries/Win64/BuildPatchTool-Win64-Shipping.target" 815
"../../../Engine/Config/TVOS/TVOSEngine.ini" 816
"../../../Engine/Config/Unix/UnixEngine.ini" 817
"../../../Engine/Binaries/Win64/CrashReportClient-Win64-Shipping.target" 818
"../../../Engine/Platforms/VisionOS/Config/VisionOSEngine.ini" 819
"../../../Engine/Binaries/Win64/CrashReportClientEditor-Win64-Shipping.target" 820
"../../../Engine/Config/Linux/LinuxEngine.ini" 821
"../../../Engine/Binaries/Win64/DatasmithCADWorker.target" 822
"../../../Engine/Binaries/Win64/EpicWebHelper-Win64-Shipping.target" 823
"../../../Engine/Binaries/Win64/InterchangeWorker.target" 824
"../../../Engine/Binaries/Win64/LiveCodingConsole.target" 825
"../../../Engine/Binaries/Win64/LiveLinkHub.target" 826
"../../../Engine/Config/Android/BaseAndroidGame.ini" 827
"../../../Engine/Config/IOS/BaseIOSGame.ini" 828
"../../../Engine/Config/Mac/MacGame.ini" 829
"../../../Engine/Config/IOS/IOSGame.ini" 830
"../../../Engine/Config/Linux/LinuxGame.ini" 831
"../../../Engine/Config/Mac/BaseMacInput.ini" 832
"../../../Engine/Config/Android/BaseAndroidInput.ini" 833
"../../../Engine/Config/IOS/BaseIOSInput.ini" 834
"../../../Engine/Config/Android/AndroidScalability.ini" 835
"../../../Engine/Config/IOS/IOSScalability.ini" 836
"../../../Engine/Config/Android/BaseAndroidInstallBundle.ini" 837
"../../../Engine/Config/IOS/BaseIOSInstallBundle.ini" 838
"../../../Engine/Binaries/Win64/ShaderCompileWorker.target" 839
"../../../Engine/Binaries/Win64/SwitchboardListener.target" 840
"../../../Engine/Binaries/Win64/SwitchboardListenerHelper.target" 841
"../../../Engine/Binaries/Win64/UnrealEditor-Win64-DebugGame.target" 842
"../../../Engine/Binaries/Win64/UnrealEditor.target" 843
"../../../Engine/Config/PluginBase.ini" 844
"../../../Engine/Plugins/ChaosVD/Config/DefaultChaosVD.ini" 845
"../../../Engine/Plugins/EnhancedInput/Config/BaseEnhancedInput.ini" 846
"../../../Engine/Plugins/Fab/Config/BaseFab.ini" 847
"../../../Engine/Plugins/TraceUtilities/Config/BaseTraceUtilities.ini" 848
"../../../Engine/Plugins/Experimental/FullBodyIK/Config/BaseFullBodyIK.ini" 849
"../../../Engine/Plugins/Experimental/ToolPresets/Config/BaseToolPresets.ini" 850
"../../../Engine/Plugins/FX/Niagara/Config/BaseNiagara.ini" 851
"D:/UE5_Project/TombEvader/Saved/Config/WindowsEditor/Niagara.ini" 852
"../../../Engine/Plugins/Interchange/Assets/Config/BaseInterchangeAssets.ini" 853
"../../../Engine/Plugins/Interchange/Runtime/Config/BaseInterchange.ini" 854
"../../../Engine/Plugins/Runtime/HairStrands/Config/BaseHairStrands.ini" 855
"../../../Engine/Plugins/Runtime/GameplayStateTree/Config/BaseGameplayStateTree.ini" 856
"../../../Engine/Plugins/Runtime/Metasound/Config/BaseMetasound.ini" 857
"../../../Engine/Plugins/Runtime/Metasound/Config/DefaultMetasound.ini" 858
"../../../Engine/Plugins/Runtime/PropertyBindingUtils/Config/BasePropertyBindingUtils.ini" 859
"../../../Engine/Plugins/Runtime/RigVM/Config/BaseRigVM.ini" 860
"../../../Engine/Plugins/Runtime/StateTree/Config/BaseStateTree.ini" 861
"../../../Engine/Plugins/Runtime/Synthesis/Config/BaseSynthesis.ini" 862
"../../../Engine/Plugins/2D/Paper2D/Config/BasePaper2D.ini" 863
"../../../Engine/Plugins/Animation/DeformerGraph/Config/BaseDeformerGraph.ini" 864
"../../../Engine/Plugins/Animation/ControlRig/Config/BaseControlRig.ini" 865
"../../../Engine/Plugins/Animation/LiveLink/Config/BaseLiveLink.ini" 866
"../../../Engine/Plugins/Animation/IKRig/Config/BaseIKRig.ini" 867
"../../../Engine/Plugins/Cameras/GameplayCameras/Config/BaseGameplayCameras.ini" 868
"../../../Engine/Plugins/Editor/EditorScriptingUtilities/Config/BaseEditorScriptingUtilities.ini" 869
"../../../Engine/Plugins/Enterprise/DatasmithContent/Config/BaseDatasmithContent.ini" 870
"../../../Engine/Plugins/Enterprise/GLTFExporter/Config/BaseGLTFExporter.ini" 871
"../../../Engine/Plugins/Enterprise/GLTFExporter/Config/DefaultGLTFExporter.ini" 872
"../../../Engine/Plugins/Enterprise/VariantManagerContent/Config/BaseVariantManagerContent.ini" 873
"../../../Engine/Plugins/MetaHuman/MetaHumanSDK/Config/BaseMetaHumanSDK.ini" 874
"../../../Engine/Plugins/VirtualProduction/CameraCalibrationCore/Config/BaseCameraCalibrationCore.ini" 875
"../../../Engine/Plugins/VirtualProduction/Takes/Config/BaseTakes.ini" 876
"../../../Engine/Plugins/Experimental/Compositing/CompositeCore/Config/BaseCompositeCore.ini" 877
"../../../Engine/Plugins/ChaosVD/Config/Engine.ini" 878
"../../../Engine/Plugins/EnhancedInput/Config/Input.ini" 879
"../../../Engine/Plugins/Runtime/InputDebugging/Config/Input.ini" 880
"../../../Engine/Plugins/Runtime/Windows/XInputDevice/Config/Input.ini" 881
"../../../Engine/Plugins/NNE/NNEDenoiser/Config/Game.ini" 882
"../../../Engine/Plugins/Runtime/RigVM/Config/Editor.ini" 883
"../../../Engine/Plugins/Online/OnlineSubsystemUtils/Config/Editor.ini" 884
"../../../Engine/Plugins/Editor/ModelingToolsEditorMode/Binaries/Win64/UnrealEditor.modules" 885
"../../../Engine/Plugins/Runtime/MeshModelingToolset/Binaries/Win64/UnrealEditor.modules" 886
"../../../Engine/Plugins/Experimental/MeshModelingToolsetExp/Binaries/Win64/UnrealEditor.modules" 887
"../../../Engine/Plugins/Editor/MeshLODToolset/Binaries/Win64/UnrealEditor.modules" 888
"../../../Engine/Plugins/Experimental/ToolPresets/Binaries/Win64/UnrealEditor.modules" 889
"../../../Engine/Plugins/Editor/StylusInput/Binaries/Win64/UnrealEditor.modules" 890
"../../../Engine/Plugins/Runtime/GeometryProcessing/Binaries/Win64/UnrealEditor.modules" 891
"../../../Engine/Plugins/Editor/ProxyLODPlugin/Binaries/Win64/UnrealEditor.modules" 892
"../../../Engine/Plugins/Experimental/PlanarCutPlugin/Binaries/Win64/UnrealEditor.modules" 893
"../../../Engine/Plugins/Runtime/GeometryCache/Binaries/Win64/UnrealEditor.modules" 894
"../../../Engine/Plugins/Experimental/GeometryFlow/Binaries/Win64/UnrealEditor.modules" 895
"../../../Engine/Plugins/Editor/EditorScriptingUtilities/Binaries/Win64/UnrealEditor.modules" 896
"../../../Engine/Plugins/FX/Niagara/Binaries/Win64/UnrealEditor.modules" 897
"../../../Engine/Plugins/Experimental/PythonScriptPlugin/Binaries/Win64/UnrealEditor.modules" 898
"../../../Engine/Plugins/Editor/ContentBrowser/ContentBrowserFileDataSource/Binaries/Win64/UnrealEditor.modules" 899
"../../../Engine/Plugins/Runtime/GameplayStateTree/Binaries/Win64/UnrealEditor.modules" 900
"../../../Engine/Plugins/Runtime/StateTree/Binaries/Win64/UnrealEditor.modules" 901
"../../../Engine/Plugins/Animation/GameplayInsights/Binaries/Win64/UnrealEditor.modules" 902
"../../../Engine/Plugins/Runtime/PropertyAccess/Binaries/Win64/UnrealEditor.modules" 903
"../../../Engine/Plugins/Runtime/PropertyBindingUtils/Binaries/Win64/UnrealEditor.modules" 904
"../../../Engine/Plugins/Animation/LiveLink/Binaries/Win64/UnrealEditor.modules" 905
"../../../Engine/Plugins/VirtualProduction/Takes/Binaries/Win64/UnrealEditor.modules" 906
"../../../Engine/Plugins/Editor/ContentBrowser/ContentBrowserAssetDataSource/Binaries/Win64/UnrealEditor.modules" 907
"../../../Engine/Plugins/Runtime/AudioCapture/Binaries/Win64/UnrealEditor.modules" 908
"../../../Engine/Plugins/MovieScene/LevelSequenceEditor/Binaries/Win64/UnrealEditor.modules" 909
"../../../Engine/Plugins/Developer/NamingTokens/Binaries/Win64/UnrealEditor.modules" 910
"../../../Engine/Plugins/MovieScene/SequencerScripting/Binaries/Win64/UnrealEditor.modules" 911
"../../../Engine/Plugins/Editor/EngineAssetDefinitions/Binaries/Win64/UnrealEditor.modules" 912
"../../../Engine/Plugins/Experimental/LiveLinkControlRig/Binaries/Win64/UnrealEditor.modules" 913
"../../../Engine/Plugins/Animation/ControlRig/Binaries/Win64/UnrealEditor.modules" 914
"../../../Engine/Plugins/Runtime/RigVM/Binaries/Win64/UnrealEditor.modules" 915
"../../../Engine/Plugins/Animation/TweeningUtils/Binaries/Win64/UnrealEditor.modules" 916
"../../../Engine/Plugins/Runtime/AR/AppleAR/AppleARKitFaceSupport/Binaries/Win64/UnrealEditor.modules" 917
"../../../Engine/Plugins/Runtime/AR/AppleAR/AppleARKit/Binaries/Win64/UnrealEditor.modules" 918
"../../../Engine/Plugins/Runtime/ProceduralMeshComponent/Binaries/Win64/UnrealEditor.modules" 919
"../../../Engine/Plugins/Runtime/AppleImageUtils/Binaries/Win64/UnrealEditor.modules" 920
"../../../Engine/Plugins/Runtime/XRBase/Binaries/Win64/UnrealEditor.modules" 921
"../../../Engine/Plugins/Runtime/AR/ARUtilities/Binaries/Win64/UnrealEditor.modules" 922
"../../../Engine/Plugins/Bridge/Binaries/Win64/UnrealEditor.modules" 923
"../../../Engine/Plugins/MetaHuman/MetaHumanSDK/Binaries/Win64/UnrealEditor.modules" 924
"../../../Engine/Plugins/Runtime/HairStrands/Binaries/Win64/UnrealEditor.modules" 925
"../../../Engine/Plugins/Animation/RigLogic/Binaries/Win64/UnrealEditor.modules" 926
"../../../Engine/Plugins/Online/EOSShared/Binaries/Win64/UnrealEditor.modules" 927
"../../../Engine/Plugins/Animation/DeformerGraph/Binaries/Win64/UnrealEditor.modules" 928
"../../../Engine/Plugins/Experimental/Dataflow/Binaries/Win64/UnrealEditor.modules" 929
"../../../Engine/Plugins/Runtime/ComputeFramework/Binaries/Win64/UnrealEditor.modules" 930
"../../../Engine/Plugins/Experimental/CharacterFXEditor/BaseCharacterFXEditor/Binaries/Win64/UnrealEditor.modules" 931
"../../../Engine/Plugins/Experimental/ChaosCaching/Binaries/Win64/UnrealEditor.modules" 932
"../../../Engine/Plugins/Experimental/EditorDataStorage/Binaries/Win64/UnrealEditor.modules" 933
"../../../Engine/Plugins/Experimental/EditorDataStorageFeatures/Binaries/Win64/UnrealEditor.modules" 934
"../../../Engine/Plugins/ChaosCloth/Binaries/Win64/UnrealEditor.modules" 935
"../../../Engine/Plugins/ChaosInsights/Binaries/Win64/UnrealEditor.modules" 936
"../../../Engine/Plugins/ChaosVD/Binaries/Win64/UnrealEditor.modules" 937
"../../../Engine/Plugins/CmdLinkServer/Binaries/Win64/UnrealEditor.modules" 938
"../../../Engine/Plugins/EnhancedInput/Binaries/Win64/UnrealEditor.modules" 939
"../../../Engine/Plugins/Editor/DataValidation/Binaries/Win64/UnrealEditor.modules" 940
"../../../Engine/Plugins/Fab/Binaries/Win64/UnrealEditor.modules" 941
"../../../Engine/Plugins/Interchange/Runtime/Binaries/Win64/UnrealEditor.modules" 942
"../../../Engine/Plugins/Enterprise/VariantManagerContent/Binaries/Win64/UnrealEditor.modules" 943
"../../../Engine/Plugins/Enterprise/VariantManager/Binaries/Win64/UnrealEditor.modules" 944
"../../../Engine/Plugins/Interchange/Assets/Binaries/Win64/UnrealEditor.modules" 945
"../../../Engine/Plugins/FastBuildController/Binaries/Win64/UnrealEditor.modules" 946
"../../../Engine/Plugins/IoStoreInsights/Binaries/Win64/UnrealEditor.modules" 947
"../../../Engine/Plugins/MassInsights/Binaries/Win64/UnrealEditor.modules" 948
"../../../Engine/Plugins/MeshPainting/Binaries/Win64/UnrealEditor.modules" 949
"../../../Engine/Plugins/Interchange/Editor/Binaries/Win64/UnrealEditor.modules" 950
"../../../Engine/Plugins/RenderGraphInsights/Binaries/Win64/UnrealEditor.modules" 951
"../../../Engine/Plugins/TraceUtilities/Binaries/Win64/UnrealEditor.modules" 952
"../../../Engine/Plugins/UbaController/Binaries/Win64/UnrealEditor.modules" 953
"../../../Engine/Plugins/WorldMetrics/Binaries/Win64/UnrealEditor.modules" 954
"../../../Engine/Plugins/XGEController/Binaries/Win64/UnrealEditor.modules" 955
"../../../Engine/Plugins/Experimental/AdvancedRenamer/Binaries/Win64/UnrealEditor.modules" 956
"../../../Engine/Plugins/Experimental/AutomationUtils/Binaries/Win64/UnrealEditor.modules" 957
"../../../Engine/Plugins/Experimental/BackChannel/Binaries/Win64/UnrealEditor.modules" 958
"../../../Engine/Plugins/Experimental/ChaosEditor/Binaries/Win64/UnrealEditor.modules" 959
"../../../Engine/Plugins/Experimental/GeometryCollectionPlugin/Binaries/Win64/UnrealEditor.modules" 960
"../../../Engine/Plugins/Experimental/Fracture/Binaries/Win64/UnrealEditor.modules" 961
"../../../Engine/Plugins/Experimental/ChaosSolverPlugin/Binaries/Win64/UnrealEditor.modules" 962
"../../../Engine/Plugins/Experimental/GeometryDataflow/Binaries/Win64/UnrealEditor.modules" 963
"../../../Engine/Plugins/Experimental/ChaosNiagara/Binaries/Win64/UnrealEditor.modules" 964
"../../../Engine/Plugins/Experimental/ChaosUserDataPT/Binaries/Win64/UnrealEditor.modules" 965
"../../../Engine/Plugins/Experimental/CharacterAI/Binaries/Win64/UnrealEditor.modules" 966
"../../../Engine/Plugins/Experimental/EditorTelemetry/Binaries/Win64/UnrealEditor.modules" 967
"../../../Engine/Plugins/Experimental/EditorPerformance/Binaries/Win64/UnrealEditor.modules" 968
"../../../Engine/Plugins/Experimental/LocalizableMessage/Binaries/Win64/UnrealEditor.modules" 969
"../../../Engine/Plugins/Experimental/LevelSequenceNavigatorBridge/Binaries/Win64/UnrealEditor.modules" 970
"../../../Engine/Plugins/Experimental/SequenceNavigator/Binaries/Win64/UnrealEditor.modules" 971
"../../../Engine/Plugins/Experimental/NFORDenoise/Binaries/Win64/UnrealEditor.modules" 972
"../../../Engine/Plugins/Experimental/PlatformCrypto/Binaries/Win64/UnrealEditor.modules" 973
"../../../Engine/Plugins/Experimental/SkeletalReduction/Binaries/Win64/UnrealEditor.modules" 974
"../../../Engine/Plugins/Experimental/RuntimeTelemetry/Binaries/Win64/UnrealEditor.modules" 975
"../../../Engine/Plugins/FX/Cascade/Binaries/Win64/UnrealEditor.modules" 976
"../../../Engine/Plugins/FX/NiagaraSimCaching/Binaries/Win64/UnrealEditor.modules" 977
"../../../Engine/Plugins/MovieScene/ActorSequence/Binaries/Win64/UnrealEditor.modules" 978
"../../../Engine/Plugins/Messaging/UdpMessaging/Binaries/Win64/UnrealEditor.modules" 979
"../../../Engine/Plugins/Messaging/TcpMessaging/Binaries/Win64/UnrealEditor.modules" 980
"../../../Engine/Plugins/NNE/NNEDenoiser/Binaries/Win64/UnrealEditor.modules" 981
"../../../Engine/Plugins/NNE/NNERuntimeORT/Binaries/Win64/UnrealEditor.modules" 982
"../../../Engine/Plugins/Runtime/ActorLayerUtilities/Binaries/Win64/UnrealEditor.modules" 983
"../../../Engine/Plugins/Runtime/AndroidPermission/Binaries/Win64/UnrealEditor.modules" 984
"../../../Engine/Plugins/Runtime/AndroidFileServer/Binaries/Win64/UnrealEditor.modules" 985
"../../../Engine/Plugins/Runtime/ArchVisCharacter/Binaries/Win64/UnrealEditor.modules" 986
"../../../Engine/Plugins/Runtime/AndroidDeviceProfileSelector/Binaries/Win64/UnrealEditor.modules" 987
"../../../Engine/Plugins/Runtime/CableComponent/Binaries/Win64/UnrealEditor.modules" 988
"../../../Engine/Plugins/Runtime/AssetTags/Binaries/Win64/UnrealEditor.modules" 989
"../../../Engine/Plugins/Runtime/ChunkDownloader/Binaries/Win64/UnrealEditor.modules" 990
"../../../Engine/Plugins/Runtime/CustomMeshComponent/Binaries/Win64/UnrealEditor.modules" 991
"../../../Engine/Plugins/Runtime/ExampleDeviceProfileSelector/Binaries/Win64/UnrealEditor.modules" 992
"../../../Engine/Plugins/Runtime/GooglePAD/Binaries/Win64/UnrealEditor.modules" 993
"../../../Engine/Plugins/Runtime/InputDebugging/Binaries/Win64/UnrealEditor.modules" 994
"../../../Engine/Plugins/Runtime/LocationServicesBPLibrary/Binaries/Win64/UnrealEditor.modules" 995
"../../../Engine/Plugins/Runtime/Metasound/Binaries/Win64/UnrealEditor.modules" 996
"../../../Engine/Plugins/Runtime/AudioWidgets/Binaries/Win64/UnrealEditor.modules" 997
"../../../Engine/Plugins/Runtime/AudioSynesthesia/Binaries/Win64/UnrealEditor.modules" 998
"../../../Engine/Plugins/Runtime/WaveTable/Binaries/Win64/UnrealEditor.modules" 999
"../../../Engine/Plugins/Runtime/MsQuic/Binaries/Win64/UnrealEditor.modules" 1000
"../../../Engine/Plugins/Runtime/MobilePatchingUtils/Binaries/Win64/UnrealEditor.modules" 1001
"../../../Engine/Plugins/Runtime/ResonanceAudio/Binaries/Win64/UnrealEditor.modules" 1002
"../../../Engine/Plugins/Runtime/SoundFields/Binaries/Win64/UnrealEditor.modules" 1003
"../../../Engine/Plugins/Runtime/WindowsDeviceProfileSelector/Binaries/Win64/UnrealEditor.modules" 1004
"../../../Engine/Plugins/Runtime/WebMMoviePlayer/Binaries/Win64/UnrealEditor.modules" 1005
"../../../Engine/Plugins/Media/WebMMedia/Binaries/Win64/UnrealEditor.modules" 1006
"../../../Engine/Plugins/Runtime/Synthesis/Binaries/Win64/UnrealEditor.modules" 1007
"../../../Engine/Plugins/Tests/InterchangeTests/Binaries/Win64/UnrealEditor.modules" 1008
"../../../Engine/Plugins/Portal/LauncherChunkInstaller/Binaries/Win64/UnrealEditor.modules" 1009
"../../../Engine/Plugins/AI/AISupport/Binaries/Win64/UnrealEditor.modules" 1010
"../../../Engine/Plugins/2D/Paper2D/Binaries/Win64/UnrealEditor.modules" 1011
"../../../Engine/Plugins/AI/EnvironmentQueryEditor/Binaries/Win64/UnrealEditor.modules" 1012
"../../../Engine/Plugins/Runtime/WindowsMoviePlayer/Binaries/Win64/UnrealEditor.modules" 1013
"../../../Engine/Plugins/Animation/ACLPlugin/Binaries/Win64/UnrealEditor.modules" 1014
"../../../Engine/Plugins/Animation/AnimationData/Binaries/Win64/UnrealEditor.modules" 1015
"../../../Engine/Plugins/Animation/AnimationModifierLibrary/Binaries/Win64/UnrealEditor.modules" 1016
"../../../Engine/Plugins/Animation/ControlRigSpline/Binaries/Win64/UnrealEditor.modules" 1017
"../../../Engine/Plugins/Animation/BlendSpaceMotionAnalysis/Binaries/Win64/UnrealEditor.modules" 1018
"../../../Engine/Plugins/Animation/IKRig/Binaries/Win64/UnrealEditor.modules" 1019
"../../../Engine/Plugins/Experimental/FullBodyIK/Binaries/Win64/UnrealEditor.modules" 1020
"../../../Engine/Plugins/Animation/SkeletalMeshModelingTools/Binaries/Win64/UnrealEditor.modules" 1021
"../../../Engine/Plugins/Compression/OodleNetwork/Binaries/Win64/UnrealEditor.modules" 1022
"../../../Engine/Plugins/Cameras/EngineCameras/Binaries/Win64/UnrealEditor.modules" 1023
"../../../Engine/Plugins/MovieScene/TemplateSequence/Binaries/Win64/UnrealEditor.modules" 1024
"../../../Engine/Plugins/Cameras/CameraShakePreviewer/Binaries/Win64/UnrealEditor.modules" 1025
"../../../Engine/Plugins/Cameras/GameplayCameras/Binaries/Win64/UnrealEditor.modules" 1026
"../../../Engine/Plugins/VirtualProduction/CameraCalibrationCore/Binaries/Win64/UnrealEditor.modules" 1027
"../../../Engine/Plugins/Developer/CLionSourceCodeAccess/Binaries/Win64/UnrealEditor.modules" 1028
"../../../Engine/Plugins/Developer/DumpGPUServices/Binaries/Win64/UnrealEditor.modules" 1029
"../../../Engine/Plugins/Developer/AnimationSharing/Binaries/Win64/UnrealEditor.modules" 1030
"../../../Engine/Plugins/Runtime/SignificanceManager/Binaries/Win64/UnrealEditor.modules" 1031
"../../../Engine/Plugins/Developer/N10XSourceCodeAccess/Binaries/Win64/UnrealEditor.modules" 1032
"../../../Engine/Plugins/Developer/GitSourceControl/Binaries/Win64/UnrealEditor.modules" 1033
"../../../Engine/Plugins/Developer/PixWinPlugin/Binaries/Win64/UnrealEditor.modules" 1034
"../../../Engine/Plugins/Developer/PerforceSourceControl/Binaries/Win64/UnrealEditor.modules" 1035
"../../../Engine/Plugins/Developer/PlasticSourceControl/Binaries/Win64/UnrealEditor.modules" 1036
"../../../Engine/Plugins/Developer/RenderDocPlugin/Binaries/Win64/UnrealEditor.modules" 1037
"../../../Engine/Plugins/Developer/TextureFormatOodle/Binaries/Win64/UnrealEditor.modules" 1038
"../../../Engine/Plugins/Developer/UObjectPlugin/Binaries/Win64/UnrealEditor.modules" 1039
"../../../Engine/Plugins/Developer/ProjectLauncher/Binaries/Win64/UnrealEditor.modules" 1040
"../../../Engine/Plugins/Developer/PluginUtils/Binaries/Win64/UnrealEditor.modules" 1041
"../../../Engine/Plugins/Developer/SubversionSourceControl/Binaries/Win64/UnrealEditor.modules" 1042
"../../../Engine/Plugins/Developer/PropertyAccessNode/Binaries/Win64/UnrealEditor.modules" 1043
"../../../Engine/Plugins/Developer/VisualStudioSourceCodeAccess/Binaries/Win64/UnrealEditor.modules" 1044
"../../../Engine/Plugins/Developer/RiderSourceCodeAccess/Binaries/Win64/UnrealEditor.modules" 1045
"../../../Engine/Plugins/Editor/AssetManagerEditor/Binaries/Win64/UnrealEditor.modules" 1046
"../../../Engine/Plugins/Developer/VisualStudioCodeSourceCodeAccess/Binaries/Win64/UnrealEditor.modules" 1047
"../../../Engine/Plugins/Editor/ColorGrading/Binaries/Win64/UnrealEditor.modules" 1048
"../../../Engine/Plugins/Editor/ObjectMixer/ObjectMixer/Binaries/Win64/UnrealEditor.modules" 1049
"../../../Engine/Plugins/Editor/CurveEditorTools/Binaries/Win64/UnrealEditor.modules" 1050
"../../../Engine/Plugins/Editor/CryptoKeys/Binaries/Win64/UnrealEditor.modules" 1051
"../../../Engine/Plugins/Editor/GameplayTagsEditor/Binaries/Win64/UnrealEditor.modules" 1052
"../../../Engine/Plugins/Editor/EditorDebugTools/Binaries/Win64/UnrealEditor.modules" 1053
"../../../Engine/Plugins/Editor/ChangelistReview/Binaries/Win64/UnrealEditor.modules" 1054
"../../../Engine/Plugins/Editor/FacialAnimation/Binaries/Win64/UnrealEditor.modules" 1055
"../../../Engine/Plugins/Editor/BlueprintHeaderView/Binaries/Win64/UnrealEditor.modules" 1056
"../../../Engine/Plugins/Editor/MaterialAnalyzer/Binaries/Win64/UnrealEditor.modules" 1057
"../../../Engine/Plugins/Editor/GeometryMode/Binaries/Win64/UnrealEditor.modules" 1058
"../../../Engine/Plugins/Editor/PluginBrowser/Binaries/Win64/UnrealEditor.modules" 1059
"../../../Engine/Plugins/Editor/UMGWidgetPreview/Binaries/Win64/UnrealEditor.modules" 1060
"../../../Engine/Plugins/Editor/SequencerAnimTools/Binaries/Win64/UnrealEditor.modules" 1061
"../../../Engine/Plugins/Editor/MobileLauncherProfileWizard/Binaries/Win64/UnrealEditor.modules" 1062
"../../../Engine/Plugins/Editor/SpeedTreeImporter/Binaries/Win64/UnrealEditor.modules" 1063
"../../../Engine/Plugins/Editor/UVEditor/Binaries/Win64/UnrealEditor.modules" 1064
"../../../Engine/Plugins/Enterprise/DatasmithContent/Binaries/Win64/UnrealEditor.modules" 1065
"../../../Engine/Plugins/Editor/WorldPartitionHLODUtilities/Binaries/Win64/UnrealEditor.modules" 1066
"../../../Engine/Plugins/Enterprise/GLTFExporter/Binaries/Win64/UnrealEditor.modules" 1067
"../../../Engine/Plugins/Importers/AlembicImporter/Binaries/Win64/UnrealEditor.modules" 1068
"../../../Engine/Plugins/Media/AndroidMedia/Binaries/Win64/UnrealEditor.modules" 1069
"../../../Engine/Plugins/Media/AvfMedia/Binaries/Win64/UnrealEditor.modules" 1070
"../../../Engine/Plugins/Media/MediaPlate/Binaries/Win64/UnrealEditor.modules" 1071
"../../../Engine/Plugins/Media/MediaCompositing/Binaries/Win64/UnrealEditor.modules" 1072
"../../../Engine/Plugins/Media/MediaPlayerEditor/Binaries/Win64/UnrealEditor.modules" 1073
"../../../Engine/Plugins/Experimental/Compositing/CompositeCore/Binaries/Win64/UnrealEditor.modules" 1074
"../../../Engine/Plugins/Media/ImgMedia/Binaries/Win64/UnrealEditor.modules" 1075
"../../../Engine/Plugins/Media/WmfMedia/Binaries/Win64/UnrealEditor.modules" 1076
"../../../Engine/Plugins/Online/OnlineBase/Binaries/Win64/UnrealEditor.modules" 1077
"../../../Engine/Plugins/Online/OnlineSubsystem/Binaries/Win64/UnrealEditor.modules" 1078
"../../../Engine/Plugins/Online/OnlineSubsystemNull/Binaries/Win64/UnrealEditor.modules" 1079
"../../../Engine/Plugins/Online/OnlineSubsystemUtils/Binaries/Win64/UnrealEditor.modules" 1080
"../../../Engine/Plugins/Online/OnlineServices/Binaries/Win64/UnrealEditor.modules" 1081
"../../../Engine/Plugins/Runtime/Windows/XInputDevice/Binaries/Win64/UnrealEditor.modules" 1082
"../../../Engine/Plugins/Editor/ObjectMixer/LightMixer/Binaries/Win64/UnrealEditor.modules" 1083
"../../../Engine/Plugins/Editor/Localization/PortableObjectFileDataSource/Binaries/Win64/UnrealEditor.modules" 1084
"../../../Engine/Plugins/Editor/ContentBrowser/ContentBrowserClassDataSource/Binaries/Win64/UnrealEditor.modules" 1085
"../../../Engine/Config/BaseSourceControlSettings.ini" 1086
"../../../Engine/Content/Internationalization/icudt64l/coll/ucadata.icu" 1087
"../../../Engine/Content/Internationalization/icudt64l/coll/en_US.res" 1088
"../../../Engine/Content/Internationalization/icudt64l/coll/en.res" 1089
"../../../Engine/Content/Internationalization/icudt64l/coll/root.res" 1090
"../../../Engine/Content/Certificates/ThirdParty/cacert.pem" 1091
"../../../Engine/Config/ConsoleVariables.ini" 1092
"../../../Engine/Binaries/Win64/Android/UnrealEditor.modules" 1093
"../../../Engine/Binaries/Win64/IOS/UnrealEditor.modules" 1094
"../../../Engine/Binaries/Win64/Linux/UnrealEditor.modules" 1095
"../../../Engine/Content/Localization/Editor/en/Editor.locres" 1096
"../../../Engine/Content/Localization/EditorTutorials/en/EditorTutorials.locres" 1097
"../../../Engine/Content/Localization/Keywords/en/Keywords.locres" 1098
"../../../Engine/Content/Localization/Category/en/Category.locres" 1099
"../../../Engine/Content/Localization/ToolTips/en/ToolTips.locres" 1100
"../../../Engine/Content/Localization/PropertyNames/en/PropertyNames.locres" 1101
"../../../Engine/Content/Localization/Engine/en/Engine.locres" 1102
"../../../Engine/Plugins/MetaHuman/MetaHumanSDK/Content/Localization/MetaHumanSDK/en/MetaHumanSDK.locres" 1103
"../../../Engine/Plugins/Online/OnlineSubsystem/Content/Localization/OnlineSubsystem/en/OnlineSubsystem.locres" 1104
"../../../Engine/Plugins/Online/OnlineSubsystemUtils/Content/Localization/OnlineSubsystemUtils/en/OnlineSubsystemUtils.locres" 1105
"../../../Engine/Plugins/Online/Android/OnlineSubsystemGooglePlay/Content/Localization/OnlineSubsystemGooglePlay/en/OnlineSubsystemGooglePlay.locres" 1106
"../../../Engine/Plugins/Online/IOS/OnlineSubsystemIOS/Content/Localization/OnlineSubsystemIOS/en/OnlineSubsystemIOS.locres" 1107
"../../../Engine/Content/Internationalization/icudt64l/en_AT.res" 1108
"../../../Engine/Content/Internationalization/icudt64l/en_150.res" 1109
"../../../Engine/Content/Internationalization/icudt64l/en_001.res" 1110
"../../../Engine/Content/Internationalization/icudt64l/numberingSystems.res" 1111
"../../../Engine/Content/Internationalization/icudt64l/curr/supplementalData.res" 1112
"../../../Engine/Content/Internationalization/icudt64l/curr/en_AT.res" 1113
"../../../Engine/Content/Internationalization/icudt64l/curr/pool.res" 1114
"../../../Engine/Content/Internationalization/icudt64l/curr/en_150.res" 1115
"../../../Engine/Content/Internationalization/icudt64l/curr/en_001.res" 1116
"../../../Engine/Content/Internationalization/icudt64l/curr/en.res" 1117
"../../../Engine/Content/Internationalization/icudt64l/curr/root.res" 1118
"../../../Engine/Content/Internationalization/icudt64l/lang/af.res" 1119
"../../../Engine/Content/Internationalization/icudt64l/region/af.res" 1120
"../../../Engine/Content/Internationalization/icudt64l/lang/agq.res" 1121
"../../../Engine/Content/Internationalization/icudt64l/region/agq.res" 1122
"../../../Engine/Content/Internationalization/icudt64l/lang/ak.res" 1123
"../../../Engine/Content/Internationalization/icudt64l/region/ak.res" 1124
"../../../Engine/Content/Internationalization/icudt64l/lang/am.res" 1125
"../../../Engine/Content/Internationalization/icudt64l/region/am.res" 1126
"../../../Engine/Content/Internationalization/icudt64l/lang/ar.res" 1127
"../../../Engine/Content/Internationalization/icudt64l/region/ar.res" 1128
"../../../Engine/Content/Internationalization/icudt64l/region/ar_AE.res" 1129
"../../../Engine/Content/Internationalization/icudt64l/lang/ar_EG.res" 1130
"../../../Engine/Content/Internationalization/icudt64l/lang/ar_LY.res" 1131
"../../../Engine/Content/Internationalization/icudt64l/region/ar_LY.res" 1132
"../../../Engine/Content/Internationalization/icudt64l/lang/ar_SA.res" 1133
"../../../Engine/Content/Internationalization/icudt64l/region/ar_SA.res" 1134
"../../../Engine/Content/Internationalization/icudt64l/lang/as.res" 1135
"../../../Engine/Content/Internationalization/icudt64l/region/as.res" 1136
"../../../Engine/Content/Internationalization/icudt64l/lang/asa.res" 1137
"../../../Engine/Content/Internationalization/icudt64l/region/asa.res" 1138
"../../../Engine/Content/Internationalization/icudt64l/lang/ast.res" 1139
"../../../Engine/Content/Internationalization/icudt64l/region/ast.res" 1140
"../../../Engine/Content/Internationalization/icudt64l/lang/az.res" 1141
"../../../Engine/Content/Internationalization/icudt64l/lang/az_Cyrl.res" 1142
"../../../Engine/Content/Internationalization/icudt64l/lang/az_AZ.res" 1143
"../../../Engine/Content/Internationalization/icudt64l/lang/az_Latn_AZ.res" 1144
"../../../Engine/Content/Internationalization/icudt64l/lang/az_Latn.res" 1145
"../../../Engine/Content/Internationalization/icudt64l/region/az_AZ.res" 1146
"../../../Engine/Content/Internationalization/icudt64l/region/az_Latn_AZ.res" 1147
"../../../Engine/Content/Internationalization/icudt64l/region/az_Latn.res" 1148
"../../../Engine/Content/Internationalization/icudt64l/region/az.res" 1149
"../../../Engine/Content/Internationalization/icudt64l/region/az_Cyrl.res" 1150
"../../../Engine/Content/Internationalization/icudt64l/lang/bas.res" 1151
"../../../Engine/Content/Internationalization/icudt64l/region/bas.res" 1152
"../../../Engine/Content/Internationalization/icudt64l/lang/be.res" 1153
"../../../Engine/Content/Internationalization/icudt64l/region/be.res" 1154
"../../../Engine/Content/Internationalization/icudt64l/lang/bem.res" 1155
"../../../Engine/Content/Internationalization/icudt64l/region/bem.res" 1156
"../../../Engine/Content/Internationalization/icudt64l/lang/bez.res" 1157
"../../../Engine/Content/Internationalization/icudt64l/region/bez.res" 1158
"../../../Engine/Content/Internationalization/icudt64l/lang/bg.res" 1159
"../../../Engine/Content/Internationalization/icudt64l/region/bg.res" 1160
"../../../Engine/Content/Internationalization/icudt64l/lang/bm.res" 1161
"../../../Engine/Content/Internationalization/icudt64l/region/bm.res" 1162
"../../../Engine/Content/Internationalization/icudt64l/lang/bn.res" 1163
"../../../Engine/Content/Internationalization/icudt64l/region/bn.res" 1164
"../../../Engine/Content/Internationalization/icudt64l/lang/bn_IN.res" 1165
"../../../Engine/Content/Internationalization/icudt64l/region/bn_IN.res" 1166
"../../../Engine/Content/Internationalization/icudt64l/lang/bo.res" 1167
"../../../Engine/Content/Internationalization/icudt64l/region/bo.res" 1168
"../../../Engine/Content/Internationalization/icudt64l/region/bo_IN.res" 1169
"../../../Engine/Content/Internationalization/icudt64l/lang/br.res" 1170
"../../../Engine/Content/Internationalization/icudt64l/region/br.res" 1171
"../../../Engine/Content/Internationalization/icudt64l/lang/brx.res" 1172
"../../../Engine/Content/Internationalization/icudt64l/region/brx.res" 1173
"../../../Engine/Content/Internationalization/icudt64l/lang/bs.res" 1174
"../../../Engine/Content/Internationalization/icudt64l/lang/bs_Cyrl.res" 1175
"../../../Engine/Content/Internationalization/icudt64l/lang/bs_BA.res" 1176
"../../../Engine/Content/Internationalization/icudt64l/lang/bs_Latn_BA.res" 1177
"../../../Engine/Content/Internationalization/icudt64l/lang/bs_Latn.res" 1178
"../../../Engine/Content/Internationalization/icudt64l/region/bs_BA.res" 1179
"../../../Engine/Content/Internationalization/icudt64l/region/bs_Latn_BA.res" 1180
"../../../Engine/Content/Internationalization/icudt64l/region/bs_Latn.res" 1181
"../../../Engine/Content/Internationalization/icudt64l/region/bs.res" 1182
"../../../Engine/Content/Internationalization/icudt64l/region/bs_Cyrl.res" 1183
"../../../Engine/Content/Internationalization/icudt64l/lang/ca.res" 1184
"../../../Engine/Content/Internationalization/icudt64l/region/ca.res" 1185
"../../../Engine/Content/Internationalization/icudt64l/lang/ccp.res" 1186
"../../../Engine/Content/Internationalization/icudt64l/region/ccp.res" 1187
"../../../Engine/Content/Internationalization/icudt64l/lang/ce.res" 1188
"../../../Engine/Content/Internationalization/icudt64l/region/ce.res" 1189
"../../../Engine/Content/Internationalization/icudt64l/lang/ceb.res" 1190
"../../../Engine/Content/Internationalization/icudt64l/region/ceb.res" 1191
"../../../Engine/Content/Internationalization/icudt64l/lang/cgg.res" 1192
"../../../Engine/Content/Internationalization/icudt64l/region/cgg.res" 1193
"../../../Engine/Content/Internationalization/icudt64l/lang/chr.res" 1194
"../../../Engine/Content/Internationalization/icudt64l/region/chr.res" 1195
"../../../Engine/Content/Internationalization/icudt64l/lang/ckb.res" 1196
"../../../Engine/Content/Internationalization/icudt64l/region/ckb.res" 1197
"../../../Engine/Content/Internationalization/icudt64l/lang/cs.res" 1198
"../../../Engine/Content/Internationalization/icudt64l/region/cs.res" 1199
"../../../Engine/Content/Internationalization/icudt64l/lang/cy.res" 1200
"../../../Engine/Content/Internationalization/icudt64l/region/cy.res" 1201
"../../../Engine/Content/Internationalization/icudt64l/lang/da.res" 1202
"../../../Engine/Content/Internationalization/icudt64l/region/da.res" 1203
"../../../Engine/Content/Internationalization/icudt64l/lang/dav.res" 1204
"../../../Engine/Content/Internationalization/icudt64l/region/dav.res" 1205
"../../../Engine/Content/Internationalization/icudt64l/lang/de.res" 1206
"../../../Engine/Content/Internationalization/icudt64l/lang/de_AT.res" 1207
"../../../Engine/Content/Internationalization/icudt64l/region/de_AT.res" 1208
"../../../Engine/Content/Internationalization/icudt64l/region/de.res" 1209
"../../../Engine/Content/Internationalization/icudt64l/lang/de_CH.res" 1210
"../../../Engine/Content/Internationalization/icudt64l/region/de_CH.res" 1211
"../../../Engine/Content/Internationalization/icudt64l/lang/de_LU.res" 1212
"../../../Engine/Content/Internationalization/icudt64l/lang/dje.res" 1213
"../../../Engine/Content/Internationalization/icudt64l/region/dje.res" 1214
"../../../Engine/Content/Internationalization/icudt64l/lang/dsb.res" 1215
"../../../Engine/Content/Internationalization/icudt64l/region/dsb.res" 1216
"../../../Engine/Content/Internationalization/icudt64l/lang/dua.res" 1217
"../../../Engine/Content/Internationalization/icudt64l/region/dua.res" 1218
"../../../Engine/Content/Internationalization/icudt64l/lang/dyo.res" 1219
"../../../Engine/Content/Internationalization/icudt64l/region/dyo.res" 1220
"../../../Engine/Content/Internationalization/icudt64l/lang/dz.res" 1221
"../../../Engine/Content/Internationalization/icudt64l/region/dz.res" 1222
"../../../Engine/Content/Internationalization/icudt64l/lang/ebu.res" 1223
"../../../Engine/Content/Internationalization/icudt64l/region/ebu.res" 1224
"../../../Engine/Content/Internationalization/icudt64l/lang/ee.res" 1225
"../../../Engine/Content/Internationalization/icudt64l/region/ee.res" 1226
"../../../Engine/Content/Internationalization/icudt64l/lang/el.res" 1227
"../../../Engine/Content/Internationalization/icudt64l/region/el.res" 1228
"../../../Engine/Content/Internationalization/icudt64l/lang/en_AG.res" 1229
"../../../Engine/Content/Internationalization/icudt64l/region/en_AG.res" 1230
"../../../Engine/Content/Internationalization/icudt64l/lang/en_AI.res" 1231
"../../../Engine/Content/Internationalization/icudt64l/region/en_AI.res" 1232
"../../../Engine/Content/Internationalization/icudt64l/lang/en_AU.res" 1233
"../../../Engine/Content/Internationalization/icudt64l/region/en_AU.res" 1234
"../../../Engine/Content/Internationalization/icudt64l/lang/en_BB.res" 1235
"../../../Engine/Content/Internationalization/icudt64l/region/en_BB.res" 1236
"../../../Engine/Content/Internationalization/icudt64l/lang/en_BE.res" 1237
"../../../Engine/Content/Internationalization/icudt64l/region/en_BE.res" 1238
"../../../Engine/Content/Internationalization/icudt64l/lang/en_BM.res" 1239
"../../../Engine/Content/Internationalization/icudt64l/region/en_BM.res" 1240
"../../../Engine/Content/Internationalization/icudt64l/lang/en_BS.res" 1241
"../../../Engine/Content/Internationalization/icudt64l/region/en_BS.res" 1242
"../../../Engine/Content/Internationalization/icudt64l/lang/en_BW.res" 1243
"../../../Engine/Content/Internationalization/icudt64l/region/en_BW.res" 1244
"../../../Engine/Content/Internationalization/icudt64l/lang/en_BZ.res" 1245
"../../../Engine/Content/Internationalization/icudt64l/region/en_BZ.res" 1246
"../../../Engine/Content/Internationalization/icudt64l/lang/en_CA.res" 1247
"../../../Engine/Content/Internationalization/icudt64l/region/en_CA.res" 1248
"../../../Engine/Content/Internationalization/icudt64l/lang/en_CC.res" 1249
"../../../Engine/Content/Internationalization/icudt64l/region/en_CC.res" 1250
"../../../Engine/Content/Internationalization/icudt64l/lang/en_CH.res" 1251
"../../../Engine/Content/Internationalization/icudt64l/region/en_CH.res" 1252
"../../../Engine/Content/Internationalization/icudt64l/lang/en_CK.res" 1253
"../../../Engine/Content/Internationalization/icudt64l/region/en_CK.res" 1254
"../../../Engine/Content/Internationalization/icudt64l/lang/en_CM.res" 1255
"../../../Engine/Content/Internationalization/icudt64l/region/en_CM.res" 1256
"../../../Engine/Content/Internationalization/icudt64l/lang/en_CX.res" 1257
"../../../Engine/Content/Internationalization/icudt64l/region/en_CX.res" 1258
"../../../Engine/Content/Internationalization/icudt64l/lang/en_CY.res" 1259
"../../../Engine/Content/Internationalization/icudt64l/region/en_CY.res" 1260
"../../../Engine/Content/Internationalization/icudt64l/lang/en_DE.res" 1261
"../../../Engine/Content/Internationalization/icudt64l/region/en_DE.res" 1262
"../../../Engine/Content/Internationalization/icudt64l/lang/en_DG.res" 1263
"../../../Engine/Content/Internationalization/icudt64l/region/en_DG.res" 1264
"../../../Engine/Content/Internationalization/icudt64l/lang/en_DK.res" 1265
"../../../Engine/Content/Internationalization/icudt64l/region/en_DK.res" 1266
"../../../Engine/Content/Internationalization/icudt64l/lang/en_DM.res" 1267
"../../../Engine/Content/Internationalization/icudt64l/region/en_DM.res" 1268
"../../../Engine/Content/Internationalization/icudt64l/lang/en_ER.res" 1269
"../../../Engine/Content/Internationalization/icudt64l/region/en_ER.res" 1270
"../../../Engine/Content/Internationalization/icudt64l/lang/en_FI.res" 1271
"../../../Engine/Content/Internationalization/icudt64l/region/en_FI.res" 1272
"../../../Engine/Content/Internationalization/icudt64l/lang/en_FJ.res" 1273
"../../../Engine/Content/Internationalization/icudt64l/region/en_FJ.res" 1274
"../../../Engine/Content/Internationalization/icudt64l/lang/en_FK.res" 1275
"../../../Engine/Content/Internationalization/icudt64l/region/en_FK.res" 1276
"../../../Engine/Content/Internationalization/icudt64l/lang/en_FM.res" 1277
"../../../Engine/Content/Internationalization/icudt64l/region/en_FM.res" 1278
"../../../Engine/Content/Internationalization/icudt64l/lang/en_GB.res" 1279
"../../../Engine/Content/Internationalization/icudt64l/region/en_GB.res" 1280
"../../../Engine/Content/Internationalization/icudt64l/lang/en_GD.res" 1281
"../../../Engine/Content/Internationalization/icudt64l/region/en_GD.res" 1282
"../../../Engine/Content/Internationalization/icudt64l/lang/en_GG.res" 1283
"../../../Engine/Content/Internationalization/icudt64l/region/en_GG.res" 1284
"../../../Engine/Content/Internationalization/icudt64l/lang/en_GH.res" 1285
"../../../Engine/Content/Internationalization/icudt64l/region/en_GH.res" 1286
"../../../Engine/Content/Internationalization/icudt64l/lang/en_GI.res" 1287
"../../../Engine/Content/Internationalization/icudt64l/region/en_GI.res" 1288
"../../../Engine/Content/Internationalization/icudt64l/lang/en_GM.res" 1289
"../../../Engine/Content/Internationalization/icudt64l/region/en_GM.res" 1290
"../../../Engine/Content/Internationalization/icudt64l/lang/en_GY.res" 1291
"../../../Engine/Content/Internationalization/icudt64l/region/en_GY.res" 1292
"../../../Engine/Content/Internationalization/icudt64l/lang/en_HK.res" 1293
"../../../Engine/Content/Internationalization/icudt64l/region/en_HK.res" 1294
"../../../Engine/Content/Internationalization/icudt64l/lang/en_IE.res" 1295
"../../../Engine/Content/Internationalization/icudt64l/region/en_IE.res" 1296
"../../../Engine/Content/Internationalization/icudt64l/lang/en_IL.res" 1297
"../../../Engine/Content/Internationalization/icudt64l/region/en_IL.res" 1298
"../../../Engine/Content/Internationalization/icudt64l/lang/en_IM.res" 1299
"../../../Engine/Content/Internationalization/icudt64l/region/en_IM.res" 1300
"../../../Engine/Content/Internationalization/icudt64l/lang/en_IN.res" 1301
"../../../Engine/Content/Internationalization/icudt64l/region/en_IN.res" 1302
"../../../Engine/Content/Internationalization/icudt64l/lang/en_IO.res" 1303
"../../../Engine/Content/Internationalization/icudt64l/region/en_IO.res" 1304
"../../../Engine/Content/Internationalization/icudt64l/lang/en_JE.res" 1305
"../../../Engine/Content/Internationalization/icudt64l/region/en_JE.res" 1306
"../../../Engine/Content/Internationalization/icudt64l/lang/en_JM.res" 1307
"../../../Engine/Content/Internationalization/icudt64l/region/en_JM.res" 1308
"../../../Engine/Content/Internationalization/icudt64l/lang/en_KE.res" 1309
"../../../Engine/Content/Internationalization/icudt64l/region/en_KE.res" 1310
"../../../Engine/Content/Internationalization/icudt64l/lang/en_KI.res" 1311
"../../../Engine/Content/Internationalization/icudt64l/region/en_KI.res" 1312
"../../../Engine/Content/Internationalization/icudt64l/lang/en_KN.res" 1313
"../../../Engine/Content/Internationalization/icudt64l/region/en_KN.res" 1314
"../../../Engine/Content/Internationalization/icudt64l/lang/en_KY.res" 1315
"../../../Engine/Content/Internationalization/icudt64l/region/en_KY.res" 1316
"../../../Engine/Content/Internationalization/icudt64l/lang/en_LC.res" 1317
"../../../Engine/Content/Internationalization/icudt64l/region/en_LC.res" 1318
"../../../Engine/Content/Internationalization/icudt64l/lang/en_LR.res" 1319
"../../../Engine/Content/Internationalization/icudt64l/region/en_LR.res" 1320
"../../../Engine/Content/Internationalization/icudt64l/lang/en_LS.res" 1321
"../../../Engine/Content/Internationalization/icudt64l/region/en_LS.res" 1322
"../../../Engine/Content/Internationalization/icudt64l/lang/en_MG.res" 1323
"../../../Engine/Content/Internationalization/icudt64l/region/en_MG.res" 1324
"../../../Engine/Content/Internationalization/icudt64l/lang/en_MO.res" 1325
"../../../Engine/Content/Internationalization/icudt64l/region/en_MO.res" 1326
"../../../Engine/Content/Internationalization/icudt64l/lang/en_MS.res" 1327
"../../../Engine/Content/Internationalization/icudt64l/region/en_MS.res" 1328
"../../../Engine/Content/Internationalization/icudt64l/lang/en_MT.res" 1329
"../../../Engine/Content/Internationalization/icudt64l/region/en_MT.res" 1330
"../../../Engine/Content/Internationalization/icudt64l/lang/en_MU.res" 1331
"../../../Engine/Content/Internationalization/icudt64l/region/en_MU.res" 1332
"../../../Engine/Content/Internationalization/icudt64l/lang/en_MW.res" 1333
"../../../Engine/Content/Internationalization/icudt64l/region/en_MW.res" 1334
"../../../Engine/Content/Internationalization/icudt64l/lang/en_MY.res" 1335
"../../../Engine/Content/Internationalization/icudt64l/region/en_MY.res" 1336
"../../../Engine/Content/Internationalization/icudt64l/lang/en_NA.res" 1337
"../../../Engine/Content/Internationalization/icudt64l/region/en_NA.res" 1338
"../../../Engine/Content/Internationalization/icudt64l/lang/en_NF.res" 1339
"../../../Engine/Content/Internationalization/icudt64l/region/en_NF.res" 1340
"../../../Engine/Content/Internationalization/icudt64l/lang/en_NG.res" 1341
"../../../Engine/Content/Internationalization/icudt64l/region/en_NG.res" 1342
"../../../Engine/Content/Internationalization/icudt64l/lang/en_NL.res" 1343
"../../../Engine/Content/Internationalization/icudt64l/region/en_NL.res" 1344
"../../../Engine/Content/Internationalization/icudt64l/lang/en_NR.res" 1345
"../../../Engine/Content/Internationalization/icudt64l/region/en_NR.res" 1346
"../../../Engine/Content/Internationalization/icudt64l/lang/en_NU.res" 1347
"../../../Engine/Content/Internationalization/icudt64l/region/en_NU.res" 1348
"../../../Engine/Content/Internationalization/icudt64l/lang/en_NZ.res" 1349
"../../../Engine/Content/Internationalization/icudt64l/region/en_NZ.res" 1350
"../../../Engine/Content/Internationalization/icudt64l/lang/en_PG.res" 1351
"../../../Engine/Content/Internationalization/icudt64l/region/en_PG.res" 1352
"../../../Engine/Content/Internationalization/icudt64l/lang/en_PH.res" 1353
"../../../Engine/Content/Internationalization/icudt64l/region/en_PH.res" 1354
"../../../Engine/Content/Internationalization/icudt64l/lang/en_PK.res" 1355
"../../../Engine/Content/Internationalization/icudt64l/region/en_PK.res" 1356
"../../../Engine/Content/Internationalization/icudt64l/lang/en_PN.res" 1357
"../../../Engine/Content/Internationalization/icudt64l/region/en_PN.res" 1358
"../../../Engine/Content/Internationalization/icudt64l/lang/en_PW.res" 1359
"../../../Engine/Content/Internationalization/icudt64l/region/en_PW.res" 1360
"../../../Engine/Content/Internationalization/icudt64l/lang/en_RW.res" 1361
"../../../Engine/Content/Internationalization/icudt64l/region/en_RW.res" 1362
"../../../Engine/Content/Internationalization/icudt64l/lang/en_SB.res" 1363
"../../../Engine/Content/Internationalization/icudt64l/region/en_SB.res" 1364
"../../../Engine/Content/Internationalization/icudt64l/lang/en_SC.res" 1365
"../../../Engine/Content/Internationalization/icudt64l/region/en_SC.res" 1366
"../../../Engine/Content/Internationalization/icudt64l/lang/en_SD.res" 1367
"../../../Engine/Content/Internationalization/icudt64l/region/en_SD.res" 1368
"../../../Engine/Content/Internationalization/icudt64l/lang/en_SE.res" 1369
"../../../Engine/Content/Internationalization/icudt64l/region/en_SE.res" 1370
"../../../Engine/Content/Internationalization/icudt64l/lang/en_SG.res" 1371
"../../../Engine/Content/Internationalization/icudt64l/region/en_SG.res" 1372
"../../../Engine/Content/Internationalization/icudt64l/lang/en_SH.res" 1373
"../../../Engine/Content/Internationalization/icudt64l/region/en_SH.res" 1374
"../../../Engine/Content/Internationalization/icudt64l/lang/en_SI.res" 1375
"../../../Engine/Content/Internationalization/icudt64l/region/en_SI.res" 1376
"../../../Engine/Content/Internationalization/icudt64l/lang/en_SL.res" 1377
"../../../Engine/Content/Internationalization/icudt64l/region/en_SL.res" 1378
"../../../Engine/Content/Internationalization/icudt64l/lang/en_SS.res" 1379
"../../../Engine/Content/Internationalization/icudt64l/region/en_SS.res" 1380
"../../../Engine/Content/Internationalization/icudt64l/lang/en_SX.res" 1381
"../../../Engine/Content/Internationalization/icudt64l/region/en_SX.res" 1382
"../../../Engine/Content/Internationalization/icudt64l/lang/en_SZ.res" 1383
"../../../Engine/Content/Internationalization/icudt64l/region/en_SZ.res" 1384
"../../../Engine/Content/Internationalization/icudt64l/lang/en_TC.res" 1385
"../../../Engine/Content/Internationalization/icudt64l/region/en_TC.res" 1386
"../../../Engine/Content/Internationalization/icudt64l/lang/en_TK.res" 1387
"../../../Engine/Content/Internationalization/icudt64l/region/en_TK.res" 1388
"../../../Engine/Content/Internationalization/icudt64l/lang/en_TO.res" 1389
"../../../Engine/Content/Internationalization/icudt64l/region/en_TO.res" 1390
"../../../Engine/Content/Internationalization/icudt64l/lang/en_TT.res" 1391
"../../../Engine/Content/Internationalization/icudt64l/region/en_TT.res" 1392
"../../../Engine/Content/Internationalization/icudt64l/lang/en_TV.res" 1393
"../../../Engine/Content/Internationalization/icudt64l/region/en_TV.res" 1394
"../../../Engine/Content/Internationalization/icudt64l/lang/en_TZ.res" 1395
"../../../Engine/Content/Internationalization/icudt64l/region/en_TZ.res" 1396
"../../../Engine/Content/Internationalization/icudt64l/lang/en_UG.res" 1397
"../../../Engine/Content/Internationalization/icudt64l/region/en_UG.res" 1398
"../../../Engine/Content/Internationalization/icudt64l/lang/en_VC.res" 1399
"../../../Engine/Content/Internationalization/icudt64l/region/en_VC.res" 1400
"../../../Engine/Content/Internationalization/icudt64l/lang/en_VG.res" 1401
"../../../Engine/Content/Internationalization/icudt64l/region/en_VG.res" 1402
"../../../Engine/Content/Internationalization/icudt64l/lang/en_VU.res" 1403
"../../../Engine/Content/Internationalization/icudt64l/region/en_VU.res" 1404
"../../../Engine/Content/Internationalization/icudt64l/lang/en_WS.res" 1405
"../../../Engine/Content/Internationalization/icudt64l/region/en_WS.res" 1406
"../../../Engine/Content/Internationalization/icudt64l/lang/en_ZA.res" 1407
"../../../Engine/Content/Internationalization/icudt64l/region/en_ZA.res" 1408
"../../../Engine/Content/Internationalization/icudt64l/lang/en_ZM.res" 1409
"../../../Engine/Content/Internationalization/icudt64l/region/en_ZM.res" 1410
"../../../Engine/Content/Internationalization/icudt64l/lang/en_ZW.res" 1411
"../../../Engine/Content/Internationalization/icudt64l/region/en_ZW.res" 1412
"../../../Engine/Content/Internationalization/icudt64l/lang/eo.res" 1413
"../../../Engine/Content/Internationalization/icudt64l/region/eo.res" 1414
"../../../Engine/Content/Internationalization/icudt64l/lang/es.res" 1415
"../../../Engine/Content/Internationalization/icudt64l/lang/es_419.res" 1416
"../../../Engine/Content/Internationalization/icudt64l/region/es_419.res" 1417
"../../../Engine/Content/Internationalization/icudt64l/region/es.res" 1418
"../../../Engine/Content/Internationalization/icudt64l/lang/es_AR.res" 1419
"../../../Engine/Content/Internationalization/icudt64l/region/es_AR.res" 1420
"../../../Engine/Content/Internationalization/icudt64l/lang/es_BO.res" 1421
"../../../Engine/Content/Internationalization/icudt64l/region/es_BO.res" 1422
"../../../Engine/Content/Internationalization/icudt64l/lang/es_BR.res" 1423
"../../../Engine/Content/Internationalization/icudt64l/region/es_BR.res" 1424
"../../../Engine/Content/Internationalization/icudt64l/lang/es_BZ.res" 1425
"../../../Engine/Content/Internationalization/icudt64l/region/es_BZ.res" 1426
"../../../Engine/Content/Internationalization/icudt64l/lang/es_CL.res" 1427
"../../../Engine/Content/Internationalization/icudt64l/region/es_CL.res" 1428
"../../../Engine/Content/Internationalization/icudt64l/lang/es_CO.res" 1429
"../../../Engine/Content/Internationalization/icudt64l/region/es_CO.res" 1430
"../../../Engine/Content/Internationalization/icudt64l/lang/es_CR.res" 1431
"../../../Engine/Content/Internationalization/icudt64l/region/es_CR.res" 1432
"../../../Engine/Content/Internationalization/icudt64l/lang/es_CU.res" 1433
"../../../Engine/Content/Internationalization/icudt64l/region/es_CU.res" 1434
"../../../Engine/Content/Internationalization/icudt64l/lang/es_DO.res" 1435
"../../../Engine/Content/Internationalization/icudt64l/region/es_DO.res" 1436
"../../../Engine/Content/Internationalization/icudt64l/lang/es_EC.res" 1437
"../../../Engine/Content/Internationalization/icudt64l/region/es_EC.res" 1438
"../../../Engine/Content/Internationalization/icudt64l/lang/es_GT.res" 1439
"../../../Engine/Content/Internationalization/icudt64l/region/es_GT.res" 1440
"../../../Engine/Content/Internationalization/icudt64l/lang/es_HN.res" 1441
"../../../Engine/Content/Internationalization/icudt64l/region/es_HN.res" 1442
"../../../Engine/Content/Internationalization/icudt64l/lang/es_MX.res" 1443
"../../../Engine/Content/Internationalization/icudt64l/region/es_MX.res" 1444
"../../../Engine/Content/Internationalization/icudt64l/lang/es_NI.res" 1445
"../../../Engine/Content/Internationalization/icudt64l/region/es_NI.res" 1446
"../../../Engine/Content/Internationalization/icudt64l/lang/es_PA.res" 1447
"../../../Engine/Content/Internationalization/icudt64l/region/es_PA.res" 1448
"../../../Engine/Content/Internationalization/icudt64l/lang/es_PE.res" 1449
"../../../Engine/Content/Internationalization/icudt64l/region/es_PE.res" 1450
"../../../Engine/Content/Internationalization/icudt64l/lang/es_PR.res" 1451
"../../../Engine/Content/Internationalization/icudt64l/region/es_PR.res" 1452
"../../../Engine/Content/Internationalization/icudt64l/lang/es_PY.res" 1453
"../../../Engine/Content/Internationalization/icudt64l/region/es_PY.res" 1454
"../../../Engine/Content/Internationalization/icudt64l/lang/es_SV.res" 1455
"../../../Engine/Content/Internationalization/icudt64l/region/es_SV.res" 1456
"../../../Engine/Content/Internationalization/icudt64l/lang/es_US.res" 1457
"../../../Engine/Content/Internationalization/icudt64l/region/es_US.res" 1458
"../../../Engine/Content/Internationalization/icudt64l/lang/es_UY.res" 1459
"../../../Engine/Content/Internationalization/icudt64l/region/es_UY.res" 1460
"../../../Engine/Content/Internationalization/icudt64l/lang/es_VE.res" 1461
"../../../Engine/Content/Internationalization/icudt64l/region/es_VE.res" 1462
"../../../Engine/Content/Internationalization/icudt64l/lang/et.res" 1463
"../../../Engine/Content/Internationalization/icudt64l/region/et.res" 1464
"../../../Engine/Content/Internationalization/icudt64l/lang/eu.res" 1465
"../../../Engine/Content/Internationalization/icudt64l/region/eu.res" 1466
"../../../Engine/Content/Internationalization/icudt64l/lang/ewo.res" 1467
"../../../Engine/Content/Internationalization/icudt64l/region/ewo.res" 1468
"../../../Engine/Content/Internationalization/icudt64l/lang/fa.res" 1469
"../../../Engine/Content/Internationalization/icudt64l/lang/fa_AF.res" 1470
"../../../Engine/Content/Internationalization/icudt64l/region/fa_AF.res" 1471
"../../../Engine/Content/Internationalization/icudt64l/region/fa.res" 1472
"../../../Engine/Content/Internationalization/icudt64l/lang/ff.res" 1473
"../../../Engine/Content/Internationalization/icudt64l/lang/ff_Latn.res" 1474
"../../../Engine/Content/Internationalization/icudt64l/region/ff.res" 1475
"../../../Engine/Content/Internationalization/icudt64l/region/ff_Latn.res" 1476
"../../../Engine/Content/Internationalization/icudt64l/lang/ff_CM.res" 1477
"../../../Engine/Content/Internationalization/icudt64l/lang/ff_Latn_CM.res" 1478
"../../../Engine/Content/Internationalization/icudt64l/region/ff_CM.res" 1479
"../../../Engine/Content/Internationalization/icudt64l/region/ff_Latn_CM.res" 1480
"../../../Engine/Content/Internationalization/icudt64l/lang/ff_GN.res" 1481
"../../../Engine/Content/Internationalization/icudt64l/lang/ff_Latn_GN.res" 1482
"../../../Engine/Content/Internationalization/icudt64l/region/ff_GN.res" 1483
"../../../Engine/Content/Internationalization/icudt64l/region/ff_Latn_GN.res" 1484
"../../../Engine/Content/Internationalization/icudt64l/lang/ff_MR.res" 1485
"../../../Engine/Content/Internationalization/icudt64l/lang/ff_Latn_MR.res" 1486
"../../../Engine/Content/Internationalization/icudt64l/region/ff_MR.res" 1487
"../../../Engine/Content/Internationalization/icudt64l/region/ff_Latn_MR.res" 1488
"../../../Engine/Content/Internationalization/icudt64l/lang/ff_SN.res" 1489
"../../../Engine/Content/Internationalization/icudt64l/lang/ff_Latn_SN.res" 1490
"../../../Engine/Content/Internationalization/icudt64l/region/ff_SN.res" 1491
"../../../Engine/Content/Internationalization/icudt64l/region/ff_Latn_SN.res" 1492
"../../../Engine/Content/Internationalization/icudt64l/lang/fi.res" 1493
"../../../Engine/Content/Internationalization/icudt64l/region/fi.res" 1494
"../../../Engine/Content/Internationalization/icudt64l/lang/fil.res" 1495
"../../../Engine/Content/Internationalization/icudt64l/lang/fil_PH.res" 1496
"../../../Engine/Content/Internationalization/icudt64l/region/fil_PH.res" 1497
"../../../Engine/Content/Internationalization/icudt64l/region/fil.res" 1498
"../../../Engine/Content/Internationalization/icudt64l/lang/fo.res" 1499
"../../../Engine/Content/Internationalization/icudt64l/region/fo.res" 1500
"../../../Engine/Content/Internationalization/icudt64l/lang/fr.res" 1501
"../../../Engine/Content/Internationalization/icudt64l/lang/fr_BE.res" 1502
"../../../Engine/Content/Internationalization/icudt64l/region/fr_BE.res" 1503
"../../../Engine/Content/Internationalization/icudt64l/region/fr.res" 1504
"../../../Engine/Content/Internationalization/icudt64l/lang/fr_CA.res" 1505
"../../../Engine/Content/Internationalization/icudt64l/region/fr_CA.res" 1506
"../../../Engine/Content/Internationalization/icudt64l/lang/fr_CH.res" 1507
"../../../Engine/Content/Internationalization/icudt64l/lang/fur.res" 1508
"../../../Engine/Content/Internationalization/icudt64l/region/fur.res" 1509
"../../../Engine/Content/Internationalization/icudt64l/lang/fy.res" 1510
"../../../Engine/Content/Internationalization/icudt64l/region/fy.res" 1511
"../../../Engine/Content/Internationalization/icudt64l/lang/ga.res" 1512
"../../../Engine/Content/Internationalization/icudt64l/region/ga.res" 1513
"../../../Engine/Content/Internationalization/icudt64l/lang/gd.res" 1514
"../../../Engine/Content/Internationalization/icudt64l/region/gd.res" 1515
"../../../Engine/Content/Internationalization/icudt64l/lang/gl.res" 1516
"../../../Engine/Content/Internationalization/icudt64l/region/gl.res" 1517
"../../../Engine/Content/Internationalization/icudt64l/lang/gsw.res" 1518
"../../../Engine/Content/Internationalization/icudt64l/region/gsw.res" 1519
"../../../Engine/Content/Internationalization/icudt64l/lang/gu.res" 1520
"../../../Engine/Content/Internationalization/icudt64l/region/gu.res" 1521
"../../../Engine/Content/Internationalization/icudt64l/lang/guz.res" 1522
"../../../Engine/Content/Internationalization/icudt64l/region/guz.res" 1523
"../../../Engine/Content/Internationalization/icudt64l/lang/gv.res" 1524
"../../../Engine/Content/Internationalization/icudt64l/region/gv.res" 1525
"../../../Engine/Content/Internationalization/icudt64l/lang/ha.res" 1526
"../../../Engine/Content/Internationalization/icudt64l/region/ha.res" 1527
"../../../Engine/Content/Internationalization/icudt64l/lang/ha_NE.res" 1528
"../../../Engine/Content/Internationalization/icudt64l/region/ha_NE.res" 1529
"../../../Engine/Content/Internationalization/icudt64l/lang/haw.res" 1530
"../../../Engine/Content/Internationalization/icudt64l/region/haw.res" 1531
"../../../Engine/Content/Internationalization/icudt64l/lang/he.res" 1532
"../../../Engine/Content/Internationalization/icudt64l/lang/he_IL.res" 1533
"../../../Engine/Content/Internationalization/icudt64l/region/he_IL.res" 1534
"../../../Engine/Content/Internationalization/icudt64l/region/he.res" 1535
"../../../Engine/Content/Internationalization/icudt64l/lang/hi.res" 1536
"../../../Engine/Content/Internationalization/icudt64l/region/hi.res" 1537
"../../../Engine/Content/Internationalization/icudt64l/lang/hr.res" 1538
"../../../Engine/Content/Internationalization/icudt64l/region/hr.res" 1539
"../../../Engine/Content/Internationalization/icudt64l/lang/hsb.res" 1540
"../../../Engine/Content/Internationalization/icudt64l/region/hsb.res" 1541
"../../../Engine/Content/Internationalization/icudt64l/lang/hu.res" 1542
"../../../Engine/Content/Internationalization/icudt64l/region/hu.res" 1543
"../../../Engine/Content/Internationalization/icudt64l/lang/hy.res" 1544
"../../../Engine/Content/Internationalization/icudt64l/region/hy.res" 1545
"../../../Engine/Content/Internationalization/icudt64l/lang/ia.res" 1546
"../../../Engine/Content/Internationalization/icudt64l/region/ia.res" 1547
"../../../Engine/Content/Internationalization/icudt64l/lang/id.res" 1548
"../../../Engine/Content/Internationalization/icudt64l/lang/id_ID.res" 1549
"../../../Engine/Content/Internationalization/icudt64l/region/id_ID.res" 1550
"../../../Engine/Content/Internationalization/icudt64l/region/id.res" 1551
"../../../Engine/Content/Internationalization/icudt64l/lang/ig.res" 1552
"../../../Engine/Content/Internationalization/icudt64l/region/ig.res" 1553
"../../../Engine/Content/Internationalization/icudt64l/lang/ii.res" 1554
"../../../Engine/Content/Internationalization/icudt64l/region/ii.res" 1555
"../../../Engine/Content/Internationalization/icudt64l/lang/is.res" 1556
"../../../Engine/Content/Internationalization/icudt64l/region/is.res" 1557
"../../../Engine/Content/Internationalization/icudt64l/lang/it.res" 1558
"../../../Engine/Content/Internationalization/icudt64l/region/it.res" 1559
"../../../Engine/Content/Internationalization/icudt64l/lang/ja.res" 1560
"../../../Engine/Content/Internationalization/icudt64l/lang/ja_JP.res" 1561
"../../../Engine/Content/Internationalization/icudt64l/region/ja_JP.res" 1562
"../../../Engine/Content/Internationalization/icudt64l/region/ja.res" 1563
"../../../Engine/Content/Internationalization/icudt64l/lang/jgo.res" 1564
"../../../Engine/Content/Internationalization/icudt64l/region/jgo.res" 1565
"../../../Engine/Content/Internationalization/icudt64l/lang/jmc.res" 1566
"../../../Engine/Content/Internationalization/icudt64l/region/jmc.res" 1567
"../../../Engine/Content/Internationalization/icudt64l/lang/jv.res" 1568
"../../../Engine/Content/Internationalization/icudt64l/region/jv.res" 1569
"../../../Engine/Content/Internationalization/icudt64l/lang/ka.res" 1570
"../../../Engine/Content/Internationalization/icudt64l/region/ka.res" 1571
"../../../Engine/Content/Internationalization/icudt64l/lang/kab.res" 1572
"../../../Engine/Content/Internationalization/icudt64l/region/kab.res" 1573
"../../../Engine/Content/Internationalization/icudt64l/lang/kam.res" 1574
"../../../Engine/Content/Internationalization/icudt64l/region/kam.res" 1575
"../../../Engine/Content/Internationalization/icudt64l/lang/kde.res" 1576
"../../../Engine/Content/Internationalization/icudt64l/region/kde.res" 1577
"../../../Engine/Content/Internationalization/icudt64l/lang/kea.res" 1578
"../../../Engine/Content/Internationalization/icudt64l/region/kea.res" 1579
"../../../Engine/Content/Internationalization/icudt64l/lang/khq.res" 1580
"../../../Engine/Content/Internationalization/icudt64l/region/khq.res" 1581
"../../../Engine/Content/Internationalization/icudt64l/lang/ki.res" 1582
"../../../Engine/Content/Internationalization/icudt64l/region/ki.res" 1583
"../../../Engine/Content/Internationalization/icudt64l/lang/kk.res" 1584
"../../../Engine/Content/Internationalization/icudt64l/region/kk.res" 1585
"../../../Engine/Content/Internationalization/icudt64l/lang/kkj.res" 1586
"../../../Engine/Content/Internationalization/icudt64l/region/kkj.res" 1587
"../../../Engine/Content/Internationalization/icudt64l/lang/kl.res" 1588
"../../../Engine/Content/Internationalization/icudt64l/region/kl.res" 1589
"../../../Engine/Content/Internationalization/icudt64l/lang/kln.res" 1590
"../../../Engine/Content/Internationalization/icudt64l/region/kln.res" 1591
"../../../Engine/Content/Internationalization/icudt64l/lang/km.res" 1592
"../../../Engine/Content/Internationalization/icudt64l/region/km.res" 1593
"../../../Engine/Content/Internationalization/icudt64l/lang/kn.res" 1594
"../../../Engine/Content/Internationalization/icudt64l/region/kn.res" 1595
"../../../Engine/Content/Internationalization/icudt64l/lang/ko.res" 1596
"../../../Engine/Content/Internationalization/icudt64l/region/ko_KP.res" 1597
"../../../Engine/Content/Internationalization/icudt64l/region/ko.res" 1598
"../../../Engine/Content/Internationalization/icudt64l/lang/kok.res" 1599
"../../../Engine/Content/Internationalization/icudt64l/region/kok.res" 1600
"../../../Engine/Content/Internationalization/icudt64l/lang/ks.res" 1601
"../../../Engine/Content/Internationalization/icudt64l/region/ks.res" 1602
"../../../Engine/Content/Internationalization/icudt64l/lang/ksb.res" 1603
"../../../Engine/Content/Internationalization/icudt64l/region/ksb.res" 1604
"../../../Engine/Content/Internationalization/icudt64l/lang/ksf.res" 1605
"../../../Engine/Content/Internationalization/icudt64l/region/ksf.res" 1606
"../../../Engine/Content/Internationalization/icudt64l/lang/ksh.res" 1607
"../../../Engine/Content/Internationalization/icudt64l/region/ksh.res" 1608
"../../../Engine/Content/Internationalization/icudt64l/lang/ku.res" 1609
"../../../Engine/Content/Internationalization/icudt64l/region/ku.res" 1610
"../../../Engine/Content/Internationalization/icudt64l/lang/kw.res" 1611
"../../../Engine/Content/Internationalization/icudt64l/region/kw.res" 1612
"../../../Engine/Content/Internationalization/icudt64l/lang/ky.res" 1613
"../../../Engine/Content/Internationalization/icudt64l/region/ky.res" 1614
"../../../Engine/Content/Internationalization/icudt64l/lang/lag.res" 1615
"../../../Engine/Content/Internationalization/icudt64l/region/lag.res" 1616
"../../../Engine/Content/Internationalization/icudt64l/lang/lb.res" 1617
"../../../Engine/Content/Internationalization/icudt64l/region/lb.res" 1618
"../../../Engine/Content/Internationalization/icudt64l/lang/lg.res" 1619
"../../../Engine/Content/Internationalization/icudt64l/region/lg.res" 1620
"../../../Engine/Content/Internationalization/icudt64l/lang/lkt.res" 1621
"../../../Engine/Content/Internationalization/icudt64l/region/lkt.res" 1622
"../../../Engine/Content/Internationalization/icudt64l/lang/ln.res" 1623
"../../../Engine/Content/Internationalization/icudt64l/region/ln.res" 1624
"../../../Engine/Content/Internationalization/icudt64l/lang/lo.res" 1625
"../../../Engine/Content/Internationalization/icudt64l/region/lo.res" 1626
"../../../Engine/Content/Internationalization/icudt64l/lang/lrc.res" 1627
"../../../Engine/Content/Internationalization/icudt64l/region/lrc.res" 1628
"../../../Engine/Content/Internationalization/icudt64l/lang/lt.res" 1629
"../../../Engine/Content/Internationalization/icudt64l/region/lt.res" 1630
"../../../Engine/Content/Internationalization/icudt64l/lang/lu.res" 1631
"../../../Engine/Content/Internationalization/icudt64l/region/lu.res" 1632
"../../../Engine/Content/Internationalization/icudt64l/lang/luo.res" 1633
"../../../Engine/Content/Internationalization/icudt64l/region/luo.res" 1634
"../../../Engine/Content/Internationalization/icudt64l/lang/luy.res" 1635
"../../../Engine/Content/Internationalization/icudt64l/region/luy.res" 1636
"../../../Engine/Content/Internationalization/icudt64l/lang/lv.res" 1637
"../../../Engine/Content/Internationalization/icudt64l/region/lv.res" 1638
"../../../Engine/Content/Internationalization/icudt64l/lang/mas.res" 1639
"../../../Engine/Content/Internationalization/icudt64l/region/mas.res" 1640
"../../../Engine/Content/Internationalization/icudt64l/lang/mer.res" 1641
"../../../Engine/Content/Internationalization/icudt64l/region/mer.res" 1642
"../../../Engine/Content/Internationalization/icudt64l/lang/mfe.res" 1643
"../../../Engine/Content/Internationalization/icudt64l/region/mfe.res" 1644
"../../../Engine/Content/Internationalization/icudt64l/lang/mg.res" 1645
"../../../Engine/Content/Internationalization/icudt64l/region/mg.res" 1646
"../../../Engine/Content/Internationalization/icudt64l/lang/mgh.res" 1647
"../../../Engine/Content/Internationalization/icudt64l/region/mgh.res" 1648
"../../../Engine/Content/Internationalization/icudt64l/lang/mgo.res" 1649
"../../../Engine/Content/Internationalization/icudt64l/region/mgo.res" 1650
"../../../Engine/Content/Internationalization/icudt64l/lang/mi.res" 1651
"../../../Engine/Content/Internationalization/icudt64l/region/mi.res" 1652
"../../../Engine/Content/Internationalization/icudt64l/lang/mk.res" 1653
"../../../Engine/Content/Internationalization/icudt64l/region/mk.res" 1654
"../../../Engine/Content/Internationalization/icudt64l/lang/ml.res" 1655
"../../../Engine/Content/Internationalization/icudt64l/region/ml.res" 1656
"../../../Engine/Content/Internationalization/icudt64l/lang/mn.res" 1657
"../../../Engine/Content/Internationalization/icudt64l/region/mn.res" 1658
"../../../Engine/Content/Internationalization/icudt64l/lang/mr.res" 1659
"../../../Engine/Content/Internationalization/icudt64l/region/mr.res" 1660
"../../../Engine/Content/Internationalization/icudt64l/lang/ms.res" 1661
"../../../Engine/Content/Internationalization/icudt64l/region/ms.res" 1662
"../../../Engine/Content/Internationalization/icudt64l/lang/mt.res" 1663
"../../../Engine/Content/Internationalization/icudt64l/region/mt.res" 1664
"../../../Engine/Content/Internationalization/icudt64l/lang/mua.res" 1665
"../../../Engine/Content/Internationalization/icudt64l/region/mua.res" 1666
"../../../Engine/Content/Internationalization/icudt64l/lang/my.res" 1667
"../../../Engine/Content/Internationalization/icudt64l/region/my.res" 1668
"../../../Engine/Content/Internationalization/icudt64l/lang/mzn.res" 1669
"../../../Engine/Content/Internationalization/icudt64l/region/mzn.res" 1670
"../../../Engine/Content/Internationalization/icudt64l/lang/naq.res" 1671
"../../../Engine/Content/Internationalization/icudt64l/region/naq.res" 1672
"../../../Engine/Content/Internationalization/icudt64l/lang/nb.res" 1673
"../../../Engine/Content/Internationalization/icudt64l/lang/nb_NO.res" 1674
"../../../Engine/Content/Internationalization/icudt64l/region/nb_NO.res" 1675
"../../../Engine/Content/Internationalization/icudt64l/region/nb.res" 1676
"../../../Engine/Content/Internationalization/icudt64l/lang/nd.res" 1677
"../../../Engine/Content/Internationalization/icudt64l/region/nd.res" 1678
"../../../Engine/Content/Internationalization/icudt64l/lang/nds.res" 1679
"../../../Engine/Content/Internationalization/icudt64l/region/nds.res" 1680
"../../../Engine/Content/Internationalization/icudt64l/lang/ne.res" 1681
"../../../Engine/Content/Internationalization/icudt64l/region/ne.res" 1682
"../../../Engine/Content/Internationalization/icudt64l/lang/nl.res" 1683
"../../../Engine/Content/Internationalization/icudt64l/region/nl.res" 1684
"../../../Engine/Content/Internationalization/icudt64l/lang/nmg.res" 1685
"../../../Engine/Content/Internationalization/icudt64l/region/nmg.res" 1686
"../../../Engine/Content/Internationalization/icudt64l/lang/nn.res" 1687
"../../../Engine/Content/Internationalization/icudt64l/lang/nn_NO.res" 1688
"../../../Engine/Content/Internationalization/icudt64l/region/nn_NO.res" 1689
"../../../Engine/Content/Internationalization/icudt64l/region/nn.res" 1690
"../../../Engine/Content/Internationalization/icudt64l/lang/nnh.res" 1691
"../../../Engine/Content/Internationalization/icudt64l/region/nnh.res" 1692
"../../../Engine/Content/Internationalization/icudt64l/lang/nus.res" 1693
"../../../Engine/Content/Internationalization/icudt64l/region/nus.res" 1694
"../../../Engine/Content/Internationalization/icudt64l/lang/nyn.res" 1695
"../../../Engine/Content/Internationalization/icudt64l/region/nyn.res" 1696
"../../../Engine/Content/Internationalization/icudt64l/lang/om.res" 1697
"../../../Engine/Content/Internationalization/icudt64l/region/om.res" 1698
"../../../Engine/Content/Internationalization/icudt64l/lang/or.res" 1699
"../../../Engine/Content/Internationalization/icudt64l/region/or.res" 1700
"../../../Engine/Content/Internationalization/icudt64l/lang/os.res" 1701
"../../../Engine/Content/Internationalization/icudt64l/region/os.res" 1702
"../../../Engine/Content/Internationalization/icudt64l/lang/pa.res" 1703
"../../../Engine/Content/Internationalization/icudt64l/lang/pa_Arab.res" 1704
"../../../Engine/Content/Internationalization/icudt64l/lang/pa_PK.res" 1705
"../../../Engine/Content/Internationalization/icudt64l/lang/pa_Arab_PK.res" 1706
"../../../Engine/Content/Internationalization/icudt64l/region/pa_PK.res" 1707
"../../../Engine/Content/Internationalization/icudt64l/region/pa_Arab_PK.res" 1708
"../../../Engine/Content/Internationalization/icudt64l/region/pa_Arab.res" 1709
"../../../Engine/Content/Internationalization/icudt64l/lang/pa_Guru.res" 1710
"../../../Engine/Content/Internationalization/icudt64l/lang/pa_IN.res" 1711
"../../../Engine/Content/Internationalization/icudt64l/lang/pa_Guru_IN.res" 1712
"../../../Engine/Content/Internationalization/icudt64l/region/pa_IN.res" 1713
"../../../Engine/Content/Internationalization/icudt64l/region/pa_Guru_IN.res" 1714
"../../../Engine/Content/Internationalization/icudt64l/region/pa_Guru.res" 1715
"../../../Engine/Content/Internationalization/icudt64l/region/pa.res" 1716
"../../../Engine/Content/Internationalization/icudt64l/lang/pl.res" 1717
"../../../Engine/Content/Internationalization/icudt64l/region/pl.res" 1718
"../../../Engine/Content/Internationalization/icudt64l/lang/ps.res" 1719
"../../../Engine/Content/Internationalization/icudt64l/region/ps.res" 1720
"../../../Engine/Content/Internationalization/icudt64l/lang/ps_PK.res" 1721
"../../../Engine/Content/Internationalization/icudt64l/region/ps_PK.res" 1722
"../../../Engine/Content/Internationalization/icudt64l/lang/pt.res" 1723
"../../../Engine/Content/Internationalization/icudt64l/lang/pt_AO.res" 1724
"../../../Engine/Content/Internationalization/icudt64l/lang/pt_PT.res" 1725
"../../../Engine/Content/Internationalization/icudt64l/region/pt_AO.res" 1726
"../../../Engine/Content/Internationalization/icudt64l/region/pt_PT.res" 1727
"../../../Engine/Content/Internationalization/icudt64l/region/pt.res" 1728
"../../../Engine/Content/Internationalization/icudt64l/lang/pt_CH.res" 1729
"../../../Engine/Content/Internationalization/icudt64l/region/pt_CH.res" 1730
"../../../Engine/Content/Internationalization/icudt64l/lang/pt_CV.res" 1731
"../../../Engine/Content/Internationalization/icudt64l/region/pt_CV.res" 1732
"../../../Engine/Content/Internationalization/icudt64l/lang/pt_GQ.res" 1733
"../../../Engine/Content/Internationalization/icudt64l/region/pt_GQ.res" 1734
"../../../Engine/Content/Internationalization/icudt64l/lang/pt_GW.res" 1735
"../../../Engine/Content/Internationalization/icudt64l/region/pt_GW.res" 1736
"../../../Engine/Content/Internationalization/icudt64l/lang/pt_LU.res" 1737
"../../../Engine/Content/Internationalization/icudt64l/region/pt_LU.res" 1738
"../../../Engine/Content/Internationalization/icudt64l/lang/pt_MO.res" 1739
"../../../Engine/Content/Internationalization/icudt64l/region/pt_MO.res" 1740
"../../../Engine/Content/Internationalization/icudt64l/lang/pt_MZ.res" 1741
"../../../Engine/Content/Internationalization/icudt64l/region/pt_MZ.res" 1742
"../../../Engine/Content/Internationalization/icudt64l/lang/pt_ST.res" 1743
"../../../Engine/Content/Internationalization/icudt64l/region/pt_ST.res" 1744
"../../../Engine/Content/Internationalization/icudt64l/lang/pt_TL.res" 1745
"../../../Engine/Content/Internationalization/icudt64l/region/pt_TL.res" 1746
"../../../Engine/Content/Internationalization/icudt64l/lang/qu.res" 1747
"../../../Engine/Content/Internationalization/icudt64l/region/qu.res" 1748
"../../../Engine/Content/Internationalization/icudt64l/lang/rm.res" 1749
"../../../Engine/Content/Internationalization/icudt64l/region/rm.res" 1750
"../../../Engine/Content/Internationalization/icudt64l/lang/rn.res" 1751
"../../../Engine/Content/Internationalization/icudt64l/region/rn.res" 1752
"../../../Engine/Content/Internationalization/icudt64l/lang/ro.res" 1753
"../../../Engine/Content/Internationalization/icudt64l/lang/ro_MD.res" 1754
"../../../Engine/Content/Internationalization/icudt64l/region/ro_MD.res" 1755
"../../../Engine/Content/Internationalization/icudt64l/region/ro.res" 1756
"../../../Engine/Content/Internationalization/icudt64l/lang/rof.res" 1757
"../../../Engine/Content/Internationalization/icudt64l/region/rof.res" 1758
"../../../Engine/Content/Internationalization/icudt64l/lang/ru.res" 1759
"../../../Engine/Content/Internationalization/icudt64l/region/ru.res" 1760
"../../../Engine/Content/Internationalization/icudt64l/region/ru_UA.res" 1761
"../../../Engine/Content/Internationalization/icudt64l/lang/rw.res" 1762
"../../../Engine/Content/Internationalization/icudt64l/region/rw.res" 1763
"../../../Engine/Content/Internationalization/icudt64l/lang/rwk.res" 1764
"../../../Engine/Content/Internationalization/icudt64l/region/rwk.res" 1765
"../../../Engine/Content/Internationalization/icudt64l/lang/sah.res" 1766
"../../../Engine/Content/Internationalization/icudt64l/region/sah.res" 1767
"../../../Engine/Content/Internationalization/icudt64l/lang/saq.res" 1768
"../../../Engine/Content/Internationalization/icudt64l/region/saq.res" 1769
"../../../Engine/Content/Internationalization/icudt64l/lang/sbp.res" 1770
"../../../Engine/Content/Internationalization/icudt64l/region/sbp.res" 1771
"../../../Engine/Content/Internationalization/icudt64l/lang/sd.res" 1772
"../../../Engine/Content/Internationalization/icudt64l/region/sd.res" 1773
"../../../Engine/Content/Internationalization/icudt64l/lang/se.res" 1774
"../../../Engine/Content/Internationalization/icudt64l/lang/se_FI.res" 1775
"../../../Engine/Content/Internationalization/icudt64l/region/se_FI.res" 1776
"../../../Engine/Content/Internationalization/icudt64l/region/se.res" 1777
"../../../Engine/Content/Internationalization/icudt64l/lang/seh.res" 1778
"../../../Engine/Content/Internationalization/icudt64l/region/seh.res" 1779
"../../../Engine/Content/Internationalization/icudt64l/lang/ses.res" 1780
"../../../Engine/Content/Internationalization/icudt64l/region/ses.res" 1781
"../../../Engine/Content/Internationalization/icudt64l/lang/sg.res" 1782
"../../../Engine/Content/Internationalization/icudt64l/region/sg.res" 1783
"../../../Engine/Content/Internationalization/icudt64l/lang/shi.res" 1784
"../../../Engine/Content/Internationalization/icudt64l/lang/shi_Latn.res" 1785
"../../../Engine/Content/Internationalization/icudt64l/lang/shi_MA.res" 1786
"../../../Engine/Content/Internationalization/icudt64l/lang/shi_Tfng_MA.res" 1787
"../../../Engine/Content/Internationalization/icudt64l/lang/shi_Tfng.res" 1788
"../../../Engine/Content/Internationalization/icudt64l/region/shi_MA.res" 1789
"../../../Engine/Content/Internationalization/icudt64l/region/shi_Tfng_MA.res" 1790
"../../../Engine/Content/Internationalization/icudt64l/region/shi_Tfng.res" 1791
"../../../Engine/Content/Internationalization/icudt64l/region/shi.res" 1792
"../../../Engine/Content/Internationalization/icudt64l/region/shi_Latn.res" 1793
"../../../Engine/Content/Internationalization/icudt64l/lang/si.res" 1794
"../../../Engine/Content/Internationalization/icudt64l/region/si.res" 1795
"../../../Engine/Content/Internationalization/icudt64l/lang/sk.res" 1796
"../../../Engine/Content/Internationalization/icudt64l/region/sk.res" 1797
"../../../Engine/Content/Internationalization/icudt64l/lang/sl.res" 1798
"../../../Engine/Content/Internationalization/icudt64l/region/sl.res" 1799
"../../../Engine/Content/Internationalization/icudt64l/lang/smn.res" 1800
"../../../Engine/Content/Internationalization/icudt64l/region/smn.res" 1801
"../../../Engine/Content/Internationalization/icudt64l/lang/sn.res" 1802
"../../../Engine/Content/Internationalization/icudt64l/region/sn.res" 1803
"../../../Engine/Content/Internationalization/icudt64l/lang/so.res" 1804
"../../../Engine/Content/Internationalization/icudt64l/region/so.res" 1805
"../../../Engine/Content/Internationalization/icudt64l/lang/sq.res" 1806
"../../../Engine/Content/Internationalization/icudt64l/region/sq.res" 1807
"../../../Engine/Content/Internationalization/icudt64l/lang/sr.res" 1808
"../../../Engine/Content/Internationalization/icudt64l/lang/sr_Cyrl.res" 1809
"../../../Engine/Content/Internationalization/icudt64l/lang/sr_BA.res" 1810
"../../../Engine/Content/Internationalization/icudt64l/lang/sr_Cyrl_BA.res" 1811
"../../../Engine/Content/Internationalization/icudt64l/region/sr_BA.res" 1812
"../../../Engine/Content/Internationalization/icudt64l/region/sr_Cyrl_BA.res" 1813
"../../../Engine/Content/Internationalization/icudt64l/region/sr_Cyrl.res" 1814
"../../../Engine/Content/Internationalization/icudt64l/region/sr.res" 1815
"../../../Engine/Content/Internationalization/icudt64l/lang/sr_ME.res" 1816
"../../../Engine/Content/Internationalization/icudt64l/lang/sr_Latn_ME.res" 1817
"../../../Engine/Content/Internationalization/icudt64l/lang/sr_Latn.res" 1818
"../../../Engine/Content/Internationalization/icudt64l/region/sr_ME.res" 1819
"../../../Engine/Content/Internationalization/icudt64l/region/sr_Latn_ME.res" 1820
"../../../Engine/Content/Internationalization/icudt64l/region/sr_Latn.res" 1821
"../../../Engine/Content/Internationalization/icudt64l/lang/sr_Cyrl_ME.res" 1822
"../../../Engine/Content/Internationalization/icudt64l/region/sr_Cyrl_ME.res" 1823
"../../../Engine/Content/Internationalization/icudt64l/lang/sr_RS.res" 1824
"../../../Engine/Content/Internationalization/icudt64l/lang/sr_Cyrl_RS.res" 1825
"../../../Engine/Content/Internationalization/icudt64l/region/sr_RS.res" 1826
"../../../Engine/Content/Internationalization/icudt64l/region/sr_Cyrl_RS.res" 1827
"../../../Engine/Content/Internationalization/icudt64l/lang/sr_XK.res" 1828
"../../../Engine/Content/Internationalization/icudt64l/lang/sr_Cyrl_XK.res" 1829
"../../../Engine/Content/Internationalization/icudt64l/region/sr_XK.res" 1830
"../../../Engine/Content/Internationalization/icudt64l/region/sr_Cyrl_XK.res" 1831
"../../../Engine/Content/Internationalization/icudt64l/lang/sr_Latn_BA.res" 1832
"../../../Engine/Content/Internationalization/icudt64l/region/sr_Latn_BA.res" 1833
"../../../Engine/Content/Internationalization/icudt64l/lang/sr_Latn_RS.res" 1834
"../../../Engine/Content/Internationalization/icudt64l/region/sr_Latn_RS.res" 1835
"../../../Engine/Content/Internationalization/icudt64l/lang/sr_Latn_XK.res" 1836
"../../../Engine/Content/Internationalization/icudt64l/region/sr_Latn_XK.res" 1837
"../../../Engine/Content/Internationalization/icudt64l/lang/sv.res" 1838
"../../../Engine/Content/Internationalization/icudt64l/region/sv.res" 1839
"../../../Engine/Content/Internationalization/icudt64l/lang/sv_FI.res" 1840
"../../../Engine/Content/Internationalization/icudt64l/lang/sw.res" 1841
"../../../Engine/Content/Internationalization/icudt64l/lang/sw_CD.res" 1842
"../../../Engine/Content/Internationalization/icudt64l/region/sw_CD.res" 1843
"../../../Engine/Content/Internationalization/icudt64l/region/sw.res" 1844
"../../../Engine/Content/Internationalization/icudt64l/lang/sw_KE.res" 1845
"../../../Engine/Content/Internationalization/icudt64l/region/sw_KE.res" 1846
"../../../Engine/Content/Internationalization/icudt64l/lang/ta.res" 1847
"../../../Engine/Content/Internationalization/icudt64l/region/ta.res" 1848
"../../../Engine/Content/Internationalization/icudt64l/lang/te.res" 1849
"../../../Engine/Content/Internationalization/icudt64l/region/te.res" 1850
"../../../Engine/Content/Internationalization/icudt64l/lang/teo.res" 1851
"../../../Engine/Content/Internationalization/icudt64l/region/teo.res" 1852
"../../../Engine/Content/Internationalization/icudt64l/lang/tg.res" 1853
"../../../Engine/Content/Internationalization/icudt64l/region/tg.res" 1854
"../../../Engine/Content/Internationalization/icudt64l/lang/th.res" 1855
"../../../Engine/Content/Internationalization/icudt64l/lang/th_TH.res" 1856
"../../../Engine/Content/Internationalization/icudt64l/region/th_TH.res" 1857
"../../../Engine/Content/Internationalization/icudt64l/region/th.res" 1858
"../../../Engine/Content/Internationalization/icudt64l/lang/ti.res" 1859
"../../../Engine/Content/Internationalization/icudt64l/region/ti.res" 1860
"../../../Engine/Content/Internationalization/icudt64l/lang/tk.res" 1861
"../../../Engine/Content/Internationalization/icudt64l/region/tk.res" 1862
"../../../Engine/Content/Internationalization/icudt64l/lang/to.res" 1863
"../../../Engine/Content/Internationalization/icudt64l/region/to.res" 1864
"../../../Engine/Content/Internationalization/icudt64l/lang/tr.res" 1865
"../../../Engine/Content/Internationalization/icudt64l/region/tr.res" 1866
"../../../Engine/Content/Internationalization/icudt64l/lang/tt.res" 1867
"../../../Engine/Content/Internationalization/icudt64l/region/tt.res" 1868
"../../../Engine/Content/Internationalization/icudt64l/lang/twq.res" 1869
"../../../Engine/Content/Internationalization/icudt64l/region/twq.res" 1870
"../../../Engine/Content/Internationalization/icudt64l/lang/tzm.res" 1871
"../../../Engine/Content/Internationalization/icudt64l/region/tzm.res" 1872
"../../../Engine/Content/Internationalization/icudt64l/lang/ug.res" 1873
"../../../Engine/Content/Internationalization/icudt64l/region/ug.res" 1874
"../../../Engine/Content/Internationalization/icudt64l/lang/uk.res" 1875
"../../../Engine/Content/Internationalization/icudt64l/region/uk.res" 1876
"../../../Engine/Content/Internationalization/icudt64l/lang/ur.res" 1877
"../../../Engine/Content/Internationalization/icudt64l/lang/ur_IN.res" 1878
"../../../Engine/Content/Internationalization/icudt64l/region/ur_IN.res" 1879
"../../../Engine/Content/Internationalization/icudt64l/region/ur.res" 1880
"../../../Engine/Content/Internationalization/icudt64l/lang/uz.res" 1881
"../../../Engine/Content/Internationalization/icudt64l/lang/uz_Arab.res" 1882
"../../../Engine/Content/Internationalization/icudt64l/lang/uz_AF.res" 1883
"../../../Engine/Content/Internationalization/icudt64l/lang/uz_Arab_AF.res" 1884
"../../../Engine/Content/Internationalization/icudt64l/region/uz_AF.res" 1885
"../../../Engine/Content/Internationalization/icudt64l/region/uz_Arab_AF.res" 1886
"../../../Engine/Content/Internationalization/icudt64l/region/uz_Arab.res" 1887
"../../../Engine/Content/Internationalization/icudt64l/lang/uz_Cyrl.res" 1888
"../../../Engine/Content/Internationalization/icudt64l/lang/uz_UZ.res" 1889
"../../../Engine/Content/Internationalization/icudt64l/lang/uz_Latn_UZ.res" 1890
"../../../Engine/Content/Internationalization/icudt64l/lang/uz_Latn.res" 1891
"../../../Engine/Content/Internationalization/icudt64l/region/uz_UZ.res" 1892
"../../../Engine/Content/Internationalization/icudt64l/region/uz_Latn_UZ.res" 1893
"../../../Engine/Content/Internationalization/icudt64l/region/uz_Latn.res" 1894
"../../../Engine/Content/Internationalization/icudt64l/region/uz.res" 1895
"../../../Engine/Content/Internationalization/icudt64l/region/uz_Cyrl.res" 1896
"../../../Engine/Content/Internationalization/icudt64l/lang/vai.res" 1897
"../../../Engine/Content/Internationalization/icudt64l/lang/vai_Latn.res" 1898
"../../../Engine/Content/Internationalization/icudt64l/lang/vai_LR.res" 1899
"../../../Engine/Content/Internationalization/icudt64l/lang/vai_Vaii_LR.res" 1900
"../../../Engine/Content/Internationalization/icudt64l/lang/vai_Vaii.res" 1901
"../../../Engine/Content/Internationalization/icudt64l/region/vai_LR.res" 1902
"../../../Engine/Content/Internationalization/icudt64l/region/vai_Vaii_LR.res" 1903
"../../../Engine/Content/Internationalization/icudt64l/region/vai_Vaii.res" 1904
"../../../Engine/Content/Internationalization/icudt64l/region/vai.res" 1905
"../../../Engine/Content/Internationalization/icudt64l/region/vai_Latn.res" 1906
"../../../Engine/Content/Internationalization/icudt64l/lang/vi.res" 1907
"../../../Engine/Content/Internationalization/icudt64l/region/vi.res" 1908
"../../../Engine/Content/Internationalization/icudt64l/lang/vun.res" 1909
"../../../Engine/Content/Internationalization/icudt64l/region/vun.res" 1910
"../../../Engine/Content/Internationalization/icudt64l/lang/wae.res" 1911
"../../../Engine/Content/Internationalization/icudt64l/region/wae.res" 1912
"../../../Engine/Content/Internationalization/icudt64l/lang/wo.res" 1913
"../../../Engine/Content/Internationalization/icudt64l/region/wo.res" 1914
"../../../Engine/Content/Internationalization/icudt64l/lang/xh.res" 1915
"../../../Engine/Content/Internationalization/icudt64l/region/xh.res" 1916
"../../../Engine/Content/Internationalization/icudt64l/lang/xog.res" 1917
"../../../Engine/Content/Internationalization/icudt64l/region/xog.res" 1918
"../../../Engine/Content/Internationalization/icudt64l/lang/yav.res" 1919
"../../../Engine/Content/Internationalization/icudt64l/region/yav.res" 1920
"../../../Engine/Content/Internationalization/icudt64l/lang/yi.res" 1921
"../../../Engine/Content/Internationalization/icudt64l/region/yi.res" 1922
"../../../Engine/Content/Internationalization/icudt64l/lang/yo.res" 1923
"../../../Engine/Content/Internationalization/icudt64l/lang/yo_BJ.res" 1924
"../../../Engine/Content/Internationalization/icudt64l/region/yo_BJ.res" 1925
"../../../Engine/Content/Internationalization/icudt64l/region/yo.res" 1926
"../../../Engine/Content/Internationalization/icudt64l/lang/yue.res" 1927
"../../../Engine/Content/Internationalization/icudt64l/lang/yue_Hans.res" 1928
"../../../Engine/Content/Internationalization/icudt64l/lang/yue_CN.res" 1929
"../../../Engine/Content/Internationalization/icudt64l/lang/yue_Hans_CN.res" 1930
"../../../Engine/Content/Internationalization/icudt64l/region/yue_CN.res" 1931
"../../../Engine/Content/Internationalization/icudt64l/region/yue_Hans_CN.res" 1932
"../../../Engine/Content/Internationalization/icudt64l/region/yue_Hans.res" 1933
"../../../Engine/Content/Internationalization/icudt64l/lang/yue_Hant.res" 1934
"../../../Engine/Content/Internationalization/icudt64l/lang/yue_HK.res" 1935
"../../../Engine/Content/Internationalization/icudt64l/lang/yue_Hant_HK.res" 1936
"../../../Engine/Content/Internationalization/icudt64l/region/yue_HK.res" 1937
"../../../Engine/Content/Internationalization/icudt64l/region/yue_Hant_HK.res" 1938
"../../../Engine/Content/Internationalization/icudt64l/region/yue_Hant.res" 1939
"../../../Engine/Content/Internationalization/icudt64l/region/yue.res" 1940
"../../../Engine/Content/Internationalization/icudt64l/lang/zgh.res" 1941
"../../../Engine/Content/Internationalization/icudt64l/region/zgh.res" 1942
"../../../Engine/Content/Internationalization/icudt64l/lang/zh.res" 1943
"../../../Engine/Content/Internationalization/icudt64l/lang/zh_Hans.res" 1944
"../../../Engine/Content/Internationalization/icudt64l/lang/zh_CN.res" 1945
"../../../Engine/Content/Internationalization/icudt64l/lang/zh_Hans_CN.res" 1946
"../../../Engine/Content/Internationalization/icudt64l/region/zh_CN.res" 1947
"../../../Engine/Content/Internationalization/icudt64l/region/zh_Hans_CN.res" 1948
"../../../Engine/Content/Internationalization/icudt64l/region/zh_Hans.res" 1949
"../../../Engine/Content/Internationalization/icudt64l/region/zh.res" 1950
"../../../Engine/Content/Internationalization/icudt64l/lang/zh_HK.res" 1951
"../../../Engine/Content/Internationalization/icudt64l/lang/zh_Hant_HK.res" 1952
"../../../Engine/Content/Internationalization/icudt64l/lang/zh_Hant.res" 1953
"../../../Engine/Content/Internationalization/icudt64l/region/zh_HK.res" 1954
"../../../Engine/Content/Internationalization/icudt64l/region/zh_Hant_HK.res" 1955
"../../../Engine/Content/Internationalization/icudt64l/region/zh_Hant.res" 1956
"../../../Engine/Content/Internationalization/icudt64l/lang/zh_MO.res" 1957
"../../../Engine/Content/Internationalization/icudt64l/lang/zh_Hant_MO.res" 1958
"../../../Engine/Content/Internationalization/icudt64l/region/zh_MO.res" 1959
"../../../Engine/Content/Internationalization/icudt64l/region/zh_Hant_MO.res" 1960
"../../../Engine/Content/Internationalization/icudt64l/lang/zh_SG.res" 1961
"../../../Engine/Content/Internationalization/icudt64l/lang/zh_Hans_SG.res" 1962
"../../../Engine/Content/Internationalization/icudt64l/region/zh_SG.res" 1963
"../../../Engine/Content/Internationalization/icudt64l/region/zh_Hans_SG.res" 1964
"../../../Engine/Content/Internationalization/icudt64l/lang/zh_TW.res" 1965
"../../../Engine/Content/Internationalization/icudt64l/lang/zh_Hant_TW.res" 1966
"../../../Engine/Content/Internationalization/icudt64l/region/zh_TW.res" 1967
"../../../Engine/Content/Internationalization/icudt64l/region/zh_Hant_TW.res" 1968
"../../../Engine/Content/Internationalization/icudt64l/lang/zu.res" 1969
"../../../Engine/Content/Internationalization/icudt64l/region/zu.res" 1970
"../../../Engine/Content/Internationalization/icudt64l/lang/no.res" 1971
"../../../Engine/Content/Internationalization/icudt64l/lang/tl.res" 1972
"../../../Engine/Config/Android/DataDrivenPlatformInfo.ini" 1973
"../../../Engine/Config/IOS/DataDrivenPlatformInfo.ini" 1974
"../../../Engine/Config/Linux/DataDrivenPlatformInfo.ini" 1975
"../../../Engine/Config/Mac/DataDrivenPlatformInfo.ini" 1976
"../../../Engine/Config/TVOS/DataDrivenPlatformInfo.ini" 1977
"../../../Engine/Config/Unix/DataDrivenPlatformInfo.ini" 1978
"../../../Engine/Config/VulkanPC/DataDrivenPlatformInfo.ini" 1979
"../../../Engine/Config/Windows/DataDrivenPlatformInfo.ini" 1980
"../../../Engine/Platforms/VisionOS/Config/DataDrivenPlatformInfo.ini" 1981
"../../../Engine/Content/Renderer/TessellationTable.bin" 1982
"../../../Engine/DerivedDataCache/Compressed.ddp" 1983
"C:/Users/Georg/AppData/Local/UnrealEngine/5.6/Saved/Zen/zen.version" 1984
"C:/Users/Georg/AppData/Local/UnrealEngine/Common/Zen/Install/zen.version" 1985
"C:/Users/Georg/AppData/Local/UnrealEngine/Common/Zen/Install/zenserver.runcontext" 1986
"C:/Users/Georg/AppData/Local/UnrealEngine/Common/DerivedDataCache/TestData/0/TestData_4kb.dat" 1987
"C:/Users/Georg/AppData/Local/UnrealEngine/Common/DerivedDataCache/TestData/1/TestData_4kb.dat" 1988
"C:/Users/Georg/AppData/Local/UnrealEngine/Common/DerivedDataCache/TestData/0/TestData_8kb.dat" 1989
"C:/Users/Georg/AppData/Local/UnrealEngine/Common/DerivedDataCache/TestData/1/TestData_8kb.dat" 1990
"C:/Users/Georg/AppData/Local/UnrealEngine/Common/DerivedDataCache/TestData/0/TestData_16kb.dat" 1991
"C:/Users/Georg/AppData/Local/UnrealEngine/Common/DerivedDataCache/TestData/1/TestData_16kb.dat" 1992
"C:/Users/Georg/AppData/Local/UnrealEngine/Common/DerivedDataCache/TestData/0/TestData_64kb.dat" 1993
"C:/Users/Georg/AppData/Local/UnrealEngine/Common/DerivedDataCache/TestData/1/TestData_64kb.dat" 1994
"C:/Users/Georg/AppData/Local/UnrealEngine/Common/DerivedDataCache/TestData/0/TestData_128kb.dat" 1995
"C:/Users/Georg/AppData/Local/UnrealEngine/Common/DerivedDataCache/TestData/1/TestData_128kb.dat" 1996
"C:/Users/Georg/AppData/Local/UnrealEngine/Common/DerivedDataCache/TestData/0/TestData_256kb.dat" 1997
"C:/Users/Georg/AppData/Local/UnrealEngine/Common/DerivedDataCache/TestData/1/TestData_256kb.dat" 1998
"C:/Users/Georg/AppData/Roaming/Unreal Engine/UnrealBuildTool/BuildConfiguration.xml" 1999
"D:/UE5_Project/TombEvader/Intermediate/ShaderAutogen/PCD3D_SM6/AutogenShaderHeaders.ush" 2000
"../../../Engine/Shaders/Private/HairStrands/HairStrandsVertexFactory.ush" 2001
"../../../Engine/Shaders/Private/VertexFactoryCommon.ush" 2002
"../../../Engine/Shaders/Private/Common.ush" 2003
"../../../Engine/Shaders/Public/Platform.ush" 2004
"../../../Engine/Shaders/Public/FP16Math.ush" 2005
"../../../Engine/Shaders/Public/Platform/D3D/D3DCommon.ush" 2006
"../../../Engine/Shaders/Shared/HLSLReservedSpaces.h" 2007
"../../../Engine/Shaders/Public/BindlessResources.ush" 2008
"../../../Engine/Shaders/Public/Platform/D3D/PlatformBindlessResources.ush" 2009
"../../../Engine/Shaders/Shared/RayTracingBuiltInResources.h" 2010
"../../../Engine/Shaders/Shared/RayTracingDefinitions.h" 2011
"../../../Engine/Shaders/Public/OverloadMacros.ush" 2012
"../../../Engine/Shaders/Public/ShaderVersion.ush" 2013
"../../../Engine/Shaders/Shared/ThirdParty/NVIDIA/nvHLSLExtns.h" 2014
"../../../Engine/Shaders/Shared/ThirdParty/NVIDIA/nvHLSLExtnsInternal.h" 2015
"../../../Engine/Shaders/Shared/ThirdParty/NVIDIA/nvShaderExtnEnums.h" 2016
"../../../Engine/Shaders/Private/PackUnpack.ush" 2017
"../../../Engine/Shaders/Private/GeneratedUniformBufferTypes.ush" 2018
"../../../Engine/Shaders/Private/Nanite/NanitePackedNaniteView.ush" 2019
"../../../Engine/Shaders/Private/HairStrands/HairStrandsVisibilityCommonStruct.ush" 2020
"../../../Engine/Shaders/Private/HairStrands/HairStrandsVoxelPageCommonStruct.ush" 2021
"../../../Engine/Shaders/Private/HairStrands/HairStrandsDeepShadowCommonStruct.ush" 2022
"../../../Engine/Shaders/Shared/LightSceneData.h" 2023
"../../../Engine/Shaders/Shared/HLSLTypeAliases.h" 2024
"../../../Engine/Shaders/Private/LargeWorldCoordinates.ush" 2025
"../../../Engine/Shaders/Private/DoubleFloat.ush" 2026
"../../../Engine/Shaders/Private/RandomPCG.ush" 2027
"../../../Engine/Shaders/Private/DoubleFloatOperations.ush" 2028
"../../../Engine/Shaders/Private/DoubleFloatVectorDefinition.ush" 2029
"../../../Engine/Shaders/Private/LWCOperations.ush" 2030
"../../../Engine/Shaders/Shared/LightViewData.h" 2031
"../../../Engine/Shaders/Shared/RayTracingTypes.h" 2032
"../../../Engine/Shaders/Shared/HLSLStaticAssert.h" 2033
"../../../Engine/Shaders/Private/CommonViewUniformBuffer.ush" 2034
"../../../Engine/Shaders/Private/InstancedStereo.ush" 2035
"../../../Engine/Shaders/Private/Definitions.usf" 2036
"../../../Engine/Shaders/Private/AssertionMacros.ush" 2037
"../../../Engine/Shaders/Private/FastMath.ush" 2038
"../../../Engine/Shaders/Private/FastMathThirdParty.ush" 2039
"../../../Engine/Shaders/Private/Random.ush" 2040
"../../../Engine/Shaders/Private/RandomInterleavedGradientNoise.ush" 2041
"../../../Engine/Shaders/Private/SceneData.ush" 2042
"../../../Engine/Shaders/Private/OctahedralCommon.ush" 2043
"../../../Engine/Shaders/Private/WaveOpUtil.ush" 2044
"../../../Engine/Shaders/Private/ByteBuffer.ush" 2045
"../../../Engine/Shaders/Shared/SceneDefinitions.h" 2046
"../../../Engine/Shaders/Private/SceneDataMobileLoader.ush" 2047
"../../../Engine/Shaders/Private/LocalVertexFactoryCommon.ush" 2048
"../../../Engine/Shaders/Private/HairStrands/HairStrandsVisibilityCommon.ush" 2049
"../../../Engine/Shaders/Shared/HairStrandsDefinitions.h" 2050
"../../../Engine/Shaders/Private/HairStrands/HairStrandsVertexFactoryCommon.ush" 2051
"../../../Engine/Shaders/Private/HairStrands/HairStrandsPack.ush" 2052
"../../../Engine/Shaders/Private/HairStrands/HairStrandsAttributeCommon.ush" 2053
"../../../Engine/Shaders/Private/HairStrands/HairStrandsAttributeTemplate.ush" 2054
"../../../Engine/Shaders/Private/VertexFactoryDefaultInterface.ush" 2055
"../../../Engine/Shaders/Private/HairStrands/HairCardsVertexFactory.ush" 2056
"../../../Engine/Shaders/Private/HairStrands/HairCardsAttributeCommon.ush" 2057
"../../../Engine/Shaders/Private/RayTracing/RayTracingCommon.ush" 2058
"../../../Engine/Shaders/Private/ShadingCommon.ush" 2059
"../../../Engine/Shaders/Shared/RayTracingPayloadType.h" 2060
"../../../Engine/Shaders/Private/RayTracing/RayTracingRayCone.ush" 2061
"../../../Engine/Shaders/Private/Substrate/Substrate.ush" 2062
"../../../Engine/Shaders/Private/ShadingEnergyConservation.ush" 2063
"../../../Engine/Shaders/Private/ShadingEnergyConservationTemplate.ush" 2064
"../../../Engine/Shaders/Private/BRDF.ush" 2065
"../../../Engine/Shaders/Private/ColorSpace.ush" 2066
"../../../Engine/Shaders/Private/DeferredShadingCommon.ush" 2067
"../../../Engine/Shaders/Private/LightAccumulator.ush" 2068
"../../../Engine/Shaders/Private/SceneTexturesCommon.ush" 2069
"../../../Engine/Shaders/Private/MonteCarlo.ush" 2070
"../../../Engine/Shaders/Private/GBufferHelpers.ush" 2071
"../../../Engine/Shaders/Private/SceneTextureParameters.ush" 2072
"../../../Engine/Shaders/Private/ParticipatingMediaCommon.ush" 2073
"../../../Engine/Shaders/Private/ThinFilmBSDF.ush" 2074
"../../../Engine/Shaders/Private/MortonCode.ush" 2075
"../../../Engine/Shaders/Private/SubsurfaceProfileCommon.ush" 2076
"../../../Engine/Shaders/Private/BurleyNormalizedSSSCommon.ush" 2077
"../../../Engine/Shaders/Private/GammaCorrectionCommon.ush" 2078
"../../../Engine/Shaders/Shared/SubstrateDefinitions.h" 2079
"../../../Engine/Shaders/Private/Substrate/SubstrateStatisticalOperators.ush" 2080
"../../../Engine/Shaders/Private/Substrate/SubstrateSubsurface.ush" 2081
"../../../Engine/Shaders/Private/TransmissionCommon.ush" 2082
"../../../Engine/Shaders/Private/Substrate/SubstrateExportCommon.ush" 2083
"../../../Engine/Shaders/Private/SpecularProfileCommon.ush" 2084
"../../../Engine/Shaders/Private/RayTracing/RayTracingCommonMetal.ush" 2085
"../../../Engine/Shaders/Private/PositionReconstructionCommon.ush" 2086
"../../../Engine/Shaders/Private/RayTracing/TraceRayInline.ush" 2087
"../../../Engine/Shaders/Private/RayTracing/TraceRayInlineCommon.ush" 2088
"../../../Engine/Shaders/Private/RayTracing/TraceRayInlineVulkan.ush" 2089
"../../../Engine/Shaders/Private/RayTracing/TraceRayInlineMetal.ush" 2090
"../../../Engine/Shaders/Private/RayTracing/TraceRayInlineD3D12.ush" 2091
"../../../Engine/Shaders/Private/RayTracing/RayTracingHitGroupCommon.ush" 2092
"../../../Engine/Shaders/Private/Nanite/NaniteRayTrace.ush" 2093
"../../../Engine/Shaders/Private/Nanite/NaniteDataDecode.ush" 2094
"../../../Engine/Shaders/Private/BitPacking.ush" 2095
"../../../Engine/Shaders/Private/BitStreamReaderImplementation.ush" 2096
"../../../Engine/Shaders/Private/BoneTransform.ush" 2097
"../../../Engine/Shaders/Private/Quaternion.ush" 2098
"../../../Engine/Shaders/Shared/NaniteDefinitions.h" 2099
"../../../Engine/Shaders/Shared/SkinningDefinitions.h" 2100
"../../../Engine/Shaders/Private/Nanite/NaniteAttributeDecode.ush" 2101
"../../../Engine/Shaders/Private/Barycentrics.ush" 2102
"../../../Engine/Shaders/Private/DualNumber.ush" 2103
"../../../Engine/Shaders/Shared/ThirdParty/RayTriangleIntersection.h" 2104
"../../../Engine/Shaders/Private/Nanite/NaniteVertexFetch.ush" 2105
"../../../Engine/Shaders/Private/Nanite/NaniteSceneCommon.ush" 2106
"../../../Engine/Plugins/FX/Niagara/Shaders/Private/NiagaraSpriteVertexFactory.ush" 2107
"../../../Engine/Shaders/Private/ParticleVertexFactoryCommon.ush" 2108
"../../../Engine/Plugins/FX/Niagara/Shaders/Private/NiagaraVFCommon.usf" 2109
"../../../Engine/Plugins/FX/Niagara/Shaders/Private/NiagaraVFParticleAccess.usf" 2110
"../../../Engine/Plugins/FX/Niagara/Shaders/Private/NiagaraParticleAccess.ush" 2111
"../../../Engine/Plugins/FX/Niagara/Shaders/Private/NiagaraRibbonVertexFactory.ush" 2112
"../../../Engine/Plugins/FX/Niagara/Shaders/Private/NiagaraMeshVertexFactory.ush" 2113
"../../../Engine/Plugins/FX/Niagara/Shaders/Private/NiagaraCommon.ush" 2114
"../../../Engine/Plugins/FX/Niagara/Shaders/Private/NiagaraMeshParticleUtils.ush" 2115
"../../../Engine/Shaders/Private/VectorFieldVisualizationVertexFactory.ush" 2116
"../../../Engine/Shaders/Private/Nanite/NaniteVertexFactory.ush" 2117
"../../../Engine/Shaders/Private/LightmapData.ush" 2118
"../../../Engine/Shaders/Private/SplineMeshCommon.ush" 2119
"../../../Engine/Shaders/Shared/SplineMeshShaderParams.h" 2120
"../../../Engine/Shaders/Private/ShaderPrint.ush" 2121
"../../../Engine/Shaders/Private/ShaderPrintCommon.ush" 2122
"../../../Engine/Shaders/Private/MiniFontCommon.ush" 2123
"../../../Engine/Shaders/Private/MaterialCache/MaterialCacheCommon.ush" 2124
"../../../Engine/Shaders/Shared/MaterialCacheDefinitions.h" 2125
"../../../Engine/Shaders/Private/Nanite/NaniteVertexDeformation.ush" 2126
"../../../Engine/Shaders/Private/ViewData.ush" 2127
"../../../Engine/Shaders/Shared/ViewDefinitions.h" 2128
"../../../Engine/Shaders/Private/Matrices.ush" 2129
"../../../Engine/Shaders/Private/ParticleSpriteVertexFactory.ush" 2130
"../../../Engine/Shaders/Private/ParticleGPUSpriteVertexFactory.ush" 2131
"../../../Engine/Shaders/Private/ParticleSimulationCommon.ush" 2132
"../../../Engine/Shaders/Private/ParticleBeamTrailVertexFactory.ush" 2133
"../../../Engine/Shaders/Private/MeshParticleVertexFactory.ush" 2134
"../../../Engine/Shaders/Private/LocalVertexFactory.ush" 2135
"../../../Engine/Shaders/Private/GpuSkinCommon.ush" 2136
"../../../Engine/Shaders/Private/GpuSkinVertexFactory.ush" 2137
"../../../Engine/Shaders/Private/GeometryCollectionVertexFactory.ush" 2138
"../../../Engine/Shaders/Private/GeometryCacheVertexFactory.ush" 2139
"../../../Engine/Shaders/Private/LandscapeVertexFactory.ush" 2140
"../../../Engine/Shaders/Private/PostProcessMaterialShaders.usf" 2141
"../../../Engine/Shaders/Private/ScreenPass.ush" 2142
"../../../Engine/Shaders/Private/VirtualTextureCommon.ush" 2143
"../../../Engine/Shaders/Private/ColorUtils.ush" 2144
"../../../Engine/Shaders/Private/NeuralPostProcessCommon.usf" 2145
"../../../Engine/Shaders/Private/MaterialTemplate.ush" 2146
"../../../Engine/Shaders/Private/WorldSpaceMath.ush" 2147
"../../../Engine/Shaders/Private/EyeAdaptationCommon.ush" 2148
"../../../Engine/Shaders/Private/SobolRandom.ush" 2149
"../../../Engine/Shaders/Private/DepthOfFieldCommon.ush" 2150
"../../../Engine/Shaders/Private/CircleDOFCommon.ush" 2151
"../../../Engine/Shaders/Private/DistanceField/GlobalDistanceFieldShared.ush" 2152
"../../../Engine/Shaders/Private/PhysicsFieldSampler.ush" 2153
"../../../Engine/Shaders/Private/PhysicsFieldShared.ush" 2154
"../../../Engine/Shaders/Private/HairShadingCommon.ush" 2155
"../../../Engine/Shaders/Private/SparseVolumeTexture/SparseVolumeTextureCommon.ush" 2156
"../../../Engine/Shaders/Shared/EnvironmentComponentsFlags.h" 2157
"../../../Engine/Shaders/Private/MeshPaintTextureCommon.ush" 2158
"../../../Engine/Shaders/Private/VirtualTextureMaterial.ush" 2159
"../../../Engine/Shaders/Private/MaterialCache/MaterialCacheMaterialCommon.ush" 2160
"../../../Engine/Shaders/Private/MaterialCache/MaterialCacheABuffer.ush" 2161
"../../../Engine/Shaders/Private/SpeedTreeCommon.ush" 2162
"../../../Engine/Shaders/Private/MaterialTexture.ush" 2163
"../../../Engine/Shaders/Private/MinMaterialTexCoords.ush" 2164
"../../../Engine/Shaders/Private/SkyAtmosphereCommon.ush" 2165
"../../../Engine/Shaders/Private/SingleLayerWaterCommon.ush" 2166
"../../../Engine/Shaders/Private/TextureSampling.ush" 2167
"../../../Engine/Shaders/Private/PaniniProjection.ush" 2168
"../../../Engine/Shaders/Private/DBufferNormalReprojection.ush" 2169
"../../../Engine/Shaders/Public/SubstratePublic.ush" 2170
"../../../Engine/Shaders/Private/Substrate/SubstrateTree.ush" 2171
"../../../Engine/Shaders/Private/Substrate/SubstrateEvaluation.ush" 2172
"../../../Engine/Shaders/Private/Substrate/Glint/GlintThirdParty.ush" 2173
"../../../Engine/Shaders/Private/BlueNoise.ush" 2174
"../../../Engine/Shaders/Private/SHCommon.ush" 2175
"../../../Engine/Shaders/Private/ShadingModels.ush" 2176
"../../../Engine/Shaders/Private/CapsuleLight.ush" 2177
"../../../Engine/Shaders/Private/RectLight.ush" 2178
"../../../Engine/Shaders/Private/LightData.ush" 2179
"../../../Engine/Shaders/Shared/LightDefinitions.h" 2180
"../../../Engine/Shaders/Private/AreaLightCommon.ush" 2181
"../../../Engine/Shaders/Private/HairBsdf.ush" 2182
"../../../Engine/Shaders/Private/MobileGGX.ush" 2183
"../../../Engine/Shaders/Private/ShadingModelsSampling.ush" 2184
"../../../Engine/Shaders/Private/HairStrands/HairBsdfSample.ush" 2185
"../../../Engine/Shaders/Private/HairStrands/HairStrandsCommon.ush" 2186
"../../../Engine/Shaders/Private/HairStrands/HairStrandsDeepTransmittanceCommon.ush" 2187
"../../../Engine/Shaders/Private/HairStrands/HairStrandsDeepTransmittanceDualScattering.ush" 2188
"../../../Engine/Shaders/Private/HairStrands/HairStrandsEnvironmentLightingCommon.ush" 2189
"../../../Engine/Shaders/Private/Substrate/SubstrateLegacyConversion.ush" 2190
"../../../Engine/Shaders/Private/DBufferDecalShared.ush" 2191
"../../../Engine/Plugins/Runtime/AR/AppleAR/AppleARKit/Shaders/Private/ColorSpaceConversion.usf" 2192
"../../../Engine/Plugins/Experimental/Compositing/CompositeCore/Shaders/Private/CompositeCoreMerge.usf" 2193
"../../../Engine/Shaders/Private/LensDistortion.ush" 2194
"../../../Engine/Plugins/Experimental/Compositing/CompositeCore/Shaders/Private/CompositeCoreDisplayTransform.usf" 2195
"../../../Engine/Plugins/Experimental/Compositing/CompositeCore/Shaders/Private/CompositeCoreDilate.usf" 2196
"../../../Engine/Plugins/VirtualProduction/CameraCalibrationCore/Shaders/Private/CrosshairOverlay.usf" 2197
"../../../Engine/Plugins/VirtualProduction/CameraCalibrationCore/Shaders/Private/DisplacementMapBlending.usf" 2198
"../../../Engine/Plugins/VirtualProduction/CameraCalibrationCore/Shaders/Private/RecenterSTDisplacementMaps.usf" 2199
"../../../Engine/Plugins/VirtualProduction/CameraCalibrationCore/Shaders/Private/FillSTDisplacementMap.usf" 2200
"../../../Engine/Plugins/VirtualProduction/CameraCalibrationCore/Shaders/Private/InvertDisplacementMap.usf" 2201
"../../../Engine/Plugins/VirtualProduction/CameraCalibrationCore/Shaders/Private/CropDisplacementMap.usf" 2202
"../../../Engine/Plugins/VirtualProduction/CameraCalibrationCore/Shaders/Private/BlendDisplacementMaps.usf" 2203
"../../../Engine/Plugins/VirtualProduction/CameraCalibrationCore/Shaders/Private/DrawDisplacementMaps.usf" 2204
"../../../Engine/Plugins/VirtualProduction/CameraCalibrationCore/Shaders/Private/UndistortImagePoints.usf" 2205
"../../../Engine/Plugins/VirtualProduction/CameraCalibrationCore/Shaders/Private/DistortionSTMapProcessor.usf" 2206
"../../../Engine/Plugins/Media/ImgMedia/Shaders/Private/ExrSwizzler.usf" 2207
"../../../Engine/Plugins/Media/WmfMedia/Shaders/Private/MediaHardwareVideoDecoding.usf" 2208
"../../../Engine/Plugins/Enterprise/GLTFExporter/Shaders/Private/SimpleTexture2DPS.usf" 2209
"../../../Engine/Shaders/Private/SimpleElementNormalMapPixelShader.usf" 2210
"../../../Engine/Shaders/Private/DisplayMappingPixelShader.usf" 2211
"../../../Engine/Shaders/Private/TonemapCommon.ush" 2212
"../../../Engine/Shaders/Private/ACES/ACESCommon.ush" 2213
"../../../Engine/Shaders/Private/ACES/ACESOutputTransform.ush" 2214
"../../../Engine/Shaders/Private/ACES/ACESUtilities.ush" 2215
"../../../Engine/Shaders/Private/ACES/ACESTonescale.ush" 2216
"../../../Engine/Shaders/Private/ACES/ACESDisplayEncoding.ush" 2217
"../../../Engine/Shaders/Private/ACES/ACES_v1.3.ush" 2218
"../../../Engine/Plugins/Runtime/HairStrands/Shaders/Private/NiagaraCopyVelocityGrid.usf" 2219
"../../../Engine/Plugins/Runtime/HairStrands/Shaders/Private/NiagaraClearVelocityGrid.usf" 2220
"../../../Engine/Plugins/Runtime/HairStrands/Shaders/Private/NiagaraClearPressureGrid.usf" 2221
"../../../Engine/Plugins/Runtime/HairStrands/Shaders/Private/NiagaraInterpolateGroomGuides.usf" 2222
"../../../Engine/Plugins/Runtime/HairStrands/Shaders/Private/NiagaraGroomInterpolationUtils.ush" 2223
"../../../Engine/Plugins/FX/Niagara/Shaders/Private/NiagaraQuaternionUtils.ush" 2224
"../../../Engine/Shaders/Private/HairStrands/HairStrandsMesh.usf" 2225
"../../../Engine/Shaders/Private/HairStrands/HairStrandsBindingCommon.ush" 2226
"../../../Engine/Shaders/Private/HairStrands/HairStrandsFollicleMask.usf" 2227
"../../../Engine/Shaders/Private/HairStrands/HairStrandsSkinUpdate.usf" 2228
"../../../Engine/Shaders/Private/HairStrands/HairStrandsClusterCulling.usf" 2229
"../../../Engine/Shaders/Private/ColorMap.ush" 2230
"../../../Engine/Shaders/Private/HairStrands/HairStrandsAABBCommon.ush" 2231
"../../../Engine/Shaders/Private/HairStrands/HairStrandsClusterCommon.ush" 2232
"../../../Engine/Shaders/Private/ThreadGroupPrefixSum.ush" 2233
"../../../Engine/Shaders/Private/HairStrands/HairStrandsRaytracingGeometry.usf" 2234
"../../../Engine/Shaders/Private/HairStrands/HairStrandsTangent.usf" 2235
"../../../Engine/Shaders/Private/HairStrands/HairCardsDeformation.usf" 2236
"../../../Engine/Shaders/Private/HairStrands/HairStrandsInterpolation.usf" 2237
"../../../Engine/Shaders/Private/HairStrands/HairStrandsGuideDeform.usf" 2238
"../../../Engine/Shaders/Private/HairStrands/HairStrandsTexturesGeneration.usf" 2239
"../../../Engine/Shaders/Private/HairStrands/HairCardsTextureCommon.ush" 2240
"../../../Engine/Shaders/Private/HairStrands/HairStrandsTranscode.usf" 2241
"../../../Engine/Shaders/Private/HairStrands/HairStrandsDebug.usf" 2242
"../../../Engine/Shaders/Private/PostProcessCommon.ush" 2243
"../../../Engine/Shaders/Private/HairStrands/HairStrandsDeepShadowCommon.ush" 2244
"../../../Engine/Shaders/Private/HairStrands/HairStrandsDebugCommonStruct.ush" 2245
"../../../Engine/Plugins/Runtime/ComputeFramework/Shaders/Private/ComputeKernel.usf" 2246
"../../../Engine/Plugins/Runtime/ComputeFramework/Shaders/Private/ComputeKernelCommon.ush" 2247
"../../../Engine/Plugins/NNE/NNEDenoiser/Shaders/NNEDenoiserShadersTransferFunctionOidn.usf" 2248
"../../../Engine/Plugins/NNE/NNEDenoiser/Shaders/NNEDenoiserShadersMappedCopy.usf" 2249
"../../../Engine/Plugins/NNE/NNEDenoiser/Shaders/NNEDenoiserShadersDefaultIOProcess.usf" 2250
"../../../Engine/Plugins/NNE/NNEDenoiser/Shaders/NNEDenoiserShadersAutoExposureReduceFinal.usf" 2251
"../../../Engine/Plugins/NNE/NNEDenoiser/Shaders/NNEDenoiserShadersAutoExposureReduce.usf" 2252
"../../../Engine/Plugins/NNE/NNEDenoiser/Shaders/NNEDenoiserShadersAutoExposureDownsample.usf" 2253
"../../../Engine/Plugins/FX/Niagara/Shaders/Private/NiagaraVertexFactoryExport.usf" 2254
"../../../Engine/Shaders/Private/ComputeShaderUtils.ush" 2255
"../../../Engine/Plugins/FX/Niagara/Shaders/Private/NiagaraSortKeyGen.usf" 2256
"../../../Engine/Plugins/FX/Niagara/Shaders/Private/NiagaraGPURayTracingTransforms.usf" 2257
"../../../Engine/Plugins/FX/Niagara/Shaders/Private/NiagaraDrawIndirectArgsGen.usf" 2258
"../../../Engine/Plugins/FX/Niagara/Shaders/Private/NiagaraDispatchIndirectArgsGen.usf" 2259
"../../../Engine/Plugins/FX/Niagara/Shaders/Private/Stateless/NiagaraStatelessSimulationDefault.usf" 2260
"../../../Engine/Plugins/FX/Niagara/Shaders/Private/Stateless/NiagaraStatelessSimulationTemplate.ush" 2261
"../../../Engine/Plugins/FX/Niagara/Shaders/Private/Stateless/NiagaraStatelessCommon.ush" 2262
"../../../Engine/Plugins/FX/Niagara/Shaders/Shared/NiagaraStatelessDefinitions.h" 2263
"../../../Engine/Plugins/FX/Niagara/Shaders/Shared/NiagaraStatelessBuiltDistribution.h" 2264
"../../../Engine/Plugins/FX/Niagara/Shaders/Private/Stateless/NiagaraStatelessDistribution.ush" 2265
"../../../Engine/Plugins/FX/Niagara/Shaders/Private/Stateless/Modules/NiagaraStatelessModule_CalculateAccurateVelocity.ush" 2266
"../../../Engine/Plugins/FX/Niagara/Shaders/Private/Stateless/Modules/NiagaraStatelessModule_CameraOffset.ush" 2267
"../../../Engine/Plugins/FX/Niagara/Shaders/Private/Stateless/Modules/NiagaraStatelessModule_DynamicMaterialParameters.ush" 2268
"../../../Engine/Plugins/FX/Niagara/Shaders/Private/Stateless/Modules/NiagaraStatelessModule_InitializeParticle.ush" 2269
"../../../Engine/Plugins/FX/Niagara/Shaders/Private/Stateless/Modules/NiagaraStatelessModule_InitialMeshOrientation.ush" 2270
"../../../Engine/Plugins/FX/Niagara/Shaders/Private/Stateless/Modules/NiagaraStatelessModule_MeshIndex.ush" 2271
"../../../Engine/Plugins/FX/Niagara/Shaders/Private/Stateless/Modules/NiagaraStatelessModule_MeshRotationRate.ush" 2272
"../../../Engine/Plugins/FX/Niagara/Shaders/Private/Stateless/Modules/NiagaraStatelessModule_RotateAroundPoint.ush" 2273
"../../../Engine/Plugins/FX/Niagara/Shaders/Private/Stateless/Modules/NiagaraStatelessModule_ShapeLocation.ush" 2274
"../../../Engine/Plugins/FX/Niagara/Shaders/Private/Stateless/Modules/NiagaraStatelessModule_ScaleColor.ush" 2275
"../../../Engine/Plugins/FX/Niagara/Shaders/Private/Stateless/Modules/NiagaraStatelessModule_ScaleRibbonWidth.ush" 2276
"../../../Engine/Plugins/FX/Niagara/Shaders/Private/Stateless/Modules/NiagaraStatelessModule_ScaleSpriteSize.ush" 2277
"../../../Engine/Plugins/FX/Niagara/Shaders/Private/Stateless/Modules/NiagaraStatelessModule_ScaleSpriteSizeBySpeed.ush" 2278
"../../../Engine/Plugins/FX/Niagara/Shaders/Private/Stateless/Modules/NiagaraStatelessModule_ScaleMeshSize.ush" 2279
"../../../Engine/Plugins/FX/Niagara/Shaders/Private/Stateless/Modules/NiagaraStatelessModule_ScaleMeshSizebySpeed.ush" 2280
"../../../Engine/Plugins/FX/Niagara/Shaders/Private/Stateless/Modules/NiagaraStatelessModule_SolveVelocitiesAndForces.ush" 2281
"../../../Engine/Plugins/FX/Niagara/Shaders/Private/Stateless/Modules/NiagaraStatelessModule_SpriteFacingAndAlignment.ush" 2282
"../../../Engine/Plugins/FX/Niagara/Shaders/Private/Stateless/Modules/NiagaraStatelessModule_SpriteRotationRate.ush" 2283
"../../../Engine/Plugins/FX/Niagara/Shaders/Private/Stateless/Modules/NiagaraStatelessModule_SubUVAnimation.ush" 2284
"../../../Engine/Plugins/FX/Niagara/Shaders/Private/NiagaraBlendSVTsToDenseBuffer.usf" 2285
"../../../Engine/Plugins/FX/Niagara/Shaders/Private/NiagaraSVTToDenseBuffer.usf" 2286
"../../../Engine/Plugins/FX/Niagara/Shaders/Private/NiagaraFillIntBuffer.usf" 2287
"../../../Engine/Plugins/FX/Niagara/Shaders/Private/NiagaraComputeFreeIDs.usf" 2288
"../../../Engine/Plugins/FX/Niagara/Shaders/Private/NiagaraInitFreeIDBuffer.usf" 2289
"../../../Engine/Plugins/FX/Niagara/Shaders/Private/NiagaraEmitterInstanceShader.usf" 2290
"../../../Engine/Plugins/FX/Niagara/Shaders/Private/NiagaraShaderVersion.ush" 2291
"../../../Engine/Plugins/FX/Niagara/Shaders/Private/NiagaraPhysicsCommon.ush" 2292
"../../../Engine/Plugins/FX/Niagara/Shaders/Private/Ribbons/NiagaraRibbonAggregationApply.usf" 2293
"../../../Engine/Plugins/FX/Niagara/Shaders/Private/Ribbons/NiagaraRibbonCommon.ush" 2294
"../../../Engine/Plugins/FX/Niagara/Shaders/Private/Ribbons/NiagaraRibbonAggregationStep.usf" 2295
"../../../Engine/Plugins/FX/Niagara/Shaders/Private/Ribbons/NiagaraRibbonGenerateIndices.usf" 2296
"../../../Engine/Plugins/FX/Niagara/Shaders/Private/Ribbons/NiagaraRibbonInitializeIndices.usf" 2297
"../../../Engine/Plugins/FX/Niagara/Shaders/Private/Ribbons/NiagaraRibbonRibbonUVParamCalculation.usf" 2298
"../../../Engine/Plugins/FX/Niagara/Shaders/Private/Ribbons/NiagaraRibbonVertexReductionFinalization.usf" 2299
"../../../Engine/Plugins/FX/Niagara/Shaders/Private/Ribbons/NiagaraRibbonVertexReductionInitialization.usf" 2300
"../../../Engine/Plugins/FX/Niagara/Shaders/Private/Ribbons/NiagaraRibbonSortParticles.usf" 2301
"../../../Engine/Plugins/FX/Niagara/Shaders/Private/NiagaraLWCHelper.usf" 2302
"../../../Engine/Plugins/FX/Niagara/Shaders/Private/NiagaraUpdateMeshGPUSceneInstances.usf" 2303
"../../../Engine/Shaders/Private/GPUScene/GPUSceneWriter.ush" 2304
"../../../Engine/Plugins/FX/Niagara/Shaders/Private/NiagaraGenerateMips.usf" 2305
"../../../Engine/Plugins/FX/Niagara/Shaders/Private/NiagaraDebugDraw.usf" 2306
"../../../Engine/Plugins/FX/Niagara/Shaders/Private/NiagaraDebugDraw.ush" 2307
"../../../Engine/Plugins/FX/Niagara/Shaders/Private/NiagaraVisualizeTexture.usf" 2308
"../../../Engine/Plugins/FX/Niagara/Shaders/Private/NiagaraClearCounts.usf" 2309
"../../../Engine/Plugins/FX/Niagara/Shaders/Private/NiagaraBatchedElements.usf" 2310
"../../../Engine/Plugins/FX/Niagara/Shaders/Private/NiagaraRayTracingShaders.usf" 2311
"../../../Engine/Plugins/FX/Niagara/Shaders/Private/NiagaraAsyncGpuTraceCommon.ush" 2312
"../../../Engine/Shaders/Private/HashTable.ush" 2313
"../../../Engine/Shaders/Private/Hash.ush" 2314
"../../../Engine/Shaders/Private/RayTracing/VFXTraceRay.ush" 2315
"../../../Engine/Plugins/FX/Niagara/Shaders/Private/NiagaraRayMarchingShaders.usf" 2316
"../../../Engine/Plugins/FX/Niagara/Shaders/Private/NiagaraRayTraceCollisionGroupShaders.usf" 2317
"../../../Engine/Plugins/FX/Niagara/Shaders/Private/NiagaraAsyncGpuTraceUtils.usf" 2318
"../../../Engine/Plugins/Experimental/NFORDenoise/Shaders/NFORDenoise.usf" 2319
"../../../Engine/Plugins/Experimental/NFORDenoise/Shaders/NFORRegressionCommon.ush" 2320
"../../../Engine/Plugins/Experimental/NFORDenoise/Shaders/NFORRegression.ush" 2321
"../../../Engine/Shaders/Private/VirtualTextureAdapter.usf" 2322
"../../../Engine/Shaders/Private/BlockCompressionCommon.ush" 2323
"../../../Engine/Shaders/Private/BCCompressionCommon.ush" 2324
"../../../Engine/Shaders/Private/TranslucentLightingShaders.usf" 2325
"../../../Engine/Shaders/Private/CubemapCommon.ush" 2326
"../../../Engine/Shaders/Private/VectorFieldCompositeShaders.usf" 2327
"../../../Engine/Shaders/Private/UpdateTextureShaders.usf" 2328
"../../../Engine/Shaders/Private/StereoLayerShader.usf" 2329
"../../../Engine/Shaders/Private/SparseVolumeTexture/UpdateSparseVolumeTexture.usf" 2330
"../../../Engine/Shaders/Private/MorphTargets.usf" 2331
"../../../Engine/Shaders/Private/SimpleElementColorChannelMaskPixelShader.usf" 2332
"../../../Engine/Shaders/Private/SimpleElementHitProxyPixelShader.usf" 2333
"../../../Engine/Shaders/Private/SimpleElementPixelShader.usf" 2334
"../../../Engine/Shaders/Private/IESLightProfilesCommon.ush" 2335
"../../../Engine/Shaders/Private/SimpleElementVertexShader.usf" 2336
"../../../Engine/Shaders/Private/ScreenPixelShaderOES.usf" 2337
"../../../Engine/Shaders/Private/ScreenVertexShader.usf" 2338
"../../../Engine/Shaders/Private/ScreenPixelShader.usf" 2339
"../../../Engine/Shaders/Private/SSProfilePreIntegratedMobile.usf" 2340
"../../../Engine/Shaders/Private/SpecularProfile.usf" 2341
"../../../Engine/Shaders/Private/Nanite/NaniteStreaming.usf" 2342
"../../../Engine/Shaders/Private/Nanite/NaniteStreaming.ush" 2343
"../../../Engine/Shaders/Private/Nanite/NaniteTranscode.usf" 2344
"../../../Engine/Shaders/Private/VolumetricLightmapStreaming.usf" 2345
"../../../Engine/Shaders/Private/PhysicsFieldReset.usf" 2346
"../../../Engine/Shaders/Private/PhysicsFieldBuilder.usf" 2347
"../../../Engine/Shaders/Private/PhysicsFieldEval.ush" 2348
"../../../Engine/Shaders/Private/ParticleSortKeyGen.usf" 2349
"../../../Engine/Shaders/Private/ParticleBoundsShader.usf" 2350
"../../../Engine/Shaders/Private/ParticleSimVisualizeShader.usf" 2351
"../../../Engine/Shaders/Private/ParticleInjectionShader.usf" 2352
"../../../Engine/Shaders/Private/ParticleSimulationShader.usf" 2353
"../../../Engine/Shaders/Private/ParticleCurveInjectionShader.usf" 2354
"../../../Engine/Shaders/Private/CopyUIntBuffer.usf" 2355
"../../../Engine/Shaders/Private/RadixSortShaders.usf" 2356
"../../../Engine/Shaders/Private/RecomputeTangentsPerVertexPass.usf" 2357
"../../../Engine/Shaders/Private/RecomputeTangentsCommon.ush" 2358
"../../../Engine/Shaders/Private/RecomputeTangentsPerTrianglePass.usf" 2359
"../../../Engine/Shaders/Private/GpuSkinCacheComputeShader.usf" 2360
"../../../Engine/Shaders/Private/HeightFieldAtlasManagement.usf" 2361
"../../../Engine/Shaders/Private/Landscape/LandscapeEditLayersUtils.usf" 2362
"../../../Engine/Shaders/Private/Landscape/LandscapeCommon.ush" 2363
"../../../Engine/Shaders/Private/Landscape/LandscapeEditLayersWeightmaps.usf" 2364
"../../../Engine/Shaders/Private/Landscape/LandscapeEditLayersHeightmaps.usf" 2365
"../../../Engine/Shaders/Private/Landscape/LandscapeLayersWeightmapsPS.usf" 2366
"../../../Engine/Shaders/Private/Landscape/LandscapeLayersHeightmapsPS.usf" 2367
"../../../Engine/Shaders/Private/LandscapeLayersCS.usf" 2368
"../../../Engine/Shaders/Private/LandscapeLayersPS.usf" 2369
"../../../Engine/Shaders/Private/LandscapeLayersVS.usf" 2370
"../../../Engine/Shaders/Private/LandscapePhysicalMaterial.usf" 2371
"../../../Engine/Shaders/Private/LandscapeGrassWeight.usf" 2372
"../../../Engine/Shaders/Private/Landscape/LandscapeCulling.usf" 2373
"../../../Engine/Shaders/Private/Nanite/NaniteHZBCull.ush" 2374
"../../../Engine/Shaders/Private/HZB.ush" 2375
"../../../Engine/Shaders/Private/Landscape/LandscapeMergeTexturesPS.usf" 2376
"../../../Engine/Shaders/Private/WideCustomResolveShaders.usf" 2377
"../../../Engine/Shaders/Private/WideCustomResolve_Wide.ush" 2378
"../../../Engine/Shaders/Private/WideCustomResolve_Wider.ush" 2379
"../../../Engine/Shaders/Private/WideCustomResolve_Widest.ush" 2380
"../../../Engine/Shaders/Private/WaterInfoTextureBlur.usf" 2381
"../../../Engine/Shaders/Private/WaterInfoTextureMerge.usf" 2382
"../../../Engine/Shaders/Private/PageTableUpdate.usf" 2383
"../../../Engine/Shaders/Private/VirtualTextureCompress.usf" 2384
"../../../Engine/Shaders/Private/ASTCCompressionCommon.ush" 2385
"../../../Engine/Shaders/Private/IntegerSequenceEncoding.ush" 2386
"../../../Engine/Shaders/Private/ETCCompressionCommon.ush" 2387
"../../../Engine/Shaders/Private/VirtualTextureMaterial.usf" 2388
"../../../Engine/Shaders/Private/PixelShaderOutputCommon.ush" 2389
"../../../Engine/Shaders/Private/ShaderOutputCommon.ush" 2390
"../../../Engine/Shaders/Private/VolumetricRenderTarget.usf" 2391
"../../../Engine/Shaders/Private/HeightFogCommon.ush" 2392
"../../../Engine/Shaders/Private/LocalFogVolumes/LocalFogVolumeCommon.ush" 2393
"../../../Engine/Shaders/Private/ReflectionEnvironmentShared.ush" 2394
"../../../Engine/Shaders/Private/VolumetricFogVoxelization.usf" 2395
"../../../Engine/Shaders/Private/VolumetricCloudMaterialPixelCommon.ush" 2396
"../../../Engine/Shaders/Private/VolumetricFogLightFunction.usf" 2397
"../../../Engine/Shaders/Private/LightFunctionCommon.ush" 2398
"../../../Engine/Shaders/Private/VolumetricFog.usf" 2399
"../../../Engine/Shaders/Private/DeferredLightingCommon.ush" 2400
"../../../Engine/Shaders/Private/DynamicLightingCommon.ush" 2401
"../../../Engine/Shaders/Private/CapsuleLightIntegrate.ush" 2402
"../../../Engine/Shaders/Private/CapsuleLightSampling.ush" 2403
"../../../Engine/Shaders/Private/RectLightIntegrate.ush" 2404
"../../../Engine/Shaders/Private/ScreenSpaceShadowRayCast.ush" 2405
"../../../Engine/Shaders/Private/LightFunctionAtlas/LightFunctionAtlasCommon.usf" 2406
"../../../Engine/Shaders/Private/HeterogeneousVolumes/HeterogeneousVolumesAdaptiveVolumetricShadowMapSampling.ush" 2407
"../../../Engine/Shaders/Private/HeterogeneousVolumes/HeterogeneousVolumesAdaptiveVolumetricShadowMapUtils.ush" 2408
"../../../Engine/Shaders/Private/HeterogeneousVolumes/HeterogeneousVolumesRayMarchingUtils.ush" 2409
"../../../Engine/Shaders/Private/HeterogeneousVolumes/HeterogeneousVolumesRayMarchingTypes.ush" 2410
"../../../Engine/Shaders/Private/PathTracing/Utilities/PathTracingRandomSequence.ush" 2411
"../../../Engine/Shaders/Private/HeterogeneousVolumes/HeterogeneousVolumesTracingUtils.ush" 2412
"../../../Engine/Shaders/Private/VelocityCommon.ush" 2413
"../../../Engine/Shaders/Private/HeterogeneousVolumes/HeterogeneousVolumesTransmittanceVolumeUtils.ush" 2414
"../../../Engine/Shaders/Private/ForwardShadowingCommon.ush" 2415
"../../../Engine/Shaders/Private/ShadowFilteringCommon.ush" 2416
"../../../Engine/Shaders/Private/PixelQuadMessagePassing.ush" 2417
"../../../Engine/Shaders/Private/VolumeLightingCommon.ush" 2418
"../../../Engine/Shaders/Private/ShadowProjectionCommon.ush" 2419
"../../../Engine/Shaders/Private/VolumeLightingCommonSampling.ush" 2420
"../../../Engine/Shaders/Private/Lumen/LumenTranslucencyVolumeShared.ush" 2421
"../../../Engine/Shaders/Private/Lumen/LumenRadianceCacheInterpolation.ush" 2422
"../../../Engine/Shaders/Private/HeterogeneousVolumes/HeterogeneousVolumesAdaptiveVolumetricShadowMapSampler.ush" 2423
"../../../Engine/Shaders/Private/LightGridCommon.ush" 2424
"../../../Engine/Shaders/Private/DistanceFieldAOShared.ush" 2425
"../../../Engine/Shaders/Private/IntersectionUtils.ush" 2426
"../../../Engine/Shaders/Private/VolumetricLightmapShared.ush" 2427
"../../../Engine/Shaders/Private/LightDataUniforms.ush" 2428
"../../../Engine/Shaders/Private/VirtualShadowMaps/VirtualShadowMapProjectionCommon.ush" 2429
"../../../Engine/Shaders/Private/VirtualShadowMaps/VirtualShadowMapPageAccessCommon.ush" 2430
"../../../Engine/Shaders/Shared/VirtualShadowMapDefinitions.h" 2431
"../../../Engine/Shaders/Shared/HLSLMathAliases.h" 2432
"../../../Engine/Shaders/Private/VirtualShadowMaps/VirtualShadowMapProjectionStructs.ush" 2433
"../../../Engine/Shaders/Private/VolumetricCloudCommon.ush" 2434
"../../../Engine/Shaders/Private/VolumetricCloud.usf" 2435
"../../../Engine/Shaders/Private/VisualizeVolumetricLightmap.usf" 2436
"../../../Engine/Shaders/Private/VirtualShadowMaps/VirtualShadowMapProjectionComposite.usf" 2437
"../../../Engine/Shaders/Private/LightShaderParameters.ush" 2438
"../../../Engine/Shaders/Private/VirtualShadowMaps/VirtualShadowMapMaskBitsCommon.ush" 2439
"../../../Engine/Shaders/Private/VirtualShadowMaps/VirtualShadowMapLightGrid.ush" 2440
"../../../Engine/Shaders/Private/VirtualShadowMaps/VirtualShadowMapProjection.usf" 2441
"../../../Engine/Shaders/Private/Visualization.ush" 2442
"../../../Engine/Shaders/Private/VirtualShadowMaps/VirtualShadowMapProjectionFilter.ush" 2443
"../../../Engine/Shaders/Private/VirtualShadowMaps/VirtualShadowMapProjectionDirectional.ush" 2444
"../../../Engine/Shaders/Private/VirtualShadowMaps/VirtualShadowMapSMRTCommon.ush" 2445
"../../../Engine/Shaders/Private/VirtualShadowMaps/VirtualShadowMapSMRTTemplate.ush" 2446
"../../../Engine/Shaders/Private/VirtualShadowMaps/VirtualShadowMapProjectionSpot.ush" 2447
"../../../Engine/Shaders/Private/VirtualShadowMaps/VirtualShadowMapTransmissionCommon.ush" 2448
"../../../Engine/Shaders/Private/VirtualShadowMaps/VirtualShadowMapScreenRayTrace.ush" 2449
"../../../Engine/Shaders/Private/VirtualShadowMaps/VirtualShadowMapStats.ush" 2450
"../../../Engine/Shaders/Private/HairStrands/HairStrandsVoxelPageCommon.ush" 2451
"../../../Engine/Shaders/Private/HairStrands/HairStrandsVoxelPageTraversal.ush" 2452
"../../../Engine/Shaders/Private/VirtualShadowMaps/VirtualShadowMapCacheGPUInvalidation.usf" 2453
"../../../Engine/Shaders/Private/VirtualShadowMaps/VirtualShadowMapPageCacheCommon.ush" 2454
"../../../Engine/Shaders/Private/VirtualShadowMaps/VirtualShadowMapCacheInvalidation.ush" 2455
"../../../Engine/Shaders/Private/VirtualShadowMaps/VirtualShadowMapPageOverlap.ush" 2456
"../../../Engine/Shaders/Private/ScreenSpaceDenoise/SSDDefinitions.ush" 2457
"../../../Engine/Shaders/Private/InstanceCulling/InstanceCullingLoadBalancer.ush" 2458
"../../../Engine/Shaders/Private/VirtualShadowMaps/VirtualShadowMapCacheLoadBalancer.usf" 2459
"../../../Engine/Shaders/Private/VirtualShadowMaps/VirtualShadowMapCopyStats.usf" 2460
"../../../Engine/Shaders/Private/VirtualShadowMaps/VirtualShadowMapDebug.usf" 2461
"../../../Engine/Shaders/Private/VirtualShadowMaps/Desaturate.usf" 2462
"../../../Engine/Shaders/Private/VirtualShadowMaps/VirtualShadowMapPhysicalPageManagement.usf" 2463
"../../../Engine/Shaders/Private/ReductionCommon.ush" 2464
"../../../Engine/Shaders/Private/GPUMessaging.ush" 2465
"../../../Engine/Shaders/Private/VirtualShadowMaps/VirtualShadowMapPerPageDispatch.ush" 2466
"../../../Engine/Shaders/Private/VirtualShadowMaps/VirtualShadowMapCompactViews.usf" 2467
"../../../Engine/Shaders/Shared/SceneCullingDefinitions.h" 2468
"../../../Engine/Shaders/Private/VirtualShadowMaps/VirtualShadowMapBuildPerPageDrawCommands.usf" 2469
"../../../Engine/Shaders/Private/Nanite/NaniteCullingCommon.ush" 2470
"../../../Engine/Shaders/Private/Nanite/NaniteCulling.ush" 2471
"../../../Engine/Shaders/Private/Nanite/NaniteHierarchyTraversalCommon.ush" 2472
"../../../Engine/Shaders/Private/InstanceCulling/InstanceCullingCommon.ush" 2473
"../../../Engine/Shaders/Shared/InstanceCullingDefinitions.h" 2474
"../../../Engine/Shaders/Private/VirtualShadowMaps/VirtualShadowMapPrintStats.usf" 2475
"../../../Engine/Shaders/Private/VirtualShadowMaps/VirtualShadowMapPageManagement.usf" 2476
"../../../Engine/Shaders/Private/VirtualShadowMaps/VirtualShadowMapPageMarking.usf" 2477
"../../../Engine/Shaders/Shared/SingleLayerWaterDefinitions.h" 2478
"../../../Engine/Shaders/Private/HairStrands/HairStrandsTileCommon.ush" 2479
"../../../Engine/Shaders/Private/Froxel/Froxel.ush" 2480
"../../../Engine/Shaders/Shared/FroxelDefinitions.h" 2481
"../../../Engine/Shaders/Private/DiaphragmDOF/DOFCommon.ush" 2482
"../../../Engine/Shaders/Private/VariableRateShading/VRSShadingRatePreview.usf" 2483
"../../../Engine/Shaders/Private/VariableRateShading/VRSShadingRateCommon.ush" 2484
"../../../Engine/Shaders/Private/VariableRateShading/VRSShadingRateCombine.usf" 2485
"../../../Engine/Shaders/Private/VariableRateShading/VRSShadingRateFoveated.usf" 2486
"../../../Engine/Shaders/Private/VariableRateShading/VRSShadingRateReproject.usf" 2487
"../../../Engine/Shaders/Private/VariableRateShading/VRSShadingRateCalculate.usf" 2488
"../../../Engine/Shaders/Private/TranslucencyUpsampling.usf" 2489
"../../../Engine/Shaders/Private/ComposeSeparateTranslucency.usf" 2490
"../../../Engine/Shaders/Private/SeparateTranslucency.ush" 2491
"../../../Engine/Shaders/Private/TranslucentLightInjectionShaders.usf" 2492
"../../../Engine/Shaders/Private/TranslucentShadowDepthShaders.usf" 2493
"../../../Engine/Shaders/Private/ShadowDepthCommon.ush" 2494
"../../../Engine/Shaders/Private/RayTracing/RayTracingTest.usf" 2495
"../../../Engine/Shaders/Private/PostprocessSubsurfaceTile.usf" 2496
"../../../Engine/Shaders/Private/PostProcessSubsurfaceCommon.ush" 2497
"../../../Engine/Shaders/Private/Substrate/SubstrateVisualize.usf" 2498
"../../../Engine/Shaders/Private/Substrate/SubstrateTile.ush" 2499
"../../../Engine/Shaders/Shared/SubstrateVisualizeDefinitions.h" 2500
"../../../Engine/Shaders/Private/Substrate/SubstrateVisualizeCommon.ush" 2501
"../../../Engine/Shaders/Private/SkyLightingDiffuseShared.ush" 2502
"../../../Engine/Shaders/Private/SkyLightingShared.ush" 2503
"../../../Engine/Shaders/Private/ClearCoatCommon.ush" 2504
"../../../Engine/Shaders/Private/ReflectionEnvironmentComposite.ush" 2505
"../../../Engine/Shaders/Private/Substrate/SubstrateLightingCommon.ush" 2506
"../../../Engine/Shaders/Private/Substrate/SubstrateRoughRefraction.usf" 2507
"../../../Engine/Shaders/Private/PathTracing/Material/PathTracingFresnel.ush" 2508
"../../../Engine/Shaders/Private/PathTracing/Material/PathTracingGlossy.ush" 2509
"../../../Engine/Shaders/Private/Substrate/SubstrateMaterialSampling.usf" 2510
"../../../Engine/Shaders/Private/Substrate/SubstrateMaterialSampling.ush" 2511
"../../../Engine/Shaders/Private/Lumen/LumenPosition.ush" 2512
"../../../Engine/Shaders/Private/Substrate/SubstrateTile.usf" 2513
"../../../Engine/Shaders/Private/Substrate/SubstrateMaterialClassification.usf" 2514
"../../../Engine/Shaders/Private/Substrate/SubstrateDBuffer.usf" 2515
"../../../Engine/Shaders/Private/StochasticLighting/StochasticLightingDenoising.usf" 2516
"../../../Engine/Shaders/Private/Lumen/LumenMaterial.ush" 2517
"../../../Engine/Shaders/Private/StochasticLighting/StochasticLightingCommon.ush" 2518
"../../../Engine/Shaders/Private/SplineMeshSceneTexture.usf" 2519
"../../../Engine/Shaders/Private/SparseVolumeTexture/VisualizeSparseVolumeTexture.usf" 2520
"../../../Engine/Shaders/Private/SkyAtmosphere.usf" 2521
"../../../Engine/Shaders/Private/Skinning/SkinnedMeshDebug.usf" 2522
"../../../Engine/Shaders/Private/Skinning/AnimBankEval.usf" 2523
"../../../Engine/Shaders/Private/SingleLayerWaterComposite.usf" 2524
"../../../Engine/Shaders/Private/Froxel/FroxelBuild.ush" 2525
"../../../Engine/Shaders/Private/SingleLayerWaterRefractionCulling.usf" 2526
"../../../Engine/Shaders/Private/ScreenSpaceShadows.usf" 2527
"../../../Engine/Shaders/Private/bend_sss_gpu.ush" 2528
"../../../Engine/Shaders/Private/ShadowFactorsUpsampleCommon.ush" 2529
"../../../Engine/Shaders/Private/FirstPersonSelfShadow.usf" 2530
"../../../Engine/Shaders/Private/HZBTracing.ush" 2531
"../../../Engine/Shaders/Private/ShadowProjectionVertexShader.usf" 2532
"../../../Engine/Shaders/Private/ShadowProjectionPixelShader.usf" 2533
"../../../Engine/Shaders/Private/MobileLightingCommon.ush" 2534
"../../../Engine/Shaders/Private/PlanarReflectionShared.ush" 2535
"../../../Engine/Shaders/Private/MobileSSR.ush" 2536
"../../../Engine/Shaders/Private/SSRT/SSRTRayCast.ush" 2537
"../../../Engine/Shaders/Private/ShadowPercentageCloserFiltering.ush" 2538
"../../../Engine/Shaders/Private/TransmissionThickness.ush" 2539
"../../../Engine/Shaders/Private/CopyShadowMaps.usf" 2540
"../../../Engine/Shaders/Private/ShadowDepthPixelShader.usf" 2541
"../../../Engine/Shaders/Private/ShadowDepthVertexShader.usf" 2542
"../../../Engine/Shaders/Private/ShadingEnergyConservationTable.usf" 2543
"../../../Engine/Shaders/Shared/PathTracingDefinitions.h" 2544
"../../../Engine/Shaders/Private/ShadingFurnaceTest.usf" 2545
"../../../Engine/Shaders/Private/Substrate/SubstrateDeferredLighting.ush" 2546
"../../../Engine/Shaders/Private/ShaderPrintDraw.usf" 2547
"../../../Engine/Shaders/Private/ShaderPrintDrawPrimitive.usf" 2548
"../../../Engine/Shaders/Private/DefaultSSRTiles.usf" 2549
"../../../Engine/Shaders/Private/ScreenSpaceReflectionTileCommons.ush" 2550
"../../../Engine/Shaders/Private/SSRT/SSRTDiffuseIndirect.usf" 2551
"../../../Engine/Shaders/Private/SSRT/SSRTTileClassificationBuffer.ush" 2552
"../../../Engine/Shaders/Private/SSRT/SSRTReflections.usf" 2553
"../../../Engine/Shaders/Private/ScreenSpaceDenoise/SSDPublic.ush" 2554
"../../../Engine/Shaders/Private/SSRT/SSRTTileClassification.usf" 2555
"../../../Engine/Shaders/Private/SSRT/SSRTPrevFrameReduction.usf" 2556
"../../../Engine/Shaders/Private/ScreenSpaceDenoise/SSDComposeHarmonics.usf" 2557
"../../../Engine/Shaders/Private/ScreenSpaceDenoise/SSDPublicHarmonics.ush" 2558
"../../../Engine/Shaders/Private/ScreenSpaceDenoise/SSDSignalFramework.ush" 2559
"../../../Engine/Shaders/Private/ScreenSpaceDenoise/SSDCommon.ush" 2560
"../../../Engine/Shaders/Private/SphericalGaussian.ush" 2561
"../../../Engine/Shaders/Public/WaveBroadcastIntrinsics.ush" 2562
"../../../Engine/Shaders/Private/ScreenSpaceDenoise/SSDMetadata.ush" 2563
"../../../Engine/Shaders/Private/ScreenSpaceDenoise/SSDSignalCore.ush" 2564
"../../../Engine/Shaders/Private/ScreenSpaceDenoise/DenoisingCommon.ush" 2565
"../../../Engine/Shaders/Private/ScreenSpaceDenoise/SSDSignalArray.ush" 2566
"../../../Engine/Shaders/Private/ScreenSpaceDenoise/SSDSignalBufferEncoding.ush" 2567
"../../../Engine/Shaders/Private/ScreenSpaceDenoise/SSDPublicBufferEncoding.ush" 2568
"../../../Engine/Shaders/Private/Lumen/LumenBufferEncoding.ush" 2569
"../../../Engine/Shaders/Private/ScreenSpaceDenoise/SSDTemporalAccumulation.usf" 2570
"../../../Engine/Shaders/Private/ScreenSpaceDenoise/SSDSpatialKernel.ush" 2571
"../../../Engine/Shaders/Private/ScreenSpaceDenoise/SSDSignalAccumulatorArray.ush" 2572
"../../../Engine/Shaders/Private/ScreenSpaceDenoise/SSDSignalAccumulator.ush" 2573
"../../../Engine/Shaders/Private/ScreenSpaceDenoise/SSDSignalCompression.ush" 2574
"../../../Engine/Shaders/Private/ScreenSpaceDenoise/SSDSpatialAccumulation.usf" 2575
"../../../Engine/Shaders/Private/ScreenSpaceDenoise/SSDInjest.usf" 2576
"../../../Engine/Shaders/Private/ScreenSpaceDenoise/SSDCompressMetadata.usf" 2577
"../../../Engine/Shaders/Private/DownsampleDepthPixelShader.usf" 2578
"../../../Engine/Shaders/Private/ScreenPass.usf" 2579
"../../../Engine/Shaders/Private/HZB.usf" 2580
"../../../Engine/Shaders/Private/OcclusionFeedbackShaders.usf" 2581
"../../../Engine/Shaders/Private/HZBOcclusion.usf" 2582
"../../../Engine/Shaders/Private/OcclusionQueryPixelShader.usf" 2583
"../../../Engine/Shaders/Private/OcclusionQueryVertexShader.usf" 2584
"../../../Engine/Shaders/Private/HitProxyCopy.usf" 2585
"../../../Engine/Shaders/Private/HitProxyPixelShader.usf" 2586
"../../../Engine/Shaders/Private/HitProxyVertexShader.usf" 2587
"../../../Engine/Shaders/Private/SceneCulling/SceneCullingDebugRender.usf" 2588
"../../../Engine/Shaders/Private/SceneCulling/SceneCulling.ush" 2589
"../../../Engine/Shaders/Private/SceneCulling/SceneCullingBuildExplicitBounds.usf" 2590
"../../../Engine/Shaders/Private/SceneCapturePixelShader.usf" 2591
"../../../Engine/Shaders/Private/RendererUtils.usf" 2592
"../../../Engine/Shaders/Private/RTWriteMaskDecode.usf" 2593
"../../../Engine/Shaders/Private/ReflectionEnvironmentShaders.usf" 2594
"../../../Engine/Shaders/Private/RectLightAtlas.usf" 2595
"../../../Engine/Shaders/Private/RayTracing/TraceRayInlineStatistics.usf" 2596
"../../../Engine/Shaders/Private/RayTracing/CompositeSkyLightPS.usf" 2597
"../../../Engine/Shaders/Private/RayTracing/GenerateSkyLightVisibilityRaysCS.usf" 2598
"../../../Engine/Shaders/Private/RayTracing/RayTracingSkyLightCommon.ush" 2599
"../../../Engine/Shaders/Private/RayTracing/SkyLightVisibilityRaysData.ush" 2600
"../../../Engine/Shaders/Private/Raytracing/RaytracingSkylightRGS.usf" 2601
"../../../Engine/Shaders/Private/HairStrands/HairStrandsRaytracing.ush" 2602
"../../../Engine/Shaders/Private/Raytracing/RayTracingSkyLightEvaluation.ush" 2603
"../../../Engine/Shaders/Private/Raytracing/RayTracingDeferredShadingCommon.ush" 2604
"../../../Engine/Shaders/Private/RayTracing/RayTracingOcclusionRGS.usf" 2605
"../../../Engine/Shaders/Private/RayTracing/RayTracingDirectionalLight.ush" 2606
"../../../Engine/Shaders/Private/RayTracing/RayTracingRectLight.ush" 2607
"../../../Engine/Shaders/Private/RayTracing/RayTracingSphereLight.ush" 2608
"../../../Engine/Shaders/Private/RayTracing/RayTracingCapsuleLight.ush" 2609
"../../../Engine/Shaders/Private/Raytracing/RayTracingFeedback.usf" 2610
"../../../Engine/Shaders/Shared/RayTracingDebugTypes.h" 2611
"../../../Engine/Shaders/Private/RayTracing/RayTracingPrimaryRays.usf" 2612
"../../../Engine/Shaders/Private/RayTracing/RayTracingLightingCommon.ush" 2613
"../../../Engine/Shaders/Private/RayTracing/RayTracingLightCullingCommon.ush" 2614
"../../../Engine/Shaders/Private/RayTracing/RayTracingMaterialDefaultHitShaders.usf" 2615
"../../../Engine/Shaders/Private/RayTracing/RayTracingMaterialHitShaders.usf" 2616
"../../../Engine/Shaders/Private/RayTracing/RayTracingShaderUtils.ush" 2617
"../../../Engine/Shaders/Private/RayTracing/RayTracingCalcInterpolants.ush" 2618
"../../../Engine/Shaders/Private/LightmapCommon.ush" 2619
"../../../Engine/Shaders/Private/Lumen/LumenHardwareRayTracingPayloadCommon.ush" 2620
"../../../Engine/Shaders/Shared/LumenDefinitions.h" 2621
"../../../Engine/Shaders/Private/Substrate/SubstrateExport.ush" 2622
"../../../Engine/Shaders/Private/RayTracing/RayTracingLightingMS.usf" 2623
"../../../Engine/Shaders/Private/Lumen/LumenDiffuseColorBoost.ush" 2624
"../../../Engine/Shaders/Private/RayTracing/RayTracingLightFunctionCommon.ush" 2625
"../../../Engine/Shaders/Private/RayTracing/RayTracingBuildLightGrid.usf" 2626
"../../../Engine/Shaders/Private/Raytracing/RayTracingInstanceBufferUtil.usf" 2627
"../../../Engine/Shaders/Private/RayTracing/RayTracingDynamicMesh.usf" 2628
"../../../Engine/Shaders/Private/RayTracing/RayTracingDefaultDecalHitShader.usf" 2629
"../../../Engine/Shaders/Private/RayTracing/RayTracingDecalMaterialShader.usf" 2630
"../../../Engine/Shaders/Private/PathTracing/PathTracingShaderUtils.ush" 2631
"../../../Engine/Shaders/Private/PathTracing/PathTracingCommon.ush" 2632
"../../../Engine/Shaders/Private/PathTracing/Material/PathTracingMaterialCommon.ush" 2633
"../../../Engine/Shaders/Private/PathTracing/Utilities/PathTracingRIS.ush" 2634
"../../../Engine/Shaders/Private/RayTracing/RayTracingBuildDecalGrid.usf" 2635
"../../../Engine/Shaders/Private/RayTracing/RayTracingDebugHitStatsUtils.usf" 2636
"../../../Engine/Shaders/Private/RayTracing/RayTracingDebugInstanceOverlap.usf" 2637
"../../../Engine/Shaders/Private/RayTracing/RayTracingDebugPicking.usf" 2638
"../../../Engine/Shaders/Private/RayTracing/RayTracingDebugUtils.ush" 2639
"../../../Engine/Shaders/Private/RayTracing/RayTracingDebugTraversal.usf" 2640
"../../../Engine/Shaders/Private/RayTracing/RayTracingDeferredMaterials.ush" 2641
"../../../Engine/Shaders/Shared/ThirdParty/AMD/ags_shader_intrinsics_dx12.h" 2642
"../../../Engine/Shaders/Shared/RayTracingDebugDefinitions.h" 2643
"../../../Engine/Shaders/Private/RayTracing/RayTracingDebugHitStatsCHS.usf" 2644
"../../../Engine/Shaders/Private/RayTracing/RayTracingDebugHitStats.usf" 2645
"../../../Engine/Shaders/Private/RayTracing/RayTracingDebugMS.usf" 2646
"../../../Engine/Shaders/Private/RayTracing/RayTracingDebugCHS.usf" 2647
"../../../Engine/Shaders/Private/RayTracing/RayTracingDebug.usf" 2648
"../../../Engine/Shaders/Private/RayTracing/RayTracingBuiltInShaders.usf" 2649
"../../../Engine/Shaders/Private/RayTracing/RayTracingBarycentrics.usf" 2650
"../../../Engine/Shaders/Private/RayTracing/RayTracingAmbientOcclusionRGS.usf" 2651
"../../../Engine/Shaders/Private/VisualizeShadingModels.usf" 2652
"../../../Engine/Shaders/Private/MotionBlur/VisualizeMotionVectors.usf" 2653
"../../../Engine/Shaders/Private/TemporalSuperResolution/TSRVisualize.usf" 2654
"../../../Engine/Shaders/Private/TemporalSuperResolution/TSRColorSpace.ush" 2655
"../../../Engine/Shaders/Private/TemporalSuperResolution/TSRCommon.ush" 2656
"../../../Engine/Shaders/Public/DualPixelVectorization.ush" 2657
"../../../Engine/Shaders/Private/TemporalSuperResolution/TSRReprojectionField.ush" 2658
"../../../Engine/Shaders/Private/TemporalSuperResolution/TSRResolveHistory.usf" 2659
"../../../Engine/Shaders/Private/TemporalSuperResolution/TSRConvolutionNetwork.ush" 2660
"../../../Engine/Shaders/Private/TemporalSuperResolution/TSRKernels.ush" 2661
"../../../Engine/Shaders/Public/LaneVectorization.ush" 2662
"../../../Engine/Shaders/Private/TemporalSuperResolution/TSRUpdateHistory.usf" 2663
"../../../Engine/Shaders/Private/TemporalSuperResolution/TSRSpatialAntiAliasing.ush" 2664
"../../../Engine/Shaders/Private/TemporalSuperResolution/TSRSpatialAntiAliasing.usf" 2665
"../../../Engine/Shaders/Private/TemporalSuperResolution/TSRRejectShading.usf" 2666
"../../../Engine/Shaders/Private/TemporalSuperResolution/TSRShadingAnalysis.ush" 2667
"../../../Engine/Shaders/Private/TemporalSuperResolution/TSRConvolutionNetworkPass.ush" 2668
"../../../Engine/Shaders/Private/TemporalSuperResolution/TSRDecimateHistory.usf" 2669
"../../../Engine/Shaders/Private/TemporalSuperResolution/TSRDepthVelocityAnalysis.ush" 2670
"../../../Engine/Shaders/Private/TemporalSuperResolution/TSRClosestOccluder.ush" 2671
"../../../Engine/Shaders/Private/TemporalSuperResolution/TSRWeightRelaxation.usf" 2672
"../../../Engine/Shaders/Private/TemporalSuperResolution/TSRThinGeometryCommon.ush" 2673
"../../../Engine/Shaders/Private/TemporalSuperResolution/TSRDetectThinGeometry.usf" 2674
"../../../Engine/Shaders/Private/TemporalSuperResolution/TSRDilateVelocity.usf" 2675
"../../../Engine/Shaders/Private/MotionBlur/MotionBlurVelocityFlatten.ush" 2676
"../../../Engine/Shaders/Private/MotionBlur/MotionBlurCommon.ush" 2677
"../../../Engine/Shaders/Private/TemporalSuperResolution/TSRClearPrevTextures.usf" 2678
"../../../Engine/Shaders/Private/TemporalSuperResolution/TSRMeasureCoverage.usf" 2679
"../../../Engine/Shaders/Private/TemporalSuperResolution/TSRMeasureFlickeringLuma.usf" 2680
"../../../Engine/Shaders/Private/TemporalAA.usf" 2681
"../../../Engine/Shaders/Private/FilterPixelShader.usf" 2682
"../../../Engine/Shaders/Private/FilterVertexShader.usf" 2683
"../../../Engine/Shaders/Private/VisualizeVirtualTexture.usf" 2684
"../../../Engine/Shaders/Private/PostProcessVisualizeBuffer.usf" 2685
"../../../Engine/Shaders/Private/PostProcessVisualizeLocalExposure.usf" 2686
"../../../Engine/Shaders/Private/PostProcessHistogramCommon.ush" 2687
"../../../Engine/Shaders/Private/PostProcessVisualizeLevelInstance.usf" 2688
"../../../Engine/Shaders/Private/PostProcessVisualizeHDR.usf" 2689
"../../../Engine/Shaders/Private/ShaderComplexityApplyPixelShader.usf" 2690
"../../../Engine/Shaders/Private/QuadOverdraw.ush" 2691
"../../../Engine/Shaders/Private/PostProcessUpscale.usf" 2692
"../../../Engine/Shaders/Private/PostProcessTonemap.usf" 2693
"../../../Engine/Shaders/Private/PostProcessing/FilmGrainPackConstants.usf" 2694
"../../../Engine/Shaders/Private/PostProcessing/FilmGrainReduce.usf" 2695
"../../../Engine/Shaders/Private/PostProcessTestImage.usf" 2696
"../../../Engine/Shaders/Private/PostProcessSubsurface.usf" 2697
"../../../Engine/Shaders/Private/SeparableSSS.ush" 2698
"../../../Engine/Shaders/Private/SubsurfaceBurleyNormalized.ush" 2699
"../../../Engine/Shaders/Private/PostProcessSelectionOutline.usf" 2700
"../../../Engine/Shaders/Private/MotionBlur/MotionBlurVisualize.usf" 2701
"../../../Engine/Shaders/Private/MotionBlur/MotionBlurApply.usf" 2702
"../../../Engine/Shaders/Private/MotionBlur/MotionBlurFilterTileClassify.usf" 2703
"../../../Engine/Shaders/Private/MotionBlur/MotionBlurTileScatter.usf" 2704
"../../../Engine/Shaders/Private/MotionBlur/MotionBlurTileGather.usf" 2705
"../../../Engine/Shaders/Private/MotionBlur/MotionBlurVelocityFlatten.usf" 2706
"../../../Engine/Shaders/Private/PostProcessMobile.usf" 2707
"../../../Engine/Shaders/Private/PostProcessMitchellNetravali.usf" 2708
"../../../Engine/Shaders/Private/PostProcessLocalExposure.usf" 2709
"../../../Engine/Shaders/Private/PostProcessLensFlares.usf" 2710
"../../../Engine/Shaders/Private/PostProcessGBufferHints.usf" 2711
"../../../Engine/Shaders/Private/PostProcessHMD.usf" 2712
"../../../Engine/Shaders/Private/Histogram.usf" 2713
"../../../Engine/Shaders/Private/PostProcessHistogramReduce.usf" 2714
"../../../Engine/Shaders/Private/PostProcessHistogram.usf" 2715
"../../../Engine/Shaders/Private/Bloom/BloomFinalizeApplyConstants.usf" 2716
"../../../Engine/Shaders/Private/Bloom/BloomCommon.ush" 2717
"../../../Engine/Shaders/Private/Bloom/BloomResizeKernel.usf" 2718
"../../../Engine/Shaders/Private/Bloom/BloomDownsampleKernel.usf" 2719
"../../../Engine/Shaders/Private/Bloom/BloomClampKernel.usf" 2720
"../../../Engine/Shaders/Private/Bloom/BloomPackKernelConstants.usf" 2721
"../../../Engine/Shaders/Private/Bloom/BloomSumScatterDispersionEnergy.usf" 2722
"../../../Engine/Shaders/Private/Bloom/BloomReduceKernelSurvey.usf" 2723
"../../../Engine/Shaders/Private/Bloom/BloomSurveyKernelCenterEnergy.usf" 2724
"../../../Engine/Shaders/Private/Bloom/BloomSurveyMaxScatterDispersion.usf" 2725
"../../../Engine/Shaders/Private/Bloom/BloomFindKernelCenter.usf" 2726
"../../../Engine/Shaders/Private/PostProcessEyeAdaptation.usf" 2727
"../../../Engine/Shaders/Private/TranslucencyVolumeCommon.ush" 2728
"../../../Engine/Shaders/Private/PostProcessEyeAdaptationUtils.usf" 2729
"../../../Engine/Shaders/Private/PostProcessDownsample.usf" 2730
"../../../Engine/Shaders/Private/PostProcessDOF.usf" 2731
"../../../Engine/Shaders/Private/PostProcessDeviceEncodingOnly.usf" 2732
"../../../Engine/Shaders/Private/PostProcessCompositePrimitives.usf" 2733
"../../../Engine/Shaders/Private/PostProcessCombineLUTs.usf" 2734
"../../../Engine/Shaders/Private/PostProcessVisualizeDOF.usf" 2735
"../../../Engine/Shaders/Private/PostProcessBloom.usf" 2736
"../../../Engine/Shaders/Private/PostProcessAmbientOcclusionMobile.usf" 2737
"../../../Engine/Shaders/Private/PostProcessAmbientOcclusionCommon.ush" 2738
"../../../Engine/Shaders/Private/FXAAShader.usf" 2739
"../../../Engine/Shaders/Private/Fxaa3_11.ush" 2740
"../../../Engine/Shaders/Private/PaniniProjection.usf" 2741
"../../../Engine/Shaders/Private/DiaphragmDOF/DOFRecombine.usf" 2742
"../../../Engine/Shaders/Private/DiaphragmDOF/DOFHybridScatterPixelShader.usf" 2743
"../../../Engine/Shaders/Private/DiaphragmDOF/DOFHybridScatterCommon.ush" 2744
"../../../Engine/Shaders/Private/DiaphragmDOF/DOFVignetteCommon.ush" 2745
"../../../Engine/Shaders/Private/DiaphragmDOF/DOFHybridScatterVertexShader.usf" 2746
"../../../Engine/Shaders/Private/DiaphragmDOF/DOFPostfiltering.usf" 2747
"../../../Engine/Shaders/Private/DiaphragmDOF/DOFGatherTileSuggest.ush" 2748
"../../../Engine/Shaders/Private/DiaphragmDOF/DOFCocTileCommon.ush" 2749
"../../../Engine/Shaders/Private/DiaphragmDOF/DOFGatherPass.usf" 2750
"../../../Engine/Shaders/Private/DiaphragmDOF/DOFGatherCommon.ush" 2751
"../../../Engine/Shaders/Private/DiaphragmDOF/DOFGatherAccumulator.ush" 2752
"../../../Engine/Shaders/Private/DiaphragmDOF/DOFGatherKernel.ush" 2753
"../../../Engine/Shaders/Private/DiaphragmDOF/DOFBokehLUT.usf" 2754
"../../../Engine/Shaders/Private/DiaphragmDOF/DOFHybridScatterCompilation.usf" 2755
"../../../Engine/Shaders/Private/DiaphragmDOF/DOFReduce.usf" 2756
"../../../Engine/Shaders/Private/DiaphragmDOF/DOFDownsample.ush" 2757
"../../../Engine/Shaders/Private/DiaphragmDOF/DOFHybridScatterCompilation.ush" 2758
"../../../Engine/Shaders/Private/DiaphragmDOF/DOFDownsample.usf" 2759
"../../../Engine/Shaders/Private/DiaphragmDOF/DOFCocTileDilate.usf" 2760
"../../../Engine/Shaders/Private/DiaphragmDOF/DOFCocTileFlatten.usf" 2761
"../../../Engine/Shaders/Private/DiaphragmDOF/DOFSetup.usf" 2762
"../../../Engine/Shaders/Private/Tools/DebugAlphaChannel.usf" 2763
"../../../Engine/Shaders/Private/PostProcessAlphaInvert.usf" 2764
"../../../Engine/Shaders/Private/PlanarReflectionShaders.usf" 2765
"../../../Engine/Shaders/Private/PhysicsFieldVisualizer.usf" 2766
"../../../Engine/Shaders/Private/PathTracing/PathTracingSpatialTemporalDenoising.usf" 2767
"../../../Engine/Shaders/Private/ColorDifference.ush" 2768
"../../../Engine/Shaders/Private/PathTracing/PathTracingCompositingPixelShader.usf" 2769
"../../../Engine/Shaders/Private/PathTracing/PathTracingAdaptiveUtils.ush" 2770
"../../../Engine/Shaders/Private/PathTracing/PathTracingDefaultHitShader.usf" 2771
"../../../Engine/Shaders/Private/PathTracing/PathTracingGPULightmassMaterialHitShader.usf" 2772
"../../../Engine/Shaders/Private/PathTracing/PathTracingMaterialHitShader.usf" 2773
"../../../Engine/Shaders/Private/PathTracing/Material/PathTracingSubstrateCommon.ush" 2774
"../../../Engine/Shaders/Private/PathTracing/PathTracingLightingMissShader.usf" 2775
"../../../Engine/Shaders/Private/PathTracing/PathTracingMissShader.usf" 2776
"../../../Engine/Shaders/Private/PathTracing/PathTracingAdaptiveStart.usf" 2777
"../../../Engine/Shaders/Private/PathTracing/PathTracingBuildAdaptiveError.usf" 2778
"../../../Engine/Shaders/Private/PathTracing/PathTracingVolumetricCloudMaterialShader.usf" 2779
"../../../Engine/Shaders/Private/PathTracing/Volume/PathTracingCloudsMaterialCommon.ush" 2780
"../../../Engine/Shaders/Private/PathTracing/Volume/PathTracingVolumeCommon.ush" 2781
"../../../Engine/Shaders/Private/PathTracing/Volume/PathTracingCloudsCommon.ush" 2782
"../../../Engine/Shaders/Private/PathTracing/Volume/PathTracingFog.ush" 2783
"../../../Engine/Shaders/Private/PathTracing/Volume/PathTracingAtmosphere.ush" 2784
"../../../Engine/Shaders/Private/PathTracing/Volume/PathTracingAtmosphereCommon.ush" 2785
"../../../Engine/Shaders/Private/PathTracing/Volume/PathTracingVolumeSampling.ush" 2786
"../../../Engine/Shaders/Private/PathTracing/PathTracingBuildCloudAccelerationMap.usf" 2787
"../../../Engine/Shaders/Private/PathTracing/PathTracingBuildAtmosphereLUT.usf" 2788
"../../../Engine/Shaders/Private/PathTracing/PathTracingSwizzleScanlines.usf" 2789
"../../../Engine/Shaders/Private/PathTracing/PathTracingInitExtinctionCoefficient.usf" 2790
"../../../Engine/Shaders/Private/PathTracing/PathTracingCopyDepth.usf" 2791
"../../../Engine/Shaders/Private/PathTracing/PathTracingDebug.usf" 2792
"../../../Engine/Shaders/Private/RayTracing/RayTracingDecalGrid.ush" 2793
"../../../Engine/Shaders/Private/PathTracing/Material/PathTracingMaterialSampling.ush" 2794
"../../../Engine/Shaders/Private/PathTracing/Material/PathTracingLambert.ush" 2795
"../../../Engine/Shaders/Private/PathTracing/Material/PathTracingSubstrate.ush" 2796
"../../../Engine/Shaders/Private/PathTracing/Material/PathTracingSubstrateFoliage.ush" 2797
"../../../Engine/Shaders/Private/PathTracing/Material/PathTracingSubstrateSolidGlass.ush" 2798
"../../../Engine/Shaders/Private/PathTracing/Material/PathTracingSubstrateThinGlass.ush" 2799
"../../../Engine/Shaders/Private/PathTracing/Material/PathTracingSolidGlass.ush" 2800
"../../../Engine/Shaders/Private/PathTracing/Material/PathTracingEnergyConservation.ush" 2801
"../../../Engine/Shaders/Private/PathTracing/Material/PathTracingThinGlass.ush" 2802
"../../../Engine/Shaders/Private/PathTracing/Material/PathTracingDefaultLit.ush" 2803
"../../../Engine/Shaders/Private/PathTracing/Material/PathTracingClearCoat.ush" 2804
"../../../Engine/Shaders/Private/PathTracing/Material/PathTracingTwoSidedFoliage.ush" 2805
"../../../Engine/Shaders/Private/PathTracing/Material/PathTracingCloth.ush" 2806
"../../../Engine/Shaders/Private/PathTracing/Material/PathTracingSubsurfaceProfile.ush" 2807
"../../../Engine/Shaders/Private/PathTracing/Material/PathTracingEye.ush" 2808
"../../../Engine/Shaders/Private/PathTracing/Material/PathTracingHair.ush" 2809
"../../../Engine/Shaders/Private/PathTracing/Material/PathTracingMedium.ush" 2810
"../../../Engine/Shaders/Private/PathTracing/Light/PathTracingLightSampling.ush" 2811
"../../../Engine/Shaders/Private/PathTracing/Light/PathTracingLightCommon.ush" 2812
"../../../Engine/Shaders/Private/PathTracing/Light/PathTracingDirectionalLight.ush" 2813
"../../../Engine/Shaders/Private/PathTracing/Light/PathTracingPointLight.ush" 2814
"../../../Engine/Shaders/Private/PathTracing/Light/PathTracingCapsuleLight.ush" 2815
"../../../Engine/Shaders/Private/PathTracing/Light/PathTracingRectLight.ush" 2816
"../../../Engine/Shaders/Private/PathTracing/Light/PathTracingSkyLight.ush" 2817
"../../../Engine/Shaders/Private/PathTracing/Light/PathTracingLightGrid.ush" 2818
"../../../Engine/Shaders/Private/PathTracing/PathTracing.usf" 2819
"../../../Engine/Shaders/Private/PathTracing/PathTracingCore.ush" 2820
"../../../Engine/Shaders/Private/HeterogeneousVolumes/HeterogeneousVolumesVoxelGridTypes.ush" 2821
"../../../Engine/Shaders/Private/PathTracing/Volume/PathTracingVolume.ush" 2822
"../../../Engine/Shaders/Private/PathTracing/Volume/PathTracingClouds.ush" 2823
"../../../Engine/Shaders/Private/PathTracing/Volume/PathTracingHeterogeneousVolumes.ush" 2824
"../../../Engine/Shaders/Private/HeterogeneousVolumes/HeterogeneousVolumesVoxelGridTraversal.ush" 2825
"../../../Engine/Shaders/Private/HeterogeneousVolumes/HeterogeneousVolumesVoxelGridUtils.ush" 2826
"../../../Engine/Shaders/Private/HeterogeneousVolumes/HeterogeneousVolumesFrustumVoxelGridUtils.ush" 2827
"../../../Engine/Shaders/Private/PathTracing/PathTracingBuildLightGrid.usf" 2828
"../../../Engine/Shaders/Private/PathTracing/PathTracingSkylightMISCompensation.usf" 2829
"../../../Engine/Shaders/Private/PathTracing/PathTracingSkylightPrepare.usf" 2830
"../../../Engine/Shaders/Private/OIT/OITSorting.usf" 2831
"../../../Engine/Shaders/Private/OITCombine.usf" 2832
"../../../Engine/Shaders/Private/OITCommon.ush" 2833
"../../../Engine/Shaders/Private/Nanite/Voxel/RasterizeBricks.usf" 2834
"../../../Engine/Shaders/Private/Nanite/Voxel/Brick.ush" 2835
"../../../Engine/Shaders/Private/Nanite/Voxel/Voxel.ush" 2836
"../../../Engine/Shaders/Private/Nanite/Voxel/ScatterBricks.usf" 2837
"../../../Engine/Shaders/Private/Nanite/Voxel/TileBricks.usf" 2838
"../../../Engine/Shaders/Private/Nanite/Voxel/AutoVoxel.usf" 2839
"../../../Engine/Shaders/Private/Nanite/NaniteDebugViews.usf" 2840
"../../../Engine/Shaders/Private/Nanite/NaniteEditorCommon.ush" 2841
"../../../Engine/Shaders/Private/BinarySearch.ush" 2842
"../../../Engine/Shaders/Private/Nanite/NaniteDepthDecode.usf" 2843
"../../../Engine/Shaders/Private/HTileEncoding.ush" 2844
"../../../Engine/Shaders/Private/Nanite/NaniteVisualize.usf" 2845
"../../../Engine/Shaders/Private/Nanite/NaniteStreamOut.usf" 2846
"../../../Engine/Shaders/Private/Nanite/NaniteHierarchyTraversal.ush" 2847
"../../../Engine/Shaders/Private/Nanite/NaniteSkinningUpdateViewData.usf" 2848
"../../../Engine/Shaders/Private/Skinning/TransformProviders.usf" 2849
"../../../Engine/Shaders/Private/Nanite/NaniteShadeBinning.usf" 2850
"../../../Engine/Shaders/Private/Nanite/NaniteShadeCommon.ush" 2851
"../../../Engine/Shaders/Private/Nanite/NaniteFastClear.usf" 2852
"../../../Engine/Shaders/Private/Nanite/NaniteExportGBuffer.usf" 2853
"../../../Engine/Shaders/Private/Nanite/NaniteClusterCulling.usf" 2854
"../../../Engine/Shaders/Private/Nanite/NanitePrintStats.usf" 2855
"../../../Engine/Shaders/Private/Nanite/NaniteRasterizer.usf" 2856
"../../../Engine/Shaders/Private/Nanite/NaniteRasterizationCommon.ush" 2857
"../../../Engine/Shaders/Private/Nanite/NaniteRasterizer.ush" 2858
"../../../Engine/Shaders/Private/Nanite/NaniteWritePixel.ush" 2859
"../../../Engine/Shaders/Private/Nanite/NaniteTessellation.ush" 2860
"../../../Engine/Shaders/Private/WorkDistribution.ush" 2861
"../../../Engine/Shaders/Private/Nanite/NaniteDice.ush" 2862
"../../../Engine/Shaders/Private/ShaderBundleWorkGraphCommon.ush" 2863
"../../../Engine/Shaders/Public/RootConstants.ush" 2864
"../../../Engine/Shaders/Public/Platform/D3D/D3DRootConstants.ush" 2865
"../../../Engine/Shaders/Private/Nanite/NaniteSplit.usf" 2866
"../../../Engine/Shaders/Private/Nanite/NaniteRasterBinning.usf" 2867
"../../../Engine/Shaders/Private/Nanite/NaniteInstanceCulling.usf" 2868
"../../../Engine/Shaders/Private/Nanite/NaniteImposter.ush" 2869
"../../../Engine/Shaders/Private/Nanite/NaniteInstanceHierarchyCulling.usf" 2870
"../../../Engine/Shaders/Private/WorkGroupLoadBalancer.ush" 2871
"../../../Engine/Shaders/Private/Nanite/NanitePrimitiveFilter.usf" 2872
"../../../Engine/Shaders/Private/Nanite/NaniteRasterClear.usf" 2873
"../../../Engine/Shaders/Private/Nanite/NaniteDepthExport.usf" 2874
"../../../Engine/Shaders/Private/Nanite/NaniteEmitShadow.usf" 2875
"../../../Engine/Shaders/Private/MobileDeferredUtils.usf" 2876
"../../../Engine/Shaders/Private/MobileLocalLightsBuffer.usf" 2877
"../../../Engine/Shaders/Private/MobileFog.usf" 2878
"../../../Engine/Shaders/Private/DistortApplyScreenPS.usf" 2879
"../../../Engine/Shaders/Private/MobileDeferredShading.usf" 2880
"../../../Engine/Shaders/Private/MobileBasePassPixelShader.usf" 2881
"../../../Engine/Shaders/Private/MobileBasePassCommon.ush" 2882
"../../../Engine/Shaders/Private/BasePassCommon.ush" 2883
"../../../Engine/Shaders/Private/ShadingModelsMaterial.ush" 2884
"../../../Engine/Shaders/Private/ThinTranslucentCommon.ush" 2885
"../../../Engine/Shaders/Private/SingleLayerWaterShading.ush" 2886
"../../../Engine/Shaders/Private/DistortionCommon.ush" 2887
"../../../Engine/Shaders/Private/Substrate/SubstrateMobileForwardLighting.ush" 2888
"../../../Engine/Shaders/Private/MobileBasePassVertexShader.usf" 2889
"../../../Engine/Shaders/Private/MeshEdges.usf" 2890
"../../../Engine/Shaders/Private/MegaLights/MegaLightsVSMTracing.usf" 2891
"../../../Engine/Shaders/Private/MegaLights/MegaLights.ush" 2892
"../../../Engine/Shaders/Shared/MegaLightsDefinitions.h" 2893
"../../../Engine/Shaders/Private/HairStrands/HairStrandsVisibilityUtils.ush" 2894
"../../../Engine/Shaders/Private/MegaLights/MegaLightsRayTracing.ush" 2895
"../../../Engine/Shaders/Private/MegaLights/MegaLightsRayTracing.usf" 2896
"../../../Engine/Shaders/Private/DistanceField/GlobalDistanceFieldUtils.ush" 2897
"../../../Engine/Shaders/Private/Lumen/LumenScreenTracing.ush" 2898
"../../../Engine/Shaders/Private/MegaLights/MegaLightsVolumeRayTracing.usf" 2899
"../../../Engine/Shaders/Private/MegaLights/MegaLightsVolume.ush" 2900
"../../../Engine/Shaders/Private/MegaLights/MegaLightsVolumeHardwareRayTracing.usf" 2901
"../../../Engine/Shaders/Private/Lumen/LumenHardwareRayTracingCommon.ush" 2902
"../../../Engine/Shaders/Private/RayTracing/RayTracingReflectionEnvironment.ush" 2903
"../../../Engine/Shaders/Private/Lumen/LumenHardwareRayTracingPlatformCommon.ush" 2904
"../../../Engine/Shaders/Private/Lumen/LumenReflectionsCombine.ush" 2905
"../../../Engine/Shaders/Private/Lumen/LumenTracingCommon.ush" 2906
"../../../Engine/Shaders/Private/Lumen/SurfaceCache/LumenSurfaceCacheSampling.ush" 2907
"../../../Engine/Shaders/Private/Lumen/SurfaceCache/LumenSurfaceCache.ush" 2908
"../../../Engine/Shaders/Private/Lumen/LumenCardCommon.ush" 2909
"../../../Engine/Shaders/Private/Lumen/LumenCardTileShadowDownsampleFactor.ush" 2910
"../../../Engine/Shaders/Private/MegaLights/MegaLightsHardwareRayTracing.usf" 2911
"../../../Engine/Shaders/Private/MegaLights/MegaLights.usf" 2912
"../../../Engine/Shaders/Private/MegaLights/MegaLightsShading.ush" 2913
"../../../Engine/Shaders/Private/MegaLights/MegaLightsFilterVisibleLightHash.usf" 2914
"../../../Engine/Shaders/Private/MegaLights/MegaLightsDenoiserSpatial.usf" 2915
"../../../Engine/Shaders/Private/Lumen/LumenReflectionDenoiserCommon.ush" 2916
"../../../Engine/Shaders/Private/MegaLights/MegaLightsDenoiserTemporal.usf" 2917
"../../../Engine/Shaders/Private/MegaLights/MegaLightsShading.usf" 2918
"../../../Engine/Shaders/Private/StochasticLighting/StochasticLightingUpsample.ush" 2919
"../../../Engine/Shaders/Private/MegaLights/MegaLightsVisibleLightHash.usf" 2920
"../../../Engine/Shaders/Private/MegaLights/MegaLightsVolumeShading.usf" 2921
"../../../Engine/Shaders/Private/MegaLights/MegaLightsSampling.usf" 2922
"../../../Engine/Shaders/Private/MegaLights/MegaLightsSampling.ush" 2923
"../../../Engine/Shaders/Private/MegaLights/MegaLightsVolumeSampling.usf" 2924
"../../../Engine/Shaders/Private/MaterialCache/MaterialCacheABufferPages.usf" 2925
"../../../Engine/Shaders/Private/MaterialCache/MaterialCacheShade.usf" 2926
"../../../Engine/Shaders/Private/MaterialCache/MaterialCacheUnwrapNaniteShade.usf" 2927
"../../../Engine/Shaders/Private/MaterialCache/MaterialCacheUnwrapPixelShader.usf" 2928
"../../../Engine/Shaders/Private/MaterialCache/MaterialCacheUnwrapVertexShader.usf" 2929
"../../../Engine/Shaders/Private/Lumen/LumenVisualizeRadianceCache.usf" 2930
"../../../Engine/Shaders/Private/Lumen/LumenRadianceCacheCommon.ush" 2931
"../../../Engine/Shaders/Private/Lumen/LumenVisualizeHardwareRayTracing.usf" 2932
"../../../Engine/Shaders/Private/Lumen/LumenVisualize.ush" 2933
"../../../Engine/Shaders/Private/Lumen/LumenHairTracing.ush" 2934
"../../../Engine/Shaders/Private/Lumen/LumenVisualize.usf" 2935
"../../../Engine/Shaders/Private/Lumen/LumenSoftwareRayTracing.ush" 2936
"../../../Engine/Shaders/Private/DistanceField/GlobalDistanceFieldObjectGrid.ush" 2937
"../../../Engine/Shaders/Private/DistanceFieldLightingShared.ush" 2938
"../../../Engine/Shaders/Private/Lumen/LumenVisualizeTraces.ush" 2939
"../../../Engine/Shaders/Private/Lumen/LumenTranslucencyVolumeLighting.usf" 2940
"../../../Engine/Shaders/Private/Lumen/LumenRadianceCacheMarkCommon.ush" 2941
"../../../Engine/Shaders/Private/Lumen/LumenTranslucencyVolumeLightingShared.ush" 2942
"../../../Engine/Shaders/Private/Lumen/LumenScreenProbeCommon.ush" 2943
"../../../Engine/Shaders/Private/RayTracing/RayGenUtils.ush" 2944
"../../../Engine/Shaders/Private/Lumen/LumenRadianceCacheTracingCommon.ush" 2945
"../../../Engine/Shaders/Private/Lumen/LumenTranslucencyVolumeHardwareRayTracing.usf" 2946
"../../../Engine/Shaders/Private/Lumen/LumenTranslucencyRadianceCacheMarkShaders.usf" 2947
"../../../Engine/Shaders/Private/Lumen/SurfaceCache/LumenSurfaceCache.usf" 2948
"../../../Engine/Shaders/Private/Lumen/LumenShortRangeAOHardwareRayTracing.usf" 2949
"../../../Engine/Shaders/Private/Lumen/LumenScreenSpaceBentNormal.ush" 2950
"../../../Engine/Shaders/Private/Lumen/LumenScreenSpaceBentNormal.usf" 2951
"../../../Engine/Shaders/Private/Lumen/LumenScreenProbeTracing.usf" 2952
"../../../Engine/Shaders/Private/Lumen/LumenScreenProbeTracingCommon.ush" 2953
"../../../Engine/Shaders/Private/Lumen/LumenFloatQuantization.ush" 2954
"../../../Engine/Shaders/Private/Lumen/LumenScreenProbeImportanceSampling.usf" 2955
"../../../Engine/Shaders/Private/Lumen/LumenScreenProbeImportanceSamplingShared.ush" 2956
"../../../Engine/Shaders/Private/Lumen/LumenScreenProbeHardwareRayTracing.usf" 2957
"../../../Engine/Shaders/Private/Lumen/LumenScreenProbeDebug.usf" 2958
"../../../Engine/Shaders/Private/Lumen/LumenScreenProbeGather.usf" 2959
"../../../Engine/Shaders/Private/Lumen/LumenScreenProbeGatherTemporal.usf" 2960
"../../../Engine/Shaders/Private/Lumen/LumenScreenProbeFiltering.usf" 2961
"../../../Engine/Shaders/Private/Lumen/LumenSceneLighting.usf" 2962
"../../../Engine/Shaders/Private/Lumen/LumenCardTile.ush" 2963
"../../../Engine/Shaders/Private/Lumen/LumenSceneLighting.ush" 2964
"../../../Engine/Shaders/Private/Lumen/Radiosity/LumenRadiosity.ush" 2965
"../../../Engine/Shaders/Private/Lumen/LumenSceneLightingDebug.usf" 2966
"../../../Engine/Shaders/Private/Lumen/LumenScene.usf" 2967
"../../../Engine/Shaders/Private/Lumen/LumenSceneDirectLightingHardwareRayTracing.usf" 2968
"../../../Engine/Shaders/Private/Lumen/LumenSceneDirectLightingStochastic.ush" 2969
"../../../Engine/Shaders/Private/Lumen/LumenReflectionCommon.ush" 2970
"../../../Engine/Shaders/Private/Lumen/LumenSceneDirectLighting.ush" 2971
"../../../Engine/Shaders/Private/Lumen/LumenSceneDebugHardwareRayTracing.usf" 2972
"../../../Engine/Shaders/Private/Lumen/LumenSceneDirectLightingStochastic.usf" 2973
"../../../Engine/Shaders/Private/Lumen/LumenSceneDirectLightingSoftwareRayTracing.usf" 2974
"../../../Engine/Shaders/Private/DistanceFieldShadowingShared.ush" 2975
"../../../Engine/Shaders/Private/Lumen/LumenSceneDirectLightingPerLightShadowCommon.ush" 2976
"../../../Engine/Shaders/Private/Lumen/LumenSceneDirectLightingShadowMask.usf" 2977
"../../../Engine/Shaders/Private/Lumen/LumenSceneDirectLighting.usf" 2978
"../../../Engine/Shaders/Private/Lumen/LumenSceneDirectLightingCulling.usf" 2979
"../../../Engine/Shaders/Private/Lumen/LumenCardComputeShader.usf" 2980
"../../../Engine/Shaders/Private/Lumen/LumenCardBasePass.ush" 2981
"../../../Engine/Shaders/Private/Lumen/LumenCardPixelShader.usf" 2982
"../../../Engine/Shaders/Private/Lumen/LumenCardVertexShader.usf" 2983
"../../../Engine/Shaders/Private/Lumen/LumenReSTIRGather.usf" 2984
"../../../Engine/Shaders/Private/Lumen/LumenReflectionTracing.usf" 2985
"../../../Engine/Shaders/Private/Lumen/LumenReflectionDenoiserSpatial.usf" 2986
"../../../Engine/Shaders/Private/Lumen/LumenReflectionDenoiserClear.usf" 2987
"../../../Engine/Shaders/Private/Lumen/LumenReflectionDenoiserTemporal.usf" 2988
"../../../Engine/Shaders/Private/Lumen/LumenReflectionResolve.usf" 2989
"../../../Engine/Shaders/Private/Lumen/LumenReflections.usf" 2990
"../../../Engine/Shaders/Private/Lumen/RayTracedTranslucency.usf" 2991
"../../../Engine/Shaders/Private/Lumen/LumenReflectionHardwareRayTracing.usf" 2992
"../../../Engine/Shaders/Private/Lumen/Radiosity/LumenVisualizeRadiosityProbes.usf" 2993
"../../../Engine/Shaders/Private/Lumen/Radiosity/LumenRadiosity.usf" 2994
"../../../Engine/Shaders/Private/Lumen/Radiosity/LumenRadiosityHardwareRayTracing.usf" 2995
"../../../Engine/Shaders/Private/Lumen/Radiosity/LumenRadiosityCulling.usf" 2996
"../../../Engine/Shaders/Private/Lumen/LumenRadianceCacheHardwareRayTracing.usf" 2997
"../../../Engine/Shaders/Private/Lumen/LumenRadianceCache.usf" 2998
"../../../Engine/Shaders/Private/Lumen/LumenRadianceCacheUpdate.ush" 2999
"../../../Engine/Shaders/Private/Lumen/LumenRadianceCacheDebug.usf" 3000
"../../../Engine/Shaders/Private/Lumen/LumenRadianceCacheUpdate.usf" 3001
"../../../Engine/Shaders/Private/Lumen/LumenMeshSDFCulling.usf" 3002
"../../../Engine/Shaders/Private/HybridIndirectLighting.ush" 3003
"../../../Engine/Shaders/Private/MeshDistanceFieldCommon.ush" 3004
"../../../Engine/Shaders/Private/Lumen/LumenIrradianceFieldGather.usf" 3005
"../../../Engine/Shaders/Private/Lumen/LumenHardwareRayTracingMaterials.usf" 3006
"../../../Engine/Shaders/Private/Lumen/LumenFrontLayerTranslucency.usf" 3007
"../../../Engine/Shaders/Private/LocalFogVolumes/LocalFogVolumeSplat.usf" 3008
"../../../Engine/Shaders/Private/LocalFogVolumes/LocalFogVolumeTiledCulling.usf" 3009
"../../../Engine/Shaders/Private/LightShaftShader.usf" 3010
"../../../Engine/Shaders/Private/StationaryLightOverlapShaders.usf" 3011
"../../../Engine/Shaders/Private/DeferredLightPixelShaders.usf" 3012
"../../../Engine/Shaders/Private/DeferredLightVertexShaders.usf" 3013
"../../../Engine/Shaders/Private/LightMapDensityShader.usf" 3014
"../../../Engine/Shaders/Private/LightGridInjection.usf" 3015
"../../../Engine/Shaders/Shared/LightGridDefinitions.h" 3016
"../../../Engine/Shaders/Private/LightFunctionPixelShader.usf" 3017
"../../../Engine/Shaders/Private/LightFunctionVertexShader.usf" 3018
"../../../Engine/Shaders/Private/LightFunctionAtlas/LightFunctionAtlasRender.usf" 3019
"../../../Engine/Shaders/Private/InstanceCulling/InstanceCullingOcclusionQuery.usf" 3020
"../../../Engine/Shaders/Private/InstanceCulling/InstanceCullingSetup.ush" 3021
"../../../Engine/Shaders/Private/InstanceCulling/BuildInstanceDrawCommands.usf" 3022
"../../../Engine/Shaders/Private/InstanceCulling/InstanceCompactionCommon.ush" 3023
"../../../Engine/Shaders/Private/SceneDataMobileWriter.ush" 3024
"../../../Engine/Shaders/Private/InstanceCulling/CompactVisibleInstances.usf" 3025
"../../../Engine/Shaders/Private/ReflectionEnvironmentPixelShader.usf" 3026
"../../../Engine/Shaders/Private/AmbientCubemapComposite.usf" 3027
"../../../Engine/Shaders/Private/DiffuseIndirectComposite.usf" 3028
"../../../Engine/Shaders/Private/IESAtlas.usf" 3029
"../../../Engine/Shaders/Private/HeterogeneousVolumes/HeterogeneousVolumesVoxelGridShadows.usf" 3030
"../../../Engine/Shaders/Private/HeterogeneousVolumes/HeterogeneousVolumesStochasticFiltering.ush" 3031
"../../../Engine/Shaders/Private/HeterogeneousVolumes/HeterogeneousVolumesVoxelGridRenderingUtils.ush" 3032
"../../../Engine/Shaders/Private/HeterogeneousVolumes/HeterogeneousVolumesLightingUtils.ush" 3033
"../../../Engine/Shaders/Private/HeterogeneousVolumes/HeterogeneousVolumesVoxelGridRendering.usf" 3034
"../../../Engine/Shaders/Private/HeterogeneousVolumes/HeterogeneousVolumesVoxelGridPipeline.usf" 3035
"../../../Engine/Shaders/Private/HeterogeneousVolumes/HeterogeneousVolumesMaterialBakingPipeline.usf" 3036
"../../../Engine/Shaders/Private/HeterogeneousVolumes/HeterogeneousVolumesLiveShadingUtils.ush" 3037
"../../../Engine/Shaders/Private/HeterogeneousVolumes/HeterogeneousVolumesFrustumVoxelGrid.usf" 3038
"../../../Engine/Shaders/Private/HeterogeneousVolumes/HeterogeneousVolumesSparseVoxelPipeline.usf" 3039
"../../../Engine/Shaders/Private/HeterogeneousVolumes/HeterogeneousVolumesSparseVoxelUtils.ush" 3040
"../../../Engine/Shaders/Private/HeterogeneousVolumes/HeterogeneousVolumesSparseVoxelUniformBufferUtils.ush" 3041
"../../../Engine/Shaders/Private/HeterogeneousVolumes/HeterogeneousVolumesPreshadingPipeline.usf" 3042
"../../../Engine/Shaders/Private/HeterogeneousVolumes/HeterogeneousVolumesLiveShadingShadows.usf" 3043
"../../../Engine/Shaders/Private/HeterogeneousVolumes/HeterogeneousVolumesLiveShadingGlobalPipeline.usf" 3044
"../../../Engine/Shaders/Private/HeterogeneousVolumes/HeterogeneousVolumesLiveShadingPipeline.usf" 3045
"../../../Engine/Shaders/Private/HeterogeneousVolumes/HeterogeneousVolumesHardwareRayTracing.usf" 3046
"../../../Engine/Shaders/Private/HeterogeneousVolumes/HeterogeneousVolumesAmbientOcclusionPipeline.usf" 3047
"../../../Engine/Shaders/Private/HeterogeneousVolumes/HeterogeneousVolumesComposite.usf" 3048
"../../../Engine/Shaders/Private/HdrCustomResolveShaders.usf" 3049
"../../../Engine/Shaders/Private/HairStrands/RenderCurveRaster.usf" 3050
"../../../Engine/Shaders/Private/HairStrands/HairStrandsVoxelRasterCompute.usf" 3051
"../../../Engine/Shaders/Private/HairStrands/HairStrandsHitProxy.usf" 3052
"../../../Engine/Shaders/Private/HairStrands/HairStrandsVisibilityRasterComputeNaive.usf" 3053
"../../../Engine/Shaders/Private/HairStrands/HairStrandsVisibilityRasterHW.usf" 3054
"../../../Engine/Shaders/Private/HairStrands/HairStrandsVisibilityRasterCompute.usf" 3055
"../../../Engine/Shaders/Private/HairStrands/HairStrandsVisibilityRasterClassification.usf" 3056
"../../../Engine/Shaders/Private/HairStrands/HairStrandsCoverage.usf" 3057
"../../../Engine/Shaders/Private/HairStrands/HairStrandsVisibilityDepthPS.usf" 3058
"../../../Engine/Shaders/Private/HairStrands/HairStrandsVisibilityTransmittanceDepthPS.usf" 3059
"../../../Engine/Shaders/Private/HairStrands/HairStrandsVisibilityFillOpaqueDepthPS.usf" 3060
"../../../Engine/Shaders/Private/HairStrands/HairStrandsVisibilityCompactionComputeRaster.usf" 3061
"../../../Engine/Shaders/Private/HairStrands/HairStrandsVisibilityCompaction.usf" 3062
"../../../Engine/Shaders/Private/HairStrands/HairStrandsVisibilityCopyIndirectArg.usf" 3063
"../../../Engine/Shaders/Private/HairStrands/HairStrandsVisibilityClearPS.usf" 3064
"../../../Engine/Shaders/Private/HairStrands/HairStrandsVisibilityPS.usf" 3065
"../../../Engine/Shaders/Private/HairStrands/HairStrandsVisibilityVS.usf" 3066
"../../../Engine/Shaders/Private/HairStrands/HairStrandsVelocity.usf" 3067
"../../../Engine/Shaders/Private/HairStrands/HairStrandsVisibilityComputeSampleCoverage.usf" 3068
"../../../Engine/Shaders/Private/HairStrands/HairStrandsMaterialPS.usf" 3069
"../../../Engine/Shaders/Private/HairStrands/HairStrandsMaterialCommon.ush" 3070
"../../../Engine/Shaders/Private/HairStrands/HairStrandsMaterialVS.usf" 3071
"../../../Engine/Shaders/Private/HairStrands/HairStrandsLightSample.usf" 3072
"../../../Engine/Shaders/Private/HairStrands/HairStrandsDeepShadowMask.usf" 3073
"../../../Engine/Shaders/Private/HairStrands/HairStrandsDeepTransmittanceMask.usf" 3074
"../../../Engine/Shaders/Private/HairStrands/HairStrandsVisibilityTile.usf" 3075
"../../../Engine/Shaders/Private/HairStrands/HairStrandsDeepShadowPS.usf" 3076
"../../../Engine/Shaders/Private/HairStrands/HairStrandsDeepShadowVS.usf" 3077
"../../../Engine/Shaders/Private/HairStrands/HairStrandsAABB.usf" 3078
"../../../Engine/Shaders/Private/HairStrands/HairStrandsLUT.usf" 3079
"../../../Engine/Shaders/Private/HairStrands/HairStrandsForwardRaster.usf" 3080
"../../../Engine/Shaders/Private/HairStrands/HairStrandsForwardCulling.usf" 3081
"../../../Engine/Shaders/Private/HairStrands/HairStrandsEnvironmentLighting.usf" 3082
"../../../Engine/Shaders/Private/HairStrands/HairStrandsEnvironmentAO.usf" 3083
"../../../Engine/Shaders/Private/HairStrands/HairStrandsDeepShadowAllocation.usf" 3084
"../../../Engine/Shaders/Private/HairStrands/HairStrandsVoxelDebug.usf" 3085
"../../../Engine/Shaders/Private/HairStrands/HairStrandsComposition.usf" 3086
"../../../Engine/Shaders/Private/HairStrands/HairStrandsGBufferCommon.ush" 3087
"../../../Engine/Shaders/Private/GPUScene/GPUSceneDataManagement.usf" 3088
"../../../Engine/Shaders/Private/GPUSceneDebugRender.usf" 3089
"../../../Engine/Shaders/Private/GPUFeedbackCompaction.usf" 3090
"../../../Engine/Shaders/Private/GPUFastFourierTransform.usf" 3091
"../../../Engine/Shaders/Private/GPUFastFourierTransform2DCore.ush" 3092
"../../../Engine/Shaders/Private/GPUFastFourierTransformCore.ush" 3093
"../../../Engine/Shaders/Private/GPUBenchmark.usf" 3094
"../../../Engine/Shaders/Private/DistanceField/GlobalDistanceFieldDebug.usf" 3095
"../../../Engine/Shaders/Private/DistanceField/GlobalDistanceFieldUpdate.ush" 3096
"../../../Engine/Shaders/Private/DistanceField/GlobalDistanceFieldMip.usf" 3097
"../../../Engine/Shaders/Private/DistanceField/GlobalDistanceField.usf" 3098
"../../../Engine/Shaders/Private/DistanceField/GlobalDistanceFieldCompositeObjects.usf" 3099
"../../../Engine/Shaders/Private/DistanceField/GlobalDistanceFieldHeightfields.usf" 3100
"../../../Engine/Shaders/Private/HeightfieldLightingShared.ush" 3101
"../../../Engine/Shaders/Private/GenerateConservativeDepth.usf" 3102
"../../../Engine/Shaders/Private/HeightFogPixelShader.usf" 3103
"../../../Engine/Shaders/Private/HeightFogVertexShader.usf" 3104
"../../../Engine/Shaders/Private/DistortFiltering.usf" 3105
"../../../Engine/Shaders/Private/DistortAccumulatePS.usf" 3106
"../../../Engine/Shaders/Private/DistortAccumulateVS.usf" 3107
"../../../Engine/Shaders/Private/DistanceFieldVisualization.usf" 3108
"../../../Engine/Shaders/Private/DistanceFieldStreaming.usf" 3109
"../../../Engine/Shaders/Private/DistanceFieldShadowing.usf" 3110
"../../../Engine/Shaders/Private/DistanceFieldScreenGridLighting.usf" 3111
"../../../Engine/Shaders/Private/DistanceFieldObjectCulling.usf" 3112
"../../../Engine/Shaders/Private/DistanceFieldLightingPost.usf" 3113
"../../../Engine/Shaders/Private/DitheredTransitionStencil.usf" 3114
"../../../Engine/Shaders/Private/CopyDepthTexture.usf" 3115
"../../../Engine/Shaders/Private/CopyDepthTextureCS.usf" 3116
"../../../Engine/Shaders/Private/DeferredDecal.usf" 3117
"../../../Engine/Shaders/Private/DecalCommon.ush" 3118
"../../../Engine/Shaders/Private/DebugViewModeVertexShader.usf" 3119
"../../../Engine/Shaders/Private/DebugViewModeCommon.ush" 3120
"../../../Engine/Shaders/Private/DebugViewModePixelShader.usf" 3121
"../../../Engine/Shaders/Private/DebugProbes.usf" 3122
"../../../Engine/Shaders/Private/MeshDecals.usf" 3123
"../../../Engine/Shaders/Private/PostProcessAmbientOcclusion.usf" 3124
"../../../Engine/Shaders/Private/ClusteredDeferredShadingPixelShader.usf" 3125
"../../../Engine/Shaders/Private/ClusteredDeferredShadingVertexShader.usf" 3126
"../../../Engine/Shaders/Private/CapsuleShadowShaders.usf" 3127
"../../../Engine/Shaders/Private/BasePassPixelShader.usf" 3128
"../../../Engine/Shaders/Private/ForwardLightingCommon.ush" 3129
"../../../Engine/Shaders/Private/Substrate/SubstrateForwardLighting.ush" 3130
"../../../Engine/Shaders/Private/ComputeShaderOutputCommon.ush" 3131
"../../../Engine/Shaders/Private/BasePassVertexShader.usf" 3132
"../../../Engine/Shaders/Private/BasePassVertexCommon.ush" 3133
"../../../Engine/Shaders/Private/SimpleElementVolumeTexturePreviewPixelShader.usf" 3134
"../../../Engine/Shaders/Private/SimpleElementTexture2DPreviewPixelShader.usf" 3135
"../../../Engine/Shaders/Private/meshpaintdilatepixelshader.usf" 3136
"../../../Engine/Shaders/Private/meshpaintdilatevertexshader.usf" 3137
"../../../Engine/Shaders/Private/MeshPaintPixelShader.usf" 3138
"../../../Engine/Shaders/Private/MeshPaintVertexShader.usf" 3139
"../../../Engine/Shaders/Private/SlateElementPixelShader.usf" 3140
"../../../Engine/Shaders/Private/SlateShaderCommon.ush" 3141
"../../../Engine/Shaders/Private/SlateMaskingShader.usf" 3142
"../../../Engine/Shaders/Private/SlateVertexShader.usf" 3143
"../../../Engine/Shaders/Private/CompositeUIPixelShader.usf" 3144
"../../../Engine/Shaders/Private/ColorDeficiency.ush" 3145
"../../../Engine/Shaders/Private/SlatePostProcessColorDeficiencyPixelShader.usf" 3146
"../../../Engine/Shaders/Private/SlatePostProcessPixelShader.usf" 3147
"../../../Engine/Shaders/Private/Tools/VisualizeTexture.usf" 3148
"../../../Engine/Shaders/Private/UpdateDescriptorHandle.usf" 3149
"../../../Engine/Shaders/Private/ByteBuffer.usf" 3150
"../../../Engine/Shaders/Private/ShaderBundleWorkGraphDispatch.usf" 3151
"../../../Engine/Shaders/Private/ShaderBundleDispatch.usf" 3152
"../../../Engine/Shaders/Private/ResolveVertexShader.usf" 3153
"../../../Engine/Shaders/Private/ResolvePixelShader.usf" 3154
"../../../Engine/Shaders/Private/Tools/SetupIndirectArgs.usf" 3155
"../../../Engine/Shaders/Private/ClearReplacementShaders.usf" 3156
"../../../Engine/Shaders/Private/Tools/DrawTexture.usf" 3157
"../../../Engine/Shaders/Private/RayTracing/RayTracingValidation.usf" 3158
"../../../Engine/Shaders/Private/RenderGraphUtilities.usf" 3159
"../../../Engine/Shaders/Private/OneColorShader.usf" 3160
"../../../Engine/Shaders/Private/OculusShaders.usf" 3161
"../../../Engine/Shaders/Private/MediaShaders.usf" 3162
"../../../Engine/Shaders/Private/GPUMessaging.usf" 3163
"../../../Engine/Shaders/Private/Tools/GPUDebugCrashUtils.usf" 3164
"../../../Engine/Shaders/Private/NullPixelShader.usf" 3165
"../../../Engine/Shaders/Private/ComputeGenerateMips.usf" 3166
"../../../Engine/Shaders/Private/Tools/DumpTexture.usf" 3167
"../../../Engine/Shaders/Private/CopyTextureShaders.usf" 3168
"../../../Engine/Shaders/Private/Tools/FullscreenVertexShader.usf" 3169
"../../../Engine/Shaders/Private/RayTracing/RayTracingDispatchDesc.usf" 3170
"../../../Engine/Shaders/Private/Bink.usf" 3171
"../../../Engine/Shaders/Private/VelocityShader.usf" 3172
"../../../Engine/Shaders/Private/DepthOnlyPixelShader.usf" 3173
"../../../Engine/Shaders/Private/PositionOnlyDepthVertexShader.usf" 3174
"../../../Engine/Shaders/Private/DepthOnlyVertexShader.usf" 3175
"../../../Engine/Shaders/Private/AnisotropyPassShader.usf" 3176
"D:/UE5_Project/TombEvader/Content/UI/Widgets/WBP_Settings.uasset" 3177
"D:/UE5_Project/TombEvader/Content/FirstPerson/Blueprints/BP_FirstPersonCharacter.uasset" 3178
"/Engine/EngineResources/WhiteSquareTexture" 3179
"../../../Engine/Content/EngineResources/WhiteSquareTexture.uasset" 3180
"/Engine/EngineResources/GradientTexture0" 3181
"../../../Engine/Content/EngineResources/GradientTexture0.uasset" 3182
"/Engine/EngineResources/Black" 3183
"../../../Engine/Content/EngineResources/Black.uasset" 3184
"/Engine/EditorResources/S_Actor" 3185
"../../../Engine/Content/EditorResources/S_Actor.uasset" 3186
"/Engine/EngineFonts/RobotoDistanceField" 3187
"../../../Engine/Content/EngineFonts/RobotoDistanceField.uasset" 3188
"/Engine/EngineMaterials/DefaultTextMaterialOpaque" 3189
"../../../Engine/Content/EngineMaterials/DefaultTextMaterialOpaque.uasset" 3190
"/Engine/Functions/Engine_MaterialFunctions01/Shading/PowerToRoughness" 3191
"../../../Engine/Content/Functions/Engine_MaterialFunctions01/Shading/PowerToRoughness.uasset" 3192
"/Engine/Functions/Engine_MaterialFunctions01/Shading/ConvertFromDiffSpec" 3193
"../../../Engine/Content/Functions/Engine_MaterialFunctions01/Shading/ConvertFromDiffSpec.uasset" 3194
"/Engine/EngineMaterials/WorldGridMaterial" 3195
"../../../Engine/Content/EngineMaterials/WorldGridMaterial.uasset" 3196
"../../../Engine/Content/Functions/Engine_MaterialFunctions01/Opacity/CameraDepthFade.uasset" 3197
"../../../Engine/Content/EngineMaterials/T_Default_Material_Grid_M.uasset" 3198
"../../../Engine/Content/EngineMaterials/T_Default_Material_Grid_N.uasset" 3199
"/Engine/EngineMaterials/DefaultDeferredDecalMaterial" 3200
"../../../Engine/Content/EngineMaterials/DefaultDeferredDecalMaterial.uasset" 3201
"../../../Engine/Content/EngineMaterials/DefaultDiffuse.uasset" 3202
"/Engine/EngineMaterials/DefaultLightFunctionMaterial" 3203
"../../../Engine/Content/EngineMaterials/DefaultLightFunctionMaterial.uasset" 3204
"/Engine/EngineMaterials/DefaultPostProcessMaterial" 3205
"../../../Engine/Content/EngineMaterials/DefaultPostProcessMaterial.uasset" 3206
"../../../Engine/Content/Functions/Engine_MaterialFunctions02/Utility/BreakOutFloat2Components.uasset" 3207
"/Engine/EditorResources/S_Trigger" 3208
"../../../Engine/Content/EditorResources/S_Trigger.uasset" 3209
"/Engine/EditorResources/S_BoxReflectionCapture" 3210
"../../../Engine/Content/EditorResources/S_BoxReflectionCapture.uasset" 3211
"/Engine/EngineResources/DefaultTexture" 3212
"../../../Engine/Content/EngineResources/DefaultTexture.uasset" 3213
"/Engine/EditorResources/S_TriggerBox" 3214
"../../../Engine/Content/EditorResources/S_TriggerBox.uasset" 3215
"/Engine/EditorResources/S_TriggerCapsule" 3216
"../../../Engine/Content/EditorResources/S_TriggerCapsule.uasset" 3217
"/Engine/EditorResources/S_TriggerSphere" 3218
"../../../Engine/Content/EditorResources/S_TriggerSphere.uasset" 3219
"/Engine/EngineDamageTypes/DmgTypeBP_Environmental" 3220
"../../../Engine/Content/EngineDamageTypes/DmgTypeBP_Environmental.uasset" 3221
"/Engine/EngineMeshes/Sphere" 3222
"../../../Engine/Content/EngineMeshes/Sphere.uasset" 3223
"/Engine/EngineResources/DefaultTextureCube" 3224
"../../../Engine/Content/EngineResources/DefaultTextureCube.uasset" 3225
"/Engine/EngineResources/DefaultVolumeTexture" 3226
"../../../Engine/Content/EngineResources/DefaultVolumeTexture.uasset" 3227
"../../../Engine/Content/EngineResources/DefaultVolumeTexture2D.uasset" 3228
"/ARUtilities/Materials/M_PassthroughCamera" 3229
"../../Plugins/Runtime/AR/ARUtilities/Content/Materials/M_PassthroughCamera.uasset" 3230
"../../Plugins/Runtime/AR/ARUtilities/Content/Materials/DummyExternalTexture.uasset" 3231
"/AppleARKit/MI_DepthOcclusionOverlay" 3232
"../../Plugins/Runtime/AR/AppleAR/AppleARKit/Content/MI_DepthOcclusionOverlay.uasset" 3233
"../../Plugins/Runtime/AR/AppleAR/AppleARKit/Content/M_OcclusionOverlay.uasset" 3234
"/AppleARKit/MI_MatteOcclusionOverlay" 3235
"../../Plugins/Runtime/AR/AppleAR/AppleARKit/Content/MI_MatteOcclusionOverlay.uasset" 3236
"/AppleARKit/M_SceneDepthOcclusion" 3237
"../../Plugins/Runtime/AR/AppleAR/AppleARKit/Content/M_SceneDepthOcclusion.uasset" 3238
"/ARUtilities/Materials/M_DepthColoration" 3239
"../../Plugins/Runtime/AR/ARUtilities/Content/Materials/M_DepthColoration.uasset" 3240
"../../Plugins/Runtime/AR/ARUtilities/Content/Materials/MF_DistanceColorLerp.uasset" 3241
"/Engine/VREditor/TransformGizmo/SM_Sequencer_Node" 3242
"../../../Engine/Content/VREditor/TransformGizmo/SM_Sequencer_Node.uasset" 3243
"../../../Engine/Content/VREditor/TransformGizmo/Main.uasset" 3244
"../../../Engine/Content/VREditor/TransformGizmo/Xray.uasset" 3245
"/Engine/EditorResources/S_Solver" 3246
"../../../Engine/Content/EditorResources/S_Solver.uasset" 3247
"/Engine/EngineDebugMaterials/VolumeToRender" 3248
"../../../Engine/Content/EngineDebugMaterials/VolumeToRender.uasset" 3249
"/Engine/EngineDebugMaterials/M_VolumeRenderSphereTracePP" 3250
"../../../Engine/Content/EngineDebugMaterials/M_VolumeRenderSphereTracePP.uasset" 3251
"../../../Engine/Content/Functions/Engine_MaterialFunctions02/Utility/CameraDirectionVector.uasset" 3252
"/Engine/EditorMeshes/Camera/SM_CraneRig_Base" 3253
"../../../Engine/Content/EditorMeshes/Camera/SM_CraneRig_Base.uasset" 3254
"../../../Engine/Content/EditorMaterials/Camera/MI_CineMat_Rig.uasset" 3255
"../../../Engine/Content/EditorMaterials/Camera/CineMat.uasset" 3256
"/Engine/EditorMeshes/Camera/SM_CraneRig_Arm" 3257
"../../../Engine/Content/EditorMeshes/Camera/SM_CraneRig_Arm.uasset" 3258
"/Engine/EditorMeshes/Camera/SM_CraneRig_Mount" 3259
"../../../Engine/Content/EditorMeshes/Camera/SM_CraneRig_Mount.uasset" 3260
"/Engine/EditorMeshes/Camera/SM_CraneRig_Body" 3261
"../../../Engine/Content/EditorMeshes/Camera/SM_CraneRig_Body.uasset" 3262
"/Engine/EditorMeshes/Camera/SM_RailRig_Track" 3263
"../../../Engine/Content/EditorMeshes/Camera/SM_RailRig_Track.uasset" 3264
"/Engine/EditorMeshes/Camera/SM_RailRig_Mount" 3265
"../../../Engine/Content/EditorMeshes/Camera/SM_RailRig_Mount.uasset" 3266
"/Engine/EditorLandscapeResources/SplineEditorMesh" 3267
"../../../Engine/Content/EditorLandscapeResources/SplineEditorMesh.uasset" 3268
"../../../Engine/Content/EditorLandscapeResources/SplineEditorMeshMat.uasset" 3269
"/HairStrands/Materials/HairDebugMaterial" 3270
"../../Plugins/Runtime/HairStrands/Content/Materials/HairDebugMaterial.uasset" 3271
"../../../Engine/Content/Functions/Engine_MaterialFunctions02/Utility/MakeFloat2.uasset" 3272
"../../../Engine/Content/Functions/Engine_MaterialFunctions02/Utility/MakeFloat3.uasset" 3273
"../../../Engine/Content/EngineMaterials/HairColorMap.uasset" 3274
"../../../Engine/Content/EngineMaterials/HairDebugColor.uasset" 3275
"../../Plugins/Runtime/HairStrands/Content/Materials/HairGroupColors.uasset" 3276
"/HairStrands/Materials/HairDefaultMaterial" 3277
"../../Plugins/Runtime/HairStrands/Content/Materials/HairDefaultMaterial.uasset" 3278
"/HairStrands/Materials/HairCardsDefaultMaterial" 3279
"../../Plugins/Runtime/HairStrands/Content/Materials/HairCardsDefaultMaterial.uasset" 3280
"/HairStrands/Materials/HairMeshesDefaultMaterial" 3281
"../../Plugins/Runtime/HairStrands/Content/Materials/HairMeshesDefaultMaterial.uasset" 3282
"/Engine/BasicShapes/Cube" 3283
"../../../Engine/Content/BasicShapes/Cube.uasset" 3284
"/CameraCalibrationCore/Materials/M_DefaultOddSquare" 3285
"../../Plugins/VirtualProduction/CameraCalibrationCore/Content/Materials/M_DefaultOddSquare.uasset" 3286
"/CameraCalibrationCore/Materials/M_DefaultEvenSquare" 3287
"../../Plugins/VirtualProduction/CameraCalibrationCore/Content/Materials/M_DefaultEvenSquare.uasset" 3288
"/ARUtilities/Materials/M_ScreenSpacePassthroughCamera" 3289
"../../Plugins/Runtime/AR/ARUtilities/Content/Materials/M_ScreenSpacePassthroughCamera.uasset" 3290
"/ARUtilities/Materials/MI_ScreenSpacePassthroughCameraExternalTexture" 3291
"../../Plugins/Runtime/AR/ARUtilities/Content/Materials/MI_ScreenSpacePassthroughCameraExternalTexture.uasset" 3292
"/Engine/EngineMaterials/Widget3DPassThrough_Translucent" 3293
"../../../Engine/Content/EngineMaterials/Widget3DPassThrough_Translucent.uasset" 3294
"../../../Engine/Content/EngineMaterials/Widget3DPassThrough.uasset" 3295
"/Engine/EngineMaterials/Widget3DPassThrough_Translucent_OneSided" 3296
"../../../Engine/Content/EngineMaterials/Widget3DPassThrough_Translucent_OneSided.uasset" 3297
"/Engine/EngineMaterials/Widget3DPassThrough_Opaque" 3298
"../../../Engine/Content/EngineMaterials/Widget3DPassThrough_Opaque.uasset" 3299
"/Engine/EngineMaterials/Widget3DPassThrough_Opaque_OneSided" 3300
"../../../Engine/Content/EngineMaterials/Widget3DPassThrough_Opaque_OneSided.uasset" 3301
"/Engine/EngineMaterials/Widget3DPassThrough_Masked" 3302
"../../../Engine/Content/EngineMaterials/Widget3DPassThrough_Masked.uasset" 3303
"/Engine/EngineMaterials/Widget3DPassThrough_Masked_OneSided" 3304
"../../../Engine/Content/EngineMaterials/Widget3DPassThrough_Masked_OneSided.uasset" 3305
"/Engine/VREditor/ViewportInteractionAssetContainerData" 3306
"../../../Engine/Content/VREditor/ViewportInteractionAssetContainerData.uasset" 3307
"../../../Engine/Content/VREditor/SnapGrid/SnapGridMaterial.uasset" 3308
"../../../Engine/Content/VREditor/TransformGizmo/TransformGizmoMaterial_Inst.uasset" 3309
"../../../Engine/Content/VREditor/TransformGizmo/TranslucentTransformGizmoMaterial_Inst.uasset" 3310
"../../../Engine/Content/VREditor/SnapGrid/SnapGridPlaneMesh.uasset" 3311
"../../../Engine/Content/VREditor/Sounds/UI/Drop_Item_From_ContentBrowser.uasset" 3312
"../../../Engine/Content/VREditor/Sounds/UI/Gizmo_Handle_Clicked.uasset" 3313
"../../../Engine/Content/VREditor/Sounds/UI/Object_PickUp.uasset" 3314
"../../../Engine/Content/VREditor/Sounds/UI/Object_Snaps_To_Another_Actor.uasset" 3315
"../../../Engine/Content/VREditor/Sounds/UI/Object_Snaps_To_Grid.uasset" 3316
"../../../Engine/Content/VREditor/Sounds/UI/Scaling_Down.uasset" 3317
"../../../Engine/Content/VREditor/Sounds/UI/Scaling_Up.uasset" 3318
"../../../Engine/Content/VREditor/Sounds/UI/Selection_Changes.uasset" 3319
"../../../Engine/Content/VREditor/TransformGizmo/PlaneTranslationHandle.uasset" 3320
"../../../Engine/Content/VREditor/TransformGizmo/RotationHandleFull.uasset" 3321
"../../../Engine/Content/VREditor/TransformGizmo/RotationHandleIndicator.uasset" 3322
"../../../Engine/Content/VREditor/TransformGizmo/RotationHandleQuarter.uasset" 3323
"../../../Engine/Content/VREditor/TransformGizmo/StartRotationHandleIndicator.uasset" 3324
"../../../Engine/Content/VREditor/TransformGizmo/TransformGizmoFreeRotation.uasset" 3325
"../../../Engine/Content/VREditor/TransformGizmo/TranslateArrowHandle.uasset" 3326
"../../../Engine/Content/VREditor/TransformGizmo/UniformScaleHandle.uasset" 3327
"../../../Engine/Content/Functions/Engine_MaterialFunctions02/Math/Transform3x3Matrix.uasset" 3328
"../../../Engine/Content/Functions/Engine_MaterialFunctions02/SplitComponents.uasset" 3329
"../../../Engine/Content/VREditor/TransformGizmo/TransformGizmoMaterial.uasset" 3330
"../../../Engine/Content/VREditor/TransformGizmo/TranslucentTransformGizmoMaterial.uasset" 3331
"../../../Engine/Content/Functions/Engine_MaterialFunctions02/Utility/BreakOutFloat3Components.uasset" 3332
"../../../Engine/Content/VREditor/LaserPointer/VR_LaserPower_01.uasset" 3333
"/Engine/VREditor/TransformGizmo/BoundingBoxCorner" 3334
"../../../Engine/Content/VREditor/TransformGizmo/BoundingBoxCorner.uasset" 3335
"/Engine/VREditor/TransformGizmo/BoundingBoxEdge" 3336
"../../../Engine/Content/VREditor/TransformGizmo/BoundingBoxEdge.uasset" 3337
"/Engine/ArtTools/RenderToTexture/Meshes/S_1_Unit_Plane" 3338
"../../../Engine/Content/ArtTools/RenderToTexture/Meshes/S_1_Unit_Plane.uasset" 3339
"/Engine/EngineDebugMaterials/M_SimpleUnlitTranslucent" 3340
"../../../Engine/Content/EngineDebugMaterials/M_SimpleUnlitTranslucent.uasset" 3341
"/Engine/EngineFonts/Roboto" 3342
"../../../Engine/Content/EngineFonts/Roboto.uasset" 3343
"../../../Engine/Content/EngineFonts/Faces/DroidSansFallback.uasset" 3344
"../../../Engine/Content/EngineFonts/Faces/RobotoBold.uasset" 3345
"../../../Engine/Content/EngineFonts/Faces/RobotoBoldItalic.uasset" 3346
"../../../Engine/Content/EngineFonts/Faces/RobotoItalic.uasset" 3347
"../../../Engine/Content/EngineFonts/Faces/RobotoLight.uasset" 3348
"../../../Engine/Content/EngineFonts/Faces/RobotoRegular.uasset" 3349
"/Engine/EditorMaterials/ParticleSystems/PSysThumbnail_NoImage" 3350
"../../../Engine/Content/EditorMaterials/ParticleSystems/PSysThumbnail_NoImage.uasset" 3351
"/Engine/EditorMaterials/ParticleSystems/PSysThumbnail_OOD" 3352
"../../../Engine/Content/EditorMaterials/ParticleSystems/PSysThumbnail_OOD.uasset" 3353
"/Engine/EngineResources/LandscapeVisibilityLayerInfo" 3354
"../../../Engine/Content/EngineResources/LandscapeVisibilityLayerInfo.uasset" 3355
"/ACLPlugin/ACLAnimBoneCompressionSettings" 3356
"../../Plugins/Animation/ACLPlugin/Content/ACLAnimBoneCompressionSettings.uasset" 3357
"/Engine/Animation/DefaultRecorderBoneCompression" 3358
"../../../Engine/Content/Animation/DefaultRecorderBoneCompression.uasset" 3359
"/ACLPlugin/ACLAnimCurveCompressionSettings" 3360
"../../Plugins/Animation/ACLPlugin/Content/ACLAnimCurveCompressionSettings.uasset" 3361
"/Engine/Animation/DefaultVariableFrameStrippingSettings" 3362
"../../../Engine/Content/Animation/DefaultVariableFrameStrippingSettings.uasset" 3363
"/ControlRig/Controls/ControlRigXRayMaterial" 3364
"../../Plugins/Animation/ControlRig/Content/Controls/ControlRigXRayMaterial.uasset" 3365
"/ControlRig/Controls/DefaultGizmoLibraryNormalized" 3366
"../../Plugins/Animation/ControlRig/Content/Controls/DefaultGizmoLibraryNormalized.uasset" 3367
"/AudioWidgets/Resources/ScrubHandleDown_Clamped" 3368
"../../Plugins/Runtime/AudioWidgets/Content/Resources/ScrubHandleDown_Clamped.uasset" 3369
"/Paper2D/MaskedUnlitSpriteMaterial" 3370
"../../Plugins/2D/Paper2D/Content/MaskedUnlitSpriteMaterial.uasset" 3371
"../../Plugins/2D/Paper2D/Content/DefaultSpriteMaterial.uasset" 3372
"../../Plugins/2D/Paper2D/Content/PlaceholderTextures/DummySpriteTexture.uasset" 3373
"/Paper2D/OpaqueUnlitSpriteMaterial" 3374
"../../Plugins/2D/Paper2D/Content/OpaqueUnlitSpriteMaterial.uasset" 3375
"/Paper2D/DefaultPaperTerrainMaterial" 3376
"../../Plugins/2D/Paper2D/Content/DefaultPaperTerrainMaterial.uasset" 3377
"../../Plugins/2D/Paper2D/Content/DummySprite.uasset" 3378
"/ControlRig/M_Manip" 3379
"../../Plugins/Animation/ControlRig/Content/M_Manip.uasset" 3380
"../../../Engine/Content/Functions/Engine_MaterialFunctions02/WorldPositionOffset/CameraOffset.uasset" 3381
"/SpeedTreeImporter/SpeedTree9/SpeedTreeMaster" 3382
"../../Plugins/Editor/SpeedTreeImporter/Content/SpeedTree9/SpeedTreeMaster.uasset" 3383
"../../../Engine/Content/Functions/Engine_MaterialFunctions02/ObjectLocalBounds.uasset" 3384
"../../../Engine/Content/Functions/Engine_MaterialFunctions02/SafeNormalize.uasset" 3385
"../../../Engine/Content/Functions/Engine_MaterialFunctions02/Utility/VectorLength.uasset" 3386
"../../../Engine/Content/Functions/Engine_MaterialFunctions02/UVs/BoundingBoxBased_0-1_UVW.uasset" 3387
"../../../Engine/Content/Functions/Engine_MaterialFunctions02/WorldPositionOffset/ObjectScale.uasset" 3388
"../../Plugins/Editor/SpeedTreeImporter/Content/SpeedTree9/SpeedTreeBranchMotion.uasset" 3389
"../../Plugins/Editor/SpeedTreeImporter/Content/SpeedTree9/SpeedTreeCameraFacing.uasset" 3390
"../../Plugins/Editor/SpeedTreeImporter/Content/SpeedTree9/SpeedTreeWind.uasset" 3391
"../../Plugins/Editor/SpeedTreeImporter/Content/SpeedTree9/SpeedTreeWindMotion.uasset" 3392
"../../Plugins/Editor/SpeedTreeImporter/Content/SpeedTree9/UnpackDirection.uasset" 3393
"../../Plugins/Editor/SpeedTreeImporter/Content/SpeedTree9/UnpackInteger3.uasset" 3394
"../../Plugins/Editor/SpeedTreeImporter/Content/SpeedTree9/Empty.uasset" 3395
"../../Plugins/Editor/SpeedTreeImporter/Content/SpeedTree9/EmptyNormal.uasset" 3396
"../../Plugins/Editor/SpeedTreeImporter/Content/SpeedTree9/game_wind_noise.uasset" 3397
"/SpeedTreeImporter/SpeedTree9/SpeedTreeBillboardMaster" 3398
"../../Plugins/Editor/SpeedTreeImporter/Content/SpeedTree9/SpeedTreeBillboardMaster.uasset" 3399
"../../Plugins/Editor/SpeedTreeImporter/Content/SpeedTree9/SpeedTreeBillboard.uasset" 3400
"/MediaPlate/SM_MediaPlateScreen" 3401
"../../Plugins/Media/MediaPlate/Content/SM_MediaPlateScreen.uasset" 3402
"/Engine/BasicShapes/BasicShapeMaterial" 3403
"../../../Engine/Content/BasicShapes/BasicShapeMaterial.uasset" 3404
"/Engine/EditorMaterials/Dataflow/DataflowVertexMaterial" 3405
"../../../Engine/Content/EditorMaterials/Dataflow/DataflowVertexMaterial.uasset" 3406
"/Engine/EditorMaterials/Dataflow/DataflowTwoSidedVertexMaterial" 3407
"../../../Engine/Content/EditorMaterials/Dataflow/DataflowTwoSidedVertexMaterial.uasset" 3408
"/Engine/EditorLandscapeResources/LayerVisMaterial" 3409
"../../../Engine/Content/EditorLandscapeResources/LayerVisMaterial.uasset" 3410
"../../../Engine/Content/EditorLandscapeResources/WhiteSquareTexture.uasset" 3411
"/Engine/EditorLandscapeResources/SelectBrushMaterial_Selected" 3412
"../../../Engine/Content/EditorLandscapeResources/SelectBrushMaterial_Selected.uasset" 3413
"../../../Engine/Content/EditorLandscapeResources/SelectBrushMaterial.uasset" 3414
"../../../Engine/Content/Functions/Engine_MaterialFunctions03/Math/WithinRangeFloat2.uasset" 3415
"../../../Engine/Content/EditorLandscapeResources/DefaultAlphaTexture.uasset" 3416
"/Engine/EditorLandscapeResources/SelectBrushMaterial_SelectedRegion" 3417
"../../../Engine/Content/EditorLandscapeResources/SelectBrushMaterial_SelectedRegion.uasset" 3418
"/Engine/EditorLandscapeResources/MaskBrushMaterial_MaskedRegion" 3419
"../../../Engine/Content/EditorLandscapeResources/MaskBrushMaterial_MaskedRegion.uasset" 3420
"../../../Engine/Content/EditorLandscapeResources/MaskBrushMaterial.uasset" 3421
"/Engine/EditorLandscapeResources/ColorMaskBrushMaterial_MaskedRegion" 3422
"../../../Engine/Content/EditorLandscapeResources/ColorMaskBrushMaterial_MaskedRegion.uasset" 3423
"../../../Engine/Content/EditorLandscapeResources/ColorMaskBrushMaterial.uasset" 3424
"/Engine/EditorLandscapeResources/LandscapeDirtyMaterial" 3425
"../../../Engine/Content/EditorLandscapeResources/LandscapeDirtyMaterial.uasset" 3426
"/Engine/EditorLandscapeResources/LandscapeLayerUsageMaterial" 3427
"../../../Engine/Content/EditorLandscapeResources/LandscapeLayerUsageMaterial.uasset" 3428
"../../../Engine/Content/Functions/Engine_MaterialFunctions01/Debug/DebugIntValues.uasset" 3429
"../../../Engine/Content/Functions/Engine_MaterialFunctions01/Texturing/ScaleUVsByCenter.uasset" 3430
"../../../Engine/Content/Functions/Engine_MaterialFunctions02/WorldPositionOffset/LocalPosition.uasset" 3431
"../../../Engine/Content/Functions/Engine_MaterialFunctions01/Texturing/TextureCropping.uasset" 3432
"../../../Engine/Content/Functions/Engine_MaterialFunctions02/ExampleContent/DebugNumberStrip.uasset" 3433
"C:/Users/Georg/AppData/Local/UnrealEngine/Editor/UInteractiveToolsPresetCollectionAsset_DefaultCollection.json" 3434
"/Engine/EngineMaterials/NaniteHiddenSectionMaterial" 3435
"../../../Engine/Content/EngineMaterials/NaniteHiddenSectionMaterial.uasset" 3436
"/Engine/EngineMaterials/RemoveSurfaceMaterial" 3437
"../../../Engine/Content/EngineMaterials/RemoveSurfaceMaterial.uasset" 3438
"/Engine/EngineDebugMaterials/DebugMeshMaterial" 3439
"../../../Engine/Content/EngineDebugMaterials/DebugMeshMaterial.uasset" 3440
"/Engine/EngineMaterials/EmissiveMeshMaterial" 3441
"../../../Engine/Content/EngineMaterials/EmissiveMeshMaterial.uasset" 3442
"../../../Engine/Content/EngineMaterials/DefaultWhiteGrid_Low.uasset" 3443
"/Engine/EngineMaterials/M_InvalidLightmapSettings" 3444
"../../../Engine/Content/EngineMaterials/M_InvalidLightmapSettings.uasset" 3445
"../../../Engine/Content/EngineMaterials/InvalidLightmapSettings.uasset" 3446
"/Engine/EngineMaterials/GizmoMaterial" 3447
"../../../Engine/Content/EngineMaterials/GizmoMaterial.uasset" 3448
"/Engine/EngineMaterials/PhAT_JointLimitMaterial" 3449
"../../../Engine/Content/EngineMaterials/PhAT_JointLimitMaterial.uasset" 3450
"/Engine/EngineMaterials/FlattenMaterial" 3451
"../../../Engine/Content/EngineMaterials/FlattenMaterial.uasset" 3452
"../../../Engine/Content/EngineMaterials/BaseFlattenDiffuseMap.uasset" 3453
"../../../Engine/Content/EngineMaterials/BaseFlattenEmissiveMap.uasset" 3454
"../../../Engine/Content/EngineMaterials/BaseFlattenGrayscaleMap.uasset" 3455
"../../../Engine/Content/EngineMaterials/BaseFlattenLinearColor.uasset" 3456
"../../../Engine/Content/EngineMaterials/BaseFlattenNormalMap.uasset" 3457
"../../../Engine/Content/Functions/Engine_MaterialFunctions02/PivotPainter2/Black_1x1_EXR_Texture.uasset" 3458
"/Engine/EngineMaterials/FlattenMaterial_VT" 3459
"../../../Engine/Content/EngineMaterials/FlattenMaterial_VT.uasset" 3460
"../../../Engine/Content/EngineMaterials/BaseFlattenDiffuseMap_VT.uasset" 3461
"../../../Engine/Content/EngineMaterials/BaseFlattenEmissiveMap_VT.uasset" 3462
"../../../Engine/Content/EngineMaterials/BaseFlattenGrayscaleMap_VT.uasset" 3463
"../../../Engine/Content/EngineMaterials/BaseFlattenLinearColor_VT.uasset" 3464
"../../../Engine/Content/EngineMaterials/BaseFlattenNormalMap_VT.uasset" 3465
"../../../Engine/Content/EngineMaterials/Black_1x1_EXR_Texture_VT.uasset" 3466
"/Engine/EngineMaterials/FlattenMaterial_WS_Normal_VT" 3467
"../../../Engine/Content/EngineMaterials/FlattenMaterial_WS_Normal_VT.uasset" 3468
"/Engine/EngineMaterials/Good64x64TilingNoiseHighFreq" 3469
"../../../Engine/Content/EngineMaterials/Good64x64TilingNoiseHighFreq.uasset" 3470
"/Engine/EngineMaterials/DefaultBokeh" 3471
"../../../Engine/Content/EngineMaterials/DefaultBokeh.uasset" 3472
"/Engine/EngineMaterials/MiniFont" 3473
"../../../Engine/Content/EngineMaterials/MiniFont.uasset" 3474
"/Engine/EngineMaterials/WeightMapPlaceholderTexture" 3475
"../../../Engine/Content/EngineMaterials/WeightMapPlaceholderTexture.uasset" 3476
"/Engine/EngineMaterials/WeightMapArrayPlaceholderTexture" 3477
"../../../Engine/Content/EngineMaterials/WeightMapArrayPlaceholderTexture.uasset" 3478
"/Engine/EngineMaterials/DefaultWhiteGrid" 3479
"../../../Engine/Content/EngineMaterials/DefaultWhiteGrid.uasset" 3480
"/Engine/EngineMaterials/PreintegratedSkinBRDF" 3481
"../../../Engine/Content/EngineMaterials/PreintegratedSkinBRDF.uasset" 3482
"/Engine/EngineMaterials/LTC/GGX_LTCAmp" 3483
"../../../Engine/Content/EngineMaterials/LTC/GGX_LTCAmp.uasset" 3484
"/Engine/EngineMaterials/LTC/GGX_LTCMat" 3485
"../../../Engine/Content/EngineMaterials/LTC/GGX_LTCMat.uasset" 3486
"/Engine/EngineMaterials/EnergyConservation/GGX_ReflectionEnergy" 3487
"../../../Engine/Content/EngineMaterials/EnergyConservation/GGX_ReflectionEnergy.uasset" 3488
"/Engine/EngineMaterials/EnergyConservation/GGX_TransmissionEnergyArray" 3489
"../../../Engine/Content/EngineMaterials/EnergyConservation/GGX_TransmissionEnergyArray.uasset" 3490
"/Engine/EngineMaterials/EnergyConservation/SheenLegacy_Energy" 3491
"../../../Engine/Content/EngineMaterials/EnergyConservation/SheenLegacy_Energy.uasset" 3492
"/Engine/EngineMaterials/DefaultPhysicalMaterial" 3493
"../../../Engine/Content/EngineMaterials/DefaultPhysicalMaterial.uasset" 3494
"/Engine/EngineMaterials/DefaultDestructiblePhysicalMaterial" 3495
"../../../Engine/Content/EngineMaterials/DefaultDestructiblePhysicalMaterial.uasset" 3496
"C:/Users/Georg/AppData/Local/UnrealEngine/Editor/ProjectEditorRecords.json" 3497
"/Niagara/ParameterDefinitions/SpriteRenderer" 3498
"../../Plugins/FX/Niagara/Content/ParameterDefinitions/SpriteRenderer.uasset" 3499
"/Niagara/ParameterDefinitions/RibbonRenderer" 3500
"../../Plugins/FX/Niagara/Content/ParameterDefinitions/RibbonRenderer.uasset" 3501
"/Niagara/ParameterDefinitions/MeshRenderer" 3502
"../../Plugins/FX/Niagara/Content/ParameterDefinitions/MeshRenderer.uasset" 3503
"/Niagara/ParameterDefinitions/LightRenderer" 3504
"../../Plugins/FX/Niagara/Content/ParameterDefinitions/LightRenderer.uasset" 3505
"/Niagara/ParameterDefinitions/DecalRenderer" 3506
"../../Plugins/FX/Niagara/Content/ParameterDefinitions/DecalRenderer.uasset" 3507
"/Niagara/ParameterDefinitions/CoreParameters" 3508
"../../Plugins/FX/Niagara/Content/ParameterDefinitions/CoreParameters.uasset" 3509
"/DeformerGraph/Deformers/DG_LinearBlendSkin_Morph_Cloth" 3510
"../../Plugins/Animation/DeformerGraph/Content/Deformers/DG_LinearBlendSkin_Morph_Cloth.uasset" 3511
"../../Plugins/Animation/DeformerGraph/Content/DeformerFunctions/DG_Function_LinearBlendSkin_Morph_Cloth.uasset" 3512
"/DeformerGraph/Deformers/DG_LinearBlendSkin_Morph_Cloth_RecomputeNormals" 3513
"../../Plugins/Animation/DeformerGraph/Content/Deformers/DG_LinearBlendSkin_Morph_Cloth_RecomputeNormals.uasset" 3514
"../../Plugins/Animation/DeformerGraph/Content/DeformerFunctions/DG_Function_ComputeNormalsTangents.uasset" 3515
"../../Plugins/Animation/DeformerGraph/Content/DeformerFunctions/DG_Function_LinearBlendSkin_Morph_Cloth_PositionOnly.uasset" 3516
"/Engine/BasicShapes/Sphere" 3517
"../../../Engine/Content/BasicShapes/Sphere.uasset" 3518
"../../../Engine/Content/EngineMaterials/DefaultMaterial.uasset" 3519
"/Engine/BasicShapes/Cylinder" 3520
"../../../Engine/Content/BasicShapes/Cylinder.uasset" 3521
"/Engine/BasicShapes/Cone" 3522
"../../../Engine/Content/BasicShapes/Cone.uasset" 3523
"/Engine/BasicShapes/Plane" 3524
"../../../Engine/Content/BasicShapes/Plane.uasset" 3525
"/Engine/EngineFonts/DroidSansMono" 3526
"../../../Engine/Content/EngineFonts/DroidSansMono.uasset" 3527
"../../../Engine/Content/EngineFonts/Faces/DroidSansMono.uasset" 3528
"../../../Engine/Documentation/Source/Shared/Types/ABrush/ABrush.INT.udn" 3529
"../../../Engine/Content/Internationalization/icudt64l/brkitr/en_US.res" 3530
"../../../Engine/Content/Internationalization/icudt64l/brkitr/en.res" 3531
"../../../Engine/Content/Internationalization/icudt64l/brkitr/root.res" 3532
"../../../Engine/Content/Internationalization/icudt64l/brkitr/char.brk" 3533
"../../../Engine/Content/Internationalization/icudt64l/brkitr/word.brk" 3534
"/Engine/EditorResources/SequenceRecorder/Countdown" 3535
"../../../Engine/Content/EditorResources/SequenceRecorder/Countdown.uasset" 3536
"/Engine/EditorResources/SequenceRecorder/RecordingIndicator" 3537
"../../../Engine/Content/EditorResources/SequenceRecorder/RecordingIndicator.uasset" 3538
"/Engine/EditorMaterials/PhAT_UnselectedMaterial" 3539
"../../../Engine/Content/EditorMaterials/PhAT_UnselectedMaterial.uasset" 3540
"/Engine/EditorMaterials/PhAT_NoCollisionMaterial" 3541
"../../../Engine/Content/EditorMaterials/PhAT_NoCollisionMaterial.uasset" 3542
"/Engine/EditorResources/S_Terrain" 3543
"../../../Engine/Content/EditorResources/S_Terrain.uasset" 3544
"../../../Engine/Plugins/FX/Niagara/Shaders/Private/NiagaraDataInterfaceTexture2DArrayTemplate.ush" 3545
"../../../Engine/Plugins/FX/Niagara/Shaders/Private/NiagaraDataInterfaceActorComponentTemplate.ush" 3546
"../../../Engine/Plugins/FX/Niagara/Shaders/Private/NiagaraDataInterfaceArrayTemplate.ush" 3547
"../../../Engine/Plugins/FX/Niagara/Shaders/Private/NiagaraDataInterfaceArrayRWTemplate.ush" 3548
"../../../Engine/Plugins/FX/Niagara/Shaders/Private/NiagaraDataInterfaceAsyncGpuTrace.ush" 3549
"../../../Engine/Plugins/FX/Niagara/Shaders/Private/NiagaraDataInterfaceAsyncGpuTraceTemplate.ush" 3550
"../../../Engine/Plugins/FX/Niagara/Shaders/Private/NiagaraDataInterfaceCamera.ush" 3551
"../../../Engine/Plugins/Experimental/ChaosNiagara/Shaders/NiagaraDataInterfaceChaosDestruction.ush" 3552
"../../../Engine/Plugins/FX/Niagara/Shaders/Private/NiagaraDataInterfaceCollisionQuery.ush" 3553
"D:/UE5_Project/TombEvader/Intermediate/ShaderAutogen/PCD3D_SM5/AutogenShaderHeaders.ush" 3554
"../../../Engine/Plugins/FX/Niagara/Shaders/Private/NiagaraDataInterfaceCollisionQueryTemplate.ush" 3555
"../../../Engine/Plugins/FX/Niagara/Shaders/Private/NiagaraDataInterfaceCurveTemplate.ush" 3556
"../../../Engine/Plugins/FX/Niagara/Shaders/Private/NiagaraDataInterfaceCubeTextureTemplate.ush" 3557
"../../../Engine/Plugins/FX/Niagara/Shaders/Private/DataChannel/NiagaraDataInterfaceDataChannelCommon.ush" 3558
"../../../Engine/Plugins/FX/Niagara/Shaders/Private/DataChannel/NiagaraDataInterfaceDataChannelTemplateCommon.ush" 3559
"../../../Engine/Plugins/FX/Niagara/Shaders/Private/DataChannel/NiagaraDataInterfaceDataChannelTemplateReadCommon.ush" 3560
"../../../Engine/Plugins/FX/Niagara/Shaders/Private/DataChannel/NiagaraDataInterfaceDataChannelTemplate_Read.ush" 3561
"../../../Engine/Plugins/FX/Niagara/Shaders/Private/DataChannel/NiagaraDataInterfaceDataChannelTemplate_Consume.ush" 3562
"../../../Engine/Plugins/FX/Niagara/Shaders/Private/DataChannel/NiagaraDataInterfaceDataChannelTemplateWriteCommon.ush" 3563
"../../../Engine/Plugins/FX/Niagara/Shaders/Private/DataChannel/NiagaraDataInterfaceDataChannelTemplate_Append.ush" 3564
"../../../Engine/Plugins/FX/Niagara/Shaders/Private/NiagaraDataInterfaceDataTableTemplate.ush" 3565
"../../../Engine/Plugins/FX/Niagara/Shaders/Private/NiagaraDataInterfaceDebugDraw.ush" 3566
"../../../Engine/Plugins/FX/Niagara/Shaders/Private/NiagaraDataInterfaceDebugDrawTemplate.ush" 3567
"../../../Engine/Plugins/FX/Niagara/Shaders/Private/NiagaraDataInterfaceDynamicMeshTemplate.ush" 3568
"../../../Engine/Plugins/FX/Niagara/Shaders/Private/NiagaraDataInterfaceEmitterPropertiesTemplate.ush" 3569
"../../../Engine/Plugins/FX/Niagara/Shaders/Private/NiagaraDataInterfaceExportTemplate.ush" 3570
"../../../Engine/Plugins/FX/Niagara/Shaders/Private/NiagaraDataInterfaceGBufferTemplate.ush" 3571
"../../../Engine/Plugins/Experimental/ChaosNiagara/Shaders/NiagaraDataInterfaceGeometryCollection.ush" 3572
"../../../Engine/Plugins/FX/Niagara/Shaders/Private/NiagaraTransformUtils.ush" 3573
"../../../Engine/Plugins/Runtime/HairStrands/Shaders/Private/NiagaraStrandsExternalForce.ush" 3574
"../../../Engine/Plugins/Runtime/HairStrands/Shaders/Private/NiagaraHookeSpringMaterial.ush" 3575
"../../../Engine/Plugins/Runtime/HairStrands/Shaders/Private/NiagaraAngularSpringMaterial.ush" 3576
"../../../Engine/Plugins/Runtime/HairStrands/Shaders/Private/NiagaraConstantVolumeMaterial.ush" 3577
"../../../Engine/Plugins/Runtime/HairStrands/Shaders/Private/NiagaraCosseratRodMaterial.ush" 3578
"../../../Engine/Plugins/Runtime/HairStrands/Shaders/Private/NiagaraStaticCollisionConstraint.ush" 3579
"../../../Engine/Plugins/Runtime/HairStrands/Shaders/Private/NiagaraDataInterfaceHairStrands.ush" 3580
"../../../Engine/Plugins/Runtime/HairStrands/Shaders/Private/NiagaraDataInterfaceHairStrandsTemplate.ush" 3581
"../../../Engine/Plugins/FX/Niagara/Shaders/Private/NiagaraDataInterfaceIntRenderTarget2D.ush" 3582
"../../../Engine/Plugins/FX/Niagara/Shaders/Private/NiagaraDataInterfaceLandscape.ush" 3583
"../../../Engine/Plugins/FX/Niagara/Shaders/Private/NiagaraDataInterfaceMemoryBufferTemplate.ush" 3584
"../../../Engine/Plugins/FX/Niagara/Shaders/Private/NiagaraDataInterfaceMeshRendererInfoTemplate.ush" 3585
"../../../Engine/Plugins/FX/Niagara/Shaders/Private/NiagaraDataInterfaceOcclusion.ush" 3586
"../../../Engine/Plugins/FX/Niagara/Shaders/Private/NiagaraDataInterfacePhysicsAsset.ush" 3587
"../../../Engine/Plugins/Experimental/ChaosNiagara/Shaders/NiagaraDataInterfacePhysicsField.ush" 3588
"../../../Engine/Plugins/FX/Niagara/Shaders/Private/NiagaraDataInterfacePlatformSetTemplate.ush" 3589
"../../../Engine/Plugins/Runtime/HairStrands/Shaders/Private/NiagaraDataInterfaceVelocityGrid.ush" 3590
"../../../Engine/Plugins/Runtime/HairStrands/Shaders/Private/NiagaraDataInterfaceVelocityGridTemplate.ush" 3591
"../../../Engine/Plugins/Runtime/HairStrands/Shaders/Private/NiagaraDataInterfacePressureGrid.ush" 3592
"../../../Engine/Plugins/Runtime/HairStrands/Shaders/Private/NiagaraDataInterfacePressureGridTemplate.ush" 3593
"../../../Engine/Plugins/FX/Niagara/Shaders/Private/NiagaraDataInterfaceRenderTarget2DTemplate.ush" 3594
"../../../Engine/Plugins/FX/Niagara/Shaders/Private/NiagaraDataInterfaceRenderTarget2DArrayTemplate.ush" 3595
"../../../Engine/Plugins/FX/Niagara/Shaders/Private/NiagaraDataInterfaceRenderTargetCubeTemplate.ush" 3596
"../../../Engine/Plugins/FX/Niagara/Shaders/Private/NiagaraDataInterfaceRenderTargetVolumeTemplate.ush" 3597
"../../../Engine/Plugins/FX/Niagara/Shaders/Private/NiagaraDataInterfaceRigidMeshCollisionQuery.ush" 3598
"../../../Engine/Plugins/FX/Niagara/Shaders/Private/NiagaraDistanceFieldQueries.ush" 3599
"../../../Engine/Plugins/FX/Niagara/Shaders/Private/NiagaraDataInterfaceSceneCapture2DTemplate.ush" 3600
"../../../Engine/Plugins/FX/Niagara/Shaders/Private/NiagaraDataInterfaceSimCacheReaderTemplate.ush" 3601
"../../../Engine/Plugins/FX/Niagara/Shaders/Private/NiagaraDataInterfaceSimpleCounterTemplate.ush" 3602
"../../../Engine/Plugins/FX/Niagara/Shaders/Private/NiagaraDataInterfaceSkeletalMesh.ush" 3603
"../../../Engine/Plugins/FX/Niagara/Shaders/Private/NiagaraBaryCentricUtils.ush" 3604
"../../../Engine/Plugins/FX/Niagara/Shaders/Private/NiagaraDataInterfaceSkeletalMeshTemplate.ush" 3605
"../../../Engine/Plugins/FX/Niagara/Shaders/Private/NiagaraDataInterfaceSocketReaderTemplate.ush" 3606
"../../../Engine/Plugins/FX/Niagara/Shaders/Private/NiagaraDataInterfaceSparseVolumeTextureTemplate.ush" 3607
"../../../Engine/Plugins/FX/Niagara/Shaders/Private/NiagaraDataInterfaceSplineTemplate.ush" 3608
"../../../Engine/Plugins/FX/Niagara/Shaders/Private/NiagaraDataInterfaceSpriteRendererInfoTemplate.ush" 3609
"../../../Engine/Plugins/FX/Niagara/Shaders/Private/NiagaraDataInterfaceStaticMeshTemplate.ush" 3610
"../../../Engine/Plugins/FX/Niagara/Shaders/Private/NiagaraDataInterfaceTextureTemplate.ush" 3611
"../../../Engine/Plugins/FX/Niagara/Shaders/Private/NiagaraDataInterfaceVirtualTexture.ush" 3612
"../../../Engine/Plugins/FX/Niagara/Shaders/Private/NiagaraDataInterfaceVirtualTextureTemplate.ush" 3613
"../../../Engine/Plugins/FX/Niagara/Shaders/Private/NiagaraDataInterfaceVolumeCache.ush" 3614
"../../../Engine/Plugins/FX/Niagara/Shaders/Private/NiagaraDataInterfaceVolumeTextureTemplate.ush" 3615
"D:/UE5_Project/TombEvader/Content/Fab/Stylized_Egypt/Materials/props_materials/MI_wood_box_01_Inst.uasset" 3616
"D:/UE5_Project/TombEvader/Content/Fab/Stylized_Egypt/Meshes/props/SM_wood_box_01.uasset" 3617
"D:/UE5_Project/TombEvader/Content/Fab/Stylized_Egypt/Meshes/props/SM_jug_04.uasset" 3618
"D:/UE5_Project/TombEvader/Content/Fab/Stylized_Egypt/Textures/building_textures/building_normal_maps/T_wooden_part_01_Normal.uasset" 3619
"D:/UE5_Project/TombEvader/Content/Fab/Stylized_Egypt/Textures/building_textures/base_textures/wood_01/T_wood_01_Normal.uasset" 3620
"D:/UE5_Project/TombEvader/Content/Fab/Stylized_Egypt/Materials/building_materials/M_building_wood.uasset" 3621
"D:/UE5_Project/TombEvader/Content/Fab/Stylized_Egypt/Meshes/props/SM_jug_01.uasset" 3622
"D:/UE5_Project/TombEvader/Content/Fab/Stylized_Egypt/Textures/building_textures/base_textures/wood_01/T_wood_01_BaseColor.uasset" 3623
"D:/UE5_Project/TombEvader/Content/Fab/Stylized_Egypt/Meshes/building/SM_wooden_boards_04.uasset" 3624
"D:/UE5_Project/TombEvader/Content/Fab/Stylized_Egypt/Meshes/building/SM_wall_08.uasset" 3625
"D:/UE5_Project/TombEvader/Content/Fab/Stylized_Egypt/Meshes/building/SM_wall_10.uasset" 3626
"D:/UE5_Project/TombEvader/Content/Fab/Stylized_Egypt/Textures/building_textures/building_normal_maps/T_building_02_Normal.uasset" 3627
"D:/UE5_Project/TombEvader/Content/Fab/Stylized_Egypt/Textures/building_textures/pyramid_textures/T_pyramid_Mask.uasset" 3628
"D:/UE5_Project/TombEvader/Content/Fab/Stylized_Egypt/Meshes/stones/SM_stone_05.uasset" 3629
"D:/UE5_Project/TombEvader/Content/Fab/Stylized_Egypt/Textures/building_textures/pyramid_textures/T_noise_pyramid_Normal.uasset" 3630
"D:/UE5_Project/TombEvader/Content/Fab/Stylized_Egypt/Textures/building_textures/pyramid_textures/T_pyramid_Normal.uasset" 3631
"D:/UE5_Project/TombEvader/Content/Fab/Stylized_Egypt/Meshes/props/SM_jug_broken_04.uasset" 3632
"D:/UE5_Project/TombEvader/Content/Fab/Stylized_Egypt/Meshes/props/SM_jug_broken_01.uasset" 3633
"D:/UE5_Project/TombEvader/Content/Fab/Stylized_Egypt/Materials/building_materials/M_pyramid.uasset" 3634
"D:/UE5_Project/TombEvader/Content/Fab/Stylized_Egypt/Materials/building_materials/MI_building_wood_01_Inst.uasset" 3635
"D:/UE5_Project/TombEvader/Content/Fab/Stylized_Egypt/Meshes/building/SM_part_ornament_07.uasset" 3636
"D:/UE5_Project/TombEvader/Content/Fab/Stylized_Egypt/Meshes/building/SM_part_ornament_05.uasset" 3637
"D:/UE5_Project/TombEvader/Content/Fab/Stylized_Egypt/Meshes/building/SM_floor_01.uasset" 3638
"D:/UE5_Project/TombEvader/Content/Fab/Stylized_Egypt/Meshes/stones/SM_stone_07.uasset" 3639
"D:/UE5_Project/TombEvader/Content/Fab/Stylized_Egypt/Meshes/building/SM_entry_pyramid_02.uasset" 3640
"D:/UE5_Project/TombEvader/Content/Fab/Stylized_Egypt/Meshes/building/SM_pyramid_03.uasset" 3641
"D:/UE5_Project/TombEvader/Content/Fab/Stylized_Egypt/Materials/building_materials/MI_pyramid_Inst.uasset" 3642
"D:/UE5_Project/TombEvader/Content/Fab/Stylized_Egypt/Meshes/building/SM_pyramid_02.uasset" 3643
"D:/UE5_Project/TombEvader/Content/Fab/Stylized_Egypt/Meshes/building/SM_part_ornament_09.uasset" 3644
"D:/UE5_Project/TombEvader/Content/Fab/Stylized_Egypt/Meshes/building/SM_part_ornament_08.uasset" 3645
"D:/UE5_Project/TombEvader/Content/Fab/Stylized_Egypt/Meshes/props/SM_wood_box_02.uasset" 3646
"D:/UE5_Project/TombEvader/Content/Fab/Stylized_Egypt/Materials/building_materials/MI_building_wood_02_Inst.uasset" 3647
"/Game/Fab/Stylized_Egypt/Materials/props_materials/MI_wood_box_01_Inst" 3648
"D:/UE5_Project/TombEvader/Content/Fab/Stylized_Egypt/Materials/props_materials/M_props.uasset" 3649
"../../../Engine/Content/Functions/Engine_MaterialFunctions01/Gradient/LinearGradient.uasset" 3650
"../../../Engine/Content/Functions/Engine_MaterialFunctions01/ImageAdjustment/CheapContrast.uasset" 3651
"../../../Engine/Content/Functions/Engine_MaterialFunctions03/Blends/Blend_Overlay.uasset" 3652
"../../../Engine/Content/EngineMaterials/BlendFunc_DefBase.uasset" 3653
"../../../Engine/Content/EngineMaterials/BlendFunc_DefBlend.uasset" 3654
"D:/UE5_Project/TombEvader/Content/Fab/Stylized_Egypt/Textures/props_textures/wood_box/T_wood_box_BaseColor.uasset" 3655
"D:/UE5_Project/TombEvader/Content/Fab/Stylized_Egypt/Textures/props_textures/wood_box/T_wood_box_Normal.uasset" 3656
"/Game/Fab/Stylized_Egypt/Meshes/props/SM_wood_box_01" 3657
"/Game/Fab/Stylized_Egypt/Meshes/props/SM_jug_broken_04" 3658
"D:/UE5_Project/TombEvader/Content/Fab/Stylized_Egypt/Materials/props_materials/MI_jug_01_Inst.uasset" 3659
"D:/UE5_Project/TombEvader/Content/Fab/Stylized_Egypt/Textures/props_textures/jug/T_jug_BaseColor.uasset" 3660
"D:/UE5_Project/TombEvader/Content/Fab/Stylized_Egypt/Textures/props_textures/jug/T_jug_Normal.uasset" 3661
"/Game/Fab/Stylized_Egypt/Meshes/props/SM_jug_broken_01" 3662
"/Game/Fab/Stylized_Egypt/Meshes/props/SM_jug_04" 3663
"/Game/Fab/Stylized_Egypt/Meshes/props/SM_jug_01" 3664
"/Game/Fab/Stylized_Egypt/Textures/building_textures/building_normal_maps/T_wooden_part_01_Normal" 3665
"/Game/Fab/Stylized_Egypt/Textures/building_textures/base_textures/wood_01/T_wood_01_BaseColor" 3666
"/Game/Fab/Stylized_Egypt/Textures/building_textures/base_textures/wood_01/T_wood_01_Normal" 3667
"/Game/Fab/Stylized_Egypt/Textures/building_textures/building_normal_maps/T_building_02_Normal" 3668
"/Game/Fab/Stylized_Egypt/Materials/building_materials/M_building_wood" 3669
"../../../Engine/Content/Functions/Engine_MaterialFunctions01/AlphaBlend/WorldAlignedBlend.uasset" 3670
"../../../Engine/Content/Functions/Engine_MaterialFunctions01/Texturing/FlattenNormal.uasset" 3671
"../../../Engine/Content/Functions/Engine_MaterialFunctions02/Texturing/CustomRotator.uasset" 3672
"../../../Engine/Content/Functions/Engine_MaterialFunctions02/Utility/BlendAngleCorrectedNormals.uasset" 3673
"/Game/Fab/Stylized_Egypt/Materials/building_materials/MI_building_wood_01_Inst" 3674
"/Game/Fab/Stylized_Egypt/Materials/building_materials/MI_building_wood_02_Inst" 3675
"/Game/Fab/Stylized_Egypt/Meshes/building/SM_wooden_boards_04" 3676
"/Game/Fab/Stylized_Egypt/Meshes/building/SM_wall_08" 3677
"D:/UE5_Project/TombEvader/Content/Fab/Stylized_Egypt/Materials/building_materials/base_materials/MI_concrete_paint_01_Inst.uasset" 3678
"D:/UE5_Project/TombEvader/Content/Fab/Stylized_Egypt/Materials/building_materials/MI_building_concrete_01_Inst.uasset" 3679
"D:/UE5_Project/TombEvader/Content/Fab/Stylized_Egypt/Materials/building_materials/base_materials/M_concrete_paint.uasset" 3680
"D:/UE5_Project/TombEvader/Content/Fab/Stylized_Egypt/Textures/building_textures/base_textures/brick_01/T_brick_01_BaseColor.uasset" 3681
"D:/UE5_Project/TombEvader/Content/Fab/Stylized_Egypt/Textures/building_textures/base_textures/brick_01/T_brick_01_Normal.uasset" 3682
"D:/UE5_Project/TombEvader/Content/Fab/Stylized_Egypt/Textures/building_textures/base_textures/concrete_paint/T_concrete_paint_BaseColor.uasset" 3683
"D:/UE5_Project/TombEvader/Content/Fab/Stylized_Egypt/Textures/building_textures/base_textures/concrete_paint/T_concrete_paint_Normal.uasset" 3684
"D:/UE5_Project/TombEvader/Content/Fab/Stylized_Egypt/Materials/building_materials/M_building_concrete.uasset" 3685
"D:/UE5_Project/TombEvader/Content/Fab/Stylized_Egypt/Textures/building_textures/base_textures/concrete/T_concrete_BaseColor.uasset" 3686
"D:/UE5_Project/TombEvader/Content/Fab/Stylized_Egypt/Textures/building_textures/base_textures/concrete/T_concrete_Normal.uasset" 3687
"D:/UE5_Project/TombEvader/Content/Fab/Stylized_Egypt/Textures/building_textures/building_normal_maps/T_building_01_Normal.uasset" 3688
"D:/UE5_Project/TombEvader/Content/Fab/Stylized_Egypt/Textures/decals_textures/T_decal_pattern_07_Mask.uasset" 3689
"D:/UE5_Project/TombEvader/Content/Fab/Stylized_Egypt/Textures/landscape_textures/sand/T_sand_BaseColor.uasset" 3690
"D:/UE5_Project/TombEvader/Content/Fab/Stylized_Egypt/Textures/landscape_textures/sand/T_sand_Normal.uasset" 3691
"/Game/Fab/Stylized_Egypt/Meshes/building/SM_wall_10" 3692
"/Game/Fab/Stylized_Egypt/Meshes/building/SM_pyramid_03" 3693
"/Game/Fab/Stylized_Egypt/Meshes/building/SM_pyramid_02" 3694
"/Game/Fab/Stylized_Egypt/Meshes/building/SM_part_ornament_09" 3695
"D:/UE5_Project/TombEvader/Content/Fab/Stylized_Egypt/Materials/building_materials/MI_part_ornament_01_Inst.uasset" 3696
"D:/UE5_Project/TombEvader/Content/Fab/Stylized_Egypt/Materials/building_materials/M_part_ornament.uasset" 3697
"D:/UE5_Project/TombEvader/Content/Fab/Stylized_Egypt/Textures/building_textures/building_normal_maps/T_part_ornament_Normal.uasset" 3698
"D:/UE5_Project/TombEvader/Content/Fab/Stylized_Egypt/Textures/building_textures/T_part_ornament_MaskRGB.uasset" 3699
"/Game/Fab/Stylized_Egypt/Meshes/building/SM_part_ornament_08" 3700
"/Game/Fab/Stylized_Egypt/Meshes/building/SM_part_ornament_07" 3701
"/Game/Fab/Stylized_Egypt/Meshes/building/SM_part_ornament_05" 3702
"/Game/Fab/Stylized_Egypt/Meshes/building/SM_floor_01" 3703
"D:/UE5_Project/TombEvader/Content/Fab/Stylized_Egypt/Materials/building_materials/base_materials/MI_wooden_board_01_Inst.uasset" 3704
"D:/UE5_Project/TombEvader/Content/Fab/Stylized_Egypt/Textures/building_textures/base_textures/wooden_board_01/T_wooden_board_01_BaseColor.uasset" 3705
"D:/UE5_Project/TombEvader/Content/Fab/Stylized_Egypt/Textures/building_textures/base_textures/wooden_board_01/T_wooden_board_01_Normal.uasset" 3706
"/Game/Fab/Stylized_Egypt/Meshes/building/SM_entry_pyramid_02" 3707
"D:/UE5_Project/TombEvader/Content/Fab/Stylized_Egypt/Materials/building_materials/base_materials/MI_concrete_paint_02_Inst.uasset" 3708
"D:/UE5_Project/TombEvader/Content/Fab/Stylized_Egypt/Textures/building_textures/base_textures/wood_02/T_wood_02_BaseColor.uasset" 3709
"D:/UE5_Project/TombEvader/Content/Fab/Stylized_Egypt/Materials/building_materials/base_materials/MI_wood_01_Inst.uasset" 3710
"D:/UE5_Project/TombEvader/Content/Fab/Stylized_Egypt/Textures/building_textures/base_textures/wood_02/T_wood_02_Normal.uasset" 3711
"D:/UE5_Project/TombEvader/Content/Fab/Stylized_Egypt/Materials/building_materials/base_materials/MI_wood_02_Inst.uasset" 3712
"D:/UE5_Project/TombEvader/Content/Fab/Stylized_Egypt/Materials/building_materials/base_materials/MI_floor_tile_01_Inst.uasset" 3713
"D:/UE5_Project/TombEvader/Content/Fab/Stylized_Egypt/Textures/building_textures/base_textures/floor_tile/T_floor_tile_Normal.uasset" 3714
"D:/UE5_Project/TombEvader/Content/Fab/Stylized_Egypt/Meshes/building/SM_building_part_07.uasset" 3715
"D:/UE5_Project/TombEvader/Content/Fab/Stylized_Egypt/Textures/building_textures/base_textures/floor_tile/T_floor_tile_BaseColor.uasset" 3716
"D:/UE5_Project/TombEvader/Content/Fab/Stylized_Egypt/Meshes/building/SM_block_01.uasset" 3717
"D:/UE5_Project/TombEvader/Content/Fab/Stylized_Egypt/Textures/building_textures/building_normal_maps/T_block_Normal.uasset" 3718
"D:/UE5_Project/TombEvader/Content/Fab/Stylized_Egypt/Materials/building_materials/MI_block_01_Inst.uasset" 3719
"D:/UE5_Project/TombEvader/Content/Fab/Stylized_Egypt/Meshes/building/SM_building_part_08.uasset" 3720
"D:/UE5_Project/TombEvader/Content/Fab/Stylized_Egypt/Meshes/building/SM_building_border_02.uasset" 3721
"D:/UE5_Project/TombEvader/Content/Fab/Stylized_Egypt/Meshes/building/SM_entry_pyramid_01.uasset" 3722
"D:/UE5_Project/TombEvader/Content/Fab/Stylized_Egypt/Meshes/building/SM_building_column_02.uasset" 3723
"D:/UE5_Project/TombEvader/Content/Fab/Stylized_Egypt/Materials/building_materials/M_block.uasset" 3724
"D:/UE5_Project/TombEvader/Content/Fab/Stylized_Egypt/Materials/decals_materials/MI_decal_dirt_01_Inst.uasset" 3725
"D:/UE5_Project/TombEvader/Content/Fab/Stylized_Egypt/Textures/decals_textures/T_decal_dirt_04_Mask.uasset" 3726
"D:/UE5_Project/TombEvader/Content/Fab/Stylized_Egypt/Materials/decals_materials/M_decal_hieroglyphs.uasset" 3727
"D:/UE5_Project/TombEvader/Content/Fab/Stylized_Egypt/Textures/decals_textures/T_decal_dirt_01_Mask.uasset" 3728
"D:/UE5_Project/TombEvader/Content/Fab/Stylized_Egypt/Materials/decals_materials/MI_decal_hieroglyphs_01_Inst.uasset" 3729
"D:/UE5_Project/TombEvader/Content/Fab/Stylized_Egypt/Textures/decals_textures/T_decal_hieroglyphs_01_Mask.uasset" 3730
"D:/UE5_Project/TombEvader/Content/Fab/Stylized_Egypt/Textures/decals_textures/T_decal_hieroglyphs_01_Normal.uasset" 3731
"D:/UE5_Project/TombEvader/Content/Fab/Stylized_Egypt/Materials/decals_materials/MI_decal_dirt_02_Inst.uasset" 3732
"D:/UE5_Project/TombEvader/Content/Fab/Stylized_Egypt/Materials/building_materials/base_materials/MI_wooden_board_Planar_WPO_01_Inst.uasset" 3733
"D:/UE5_Project/TombEvader/Content/Fab/Stylized_Egypt/Materials/decals_materials/M_decal_dirt.uasset" 3734
"D:/UE5_Project/TombEvader/Content/Fab/Stylized_Egypt/Materials/building_materials/base_materials/MI_concrete_paint_Planar_WPO_01_Inst.uasset" 3735
"D:/UE5_Project/TombEvader/Content/Fab/Stylized_Egypt/Materials/decals_materials/MI_decal_dirt_03_Inst.uasset" 3736
"D:/UE5_Project/TombEvader/Content/Fab/Stylized_Egypt/Meshes/building/SM_block_10.uasset" 3737
"/Game/Fab/Stylized_Egypt/Meshes/stones/SM_stone_07" 3738
"D:/UE5_Project/TombEvader/Content/Fab/Stylized_Egypt/Materials/stones_materials/MI_stones_01_Inst.uasset" 3739
"D:/UE5_Project/TombEvader/Content/Fab/Stylized_Egypt/Materials/stones_materials/M_stones.uasset" 3740
"D:/UE5_Project/TombEvader/Content/Fab/Stylized_Egypt/Textures/stones_textures/T_moss_BaseColor.uasset" 3741
"D:/UE5_Project/TombEvader/Content/Fab/Stylized_Egypt/Textures/stones_textures/T_stones_BaseColor.uasset" 3742
"D:/UE5_Project/TombEvader/Content/Fab/Stylized_Egypt/Textures/stones_textures/T_stones_Normal.uasset" 3743
"/Game/Fab/Stylized_Egypt/Meshes/stones/SM_stone_05" 3744
"/Game/Fab/Stylized_Egypt/Meshes/props/SM_wood_box_02" 3745
"/Game/Fab/Stylized_Egypt/Materials/building_materials/MI_block_01_Inst" 3746
"/Game/Fab/Stylized_Egypt/Meshes/building/SM_block_01" 3747
"/Game/Fab/Stylized_Egypt/Meshes/building/SM_building_border_02" 3748
"/Game/Fab/Stylized_Egypt/Meshes/building/SM_building_column_02" 3749
"/Game/Fab/Stylized_Egypt/Meshes/building/SM_building_part_07" 3750
"/Game/Fab/Stylized_Egypt/Meshes/building/SM_building_part_08" 3751
"/Game/Fab/Stylized_Egypt/Meshes/building/SM_entry_pyramid_01" 3752
"D:/UE5_Project/TombEvader/Content/Fab/AssetsEgypt/Textures/T_EgyptianColumn.uasset" 3753
"D:/UE5_Project/TombEvader/Content/Fab/AssetsEgypt/Materials/M_EgyptianColumn.uasset" 3754
"D:/UE5_Project/TombEvader/Content/Fab/Stylized_Egypt/Materials/building_materials/base_materials/MI_brick_01_WPO_Inst.uasset" 3755
"D:/UE5_Project/TombEvader/Content/Fab/AssetsEgypt/Models/SM_EgyptianColumn.uasset" 3756
"/Game/Fab/Stylized_Egypt/Materials/decals_materials/MI_decal_dirt_03_Inst" 3757
"D:/UE5_Project/TombEvader/Content/Fab/Guardians_of__Stone_/guardians_of_stone/Textures/guardians_of_stone_texture_0.uasset" 3758
"D:/UE5_Project/TombEvader/Content/Fab/Marble_Altar/marble_altar/Materials/Altar.uasset" 3759
"../../../Engine/Plugins/Interchange/Assets/Content/gltf/M_Unlit.uasset" 3760
"../../../Engine/Plugins/Interchange/Assets/Content/gltf/MaterialInstances/MI_Unlit_Opaque_DS.uasset" 3761
"D:/UE5_Project/TombEvader/Content/Fab/Guardians_of__Stone_/guardians_of_stone/Materials/Material_0_001.uasset" 3762
"D:/UE5_Project/TombEvader/Content/Fab/AssetsEgypt/Textures/T_CanopicJar.uasset" 3763
"D:/UE5_Project/TombEvader/Content/Fab/AssetsEgypt/Materials/M_CanopicJar.uasset" 3764
"../../../Engine/Plugins/Interchange/Assets/Content/gltf/MaterialBodies/MF_Unlit_Body.uasset" 3765
"D:/UE5_Project/TombEvader/Content/Fab/Marble_Altar/marble_altar/StaticMeshes/marble_altar.uasset" 3766
"D:/UE5_Project/TombEvader/Content/Fab/AssetsEgypt/Models/SM_CanopicJar.uasset" 3767
"D:/UE5_Project/TombEvader/Content/Fab/Marble_Altar/marble_altar/Textures/marble_altar_texture_0.uasset" 3768
"D:/UE5_Project/TombEvader/Content/Fab/Marble_Altar/marble_altar/Textures/marble_altar_texture_2.uasset" 3769
"D:/UE5_Project/TombEvader/Content/Fab/Marble_Altar/marble_altar/Textures/marble_altar_texture_1.uasset" 3770
"D:/UE5_Project/TombEvader/Content/Fab/Stylized_Egypt/Materials/building_materials/base_materials/M_brick_WPO.uasset" 3771
"../../../Engine/Plugins/Interchange/Assets/Content/Functions/MF_PhongToMetalRoughness.uasset" 3772
"/Game/Fab/Stylized_Egypt/Materials/decals_materials/MI_decal_hieroglyphs_01_Inst" 3773
"/Game/Fab/Stylized_Egypt/Meshes/building/SM_block_10" 3774
"/Game/Fab/Stylized_Egypt/Materials/building_materials/base_materials/MI_wooden_board_Planar_WPO_01_Inst" 3775
"/Game/Fab/Stylized_Egypt/Materials/building_materials/base_materials/MI_concrete_paint_Planar_WPO_01_Inst" 3776
"/Game/Fab/Guardians_of__Stone_/guardians_of_stone/Textures/guardians_of_stone_texture_0" 3777
"D:/UE5_Project/TombEvader/Content/Fab/Anubis/anubis/Materials/material_0.uasset" 3778
"../../../Engine/Plugins/Fab/Content/Textures/Standard/T_DefaultMasks.uasset" 3779
"D:/UE5_Project/TombEvader/Content/Fab/Megascans/Surfaces/Rippled_Sand_vd3lecfs/Medium/vd3lecfs_tier_2/Textures/T_vd3lecfs_2K_B.uasset" 3780
"D:/UE5_Project/TombEvader/Content/Fab/Megascans/Surfaces/Rippled_Sand_vd3lecfs/Medium/vd3lecfs_tier_2/Textures/T_vd3lecfs_2K_N.uasset" 3781
"../../../Engine/Plugins/Fab/Content/MaterialFunctions/QMF_BaseColorAdjustments.uasset" 3782
"../../../Engine/Plugins/Fab/Content/MaterialFunctions/QMF_NormalAdjustments.uasset" 3783
"D:/UE5_Project/TombEvader/Content/Fab/Anubis/anubis/StaticMeshes/anubis.uasset" 3784
"../../../Engine/Plugins/Fab/Content/MaterialFunctions/QMF_AOAdjustments.uasset" 3785
"../../../Engine/Plugins/Fab/Content/Textures/Standard/T_DefaultDisplacement.uasset" 3786
"D:/UE5_Project/TombEvader/Content/Fab/Megascans/Surfaces/Rippled_Sand_vd3lecfs/Medium/vd3lecfs_tier_2/Textures/T_vd3lecfs_2K_ORM.uasset" 3787
"../../../Engine/Plugins/Fab/Content/Textures/Standard/T_DefaultNormal.uasset" 3788
"../../../Engine/Plugins/Fab/Content/Textures/Standard/T_DefaultColor.uasset" 3789
"D:/UE5_Project/TombEvader/Content/Fab/Guardians_of__Stone_/guardians_of_stone/StaticMeshes/guardians_of_stone.uasset" 3790
"/Game/Fab/Marble_Altar/marble_altar/StaticMeshes/marble_altar" 3791
"../../Plugins/Interchange/Assets/Content/gltf/MaterialInstances/MI_Default_Opaque_DS.uasset" 3792
"../../Plugins/Interchange/Assets/Content/gltf/M_Default.uasset" 3793
"../../../Engine/Content/Functions/Engine_MaterialFunctions03/Math/RemapValueRange.uasset" 3794
"../../Plugins/Interchange/Assets/Content/Functions/MF_Iridescence.uasset" 3795
"../../Plugins/Interchange/Assets/Content/gltf/MaterialBodies/MF_Default_Body.uasset" 3796
"../../Plugins/Interchange/Assets/Content/gltf/MaterialFunctions/MF_BaseColor.uasset" 3797
"../../Plugins/Interchange/Assets/Content/gltf/MaterialFunctions/MF_Emissive.uasset" 3798
"../../Plugins/Interchange/Assets/Content/gltf/MaterialFunctions/MF_IOR.uasset" 3799
"../../Plugins/Interchange/Assets/Content/gltf/MaterialFunctions/MF_Iridescence.uasset" 3800
"../../Plugins/Interchange/Assets/Content/gltf/MaterialFunctions/MF_MetallicRoughness.uasset" 3801
"../../Plugins/Interchange/Assets/Content/gltf/MaterialFunctions/MF_Normals.uasset" 3802
"../../Plugins/Interchange/Assets/Content/gltf/MaterialFunctions/MF_Occlusion.uasset" 3803
"../../Plugins/Interchange/Assets/Content/gltf/MaterialFunctions/MF_RotateNormals_TS.uasset" 3804
"../../Plugins/Interchange/Assets/Content/gltf/MaterialFunctions/MF_RotateV2.uasset" 3805
"../../Plugins/Interchange/Assets/Content/gltf/MaterialFunctions/MF_ScaleNormal.uasset" 3806
"../../Plugins/Interchange/Assets/Content/gltf/MaterialFunctions/MF_Specular.uasset" 3807
"../../Plugins/Interchange/Assets/Content/gltf/MaterialFunctions/MF_SpecularAnisotropy.uasset" 3808
"../../Plugins/Interchange/Assets/Content/gltf/MaterialFunctions/MF_TransformUVs.uasset" 3809
"../../Plugins/Interchange/Assets/Content/gltf/Textures/T_Anisotropy_Direction_Linear.uasset" 3810
"../../Plugins/Interchange/Assets/Content/gltf/Textures/T_Generic_N.uasset" 3811
"../../Plugins/Interchange/Assets/Content/gltf/Textures/T_White_Linear.uasset" 3812
"../../Plugins/Interchange/Assets/Content/gltf/Textures/T_White_srgb.uasset" 3813
"../../Plugins/Interchange/Assets/Content/Utilities/New_LUT.uasset" 3814
"../../Plugins/Interchange/Assets/Content/Functions/MF_IridescenceNoLUT.uasset" 3815
"/Game/Fab/AssetsEgypt/Models/SM_EgyptianColumn" 3816
"/Game/Fab/AssetsEgypt/Models/SM_CanopicJar" 3817
"/Game/Fab/Stylized_Egypt/Materials/building_materials/base_materials/MI_brick_01_WPO_Inst" 3818
"../../../Engine/Content/Functions/Engine_MaterialFunctions01/Texturing/WorldAlignedNormal.uasset" 3819
"../../../Engine/Content/Functions/Engine_MaterialFunctions01/Texturing/WorldAlignedTexture.uasset" 3820
"../../../Engine/Content/Functions/Engine_MaterialFunctions02/Math/CreateThirdOrthogonalVector.uasset" 3821
"../../../Engine/Content/Functions/Engine_MaterialFunctions02/WorldAlignedNormals_HighQuality.uasset" 3822
"../../../Engine/Content/EngineMaterials/DefaultNormal_Uncompressed.uasset" 3823
"/InterchangeAssets/gltf/MaterialBodies/MF_Unlit_Body" 3824
"/InterchangeAssets/gltf/M_Unlit" 3825
"/InterchangeAssets/gltf/MaterialInstances/MI_Unlit_Opaque_DS" 3826
"/Game/Fab/Guardians_of__Stone_/guardians_of_stone/Materials/Material_0_001" 3827
"../../../Engine/Plugins/Fab/Content/MaterialFunctions/QMF_RoughnessAdjustments.uasset" 3828
"D:/UE5_Project/TombEvader/Content/Images/IBISES.uasset" 3829
"/Fab/MaterialFunctions/QMF_NormalAdjustments" 3830
"../../../Engine/Plugins/Fab/Content/Materials/Standard/M_MS_Srf.uasset" 3831
"D:/UE5_Project/TombEvader/Content/Images/CAT.uasset" 3832
"D:/UE5_Project/TombEvader/Content/Fab/Megascans/Surfaces/Rippled_Sand_vd3lecfs/Medium/vd3lecfs_tier_2/Materials/MI_Sand.uasset" 3833
"D:/UE5_Project/TombEvader/Content/FirstPerson/Effects/PhysMats/PM_Sand.uasset" 3834
"D:/UE5_Project/TombEvader/Content/Images/CROCODILE.uasset" 3835
"D:/UE5_Project/TombEvader/Content/Images/CAT-HIEROGLYPH.uasset" 3836
"D:/UE5_Project/TombEvader/Content/Images/HAWK-HIEROGLYPH.uasset" 3837
"D:/UE5_Project/TombEvader/Content/Images/MI_COW_Hieroglyph.uasset" 3838
"D:/UE5_Project/TombEvader/Content/Images/MI_CROCODILE_Hieroglyph.uasset" 3839
"D:/UE5_Project/TombEvader/Content/Images/COW.uasset" 3840
"D:/UE5_Project/TombEvader/Content/Images/MI_HAWK_Hieroglyph.uasset" 3841
"D:/UE5_Project/TombEvader/Content/Images/JACKAL.uasset" 3842
"D:/UE5_Project/TombEvader/Content/Images/MI_CAT_Hieroglyph.uasset" 3843
"D:/UE5_Project/TombEvader/Content/Images/COW-HIEROGLYPH.uasset" 3844
"D:/UE5_Project/TombEvader/Content/Images/HAWK.uasset" 3845
"D:/UE5_Project/TombEvader/Content/Images/CROCODILE-HIEROGLYPH.uasset" 3846
"../../../Engine/Plugins/Fab/Content/MaterialFunctions/QMF_Tiling.uasset" 3847
"/Fab/MaterialFunctions/QMF_BaseColorAdjustments" 3848
"/Fab/MaterialFunctions/QMF_AOAdjustments" 3849
"/Fab/Textures/Standard/T_DefaultNormal" 3850
"/Fab/Textures/Standard/T_DefaultMasks" 3851
"/Fab/Textures/Standard/T_DefaultDisplacement" 3852
"/Fab/Textures/Standard/T_DefaultColor" 3853
"/Game/Fab/Megascans/Surfaces/Rippled_Sand_vd3lecfs/Medium/vd3lecfs_tier_2/Textures/T_vd3lecfs_2K_ORM" 3854
"/Game/Fab/Megascans/Surfaces/Rippled_Sand_vd3lecfs/Medium/vd3lecfs_tier_2/Textures/T_vd3lecfs_2K_N" 3855
"/Game/Fab/Megascans/Surfaces/Rippled_Sand_vd3lecfs/Medium/vd3lecfs_tier_2/Textures/T_vd3lecfs_2K_B" 3856
"/Game/Fab/Anubis/anubis/StaticMeshes/anubis" 3857
"/Game/Fab/Guardians_of__Stone_/guardians_of_stone/StaticMeshes/guardians_of_stone" 3858
"D:/UE5_Project/TombEvader/Content/Images/JACKAL-HIEROGLYPH.uasset" 3859
"D:/UE5_Project/TombEvader/Content/Images/MI_IBISES_Hieroglyph.uasset" 3860
"D:/UE5_Project/TombEvader/Content/Fab/Stylized_Egypt/Materials/props_materials/M_egyptian_statue.uasset" 3861
"/Game/Images/HAWK-HIEROGLYPH" 3862
"D:/UE5_Project/TombEvader/Content/Fab/Stylized_Egypt/Textures/props_textures/egyptian_statue/T_egyptian_statue_01_BaseColor.uasset" 3863
"D:/UE5_Project/TombEvader/Content/Fab/Stylized_Egypt/Meshes/props/SM_egyptian_statue_01.uasset" 3864
"D:/UE5_Project/TombEvader/Content/Fab/Stylized_Egypt/Meshes/props/SM_jug_broken_03.uasset" 3865
"D:/UE5_Project/TombEvader/Content/Fab/Stylized_Egypt/Textures/props_textures/egyptian_statue/T_egyptian_statue_01_Normal.uasset" 3866
"D:/UE5_Project/TombEvader/Content/Fab/Stylized_Egypt/Materials/props_materials/MI_egyptian_statue_01_Inst.uasset" 3867
"D:/UE5_Project/TombEvader/Content/Images/M_Hieroglyph.uasset" 3868
"D:/UE5_Project/TombEvader/Content/Fab/Stylized_Egypt/Meshes/props/SM_jug_broken_02.uasset" 3869
"D:/UE5_Project/TombEvader/Content/Images/IBISES-HIEROGLYPH.uasset" 3870
"D:/UE5_Project/TombEvader/Content/Images/MI_JACKAL_Hieroglyph.uasset" 3871
"D:/UE5_Project/TombEvader/Content/Fab/Stylized_Egypt/Meshes/props/SM_jug_03.uasset" 3872
"/Game/Images/CROCODILE-HIEROGLYPH" 3873
"/Game/Images/COW-HIEROGLYPH" 3874
"/Game/Images/CAT-HIEROGLYPH" 3875
"/Game/Images/JACKAL" 3876
"/Game/Images/IBISES" 3877
"/Game/Images/HAWK" 3878
"/Game/Images/CROCODILE" 3879
"/Game/Images/COW" 3880
"/Game/Images/CAT" 3881
"/Game/FirstPerson/Effects/PhysMats/PM_Sand" 3882
"/Game/Fab/Megascans/Surfaces/Rippled_Sand_vd3lecfs/Medium/vd3lecfs_tier_2/Materials/MI_Sand" 3883
"D:/UE5_Project/TombEvader/Content/Sounds/Source/CreepyMusic.uasset" 3884
"D:/UE5_Project/TombEvader/Content/Fab/Stylized_Egypt/Meshes/building/SM_part_ornament_01.uasset" 3885
"D:/UE5_Project/TombEvader/Content/Fab/Stylized_Egypt/Materials/building_materials/base_materials/M_base_concrete_WPO.uasset" 3886
"D:/UE5_Project/TombEvader/Content/StarterContent/Textures/T_Metal_Gold_D.uasset" 3887
"D:/UE5_Project/TombEvader/Content/StarterContent/Textures/T_Metal_Gold_N.uasset" 3888
"D:/UE5_Project/TombEvader/Content/Maps/L_Desert_Puzzle_1_BuiltData.uasset" 3889
"D:/UE5_Project/TombEvader/Content/Fab/Stylized_Egypt/Textures/building_textures/base_textures/metal/T_metal_Normal.uasset" 3890
"D:/UE5_Project/TombEvader/Content/Sounds/RE_Tomb.uasset" 3891
"D:/UE5_Project/TombEvader/Content/StarterContent/Materials/M_Metal_Gold.uasset" 3892
"D:/UE5_Project/TombEvader/Content/Maps/Sequences/IntroSequence.uasset" 3893
"/Game/Images/MI_HAWK_Hieroglyph" 3894
"D:/UE5_Project/TombEvader/Content/Fab/Stylized_Egypt/Textures/building_textures/base_textures/metal/T_metal_Roughness.uasset" 3895
"D:/UE5_Project/TombEvader/Content/Fab/Stylized_Egypt/Materials/building_materials/base_materials/MI_base_concrete_WPO_Inst.uasset" 3896
"D:/UE5_Project/TombEvader/Content/Fab/Stylized_Egypt/Materials/building_materials/base_materials/M_metal.uasset" 3897
"D:/UE5_Project/TombEvader/Content/Fab/Stylized_Egypt/Textures/building_textures/building_normal_maps/T_wooden_part_02_Normal.uasset" 3898
"D:/UE5_Project/TombEvader/Content/StarterContent/Textures/T_MacroVariation.uasset" 3899
"/Game/Images/MI_CROCODILE_Hieroglyph" 3900
"/Game/Fab/Stylized_Egypt/Meshes/props/SM_egyptian_statue_01" 3901
"/Game/Fab/Stylized_Egypt/Meshes/props/SM_jug_03" 3902
"/Game/Images/MI_COW_Hieroglyph" 3903
"/Game/Images/MI_CAT_Hieroglyph" 3904
"/Game/Fab/Stylized_Egypt/Meshes/props/SM_jug_broken_02" 3905
"/Game/Fab/Stylized_Egypt/Meshes/props/SM_jug_broken_03" 3906
"/Game/Images/MI_JACKAL_Hieroglyph" 3907
"/Game/Images/MI_IBISES_Hieroglyph" 3908
"D:/UE5_Project/TombEvader/Content/Fab/Stylized_Egypt/Materials/building_materials/base_materials/MI_metal_A_Inst.uasset" 3909
"D:/UE5_Project/TombEvader/Content/Sounds/Source/PortalSound.uasset" 3910
"D:/UE5_Project/TombEvader/Content/Maps/_GENERATED/Neo/Combined_DD787965.uasset" 3911
"D:/UE5_Project/TombEvader/Content/Fab/A_Surface_Footstep/Niagara_FX/Materials/M_EnergySmoke.uasset" 3912
"D:/UE5_Project/TombEvader/Content/Fab/A_Surface_Footstep/Niagara_FX/Textures/T_Squib_one_1024_8x8.uasset" 3913
"../../../Engine/Content/Functions/Engine_MaterialFunctions02/ExampleContent/Textures/LowResBlurredNoise.uasset" 3914
"../../../Engine/Content/Functions/Engine_MaterialFunctions02/Utility/VectorToRadialValue.uasset" 3915
"../../../Engine/Content/Functions/Engine_MaterialFunctions01/Gradient/RadialGradientExponential.uasset" 3916
"D:/UE5_Project/TombEvader/Content/Fab/A_Surface_Footstep/Niagara_FX/Textures/T_Squib_one_normal.uasset" 3917
"D:/UE5_Project/TombEvader/Content/Effects/M_Portal.uasset" 3918
"D:/UE5_Project/TombEvader/Content/Effects/NS_Portal.uasset" 3919
"../../../Engine/Content/Functions/Engine_MaterialFunctions01/Density/ExponentialDensity.uasset" 3920
"../../../Engine/Plugins/FX/Niagara/Content/Modules/Update/Forces/GravityForce.uasset" 3921
"../../../Engine/Plugins/FX/Niagara/Content/Functions/ProjectVectorOnPlane.uasset" 3922
"../../../Engine/Plugins/FX/Niagara/Content/Modules/Emitter/SpawnBurst_Instantaneous.uasset" 3923
"../../../Engine/Plugins/FX/Niagara/Content/Modules/Update/Orientation/AlignSpriteToMeshOrientation.uasset" 3924
"../../../Engine/Plugins/FX/Niagara/Content/Modules/Update/Forces/VortexForce.uasset" 3925
"/Game/StarterContent/Materials/M_Metal_Gold" 3926
"/Game/Fab/Stylized_Egypt/Textures/building_textures/base_textures/metal/T_metal_Roughness" 3927
"/Game/Fab/Stylized_Egypt/Textures/building_textures/base_textures/metal/T_metal_Normal" 3928
"/Game/Sounds/RE_Tomb" 3929
"/Game/Sounds/Source/CreepyMusic" 3930
"D:/UE5_Project/TombEvader/Content/Sounds/Classes/SC_Ambient.uasset" 3931
"D:/UE5_Project/TombEvader/Content/Sounds/Classes/SC_Master.uasset" 3932
"D:/UE5_Project/TombEvader/Content/Sounds/Classes/SC_SFX.uasset" 3933
"/Game/Maps/L_Desert_Puzzle_1_BuiltData" 3934
"/Game/Maps/Sequences/IntroSequence" 3935
"/Game/Fab/Stylized_Egypt/Materials/building_materials/base_materials/MI_base_concrete_WPO_Inst" 3936
"/Game/Fab/Stylized_Egypt/Meshes/building/SM_part_ornament_01" 3937
"/Engine/Functions/Engine_MaterialFunctions02/Utility/VectorToRadialValue" 3938
"/Engine/Functions/Engine_MaterialFunctions02/ExampleContent/Textures/LowResBlurredNoise" 3939
"/Game/Fab/A_Surface_Footstep/Niagara_FX/Materials/M_EnergySmoke" 3940
"/Game/Maps/_GENERATED/Neo/Combined_DD787965" 3941
"/Game/Sounds/Source/PortalSound" 3942
"D:/UE5_Project/TombEvader/Content/Sounds/Attenuations/SA_Door.uasset" 3943
"/Game/Fab/Stylized_Egypt/Materials/building_materials/base_materials/MI_metal_A_Inst" 3944
"D:/UE5_Project/TombEvader/Content/Images/M_PictureFrame.uasset" 3945
"D:/UE5_Project/TombEvader/Content/Images/SM_PictureFrame.uasset" 3946
"D:/UE5_Project/TombEvader/Content/Fab/Medieval_Torch__Free_/medieval_torch_free/Materials/Coal.uasset" 3947
"D:/UE5_Project/TombEvader/Content/Fab/Medieval_Torch__Free_/medieval_torch_free/Textures/medieval_torch_free_texture_1.uasset" 3948
"D:/UE5_Project/TombEvader/Content/Fab/Medieval_Torch__Free_/medieval_torch_free/Textures/medieval_torch_free_texture_5.uasset" 3949
"D:/UE5_Project/TombEvader/Content/Fab/Medieval_Torch__Free_/medieval_torch_free/Materials/FancyTorchIron.uasset" 3950
"D:/UE5_Project/TombEvader/Content/Fab/Medieval_Torch__Free_/medieval_torch_free/Textures/medieval_torch_free_texture_8.uasset" 3951
"D:/UE5_Project/TombEvader/Content/Blueprints/PicturePuzzle/BP_PictureManager.uasset" 3952
"D:/UE5_Project/TombEvader/Content/Fab/Medieval_Torch__Free_/medieval_torch_free/Textures/medieval_torch_free_texture_6.uasset" 3953
"D:/UE5_Project/TombEvader/Content/Blueprints/BP_Portal.uasset" 3954
"D:/UE5_Project/TombEvader/Content/Fab/Medieval_Torch__Free_/medieval_torch_free/Textures/medieval_torch_free_texture_11.uasset" 3955
"D:/UE5_Project/TombEvader/Content/Fab/Medieval_Torch__Free_/medieval_torch_free/Materials/FancyTorchLeather.uasset" 3956
"D:/UE5_Project/TombEvader/Content/Fab/Medieval_Torch__Free_/medieval_torch_free/Textures/medieval_torch_free_texture_10.uasset" 3957
"D:/UE5_Project/TombEvader/Content/Fab/Medieval_Torch__Free_/medieval_torch_free/Textures/medieval_torch_free_texture_4.uasset" 3958
"D:/UE5_Project/TombEvader/Content/Fab/Medieval_Torch__Free_/medieval_torch_free/Textures/medieval_torch_free_texture_9.uasset" 3959
"D:/UE5_Project/TombEvader/Content/Fab/Medieval_Torch__Free_/medieval_torch_free/Textures/medieval_torch_free_texture_0.uasset" 3960
"/Game/Effects/NS_Portal" 3961
"D:/UE5_Project/TombEvader/Content/Blueprints/PicturePuzzle/BP_Hieroglyph.uasset" 3962
"D:/UE5_Project/TombEvader/Content/Blueprints/PicturePuzzle/BP_PictureFrameInteractable.uasset" 3963
"D:/UE5_Project/TombEvader/Content/Fab/Medieval_Torch__Free_/medieval_torch_free/Textures/medieval_torch_free_texture_7.uasset" 3964
"D:/UE5_Project/TombEvader/Content/Fab/Medieval_Torch__Free_/medieval_torch_free/Textures/medieval_torch_free_texture_2.uasset" 3965
"D:/UE5_Project/TombEvader/Content/Fab/Medieval_Torch__Free_/medieval_torch_free/Textures/medieval_torch_free_texture_3.uasset" 3966
"../../../Engine/Content/EngineMeshes/BackgroundMaterial.uasset" 3967
"D:/UE5_Project/TombEvader/Content/Fab/Medieval_Torch__Free_/medieval_torch_free/Materials/FancytorchWood.uasset" 3968
"../../Plugins/FX/Niagara/Content/DynamicInputs/UniformRange/V2/RandomRangeFloat.uasset" 3969
"../../Plugins/FX/Niagara/Content/DynamicInputs/ValueFromCurve/FloatFromCurve.uasset" 3970
"../../Plugins/FX/Niagara/Content/Modules/Emitter/EmitterState.uasset" 3971
"../../Plugins/FX/Niagara/Content/Modules/Emitter/SpawnRate.uasset" 3972
"../../Plugins/FX/Niagara/Content/Modules/Solvers/SolveForcesAndVelocity.uasset" 3973
"../../Plugins/FX/Niagara/Content/Modules/Spawn/Initialization/V2/InitializeParticle.uasset" 3974
"../../Plugins/FX/Niagara/Content/Modules/Spawn/Location/V2/ShapeLocation.uasset" 3975
"../../Plugins/FX/Niagara/Content/Modules/Spawn/Velocity/AddVelocity.uasset" 3976
"../../Plugins/FX/Niagara/Content/Modules/System/SystemState.uasset" 3977
"../../Plugins/FX/Niagara/Content/Modules/Update/Color/ScaleColor.uasset" 3978
"../../Plugins/FX/Niagara/Content/Modules/Update/Forces/Drag.uasset" 3979
"../../Plugins/FX/Niagara/Content/Modules/Update/Forces/V2/CurlNoiseForce.uasset" 3980
"../../Plugins/FX/Niagara/Content/Modules/Update/Lifetime/ParticleState.uasset" 3981
"../../Plugins/FX/Niagara/Content/Modules/Update/Material/DynamicMaterialParameters.uasset" 3982
"../../Plugins/FX/Niagara/Content/Modules/Update/SubUV/V2/SubUVAnimation.uasset" 3983
"../../Plugins/FX/Niagara/Content/Enums/Angles/ENiagara_AngleInput.uasset" 3984
"../../Plugins/FX/Niagara/Content/Enums/ENiagara_AttributeSamplingApplyOutput.uasset" 3985
"../../Plugins/FX/Niagara/Content/Enums/ENiagara_ColorInitializationMode.uasset" 3986
"../../Plugins/FX/Niagara/Content/Enums/ENiagara_EmitterStateOptions.uasset" 3987
"../../Plugins/FX/Niagara/Content/Enums/ENiagara_InfiniteLoopDuration.uasset" 3988
"../../Plugins/FX/Niagara/Content/Enums/ENiagara_LifetimeMode.uasset" 3989
"../../Plugins/FX/Niagara/Content/Enums/ENiagara_MassInitializationMode.uasset" 3990
"../../Plugins/FX/Niagara/Content/Enums/ENiagara_PositionInitializationMode.uasset" 3991
"../../Plugins/FX/Niagara/Content/Enums/ENiagara_SizeScaleMode.uasset" 3992
"../../Plugins/FX/Niagara/Content/Enums/ENiagara_SpriteRotationMode.uasset" 3993
"../../Plugins/FX/Niagara/Content/Enums/ENiagara_SubUVLookupModeV2.uasset" 3994
"../../Plugins/FX/Niagara/Content/Enums/ENiagara_UVFlippingMode.uasset" 3995
"../../Plugins/FX/Niagara/Content/Enums/ENiagara_WrapClamp.uasset" 3996
"../../Plugins/FX/Niagara/Content/Enums/ENiagaraChannelCorrelation.uasset" 3997
"../../Plugins/FX/Niagara/Content/Enums/ENiagaraCurlNoiseQuality.uasset" 3998
"../../Plugins/FX/Niagara/Content/Enums/ENiagaraEmitterLifeCycleMode.uasset" 3999
"../../Plugins/FX/Niagara/Content/Enums/ENiagaraEmitterScalabilityMode_Limited.uasset" 4000
"../../Plugins/FX/Niagara/Content/Enums/ENiagaraInactiveMode.uasset" 4001
"../../Plugins/FX/Niagara/Content/Enums/ENiagaraMeshOrSprite.uasset" 4002
"../../Plugins/FX/Niagara/Content/Enums/ENiagaraRandomnessEvaluation.uasset" 4003
"../../Plugins/FX/Niagara/Content/Enums/ENiagaraRandomnessMode.uasset" 4004
"../../Plugins/FX/Niagara/Content/Enums/ENiagaraScaleColorMode.uasset" 4005
"../../Plugins/FX/Niagara/Content/Enums/ENiagaraShapeTorusMode.uasset" 4006
"../../Plugins/FX/Niagara/Content/Enums/ENiagaraSphereDistributionMode.uasset" 4007
"../../Plugins/FX/Niagara/Content/Enums/ENiagaraSystemInactiveMode.uasset" 4008
"../../Plugins/FX/Niagara/Content/Enums/ENiagaraTorusDistributionMode.uasset" 4009
"../../Plugins/FX/Niagara/Content/Enums/Location/ENiagara_BoxPlaneMode.uasset" 4010
"../../Plugins/FX/Niagara/Content/Enums/Location/ENiagara_ConeMode.uasset" 4011
"../../Plugins/FX/Niagara/Content/Enums/Location/ENiagara_CylinderMode.uasset" 4012
"../../Plugins/FX/Niagara/Content/Enums/Location/ENiagara_LocationShapes.uasset" 4013
"../../Plugins/FX/Niagara/Content/Enums/Location/ENiagaraRingDiscMode.uasset" 4014
"../../Plugins/FX/Niagara/Content/Enums/Ribbons/ENiagara_UnsetDirectSet.uasset" 4015
"../../Plugins/FX/Niagara/Content/Enums/Ribbons/ENiagara_UnsetDirectSetRandom.uasset" 4016
"../../Plugins/FX/Niagara/Content/Enums/SpriteRenderer/ENiagara_AutomaticManual.uasset" 4017
"../../Plugins/FX/Niagara/Content/Enums/SpriteRenderer/ENiagara_FPSPlayrate.uasset" 4018
"../../Plugins/FX/Niagara/Content/Enums/Transforms/ENiagara_OffsetMode.uasset" 4019
"../../Plugins/FX/Niagara/Content/Enums/Transforms/ENiagara_RotationMode.uasset" 4020
"../../Plugins/FX/Niagara/Content/Enums/Transforms/ENiagara_ScaleMode.uasset" 4021
"../../Plugins/FX/Niagara/Content/Enums/Transforms/ENiagara_TransformOrder.uasset" 4022
"../../Plugins/FX/Niagara/Content/Enums/Transforms/ENiagara_TransformType.uasset" 4023
"../../Plugins/FX/Niagara/Content/Enums/Utility/ENiagara_DynamicMaterialParametersInputMode.uasset" 4024
"../../Plugins/FX/Niagara/Content/Enums/Utility/ENiagara_VelocityMode.uasset" 4025
"../../Plugins/FX/Niagara/Content/VectorFields/Assets/TilingCurl32.uasset" 4026
"../../Plugins/FX/Niagara/Content/Functions/V2/CalculateRandomRangeFloat.uasset" 4027
"../../Plugins/FX/Niagara/Content/Functions/Emitter/EmitterChangeState.uasset" 4028
"../../Plugins/FX/Niagara/Content/Icons/Modules/T_Icon_Scalability_Emitter.uasset" 4029
"../../Plugins/FX/Niagara/Content/Icons/Modules/T_Icon_Scalability_System.uasset" 4030
"../../Plugins/FX/Niagara/Content/Functions/RandomRangeFloat.uasset" 4031
"../../Plugins/FX/Niagara/Content/Functions/DirectionAndLengthSafe.uasset" 4032
"../../Plugins/FX/Niagara/Content/Functions/Drag/DragVelocity.uasset" 4033
"../../Plugins/FX/Niagara/Content/Functions/Math/CentimeterMeterConversion.uasset" 4034
"../../Plugins/FX/Niagara/Content/Functions/Rotation/MultiplyVectorWithQuaternion.uasset" 4035
"../../Plugins/FX/Niagara/Content/Modules/Solvers/ApplyRotationVector.uasset" 4036
"../../Plugins/FX/Niagara/Content/Icons/Modules/T_Icon_Solver_LimitAccel.uasset" 4037
"../../Plugins/FX/Niagara/Content/Icons/Modules/T_Icon_Solver_LimitSpeed.uasset" 4038
"../../Plugins/FX/Niagara/Content/Icons/Modules/T_Icon_Solver_RotationalSolve.uasset" 4039
"../../Plugins/FX/Niagara/Content/Functions/LinearColor/HueShiftLinearColor.uasset" 4040
"../../Plugins/FX/Niagara/Content/Functions/Localspace/SimulationPosition.uasset" 4041
"../../Plugins/FX/Niagara/Content/Functions/Localspace/TransformVector.uasset" 4042
"../../Plugins/FX/Niagara/Content/Functions/V2/CalculateRandomBool.uasset" 4043
"../../Plugins/FX/Niagara/Content/Functions/V2/CalculateRandomRange.uasset" 4044
"../../Plugins/FX/Niagara/Content/Functions/V2/CalculateRandomRangeInteger.uasset" 4045
"../../Plugins/FX/Niagara/Content/Functions/Localspace/TransformPosition.uasset" 4046
"../../Plugins/FX/Niagara/Content/Functions/Math/CalculateRandomPointInConeSphereIntersection.uasset" 4047
"../../Plugins/FX/Niagara/Content/Functions/Math/SaturateFloat.uasset" 4048
"../../Plugins/FX/Niagara/Content/Functions/NormalizedExecutionIndex.uasset" 4049
"../../Plugins/FX/Niagara/Content/Functions/ParametricTorus.uasset" 4050
"../../Plugins/FX/Niagara/Content/Functions/ParametricTorusKnot.uasset" 4051
"../../Plugins/FX/Niagara/Content/Functions/PolarToCartesianCoordinates.uasset" 4052
"../../Plugins/FX/Niagara/Content/Functions/RandomPointInBox.uasset" 4053
"../../Plugins/FX/Niagara/Content/Functions/Rotation/AngleUnitConverter.uasset" 4054
"../../Plugins/FX/Niagara/Content/Functions/Rotation/RotateVector2D.uasset" 4055
"../../Plugins/FX/Niagara/Content/Functions/Rotation/TransformStack/TransformStack_Rotation.uasset" 4056
"../../Plugins/FX/Niagara/Content/Functions/SphericalToCartesianCoordinates.uasset" 4057
"../../Plugins/FX/Niagara/Content/Functions/V2/RemapRange.uasset" 4058
"../../Plugins/FX/Niagara/Content/Enums/ENiagaraExpansionMode.uasset" 4059
"../../Plugins/FX/Niagara/Content/Functions/Rotation/AxisAngleToQuaternion.uasset" 4060
"../../Plugins/FX/Niagara/Content/Functions/Rotation/FindQuatBetween.uasset" 4061
"../../Plugins/FX/Niagara/Content/Functions/Rotation/InvertQuaternion.uasset" 4062
"../../Plugins/FX/Niagara/Content/Functions/Rotation/MakeQuaternionFrom3BasisVectors.uasset" 4063
"../../Plugins/FX/Niagara/Content/Functions/Rotation/MultiplyQuaternion.uasset" 4064
"../../Plugins/FX/Niagara/Content/Functions/Rotation/XYZRotationToQuaternion.uasset" 4065
"../../Plugins/FX/Niagara/Content/Functions/V2/CalculateRandomUnitVector.uasset" 4066
"../../Plugins/FX/Niagara/Content/Functions/V2/DistanceBasedFalloff.uasset" 4067
"../../Plugins/FX/Niagara/Content/Functions/System/SystemChangeState.uasset" 4068
"../../Plugins/FX/Niagara/Content/Functions/Localspace/PositionToVector.uasset" 4069
"../../Plugins/FX/Niagara/Content/Functions/V2/ConeMask.uasset" 4070
"../../Plugins/FX/Niagara/Content/VectorFields/Assets/TilingCurl16.uasset" 4071
"../../Plugins/FX/Niagara/Content/VectorFields/Assets/TilingCurl64.uasset" 4072
"../../Plugins/FX/Niagara/Content/Functions/NormalizeDistanceRange.uasset" 4073
"../../Plugins/FX/Niagara/Content/Icons/Modules/T_Icon_Particle_InfiniteLife.uasset" 4074
"../../Plugins/FX/Niagara/Content/Functions/Helpers/SetBoolByTimer.uasset" 4075
"../../Plugins/FX/Niagara/Content/Functions/RandomRangeInteger.uasset" 4076
"../../Plugins/FX/Niagara/Content/Enums/ENiagara_SubUVLookupMode.uasset" 4077
"../../Plugins/FX/Niagara/Content/Functions/GetRandomInfo.uasset" 4078
"../../Plugins/FX/Niagara/Content/Functions/Localspace/TransformBase.uasset" 4079
"../../Plugins/FX/Niagara/Content/Functions/IsolateLongestVectorComponent.uasset" 4080
"../../Plugins/FX/Niagara/Content/Functions/Rotation/MatrixToQuaternion.uasset" 4081
"../../Plugins/FX/Niagara/Content/Functions/ChannelMasks/SelectV4Channel.uasset" 4082
"../../Plugins/FX/Niagara/Content/Enums/ENiagaraVector4_Channels.uasset" 4083
"../../Plugins/FX/Niagara/Content/Functions/FindAngleBetweenVectors.uasset" 4084
"D:/UE5_Project/TombEvader/Content/Fab/Medieval_Torch__Free_/medieval_torch_free/StaticMeshes/medieval_torch_free.uasset" 4085
"D:/UE5_Project/TombEvader/Content/StarterContent/Textures/T_Fire_Tiled_D.uasset" 4086
"../../../Engine/Content/Functions/Engine_MaterialFunctions01/Gradient/RadialGradient.uasset" 4087
"D:/UE5_Project/TombEvader/Content/StarterContent/Particles/Materials/M_Heat_Distortion.uasset" 4088
"D:/UE5_Project/TombEvader/Content/StarterContent/Textures/T_Water_N.uasset" 4089
"D:/UE5_Project/TombEvader/Content/StarterContent/Particles/Materials/M_Radial_Gradient.uasset" 4090
"D:/UE5_Project/TombEvader/Content/StarterContent/Textures/T_Fire_SubUV.uasset" 4091
"D:/UE5_Project/TombEvader/Content/StarterContent/Particles/Materials/M_Fire_SubUV.uasset" 4092
"D:/UE5_Project/TombEvader/Content/StarterContent/Textures/T_Smoke_SubUV.uasset" 4093
"/Game/Fab/Medieval_Torch__Free_/medieval_torch_free/Materials/FancyTorchLeather" 4094
"/Game/Fab/Medieval_Torch__Free_/medieval_torch_free/Materials/FancytorchWood" 4095
"/Game/Fab/Medieval_Torch__Free_/medieval_torch_free/Materials/FancyTorchIron" 4096
"/Game/Fab/Medieval_Torch__Free_/medieval_torch_free/Materials/Coal" 4097
"/Game/Blueprints/PicturePuzzle/BP_PictureFrameInteractable" 4098
"D:/UE5_Project/TombEvader/Content/UI/Widgets/InteractInterface.uasset" 4099
"../../../Engine/Content/EditorBlueprintResources/StandardMacros.uasset" 4100
"D:/UE5_Project/TombEvader/Content/Sounds/Source/StoneDoorScrape.uasset" 4101
"D:/UE5_Project/TombEvader/Content/Characters/Mannequins/Anims/Unarmed/ABP_Unarmed.uasset" 4102
"D:/UE5_Project/TombEvader/Content/FirstPerson/Anims/ABP_FP_Copy.uasset" 4103
"D:/UE5_Project/TombEvader/Content/MetaHumans/Common/Face/Face_AnimBP.uasset" 4104
"D:/UE5_Project/TombEvader/Content/Blueprints/GI_TombEvader.uasset" 4105
"D:/UE5_Project/TombEvader/Content/Input/Touch/BPI_TouchInterface.uasset" 4106
"D:/UE5_Project/TombEvader/Content/MetaHumans/Seneca/FemaleHair/Hair/Peachfuzz_M_Thin.uasset" 4107
"D:/UE5_Project/TombEvader/Content/MetaHumans/Seneca/MaleHair/Hair/Beard_S_Full.uasset" 4108
"D:/UE5_Project/TombEvader/Content/MetaHumans/Seneca/MaleHair/Hair/Eyebrows_M_Full.uasset" 4109
"D:/UE5_Project/TombEvader/Content/MetaHumans/Seneca/MaleHair/Hair/Eyelashes_S_Sparse.uasset" 4110
"D:/UE5_Project/TombEvader/Content/MetaHumans/Seneca/MaleHair/Hair/Hair_M_Layered.uasset" 4111
"D:/UE5_Project/TombEvader/Content/MetaHumans/Seneca/MaleHair/Hair/Mustache_S_Full.uasset" 4112
"D:/UE5_Project/TombEvader/Content/MetaHumans/Seneca/FemaleHair/GroomBinding/Peachfuzz_M_Thin_Binding.uasset" 4113
"D:/UE5_Project/TombEvader/Content/MetaHumans/Seneca/MaleHair/GroomBinding/Beard_S_Full_Binding.uasset" 4114
"D:/UE5_Project/TombEvader/Content/MetaHumans/Seneca/MaleHair/GroomBinding/Eyebrows_M_Full_Binding.uasset" 4115
"D:/UE5_Project/TombEvader/Content/MetaHumans/Seneca/MaleHair/GroomBinding/Eyelashes_S_Sparse_Binding.uasset" 4116
"D:/UE5_Project/TombEvader/Content/MetaHumans/Seneca/MaleHair/GroomBinding/Hair_M_Layered_Binding.uasset" 4117
"D:/UE5_Project/TombEvader/Content/MetaHumans/Seneca/MaleHair/GroomBinding/Mustache_S_Full_Binding.uasset" 4118
"D:/UE5_Project/TombEvader/Content/Input/Actions/IA_Interact.uasset" 4119
"D:/UE5_Project/TombEvader/Content/Input/Actions/IA_Jump.uasset" 4120
"D:/UE5_Project/TombEvader/Content/Input/Actions/IA_Look.uasset" 4121
"D:/UE5_Project/TombEvader/Content/Input/Actions/IA_MouseLook.uasset" 4122
"D:/UE5_Project/TombEvader/Content/Input/Actions/IA_Move.uasset" 4123
"D:/UE5_Project/TombEvader/Content/Input/Actions/IA_Pause.uasset" 4124
"D:/UE5_Project/TombEvader/Content/Input/Actions/IA_Sprint.uasset" 4125
"D:/UE5_Project/TombEvader/Content/MetaHumans/Seneca/Materials/Cargopants/M_btm_cargopants.uasset" 4126
"D:/UE5_Project/TombEvader/Content/MetaHumans/Seneca/Materials/Flats/M_shs_flats.uasset" 4127
"D:/UE5_Project/TombEvader/Content/MetaHumans/Seneca/Materials/Hoodie/M_top_hoodie.uasset" 4128
"D:/UE5_Project/TombEvader/Content/MetaHumans/Seneca/Materials/MI_Facial_Hair.uasset" 4129
"D:/UE5_Project/TombEvader/Content/MetaHumans/Seneca/Materials/MI_Facial_Hair1.uasset" 4130
"D:/UE5_Project/TombEvader/Content/MetaHumans/Seneca/Materials/MI_Facial_Hair2.uasset" 4131
"D:/UE5_Project/TombEvader/Content/MetaHumans/Seneca/Materials/MI_Hair.uasset" 4132
"D:/UE5_Project/TombEvader/Content/MetaHumans/Seneca/Materials/MI_Hair1.uasset" 4133
"D:/UE5_Project/TombEvader/Content/MetaHumans/Seneca/Materials/MI_Hair2.uasset" 4134
"D:/UE5_Project/TombEvader/Content/MetaHumans/Seneca/Materials/MI_Hair3.uasset" 4135
"D:/UE5_Project/TombEvader/Content/MetaHumans/Seneca/Materials/MI_Hair4.uasset" 4136
"D:/UE5_Project/TombEvader/Content/MetaHumans/Seneca/Materials/MI_Hair_Cards.uasset" 4137
"D:/UE5_Project/TombEvader/Content/MetaHumans/Seneca/Materials/MI_Hair_Helmet.uasset" 4138
"D:/UE5_Project/TombEvader/Content/MetaHumans/Seneca/Materials/MI_Hair_Helmet1.uasset" 4139
"D:/UE5_Project/TombEvader/Content/MetaHumans/Seneca/Materials/MI_Hair_Helmet2.uasset" 4140
"D:/UE5_Project/TombEvader/Content/MetaHumans/Seneca/Materials/MI_PeachFuzz.uasset" 4141
"D:/UE5_Project/TombEvader/Content/Input/Touch/UI_TouchSimple.uasset" 4142
"D:/UE5_Project/TombEvader/Content/MetaHumans/Common/Male/Medium/NormalWeight/Tops/Hoodie/Meshes/m_med_nrw_top_hoodie_nrm_CtrlRig.uasset" 4143
"D:/UE5_Project/TombEvader/Content/MetaHumans/Common/Male/Tall/UnderWeight/Bottoms/Cargopants/m_tal_unw_btm_cargopants_Cinematic.uasset" 4144
"D:/UE5_Project/TombEvader/Content/MetaHumans/Common/Male/Tall/UnderWeight/Shoes/Flats/Meshes/m_tal_unw_shs_flats_Cinematic.uasset" 4145
"D:/UE5_Project/TombEvader/Content/MetaHumans/Common/Male/Tall/UnderWeight/Tops/Hoodie/Meshes/m_tal_unw_top_hoodie_Cinematic.uasset" 4146
"D:/UE5_Project/TombEvader/Content/MetaHumans/Common/Male/Tall/UnderWeight/Tops/Hoodie/Meshes/m_tal_unw_top_hoodie_strings_Physics.uasset" 4147
"D:/UE5_Project/TombEvader/Content/MetaHumans/Seneca/Body/m_tal_unw_body.uasset" 4148
"D:/UE5_Project/TombEvader/Content/MetaHumans/Seneca/Face/Seneca_FaceMesh.uasset" 4149
"D:/UE5_Project/TombEvader/Content/Sounds/SM_GameMix.uasset" 4150
"D:/UE5_Project/TombEvader/Content/UI/Widgets/CrosshairDotWidget.uasset" 4151
"D:/UE5_Project/TombEvader/Content/UI/Widgets/WBP_PauseMenu.uasset" 4152
"D:/UE5_Project/TombEvader/Content/Characters/Mannequins/Anims/Unarmed/Jump/MM_Fall_Loop.uasset" 4153
"D:/UE5_Project/TombEvader/Content/Characters/Mannequins/Anims/Unarmed/Jump/MM_Jump.uasset" 4154
"D:/UE5_Project/TombEvader/Content/Characters/Mannequins/Anims/Unarmed/Jump/MM_Land.uasset" 4155
"D:/UE5_Project/TombEvader/Content/Characters/Mannequins/Anims/Unarmed/MM_Idle.uasset" 4156
"D:/UE5_Project/TombEvader/Content/Characters/Mannequins/Anims/Unarmed/BS_Idle_Walk_Run.uasset" 4157
"D:/UE5_Project/TombEvader/Content/Characters/Mannequins/Rigs/CR_Mannequin_FootIK.uasset" 4158
"D:/UE5_Project/TombEvader/Content/Characters/Mannequins/Meshes/SK_Mannequin.uasset" 4159
"D:/UE5_Project/TombEvader/Content/FirstPerson/Anims/CtrlRig_FPWarp.uasset" 4160
"D:/UE5_Project/TombEvader/Content/MetaHumans/Common/Common/Mocap/mh_arkit_mapping_pose.uasset" 4161
"D:/UE5_Project/TombEvader/Content/MetaHumans/Common/Face/Face_Archetype_Skeleton.uasset" 4162
"D:/UE5_Project/TombEvader/Content/MetaHumans/Common/Materials/MI_PeachFuzz.uasset" 4163
"D:/UE5_Project/TombEvader/Content/MetaHumans/Common/Materials/MI_Facial_Hair.uasset" 4164
"D:/UE5_Project/TombEvader/Content/MetaHumans/Common/Materials/MI_Hair.uasset" 4165
"D:/UE5_Project/TombEvader/Content/MetaHumans/Common/Materials/MI_Hair_Helmet.uasset" 4166
"D:/UE5_Project/TombEvader/Content/MetaHumans/Common/MaleHair/Textures/Beard_S_Full_CardsAtlas_Attribute.uasset" 4167
"D:/UE5_Project/TombEvader/Content/MetaHumans/Common/MaleHair/Textures/Beard_S_Full_CardsAtlas_Tangent.uasset" 4168
"D:/UE5_Project/TombEvader/Content/MetaHumans/Common/MaleHair/Textures/Helmets/Beard_S_Full_ColorXYDepthGroupID.uasset" 4169
"D:/UE5_Project/TombEvader/Content/MetaHumans/Common/MaleHair/Textures/Helmets/Beard_S_Full_RootUVSeedCoverage.uasset" 4170
"D:/UE5_Project/TombEvader/Content/MetaHumans/Common/MaleHair/Textures/Helmets/Beard_S_Full_TangentCoordU.uasset" 4171
"D:/UE5_Project/TombEvader/Content/MetaHumans/Seneca/MaleHair/Hair/Beard_S_Full_CardsMesh_Group0_LOD0.uasset" 4172
"D:/UE5_Project/TombEvader/Content/MetaHumans/Seneca/MaleHair/Hair/Beard_S_Full_CardsMesh_Group0_LOD1.uasset" 4173
"D:/UE5_Project/TombEvader/Content/MetaHumans/Seneca/MaleHair/Hair/Beard_S_Full_CardsMesh_Group0_LOD2.uasset" 4174
"D:/UE5_Project/TombEvader/Content/MetaHumans/Seneca/MaleHair/Hair/Beard_S_Full_CardsMesh_Group0_LOD3.uasset" 4175
"D:/UE5_Project/TombEvader/Content/MetaHumans/Seneca/MaleHair/Hair/Beard_S_Full_CardsMesh_Group0_LOD4.uasset" 4176
"D:/UE5_Project/TombEvader/Content/MetaHumans/Seneca/MaleHair/Helmets/Beard_S_Full_Helmet_LOD5.uasset" 4177
"D:/UE5_Project/TombEvader/Content/MetaHumans/Seneca/MaleHair/Helmets/Beard_S_Full_Helmet_LOD6.uasset" 4178
"D:/UE5_Project/TombEvader/Content/MetaHumans/Seneca/MaleHair/Helmets/Beard_S_Full_Helmet_LOD7.uasset" 4179
"D:/UE5_Project/TombEvader/Content/MetaHumans/Common/MaleHair/Textures/Eyebrows_M_Full_CardsAtlas_Attribute.uasset" 4180
"D:/UE5_Project/TombEvader/Content/MetaHumans/Common/MaleHair/Textures/Eyebrows_M_Full_CardsAtlas_Tangent.uasset" 4181
"D:/UE5_Project/TombEvader/Content/MetaHumans/Seneca/MaleHair/Hair/Eyebrows_M_Full_CardsMesh_Group0_LOD0.uasset" 4182
"D:/UE5_Project/TombEvader/Content/MetaHumans/Seneca/MaleHair/Hair/Eyebrows_M_Full_CardsMesh_Group0_LOD1.uasset" 4183
"D:/UE5_Project/TombEvader/Content/MetaHumans/Seneca/MaleHair/Hair/Eyebrows_M_Full_CardsMesh_Group0_LOD2.uasset" 4184
"D:/UE5_Project/TombEvader/Content/MetaHumans/Seneca/MaleHair/Hair/Eyebrows_M_Full_CardsMesh_Group0_LOD3.uasset" 4185
"D:/UE5_Project/TombEvader/Content/MetaHumans/Seneca/MaleHair/Hair/Eyebrows_M_Full_CardsMesh_Group0_LOD4.uasset" 4186
"D:/UE5_Project/TombEvader/Content/MetaHumans/Common/Materials/MI_Hair_Cards.uasset" 4187
"D:/UE5_Project/TombEvader/Content/MetaHumans/Common/MaleHair/Textures/Hair_M_Layered_CardsAtlas_Attribute.uasset" 4188
"D:/UE5_Project/TombEvader/Content/MetaHumans/Common/MaleHair/Textures/Hair_M_Layered_CardsAtlas_Tangent.uasset" 4189
"D:/UE5_Project/TombEvader/Content/MetaHumans/Common/MaleHair/Textures/Helmets/Hair_M_Layered_ColorXYDepthGroupID.uasset" 4190
"D:/UE5_Project/TombEvader/Content/MetaHumans/Common/MaleHair/Textures/Helmets/Hair_M_Layered_RooUVSeedCoverage.uasset" 4191
"D:/UE5_Project/TombEvader/Content/MetaHumans/Common/MaleHair/Textures/Helmets/Hair_M_Layered_TangentCoordU.uasset" 4192
"D:/UE5_Project/TombEvader/Content/MetaHumans/Seneca/MaleHair/Hair/Hair_M_Layered_CardsMesh_Group0_LOD0.uasset" 4193
"D:/UE5_Project/TombEvader/Content/MetaHumans/Seneca/MaleHair/Hair/Hair_M_Layered_CardsMesh_Group0_LOD1.uasset" 4194
"D:/UE5_Project/TombEvader/Content/MetaHumans/Seneca/MaleHair/Hair/Hair_M_Layered_CardsMesh_Group0_LOD2.uasset" 4195
"D:/UE5_Project/TombEvader/Content/MetaHumans/Seneca/MaleHair/Hair/Hair_M_Layered_CardsMesh_Group0_LOD3.uasset" 4196
"D:/UE5_Project/TombEvader/Content/MetaHumans/Seneca/MaleHair/Hair/Hair_M_Layered_CardsMesh_Group0_LOD4.uasset" 4197
"D:/UE5_Project/TombEvader/Content/MetaHumans/Seneca/MaleHair/Helmets/Hair_M_Layered_Helmet_LOD5.uasset" 4198
"D:/UE5_Project/TombEvader/Content/MetaHumans/Seneca/MaleHair/Helmets/Hair_M_Layered_Helmet_LOD6.uasset" 4199
"D:/UE5_Project/TombEvader/Content/MetaHumans/Seneca/MaleHair/Helmets/Hair_M_Layered_Helmet_LOD7.uasset" 4200
"D:/UE5_Project/TombEvader/Content/MetaHumans/Common/MaleHair/Textures/Helmets/Mustache_S_Full_ColorXYDepthGroupID1.uasset" 4201
"D:/UE5_Project/TombEvader/Content/MetaHumans/Common/MaleHair/Textures/Helmets/Mustache_S_Full_RooUVSeedCoverage.uasset" 4202
"D:/UE5_Project/TombEvader/Content/MetaHumans/Common/MaleHair/Textures/Helmets/Mustache_S_Full_TangentCoordU.uasset" 4203
"D:/UE5_Project/TombEvader/Content/MetaHumans/Common/MaleHair/Textures/Mustache_S_Full_CardsAtlas_Attribute.uasset" 4204
"D:/UE5_Project/TombEvader/Content/MetaHumans/Common/MaleHair/Textures/Mustache_S_Full_CardsAtlas_Tangent.uasset" 4205
"D:/UE5_Project/TombEvader/Content/MetaHumans/Seneca/MaleHair/Hair/Mustache_S_Full_CardsMesh_Group0_LOD0.uasset" 4206
"D:/UE5_Project/TombEvader/Content/MetaHumans/Seneca/MaleHair/Hair/Mustache_S_Full_CardsMesh_Group0_LOD1.uasset" 4207
"D:/UE5_Project/TombEvader/Content/MetaHumans/Seneca/MaleHair/Hair/Mustache_S_Full_CardsMesh_Group0_LOD2.uasset" 4208
"D:/UE5_Project/TombEvader/Content/MetaHumans/Seneca/MaleHair/Hair/Mustache_S_Full_CardsMesh_Group0_LOD3.uasset" 4209
"D:/UE5_Project/TombEvader/Content/MetaHumans/Seneca/MaleHair/Hair/Mustache_S_Full_CardsMesh_Group0_LOD4.uasset" 4210
"D:/UE5_Project/TombEvader/Content/MetaHumans/Seneca/MaleHair/Helmets/Mustache_S_Full_Helmet_LOD5.uasset" 4211
"D:/UE5_Project/TombEvader/Content/MetaHumans/Seneca/MaleHair/Helmets/Mustache_S_Full_Helmet_LOD6.uasset" 4212
"D:/UE5_Project/TombEvader/Content/MetaHumans/Seneca/MaleHair/Helmets/Mustache_S_Full_Helmet_LOD7.uasset" 4213
"D:/UE5_Project/TombEvader/Content/MetaHumans/Common/Materials/Cargopants/M_btm_cargopants.uasset" 4214
"D:/UE5_Project/TombEvader/Content/MetaHumans/Common/Materials/Cargopants/btm_cargopants_nrm_AO.uasset" 4215
"D:/UE5_Project/TombEvader/Content/MetaHumans/Common/Materials/Cargopants/btm_cargopants_nrm_custom_stitch.uasset" 4216
"D:/UE5_Project/TombEvader/Content/MetaHumans/Common/Materials/Cargopants/btm_cargopants_nrm_Mask.uasset" 4217
"D:/UE5_Project/TombEvader/Content/MetaHumans/Common/Materials/Cargopants/btm_cargopants_nrm_N.uasset" 4218
"D:/UE5_Project/TombEvader/Content/MetaHumans/Common/Materials/Textures/Clothing/Macros/macro_linen_rbess3s_2K.uasset" 4219
"D:/UE5_Project/TombEvader/Content/MetaHumans/Common/Materials/Textures/Clothing/Macros/macro_pilling_A.uasset" 4220
"D:/UE5_Project/TombEvader/Content/MetaHumans/Common/Materials/Textures/Clothing/Micros/micro_jeans_tile_height.uasset" 4221
"D:/UE5_Project/TombEvader/Content/MetaHumans/Common/Materials/Textures/Clothing/Micros/micro_jeans_tile_N.uasset" 4222
"D:/UE5_Project/TombEvader/Content/MetaHumans/Common/Materials/Textures/Clothing/Wrinkles/crease_a_tileable_N.uasset" 4223
"D:/UE5_Project/TombEvader/Content/MetaHumans/Common/Materials/Flats/M_shs_flats.uasset" 4224
"D:/UE5_Project/TombEvader/Content/MetaHumans/Common/Materials/Flats/shs_flats_AO.uasset" 4225
"D:/UE5_Project/TombEvader/Content/MetaHumans/Common/Materials/Flats/shs_flats_Mask.uasset" 4226
"D:/UE5_Project/TombEvader/Content/MetaHumans/Common/Materials/Flats/shs_flats_N.uasset" 4227
"D:/UE5_Project/TombEvader/Content/MetaHumans/Common/Materials/Hoodie/M_top_hoodie.uasset" 4228
"D:/UE5_Project/TombEvader/Content/MetaHumans/Common/Materials/Hoodie/top_hoodie_AO.uasset" 4229
"D:/UE5_Project/TombEvader/Content/MetaHumans/Common/Materials/Hoodie/top_hoodie_Mask.uasset" 4230
"D:/UE5_Project/TombEvader/Content/MetaHumans/Common/Materials/Hoodie/top_hoodie_N.uasset" 4231
"D:/UE5_Project/TombEvader/Content/MetaHumans/Common/Materials/Textures/Clothing/Macros/macro_heather_04.uasset" 4232
"D:/UE5_Project/TombEvader/Content/MetaHumans/Common/Materials/Textures/Clothing/Macros/macro_linen_rbess3s_4K.uasset" 4233
"D:/UE5_Project/TombEvader/Content/MetaHumans/Common/Materials/Textures/Clothing/Micros/micro_doubleKnit_front_AOHCA_M.uasset" 4234
"D:/UE5_Project/TombEvader/Content/MetaHumans/Common/Materials/Textures/Clothing/Micros/micro_knit_front_AOHCA_M.uasset" 4235
"D:/UE5_Project/TombEvader/Content/MetaHumans/Common/Materials/Textures/Clothing/Micros/micro_knit_front_N.uasset" 4236
"D:/UE5_Project/TombEvader/Content/MetaHumans/Common/Materials/HighlightsTextures/HighlightMask_strips.uasset" 4237
"../../../Engine/Content/MobileResources/HUD/VirtualJoystick_Thumb.uasset" 4238
"D:/UE5_Project/TombEvader/Content/Input/Touch/UI_Thumbstick.uasset" 4239
"D:/UE5_Project/TombEvader/Content/MetaHumans/Common/Common/MetaHuman_Clothing_LODSettings_Cinematic.uasset" 4240
"D:/UE5_Project/TombEvader/Content/MetaHumans/Common/Male/Tall/UnderWeight/Tops/Hoodie/Meshes/m_tal_unw_top_hoodie_AnimBP_Cinematic.uasset" 4241
"D:/UE5_Project/TombEvader/Content/MetaHumans/Common/Male/Tall/UnderWeight/Tops/Hoodie/Meshes/m_tal_unw_top_hoodie_bake.uasset" 4242
"D:/UE5_Project/TombEvader/Content/MetaHumans/Common/Materials/RigidBody_PhysicsMaterial.uasset" 4243
"D:/UE5_Project/TombEvader/Content/MetaHumans/Common/Male/Tall/UnderWeight/Body/m_tal_unw_animbp_Cinematic.uasset" 4244
"D:/UE5_Project/TombEvader/Content/MetaHumans/Seneca/Materials/MI_BodySynthesized.uasset" 4245
"D:/UE5_Project/TombEvader/Content/MetaHumans/Common/Common/MetaHuman_LODSettings_Cinematic.uasset" 4246
"D:/UE5_Project/TombEvader/Content/MetaHumans/Common/Male/Tall/UnderWeight/Body/m_tal_unw_body_Physics.uasset" 4247
"D:/UE5_Project/TombEvader/Content/MetaHumans/Seneca/Face/ABP_Seneca_FaceMesh_PostProcess.uasset" 4248
"D:/UE5_Project/TombEvader/Content/MetaHumans/Common/Face/Materials/M_Cartilage.uasset" 4249
"D:/UE5_Project/TombEvader/Content/MetaHumans/Common/Face/Materials/MI_EyeOcclusion_Inst.uasset" 4250
"D:/UE5_Project/TombEvader/Content/MetaHumans/Common/Face/Materials/MI_lacrimal_fluid_Inst.uasset" 4251
"D:/UE5_Project/TombEvader/Content/MetaHumans/Seneca/Face/Materials/Baked/MI_HeadSynthesized_Baked.uasset" 4252
"D:/UE5_Project/TombEvader/Content/MetaHumans/Seneca/Face/Materials/Baked/MI_HeadSynthesized_Baked_LOD1.uasset" 4253
"D:/UE5_Project/TombEvader/Content/MetaHumans/Seneca/Face/Materials/Baked/MI_HeadSynthesized_Baked_LOD2.uasset" 4254
"D:/UE5_Project/TombEvader/Content/MetaHumans/Seneca/Face/Materials/Baked/MI_HeadSynthesized_Baked_LOD3.uasset" 4255
"D:/UE5_Project/TombEvader/Content/MetaHumans/Seneca/Face/Materials/Baked/MI_HeadSynthesized_Baked_LOD4.uasset" 4256
"D:/UE5_Project/TombEvader/Content/MetaHumans/Seneca/Face/Materials/Baked/MI_HeadSynthesized_Baked_LOD5.uasset" 4257
"D:/UE5_Project/TombEvader/Content/MetaHumans/Seneca/Face/Materials/MI_EyeRefractive_Inst_L.uasset" 4258
"D:/UE5_Project/TombEvader/Content/MetaHumans/Seneca/Face/Materials/MI_EyeRefractive_Inst_R.uasset" 4259
"D:/UE5_Project/TombEvader/Content/MetaHumans/Seneca/Materials/M_EyeLash_HigherLODs_Inst.uasset" 4260
"D:/UE5_Project/TombEvader/Content/MetaHumans/Seneca/Materials/M_EyelashLowerLODs_Inst.uasset" 4261
"D:/UE5_Project/TombEvader/Content/MetaHumans/Seneca/Materials/M_TeethCharacterCreator_Inst.uasset" 4262
"D:/UE5_Project/TombEvader/Content/MetaHumans/Common/Common/Face_Archetype_LODSettings_Cinematic.uasset" 4263
"D:/UE5_Project/TombEvader/Content/MetaHumans/Common/Face/Face_Archetype_Physics.uasset" 4264
"D:/UE5_Project/TombEvader/Content/UI/Widgets/crosshair.uasset" 4265
"D:/UE5_Project/TombEvader/Content/UI/BFL_UI_Helpers.uasset" 4266
"D:/UE5_Project/TombEvader/Content/UI/Fonts/Anglodavek_Font.uasset" 4267
"../../../Engine/Content/Animation/DefaultAnimBoneCompressionSettings.uasset" 4268
"../../../Engine/Content/Animation/DefaultAnimCurveCompressionSettings.uasset" 4269
"D:/UE5_Project/TombEvader/Content/FirstPerson/AnimNotify/BP_FootstepNotify.uasset" 4270
"D:/UE5_Project/TombEvader/Content/Characters/Mannequins/Anims/Unarmed/Jog/MF_Unarmed_Jog_Bwd.uasset" 4271
"D:/UE5_Project/TombEvader/Content/Characters/Mannequins/Anims/Unarmed/Jog/MF_Unarmed_Jog_Bwd_Left.uasset" 4272
"D:/UE5_Project/TombEvader/Content/Characters/Mannequins/Anims/Unarmed/Jog/MF_Unarmed_Jog_Bwd_Right.uasset" 4273
"D:/UE5_Project/TombEvader/Content/Characters/Mannequins/Anims/Unarmed/Jog/MF_Unarmed_Jog_Fwd.uasset" 4274
"D:/UE5_Project/TombEvader/Content/Characters/Mannequins/Anims/Unarmed/Jog/MF_Unarmed_Jog_Fwd_Left.uasset" 4275
"D:/UE5_Project/TombEvader/Content/Characters/Mannequins/Anims/Unarmed/Jog/MF_Unarmed_Jog_Fwd_Right.uasset" 4276
"D:/UE5_Project/TombEvader/Content/Characters/Mannequins/Anims/Unarmed/Jog/MF_Unarmed_Jog_Left.uasset" 4277
"D:/UE5_Project/TombEvader/Content/Characters/Mannequins/Anims/Unarmed/Jog/MF_Unarmed_Jog_Right.uasset" 4278
"D:/UE5_Project/TombEvader/Content/Characters/Mannequins/Anims/Unarmed/Walk/MF_Unarmed_Walk_Bwd.uasset" 4279
"D:/UE5_Project/TombEvader/Content/Characters/Mannequins/Anims/Unarmed/Walk/MF_Unarmed_Walk_Bwd_Left.uasset" 4280
"D:/UE5_Project/TombEvader/Content/Characters/Mannequins/Anims/Unarmed/Walk/MF_Unarmed_Walk_Bwd_Right.uasset" 4281
"D:/UE5_Project/TombEvader/Content/Characters/Mannequins/Anims/Unarmed/Walk/MF_Unarmed_Walk_Fwd.uasset" 4282
"D:/UE5_Project/TombEvader/Content/Characters/Mannequins/Anims/Unarmed/Walk/MF_Unarmed_Walk_Fwd_Left.uasset" 4283
"D:/UE5_Project/TombEvader/Content/Characters/Mannequins/Anims/Unarmed/Walk/MF_Unarmed_Walk_Fwd_Right.uasset" 4284
"D:/UE5_Project/TombEvader/Content/Characters/Mannequins/Anims/Unarmed/Walk/MF_Unarmed_Walk_Left.uasset" 4285
"D:/UE5_Project/TombEvader/Content/Characters/Mannequins/Anims/Unarmed/Walk/MF_Unarmed_Walk_Right.uasset" 4286
"D:/UE5_Project/TombEvader/Content/MetaHumans/Common/Common/Mocap/mh_arkit_mapping_anim.uasset" 4287
"D:/UE5_Project/TombEvader/Content/MetaHumans/Common/Materials/M_PeachFuzzMaster.uasset" 4288
"D:/UE5_Project/TombEvader/Content/MetaHumans/Common/Materials/M_Facial_Hair.uasset" 4289
"D:/UE5_Project/TombEvader/Content/MetaHumans/Common/Materials/M_hair_v4.uasset" 4290
"D:/UE5_Project/TombEvader/Content/MetaHumans/Common/Materials/T_Black_Linear.uasset" 4291
"D:/UE5_Project/TombEvader/Content/MetaHumans/Common/Materials/M_fabric_simpler.uasset" 4292
"../../../Engine/Content/MobileResources/HUD/VirtualJoystick_Background.uasset" 4293
"D:/UE5_Project/TombEvader/Content/MetaHumans/Common/Shared/Animation/ABP_Clothing_PostProcess.uasset" 4294
"D:/UE5_Project/TombEvader/Content/MetaHumans/Common/Male/Tall/UnderWeight/Tops/Hoodie/Meshes/m_tal_unw_top_hoodie_Skeleton.uasset" 4295
"D:/UE5_Project/TombEvader/Content/MetaHumans/Common/Common/metahuman_proc_ControlRig.uasset" 4296
"D:/UE5_Project/TombEvader/Content/MetaHumans/Common/Face/HeadMovementIK_Proc_CtrlRig.uasset" 4297
"D:/UE5_Project/TombEvader/Content/MetaHumans/Common/Female/Medium/NormalWeight/Body/metahuman_base_skel.uasset" 4298
"D:/UE5_Project/TombEvader/Content/MetaHumans/Common/Male/Tall/UnderWeight/Poses/m_tal_unw_calf_l_pose.uasset" 4299
"D:/UE5_Project/TombEvader/Content/MetaHumans/Common/Male/Tall/UnderWeight/Poses/m_tal_unw_calf_r_pose.uasset" 4300
"D:/UE5_Project/TombEvader/Content/MetaHumans/Common/Male/Tall/UnderWeight/Poses/m_tal_unw_clavicle_l_pose.uasset" 4301
"D:/UE5_Project/TombEvader/Content/MetaHumans/Common/Male/Tall/UnderWeight/Poses/m_tal_unw_clavicle_r_pose.uasset" 4302
"D:/UE5_Project/TombEvader/Content/MetaHumans/Common/Male/Tall/UnderWeight/Poses/m_tal_unw_foot_l_pose.uasset" 4303
"D:/UE5_Project/TombEvader/Content/MetaHumans/Common/Male/Tall/UnderWeight/Poses/m_tal_unw_foot_r_pose.uasset" 4304
"D:/UE5_Project/TombEvader/Content/MetaHumans/Common/Male/Tall/UnderWeight/Poses/m_tal_unw_hand_l_pose.uasset" 4305
"D:/UE5_Project/TombEvader/Content/MetaHumans/Common/Male/Tall/UnderWeight/Poses/m_tal_unw_hand_r_pose.uasset" 4306
"D:/UE5_Project/TombEvader/Content/MetaHumans/Common/Male/Tall/UnderWeight/Poses/m_tal_unw_index_01_l_pose.uasset" 4307
"D:/UE5_Project/TombEvader/Content/MetaHumans/Common/Male/Tall/UnderWeight/Poses/m_tal_unw_index_01_r_pose.uasset" 4308
"D:/UE5_Project/TombEvader/Content/MetaHumans/Common/Male/Tall/UnderWeight/Poses/m_tal_unw_index_02_l_pose.uasset" 4309
"D:/UE5_Project/TombEvader/Content/MetaHumans/Common/Male/Tall/UnderWeight/Poses/m_tal_unw_index_02_r_pose.uasset" 4310
"D:/UE5_Project/TombEvader/Content/MetaHumans/Common/Male/Tall/UnderWeight/Poses/m_tal_unw_index_03_l_pose.uasset" 4311
"D:/UE5_Project/TombEvader/Content/MetaHumans/Common/Male/Tall/UnderWeight/Poses/m_tal_unw_index_03_r_pose.uasset" 4312
"D:/UE5_Project/TombEvader/Content/MetaHumans/Common/Male/Tall/UnderWeight/Poses/m_tal_unw_lowerarm_l_pose.uasset" 4313
"D:/UE5_Project/TombEvader/Content/MetaHumans/Common/Male/Tall/UnderWeight/Poses/m_tal_unw_lowerarm_r_pose.uasset" 4314
"D:/UE5_Project/TombEvader/Content/MetaHumans/Common/Male/Tall/UnderWeight/Poses/m_tal_unw_middle_01_l_pose.uasset" 4315
"D:/UE5_Project/TombEvader/Content/MetaHumans/Common/Male/Tall/UnderWeight/Poses/m_tal_unw_middle_01_r_pose.uasset" 4316
"D:/UE5_Project/TombEvader/Content/MetaHumans/Common/Male/Tall/UnderWeight/Poses/m_tal_unw_middle_02_l_pose.uasset" 4317
"D:/UE5_Project/TombEvader/Content/MetaHumans/Common/Male/Tall/UnderWeight/Poses/m_tal_unw_middle_02_r_pose.uasset" 4318
"D:/UE5_Project/TombEvader/Content/MetaHumans/Common/Male/Tall/UnderWeight/Poses/m_tal_unw_middle_03_l_pose.uasset" 4319
"D:/UE5_Project/TombEvader/Content/MetaHumans/Common/Male/Tall/UnderWeight/Poses/m_tal_unw_middle_03_r_pose.uasset" 4320
"D:/UE5_Project/TombEvader/Content/MetaHumans/Common/Male/Tall/UnderWeight/Poses/m_tal_unw_pinky_01_l_pose.uasset" 4321
"D:/UE5_Project/TombEvader/Content/MetaHumans/Common/Male/Tall/UnderWeight/Poses/m_tal_unw_pinky_01_r_pose.uasset" 4322
"D:/UE5_Project/TombEvader/Content/MetaHumans/Common/Male/Tall/UnderWeight/Poses/m_tal_unw_pinky_02_l_pose.uasset" 4323
"D:/UE5_Project/TombEvader/Content/MetaHumans/Common/Male/Tall/UnderWeight/Poses/m_tal_unw_pinky_02_r_pose.uasset" 4324
"D:/UE5_Project/TombEvader/Content/MetaHumans/Common/Male/Tall/UnderWeight/Poses/m_tal_unw_pinky_03_l_pose.uasset" 4325
"D:/UE5_Project/TombEvader/Content/MetaHumans/Common/Male/Tall/UnderWeight/Poses/m_tal_unw_pinky_03_r_pose.uasset" 4326
"D:/UE5_Project/TombEvader/Content/MetaHumans/Common/Male/Tall/UnderWeight/Poses/m_tal_unw_ring_01_l_pose.uasset" 4327
"D:/UE5_Project/TombEvader/Content/MetaHumans/Common/Male/Tall/UnderWeight/Poses/m_tal_unw_ring_01_r_pose.uasset" 4328
"D:/UE5_Project/TombEvader/Content/MetaHumans/Common/Male/Tall/UnderWeight/Poses/m_tal_unw_ring_02_l_pose.uasset" 4329
"D:/UE5_Project/TombEvader/Content/MetaHumans/Common/Male/Tall/UnderWeight/Poses/m_tal_unw_ring_02_r_pose.uasset" 4330
"D:/UE5_Project/TombEvader/Content/MetaHumans/Common/Male/Tall/UnderWeight/Poses/m_tal_unw_ring_03_l_pose.uasset" 4331
"D:/UE5_Project/TombEvader/Content/MetaHumans/Common/Male/Tall/UnderWeight/Poses/m_tal_unw_ring_03_r_pose.uasset" 4332
"D:/UE5_Project/TombEvader/Content/MetaHumans/Common/Male/Tall/UnderWeight/Poses/m_tal_unw_thigh_l_pose.uasset" 4333
"D:/UE5_Project/TombEvader/Content/MetaHumans/Common/Male/Tall/UnderWeight/Poses/m_tal_unw_thigh_r_pose.uasset" 4334
"D:/UE5_Project/TombEvader/Content/MetaHumans/Common/Male/Tall/UnderWeight/Poses/m_tal_unw_thumb_01_l_pose.uasset" 4335
"D:/UE5_Project/TombEvader/Content/MetaHumans/Common/Male/Tall/UnderWeight/Poses/m_tal_unw_thumb_01_r_pose.uasset" 4336
"D:/UE5_Project/TombEvader/Content/MetaHumans/Common/Male/Tall/UnderWeight/Poses/m_tal_unw_thumb_02_l_pose.uasset" 4337
"D:/UE5_Project/TombEvader/Content/MetaHumans/Common/Male/Tall/UnderWeight/Poses/m_tal_unw_thumb_02_r_pose.uasset" 4338
"D:/UE5_Project/TombEvader/Content/MetaHumans/Common/Male/Tall/UnderWeight/Poses/m_tal_unw_thumb_03_l_pose.uasset" 4339
"D:/UE5_Project/TombEvader/Content/MetaHumans/Common/Male/Tall/UnderWeight/Poses/m_tal_unw_thumb_03_r_pose.uasset" 4340
"D:/UE5_Project/TombEvader/Content/MetaHumans/Common/Male/Tall/UnderWeight/Poses/m_tal_unw_upperarm_l_pose.uasset" 4341
"D:/UE5_Project/TombEvader/Content/MetaHumans/Common/Male/Tall/UnderWeight/Poses/m_tal_unw_upperarm_r_pose.uasset" 4342
"D:/UE5_Project/TombEvader/Content/MetaHumans/Common/Materials/MI_BodySynthesized.uasset" 4343
"D:/UE5_Project/TombEvader/Content/MetaHumans/Common/Male/Textures/male_002/8K/male_body_cavity_map.uasset" 4344
"D:/UE5_Project/TombEvader/Content/MetaHumans/Common/Male/Textures/male_002/8K/male_body_normal_map.uasset" 4345
"D:/UE5_Project/TombEvader/Content/MetaHumans/Common/Male/Textures/male_002/8K/male_body_roughness_map.uasset" 4346
"D:/UE5_Project/TombEvader/Content/MetaHumans/Common/Male/Textures/Shared/8K/male_body_mask_map.uasset" 4347
"D:/UE5_Project/TombEvader/Content/MetaHumans/Common/Male/Textures/Shared/8K/male_underwear_color_map.uasset" 4348
"D:/UE5_Project/TombEvader/Content/MetaHumans/Seneca/Body/BodyBaseColor.uasset" 4349
"D:/UE5_Project/TombEvader/Content/MetaHumans/Common/Face/Face_PostProcess_AnimBP.uasset" 4350
"D:/UE5_Project/TombEvader/Content/MetaHumans/Common/Face/neckPoses/neckCorr_m_tal_unw_RBFSolver_pose.uasset" 4351
"D:/UE5_Project/TombEvader/Content/MetaHumans/Common/Face/Materials/M_EyeOcclusion.uasset" 4352
"D:/UE5_Project/TombEvader/Content/MetaHumans/Common/Face/Materials/M_lacrimal_fluid.uasset" 4353
"D:/UE5_Project/TombEvader/Content/MetaHumans/Common/Face/Materials/Baked/MI_HeadSynthesized_Baked.uasset" 4354
"D:/UE5_Project/TombEvader/Content/MetaHumans/Common/Face/Textures/Default_SecColors.uasset" 4355
"D:/UE5_Project/TombEvader/Content/MetaHumans/Common/Materials/Textures/T_SkinMicroNormal.uasset" 4356
"D:/UE5_Project/TombEvader/Content/MetaHumans/Common/Textures/T_FlatNormal.uasset" 4357
"D:/UE5_Project/TombEvader/Content/MetaHumans/Seneca/Face/FaceBakedGroomAttributeMap.uasset" 4358
"D:/UE5_Project/TombEvader/Content/MetaHumans/Seneca/Face/FaceBakedGroomRootTipGradientRegionMasks.uasset" 4359
"D:/UE5_Project/TombEvader/Content/MetaHumans/Seneca/Face/FaceCavity_MAIN.uasset" 4360
"D:/UE5_Project/TombEvader/Content/MetaHumans/Seneca/Face/FaceColor_CM1.uasset" 4361
"D:/UE5_Project/TombEvader/Content/MetaHumans/Seneca/Face/FaceColor_CM2.uasset" 4362
"D:/UE5_Project/TombEvader/Content/MetaHumans/Seneca/Face/FaceColor_CM3.uasset" 4363
"D:/UE5_Project/TombEvader/Content/MetaHumans/Seneca/Face/FaceColor_MAIN.uasset" 4364
"D:/UE5_Project/TombEvader/Content/MetaHumans/Seneca/Face/FaceEyeLipstickMask.uasset" 4365
"D:/UE5_Project/TombEvader/Content/MetaHumans/Seneca/Face/FaceFoundationBlusherMask.uasset" 4366
"D:/UE5_Project/TombEvader/Content/MetaHumans/Seneca/Face/FaceNormal_MAIN.uasset" 4367
"D:/UE5_Project/TombEvader/Content/MetaHumans/Seneca/Face/FaceNormal_WM1.uasset" 4368
"D:/UE5_Project/TombEvader/Content/MetaHumans/Seneca/Face/FaceNormal_WM2.uasset" 4369
"D:/UE5_Project/TombEvader/Content/MetaHumans/Seneca/Face/FaceNormal_WM3.uasset" 4370
"D:/UE5_Project/TombEvader/Content/MetaHumans/Seneca/Face/FaceRoughness_MAIN.uasset" 4371
"D:/UE5_Project/TombEvader/Content/MetaHumans/Seneca/Face/T_BakedNormal_LOD3.uasset" 4372
"D:/UE5_Project/TombEvader/Content/MetaHumans/Seneca/Face/T_BakedNormal_LOD4.uasset" 4373
"D:/UE5_Project/TombEvader/Content/MetaHumans/Seneca/Face/FaceBakedGroomAttributeMap_LOD.uasset" 4374
"D:/UE5_Project/TombEvader/Content/MetaHumans/Seneca/Face/FaceBakedGroomRootTipGradientRegionMasks_LOD.uasset" 4375
"D:/UE5_Project/TombEvader/Content/MetaHumans/Seneca/Face/FaceColor_MAIN_LOD.uasset" 4376
"D:/UE5_Project/TombEvader/Content/MetaHumans/Seneca/Face/FaceNormal_MAIN_LOD.uasset" 4377
"D:/UE5_Project/TombEvader/Content/MetaHumans/Seneca/Face/FaceRoughness_MAIN_LOD.uasset" 4378
"D:/UE5_Project/TombEvader/Content/MetaHumans/Seneca/Face/T_BakedNormal_LOD5.uasset" 4379
"D:/UE5_Project/TombEvader/Content/MetaHumans/Common/Face/Materials/MI_EyeRefractive_Inst_L.uasset" 4380
"D:/UE5_Project/TombEvader/Content/MetaHumans/Common/Face/Textures/IrisTextures/iris_001/T_Iris_A_H.uasset" 4381
"D:/UE5_Project/TombEvader/Content/MetaHumans/Common/Face/Textures/IrisTextures/iris_001/T_Iris_A_M.uasset" 4382
"D:/UE5_Project/TombEvader/Content/MetaHumans/Common/Face/Materials/MI_EyeRefractive_Inst_R.uasset" 4383
"D:/UE5_Project/TombEvader/Content/MetaHumans/Common/Materials/M_EyeLash_HigherLODs_Inst.uasset" 4384
"D:/UE5_Project/TombEvader/Content/MetaHumans/Common/MaleHair/Textures/Eyelashes_S_Sparse_Coverage.uasset" 4385
"D:/UE5_Project/TombEvader/Content/MetaHumans/Common/Materials/M_EyelashLowerLODs_Inst.uasset" 4386
"D:/UE5_Project/TombEvader/Content/MetaHumans/Common/Materials/M_TeethCharacterCreator_Inst.uasset" 4387
"D:/UE5_Project/TombEvader/Content/UI/Fonts/Anglodavek.uasset" 4388
"D:/UE5_Project/TombEvader/Content/Sounds/Cues/SC_FootstepsConcrete.uasset" 4389
"D:/UE5_Project/TombEvader/Content/Sounds/Cues/SC_FootstepsSand.uasset" 4390
"../../../Engine/Content/Functions/Engine_MaterialFunctions02/Lerp_Multiple_Float.uasset" 4391
"../../../Engine/Content/Functions/Engine_MaterialFunctions02/Math/TimeWithSpeedVariable.uasset" 4392
"../../../Engine/Content/MapTemplates/TilingNoise05.uasset" 4393
"D:/UE5_Project/TombEvader/Content/MetaHumans/Common/Materials/Textures/skin_bar_color_picker.uasset" 4394
"../../../Engine/Content/Functions/Engine_MaterialFunctions01/Coordinates/WorldUnitsInPixel.uasset" 4395
"../../../Engine/Content/Functions/Engine_MaterialFunctions02/Math/Pi.uasset" 4396
"../../../Engine/Content/Functions/Engine_MaterialFunctions02/SmoothStep.uasset" 4397
"../../../Engine/Content/Functions/Engine_MaterialFunctions02/Texturing/ScreenAlignedPixelToPixelUVs.uasset" 4398
"../../../Engine/Content/Functions/Engine_MaterialFunctions02/Utility/DitherTemporalAA.uasset" 4399
"D:/UE5_Project/TombEvader/Content/MetaHumans/Common/Materials/MF_Hair_Color.uasset" 4400
"D:/UE5_Project/TombEvader/Content/MetaHumans/Common/Materials/MF_Hair_ColorBlending.uasset" 4401
"D:/UE5_Project/TombEvader/Content/MetaHumans/Common/Materials/MF_Hair_SaltAndPeper.uasset" 4402
"D:/UE5_Project/TombEvader/Content/MetaHumans/Common/Materials/MF_Hair_SecondaryColors.uasset" 4403
"D:/UE5_Project/TombEvader/Content/MetaHumans/Common/Materials/MF_HairAnisotropic.uasset" 4404
"D:/UE5_Project/TombEvader/Content/MetaHumans/Common/Materials/MF_RedHairBoost.uasset" 4405
"D:/UE5_Project/TombEvader/Content/MetaHumans/Common/Materials/MF_RGB2YCbCr.uasset" 4406
"D:/UE5_Project/TombEvader/Content/MetaHumans/Common/Materials/MF_Variation.uasset" 4407
"D:/UE5_Project/TombEvader/Content/MetaHumans/Common/Materials/MF_YCbCr2RGB.uasset" 4408
"D:/UE5_Project/TombEvader/Content/MetaHumans/Common/Materials/MF_YCbCrAdjustments_BoostRedness.uasset" 4409
"D:/UE5_Project/TombEvader/Content/MetaHumans/Common/Materials/Textures/TilingNoise05.uasset" 4410
"D:/UE5_Project/TombEvader/Content/MetaHumans/Common/Textures/T_Black_Linear.uasset" 4411
"../../../Engine/Content/Functions/Engine_MaterialFunctions01/Shading/MetallicShading.uasset" 4412
"../../../Engine/Content/Functions/Engine_MaterialFunctions03/Blends/Blend_Lighten.uasset" 4413
"D:/UE5_Project/TombEvader/Content/MetaHumans/Common/Materials/MF_Passthrough.uasset" 4414
"D:/UE5_Project/TombEvader/Content/MetaHumans/Common/Materials/Textures/Clothing/MaterialFunction/MatLayerBlend_Aniso.uasset" 4415
"D:/UE5_Project/TombEvader/Content/MetaHumans/Common/Materials/Textures/Clothing/MaterialFunction/MF_AvgColorReplace.uasset" 4416
"D:/UE5_Project/TombEvader/Content/MetaHumans/Common/Materials/Textures/Clothing/MaterialFunction/MF_PowerVariation.uasset" 4417
"D:/UE5_Project/TombEvader/Content/MetaHumans/Common/Materials/Textures/Clothing/MaterialFunction/MF_PrintGraphic.uasset" 4418
"D:/UE5_Project/TombEvader/Content/MetaHumans/Common/Materials/Textures/Clothing/MaterialFunction/MF_PrintRepeats.uasset" 4419
"D:/UE5_Project/TombEvader/Content/MetaHumans/Common/Materials/Textures/Clothing/upresTest/MF_NormalStrength.uasset" 4420
"D:/UE5_Project/TombEvader/Content/MetaHumans/Common/Materials/Textures/Clothing/clothing_AO.uasset" 4421
"D:/UE5_Project/TombEvader/Content/MetaHumans/Common/Materials/Textures/Clothing/clothing_N.uasset" 4422
"D:/UE5_Project/TombEvader/Content/MetaHumans/Common/Materials/Textures/Clothing/DefaultMaps/black_masks.uasset" 4423
"D:/UE5_Project/TombEvader/Content/MetaHumans/Common/Materials/Textures/Clothing/DefaultMaps/Clothing_Default_Mask.uasset" 4424
"D:/UE5_Project/TombEvader/Content/MetaHumans/Common/Materials/Textures/Clothing/DefaultMaps/color_spectrum.uasset" 4425
"D:/UE5_Project/TombEvader/Content/MetaHumans/Common/Materials/Textures/Clothing/DefaultMaps/WhiteSquareTexture.uasset" 4426
"D:/UE5_Project/TombEvader/Content/MetaHumans/Common/Materials/Textures/Clothing/Macros/macro_pilling_N.uasset" 4427
"D:/UE5_Project/TombEvader/Content/MetaHumans/Common/Materials/Textures/Clothing/Micros/micro_weave_denim_diffuse.uasset" 4428
"D:/UE5_Project/TombEvader/Content/MetaHumans/Common/Materials/Textures/Clothing/Micros/micro_weave_denim_N.uasset" 4429
"D:/UE5_Project/TombEvader/Content/MetaHumans/Common/Materials/Textures/Clothing/Wrinkles/memory_wrinkles_normal.uasset" 4430
"D:/UE5_Project/TombEvader/Content/MetaHumans/Common/Shared/Animation/CR_PlaceHolder.uasset" 4431
"D:/UE5_Project/TombEvader/Content/MetaHumans/Common/Controls/MHGizmoLibrary.uasset" 4432
"D:/UE5_Project/TombEvader/Content/MetaHumans/Common/Male/Tall/UnderWeight/Poses/m_tal_unw_calf_l_anim.uasset" 4433
"D:/UE5_Project/TombEvader/Content/MetaHumans/Common/Male/Tall/UnderWeight/Poses/m_tal_unw_calf_r_anim.uasset" 4434
"D:/UE5_Project/TombEvader/Content/MetaHumans/Common/Male/Tall/UnderWeight/Poses/m_tal_unw_clavicle_l_anim.uasset" 4435
"D:/UE5_Project/TombEvader/Content/MetaHumans/Common/Male/Tall/UnderWeight/Poses/m_tal_unw_clavicle_r_anim.uasset" 4436
"D:/UE5_Project/TombEvader/Content/MetaHumans/Common/Male/Tall/UnderWeight/Poses/m_tal_unw_foot_l_anim.uasset" 4437
"D:/UE5_Project/TombEvader/Content/MetaHumans/Common/Male/Tall/UnderWeight/Poses/m_tal_unw_foot_r_anim.uasset" 4438
"D:/UE5_Project/TombEvader/Content/MetaHumans/Common/Male/Tall/UnderWeight/Poses/m_tal_unw_hand_l_anim.uasset" 4439
"D:/UE5_Project/TombEvader/Content/MetaHumans/Common/Male/Tall/UnderWeight/Poses/m_tal_unw_hand_r_anim.uasset" 4440
"D:/UE5_Project/TombEvader/Content/MetaHumans/Common/Male/Tall/UnderWeight/Poses/m_tal_unw_index_01_l_anim.uasset" 4441
"D:/UE5_Project/TombEvader/Content/MetaHumans/Common/Male/Tall/UnderWeight/Poses/m_tal_unw_index_01_r_anim.uasset" 4442
"D:/UE5_Project/TombEvader/Content/MetaHumans/Common/Male/Tall/UnderWeight/Poses/m_tal_unw_index_02_l_anim.uasset" 4443
"D:/UE5_Project/TombEvader/Content/MetaHumans/Common/Male/Tall/UnderWeight/Poses/m_tal_unw_index_02_r_anim.uasset" 4444
"D:/UE5_Project/TombEvader/Content/MetaHumans/Common/Male/Tall/UnderWeight/Poses/m_tal_unw_index_03_l_anim.uasset" 4445
"D:/UE5_Project/TombEvader/Content/MetaHumans/Common/Male/Tall/UnderWeight/Poses/m_tal_unw_index_03_r_anim.uasset" 4446
"D:/UE5_Project/TombEvader/Content/MetaHumans/Common/Male/Tall/UnderWeight/Poses/m_tal_unw_lowerarm_l_anim.uasset" 4447
"D:/UE5_Project/TombEvader/Content/MetaHumans/Common/Male/Tall/UnderWeight/Poses/m_tal_unw_lowerarm_r_anim.uasset" 4448
"D:/UE5_Project/TombEvader/Content/MetaHumans/Common/Male/Tall/UnderWeight/Poses/m_tal_unw_middle_01_l_anim.uasset" 4449
"D:/UE5_Project/TombEvader/Content/MetaHumans/Common/Male/Tall/UnderWeight/Poses/m_tal_unw_middle_01_r_anim.uasset" 4450
"D:/UE5_Project/TombEvader/Content/MetaHumans/Common/Male/Tall/UnderWeight/Poses/m_tal_unw_middle_02_l_anim.uasset" 4451
"D:/UE5_Project/TombEvader/Content/MetaHumans/Common/Male/Tall/UnderWeight/Poses/m_tal_unw_middle_02_r_anim.uasset" 4452
"D:/UE5_Project/TombEvader/Content/MetaHumans/Common/Male/Tall/UnderWeight/Poses/m_tal_unw_middle_03_l_anim.uasset" 4453
"D:/UE5_Project/TombEvader/Content/MetaHumans/Common/Male/Tall/UnderWeight/Poses/m_tal_unw_middle_03_r_anim.uasset" 4454
"D:/UE5_Project/TombEvader/Content/MetaHumans/Common/Male/Tall/UnderWeight/Poses/m_tal_unw_pinky_01_l_anim.uasset" 4455
"D:/UE5_Project/TombEvader/Content/MetaHumans/Common/Male/Tall/UnderWeight/Poses/m_tal_unw_pinky_01_r_anim.uasset" 4456
"D:/UE5_Project/TombEvader/Content/MetaHumans/Common/Male/Tall/UnderWeight/Poses/m_tal_unw_pinky_02_l_anim.uasset" 4457
"D:/UE5_Project/TombEvader/Content/MetaHumans/Common/Male/Tall/UnderWeight/Poses/m_tal_unw_pinky_02_r_anim.uasset" 4458
"D:/UE5_Project/TombEvader/Content/MetaHumans/Common/Male/Tall/UnderWeight/Poses/m_tal_unw_pinky_03_l_anim.uasset" 4459
"D:/UE5_Project/TombEvader/Content/MetaHumans/Common/Male/Tall/UnderWeight/Poses/m_tal_unw_pinky_03_r_anim.uasset" 4460
"D:/UE5_Project/TombEvader/Content/MetaHumans/Common/Male/Tall/UnderWeight/Poses/m_tal_unw_ring_01_l_anim.uasset" 4461
"D:/UE5_Project/TombEvader/Content/MetaHumans/Common/Male/Tall/UnderWeight/Poses/m_tal_unw_ring_01_r_anim.uasset" 4462
"D:/UE5_Project/TombEvader/Content/MetaHumans/Common/Male/Tall/UnderWeight/Poses/m_tal_unw_ring_02_l_anim.uasset" 4463
"D:/UE5_Project/TombEvader/Content/MetaHumans/Common/Male/Tall/UnderWeight/Poses/m_tal_unw_ring_02_r_anim.uasset" 4464
"D:/UE5_Project/TombEvader/Content/MetaHumans/Common/Male/Tall/UnderWeight/Poses/m_tal_unw_ring_03_l_anim.uasset" 4465
"D:/UE5_Project/TombEvader/Content/MetaHumans/Common/Male/Tall/UnderWeight/Poses/m_tal_unw_ring_03_r_anim.uasset" 4466
"D:/UE5_Project/TombEvader/Content/MetaHumans/Common/Male/Tall/UnderWeight/Poses/m_tal_unw_thigh_l_anim.uasset" 4467
"D:/UE5_Project/TombEvader/Content/MetaHumans/Common/Male/Tall/UnderWeight/Poses/m_tal_unw_thigh_r_anim.uasset" 4468
"D:/UE5_Project/TombEvader/Content/MetaHumans/Common/Male/Tall/UnderWeight/Poses/m_tal_unw_thumb_01_l_anim.uasset" 4469
"D:/UE5_Project/TombEvader/Content/MetaHumans/Common/Male/Tall/UnderWeight/Poses/m_tal_unw_thumb_01_r_anim.uasset" 4470
"D:/UE5_Project/TombEvader/Content/MetaHumans/Common/Male/Tall/UnderWeight/Poses/m_tal_unw_thumb_02_l_anim.uasset" 4471
"D:/UE5_Project/TombEvader/Content/MetaHumans/Common/Male/Tall/UnderWeight/Poses/m_tal_unw_thumb_02_r_anim.uasset" 4472
"D:/UE5_Project/TombEvader/Content/MetaHumans/Common/Male/Tall/UnderWeight/Poses/m_tal_unw_thumb_03_l_anim.uasset" 4473
"D:/UE5_Project/TombEvader/Content/MetaHumans/Common/Male/Tall/UnderWeight/Poses/m_tal_unw_thumb_03_r_anim.uasset" 4474
"D:/UE5_Project/TombEvader/Content/MetaHumans/Common/Male/Tall/UnderWeight/Poses/m_tal_unw_upperarm_l_anim.uasset" 4475
"D:/UE5_Project/TombEvader/Content/MetaHumans/Common/Male/Tall/UnderWeight/Poses/m_tal_unw_upperarm_r_anim.uasset" 4476
"D:/UE5_Project/TombEvader/Content/MetaHumans/Common/Materials/M_BodySkin.uasset" 4477
"D:/UE5_Project/TombEvader/Content/MetaHumans/Common/Face/SubsurfaceProfiles/SSP_Head.uasset" 4478
"D:/UE5_Project/TombEvader/Content/MetaHumans/Common/Face/Neck_CtrlRig.uasset" 4479
"D:/UE5_Project/TombEvader/Content/MetaHumans/Common/Face/neckPoses/neckCorr_m_tal_unw_RBFSolver_anim.uasset" 4480
"D:/UE5_Project/TombEvader/Content/MetaHumans/Common/Face/MaterialFunctions/MF_PathTracingQualitySwitch.uasset" 4481
"D:/UE5_Project/TombEvader/Content/MetaHumans/Common/Face/Textures/T_lacrimal_h.uasset" 4482
"D:/UE5_Project/TombEvader/Content/MetaHumans/Common/Face/Textures/T_lacrimal_n.uasset" 4483
"D:/UE5_Project/TombEvader/Content/MetaHumans/Common/Face/Materials/Baked/M_Head_Baked.uasset" 4484
"D:/UE5_Project/TombEvader/Content/MetaHumans/Common/Face/Materials/M_EyeRefractive.uasset" 4485
"D:/UE5_Project/TombEvader/Content/MetaHumans/Common/Face/SubsurfaceProfiles/SSP_Eye_Inner.uasset" 4486
"D:/UE5_Project/TombEvader/Content/MetaHumans/Common/Materials/M_Eyelashes_Cards.uasset" 4487
"D:/UE5_Project/TombEvader/Content/MetaHumans/Common/Materials/M_Teeth.uasset" 4488
"D:/UE5_Project/TombEvader/Content/MetaHumans/Common/Materials/SP_TeethCharacterCreator.uasset" 4489
"D:/UE5_Project/TombEvader/Content/Fab/Essential_Foosteps_SK/WAV/Concrete/Footstep_Concrete_Boots_Jog_1.uasset" 4490
"D:/UE5_Project/TombEvader/Content/Fab/Essential_Foosteps_SK/WAV/Concrete/Footstep_Concrete_Boots_Jog_2.uasset" 4491
"D:/UE5_Project/TombEvader/Content/Fab/Essential_Foosteps_SK/WAV/Concrete/Footstep_Concrete_Boots_Jog_3.uasset" 4492
"D:/UE5_Project/TombEvader/Content/Fab/Essential_Foosteps_SK/WAV/Concrete/Footstep_Concrete_Boots_Jog_4.uasset" 4493
"D:/UE5_Project/TombEvader/Content/Fab/Essential_Foosteps_SK/WAV/Concrete/Footstep_Concrete_Boots_Jog_5.uasset" 4494
"D:/UE5_Project/TombEvader/Content/Fab/Essential_Foosteps_SK/WAV/Concrete/Footstep_Concrete_Boots_Jog_6.uasset" 4495
"D:/UE5_Project/TombEvader/Content/Fab/Essential_Foosteps_SK/WAV/Concrete/Footstep_Concrete_Boots_Jog_7.uasset" 4496
"D:/UE5_Project/TombEvader/Content/Fab/Essential_Foosteps_SK/WAV/Concrete/Footstep_Concrete_Boots_Jog_8.uasset" 4497
"D:/UE5_Project/TombEvader/Content/Sounds/Attenuations/SA_Footsteps.uasset" 4498
"D:/UE5_Project/TombEvader/Content/Fab/Essential_Foosteps_SK/WAV/Sand/Footstep_Sand_Boots_Run_1.uasset" 4499
"D:/UE5_Project/TombEvader/Content/Fab/Essential_Foosteps_SK/WAV/Sand/Footstep_Sand_Boots_Run_2.uasset" 4500
"D:/UE5_Project/TombEvader/Content/Fab/Essential_Foosteps_SK/WAV/Sand/Footstep_Sand_Boots_Run_3.uasset" 4501
"D:/UE5_Project/TombEvader/Content/Fab/Essential_Foosteps_SK/WAV/Sand/Footstep_Sand_Boots_Run_4.uasset" 4502
"D:/UE5_Project/TombEvader/Content/Fab/Essential_Foosteps_SK/WAV/Sand/Footstep_Sand_Boots_Run_5.uasset" 4503
"D:/UE5_Project/TombEvader/Content/Fab/Essential_Foosteps_SK/WAV/Sand/Footstep_Sand_Boots_Run_6.uasset" 4504
"D:/UE5_Project/TombEvader/Content/Fab/Essential_Foosteps_SK/WAV/Sand/Footstep_Sand_Boots_Run_7.uasset" 4505
"D:/UE5_Project/TombEvader/Content/Fab/Essential_Foosteps_SK/WAV/Sand/Footstep_Sand_Boots_Run_8.uasset" 4506
"D:/UE5_Project/TombEvader/Content/MetaHumans/Common/Materials/DefaultTexture_LinearColor.uasset" 4507
"D:/UE5_Project/TombEvader/Content/MetaHumans/Common/Textures/DefaultTexture_VT.uasset" 4508
"D:/UE5_Project/TombEvader/Content/MetaHumans/Common/Textures/T_BodyHideMask.uasset" 4509
"../../../Engine/Content/Functions/Engine_MaterialFunctions02/Utility/MakeFloat4.uasset" 4510
"D:/UE5_Project/TombEvader/Content/MetaHumans/Common/Face/MaterialFunctions/Grooms/MF_BakedGroomTexturesCombined.uasset" 4511
"D:/UE5_Project/TombEvader/Content/MetaHumans/Common/Face/MaterialFunctions/Head/MF_HeadMask_01.uasset" 4512
"D:/UE5_Project/TombEvader/Content/MetaHumans/Common/Face/MaterialFunctions/Head/MF_HeadMask_01A.uasset" 4513
"D:/UE5_Project/TombEvader/Content/MetaHumans/Common/Face/MaterialFunctions/Head/MF_HeadMask_02.uasset" 4514
"D:/UE5_Project/TombEvader/Content/MetaHumans/Common/Face/MaterialFunctions/Head/MF_HeadMask_02A.uasset" 4515
"D:/UE5_Project/TombEvader/Content/MetaHumans/Common/Face/MaterialFunctions/Head/MF_HeadMask_03.uasset" 4516
"D:/UE5_Project/TombEvader/Content/MetaHumans/Common/Face/MaterialFunctions/Head/MF_HeadMask_03A.uasset" 4517
"D:/UE5_Project/TombEvader/Content/MetaHumans/Common/Face/MaterialFunctions/Head/MF_HeadMask_TexArraySample.uasset" 4518
"D:/UE5_Project/TombEvader/Content/MetaHumans/Common/Face/MaterialFunctions/Head/MF_RoughnessMult.uasset" 4519
"D:/UE5_Project/TombEvader/Content/MetaHumans/Common/Face/MaterialFunctions/MF_AnimatedMaps.uasset" 4520
"D:/UE5_Project/TombEvader/Content/MetaHumans/Common/Face/ArtistDelights/SkinAccents/T_SkinAccentRegions_002.uasset" 4521
"D:/UE5_Project/TombEvader/Content/MetaHumans/Common/Face/Textures/RoughnessRegionsMasks/T_RoughnessRegions_001.uasset" 4522
"D:/UE5_Project/TombEvader/Content/MetaHumans/Common/Face/Textures/RoughnessRegionsMasks/T_RoughnessRegions_002.uasset" 4523
"D:/UE5_Project/TombEvader/Content/MetaHumans/Common/Face/Textures/RoughnessRegionsMasks/T_RoughnessRegions_003.uasset" 4524
"D:/UE5_Project/TombEvader/Content/MetaHumans/Common/Face/Textures/RoughnessRegionsMasks/T_RoughnessRegions_004.uasset" 4525
"D:/UE5_Project/TombEvader/Content/MetaHumans/Common/Face/Textures/RoughnessRegionsMasks/T_RoughnessRegions_005.uasset" 4526
"D:/UE5_Project/TombEvader/Content/MetaHumans/Common/Face/Textures/RoughnessRegionsMasks/T_RoughnessRegions_006.uasset" 4527
"D:/UE5_Project/TombEvader/Content/MetaHumans/Common/Face/Textures/RoughnessRegionsMasks/T_RoughnessRegions_007.uasset" 4528
"D:/UE5_Project/TombEvader/Content/MetaHumans/Common/Face/Textures/T_1x1_BakedGroomTextureBase.uasset" 4529
"D:/UE5_Project/TombEvader/Content/MetaHumans/Common/Face/Textures/T_DefaultTextureLinear.uasset" 4530
"D:/UE5_Project/TombEvader/Content/MetaHumans/Common/Face/Textures/T_MH_BentNormal_AO.uasset" 4531
"D:/UE5_Project/TombEvader/Content/MetaHumans/Common/Face/Textures/Utilities/AnimMasks/T_head_wm13_msk_01.uasset" 4532
"D:/UE5_Project/TombEvader/Content/MetaHumans/Common/Face/Textures/Utilities/AnimMasks/T_head_wm1_msk_01.uasset" 4533
"D:/UE5_Project/TombEvader/Content/MetaHumans/Common/Face/Textures/Utilities/AnimMasks/T_head_wm1_msk_02.uasset" 4534
"D:/UE5_Project/TombEvader/Content/MetaHumans/Common/Face/Textures/Utilities/AnimMasks/T_head_wm1_msk_03.uasset" 4535
"D:/UE5_Project/TombEvader/Content/MetaHumans/Common/Face/Textures/Utilities/AnimMasks/T_head_wm1_msk_04.uasset" 4536
"D:/UE5_Project/TombEvader/Content/MetaHumans/Common/Face/Textures/Utilities/AnimMasks/T_head_wm2_msk_01.uasset" 4537
"D:/UE5_Project/TombEvader/Content/MetaHumans/Common/Face/Textures/Utilities/AnimMasks/T_head_wm2_msk_02.uasset" 4538
"D:/UE5_Project/TombEvader/Content/MetaHumans/Common/Face/Textures/Utilities/AnimMasks/T_head_wm2_msk_03.uasset" 4539
"D:/UE5_Project/TombEvader/Content/MetaHumans/Common/Face/Textures/Utilities/AnimMasks/T_head_wm3_msk_01.uasset" 4540
"D:/UE5_Project/TombEvader/Content/MetaHumans/Common/Face/Textures/Utilities/AnimMasks/T_head_wm3_msk_02.uasset" 4541
"D:/UE5_Project/TombEvader/Content/MetaHumans/Common/Face/Textures/Utilities/AnimMasks/T_head_wm_msk_Array.uasset" 4542
"../../../Engine/Content/Functions/Engine_MaterialFunctions02/Lerp_3Color.uasset" 4543
"../../../Engine/Content/Functions/Engine_MaterialFunctions02/Math/InverseTransformMatrix.uasset" 4544
"../../../Engine/Content/Functions/Engine_MaterialFunctions02/Math/TransformToZVector.uasset" 4545
"../../../Engine/Content/Functions/Engine_MaterialFunctions02/TangentBasis.uasset" 4546
"D:/UE5_Project/TombEvader/Content/MetaHumans/Common/Face/MaterialFunctions/Eye/MF_EyeRefraction.uasset" 4547
"D:/UE5_Project/TombEvader/Content/MetaHumans/Common/Face/MaterialFunctions/Eye/MF_IrisGenerator.uasset" 4548
"D:/UE5_Project/TombEvader/Content/MetaHumans/Common/Face/MaterialFunctions/Eye/MF_IrisUVMask.uasset" 4549
"D:/UE5_Project/TombEvader/Content/MetaHumans/Common/Face/MaterialFunctions/Eye/MF_ParallaxOcclusionMappingEye.uasset" 4550
"D:/UE5_Project/TombEvader/Content/MetaHumans/Common/Face/MaterialFunctions/Eye/MF_RefractionDirection.uasset" 4551
"../../../Engine/Content/EngineVolumetrics/Fogsheet/Materials/T_EV_BlankWhite_01.uasset" 4552
"D:/UE5_Project/TombEvader/Content/MetaHumans/Common/Face/Textures/T_Eye_N.uasset" 4553
"D:/UE5_Project/TombEvader/Content/MetaHumans/Common/Face/Textures/T_EyeMidPlaneDisplacement.uasset" 4554
"D:/UE5_Project/TombEvader/Content/MetaHumans/Common/Face/Textures/T_iris_color_picker.uasset" 4555
"D:/UE5_Project/TombEvader/Content/MetaHumans/Common/Face/Textures/T_Sclera_D.uasset" 4556
"D:/UE5_Project/TombEvader/Content/MetaHumans/Common/Face/Textures/T_Sclera_N.uasset" 4557
"D:/UE5_Project/TombEvader/Content/MetaHumans/Common/Face/Textures/T_sclera_tint_picker.uasset" 4558
"D:/UE5_Project/TombEvader/Content/MetaHumans/Common/Face/Textures/T_TilingNoise_001.uasset" 4559
"D:/UE5_Project/TombEvader/Content/MetaHumans/Common/Face/Textures/T_Veins_D.uasset" 4560
"../../../Engine/Content/Functions/Engine_MaterialFunctions02/Masking/ThresholdWithRange.uasset" 4561
"../../../Engine/Content/Functions/Engine_MaterialFunctions02/Utility/CustomReflectionVector.uasset" 4562
"D:/UE5_Project/TombEvader/Content/MetaHumans/Common/Materials/Textures/gums_color_picker.uasset" 4563
"D:/UE5_Project/TombEvader/Content/MetaHumans/Common/Materials/Textures/gums_div_001.uasset" 4564
"D:/UE5_Project/TombEvader/Content/MetaHumans/Common/Materials/Textures/plaque_color_picker.uasset" 4565
"D:/UE5_Project/TombEvader/Content/MetaHumans/Common/Materials/Textures/skin_n.uasset" 4566
"D:/UE5_Project/TombEvader/Content/MetaHumans/Common/Materials/Textures/T_Teeth_mouthOcc.uasset" 4567
"D:/UE5_Project/TombEvader/Content/MetaHumans/Common/Materials/Textures/teeth_color_map_001.uasset" 4568
"D:/UE5_Project/TombEvader/Content/MetaHumans/Common/Materials/Textures/teeth_color_picker_001.uasset" 4569
"D:/UE5_Project/TombEvader/Content/MetaHumans/Common/Materials/Textures/teeth_masks_001.uasset" 4570
"D:/UE5_Project/TombEvader/Content/MetaHumans/Common/Materials/Textures/teeth_normal_map.uasset" 4571
"D:/UE5_Project/TombEvader/Content/MetaHumans/Common/Materials/Textures/teeth_sharpNormal_map.uasset" 4572
"D:/UE5_Project/TombEvader/Content/MetaHumans/Common/Materials/Textures/TeethGumsNormal.uasset" 4573
"D:/UE5_Project/TombEvader/Content/MetaHumans/Common/Face/Textures/Utilities/AnimMasks/T_head_wm1_msk_04a.uasset" 4574
"D:/UE5_Project/TombEvader/Content/MetaHumans/Common/Face/Textures/Utilities/AnimMasks/T_head_wm2_msk_03a.uasset" 4575
"/HairStrands/Emitters/StableSpringsSystem" 4576
"../../Plugins/Runtime/HairStrands/Content/Emitters/StableSpringsSystem.uasset" 4577
"../../Plugins/Runtime/HairStrands/Content/Materials/NiagaraHairMaterial.uasset" 4578
"../../Plugins/Runtime/HairStrands/Content/Emitters/StableSpringsEmitter.uasset" 4579
"../../Plugins/Runtime/HairStrands/Content/Emitters/AdvanceGroomState.uasset" 4580
"../../Plugins/Runtime/HairStrands/Content/Emitters/AttachGroomRoots.uasset" 4581
"../../Plugins/Runtime/HairStrands/Content/Emitters/ReportGroomPosition.uasset" 4582
"../../Plugins/Runtime/HairStrands/Content/Emitters/ResetGroomPoints.uasset" 4583
"../../Plugins/Runtime/HairStrands/Content/Emitters/RewindStableState.uasset" 4584
"../../Plugins/Runtime/HairStrands/Content/Emitters/SetGroomLocation.uasset" 4585
"../../Plugins/Runtime/HairStrands/Content/Emitters/SetupGridDatas.uasset" 4586
"../../Plugins/Runtime/HairStrands/Content/Emitters/SetupGroomPhysics.uasset" 4587
"../../Plugins/Runtime/HairStrands/Content/Emitters/SpawnStableNodes.uasset" 4588
"../../Plugins/Runtime/HairStrands/Content/Emitters/StoreGroomState.uasset" 4589
"../../Plugins/Runtime/HairStrands/Content/Emitters/TransferGridVelocity.uasset" 4590
"../../Plugins/Runtime/HairStrands/Content/Emitters/UpdateGridVelocity.uasset" 4591
"../../Plugins/Runtime/HairStrands/Content/Emitters/AdvectGroomState.uasset" 4592
"../../Plugins/Runtime/HairStrands/Content/Emitters/IncrementStepIndex.uasset" 4593
"../../Plugins/Runtime/HairStrands/Content/Emitters/InterpolateGroomRoots.uasset" 4594
"../../Plugins/Runtime/HairStrands/Content/Emitters/ProjectGroomState.uasset" 4595
"../../Plugins/Runtime/HairStrands/Content/Emitters/SolveGroomState.uasset" 4596
"../../Plugins/FX/Niagara/Content/Functions/Rotation/SlerpQuaternion.uasset" 4597
"../../Plugins/Runtime/HairStrands/Content/Emitters/ExtractSharedOrientation.uasset" 4598
"../../Plugins/Runtime/HairStrands/Content/Emitters/ExtractSharedPosition.uasset" 4599
"../../Plugins/Runtime/HairStrands/Content/Emitters/ProjectRodConstraints.uasset" 4600
"../../Plugins/Runtime/HairStrands/Content/Emitters/ProjectSpringConstraints.uasset" 4601
"../../Plugins/Runtime/HairStrands/Content/Emitters/ReportSharedOrientation.uasset" 4602
"../../Plugins/Runtime/HairStrands/Content/Emitters/ReportSharedPosition.uasset" 4603
"../../Plugins/Runtime/HairStrands/Content/Emitters/SolveRodConstraints.uasset" 4604
"../../Plugins/Runtime/HairStrands/Content/Emitters/SolveSpringConstraints.uasset" 4605
"../../Plugins/FX/Niagara/Content/Functions/Rotation/AngleBetweenQuaternions.uasset" 4606
"../../Plugins/FX/Niagara/Content/Functions/Trig/SinXoverXinRadians.uasset" 4607
"D:/UE5_Project/TombEvader/Content/StarterContent/Particles/Materials/M_smoke_subUV.uasset" 4608
"D:/UE5_Project/TombEvader/Content/StarterContent/Textures/T_Smoke_Tiled_D.uasset" 4609
"D:/UE5_Project/TombEvader/Content/StarterContent/Particles/P_Fire.uasset" 4610
"D:/UE5_Project/TombEvader/Content/Blueprints/BP_StandingTorch.uasset" 4611
"D:/UE5_Project/TombEvader/Content/Fab/Stylized_Egypt/Meshes/building/SM_building_part_05.uasset" 4612
"D:/UE5_Project/TombEvader/Content/Blueprints/PicturePuzzle/BP_TombEntrance.uasset" 4613
"../../../Engine/Plugins/FX/Niagara/Content/DynamicInputs/UniformRange/V2/RandomRangeVector.uasset" 4614
"D:/UE5_Project/TombEvader/Content/Fab/TorchFire/Texture/T_Smoke_A.uasset" 4615
"D:/UE5_Project/TombEvader/Content/Fab/TorchFire/Material/M_Spark.uasset" 4616
"D:/UE5_Project/TombEvader/Content/Fab/TorchFire/Texture/T_TorchFire.uasset" 4617
"D:/UE5_Project/TombEvader/Content/Fab/TorchFire/Material/M_TorchFire.uasset" 4618
"../../../Engine/Plugins/FX/Niagara/Content/Functions/Math/Waveforms/CalculateWaveform.uasset" 4619
"../../../Engine/Plugins/FX/Niagara/Content/DynamicInputs/Multiply/Multiply_Vector2D_ByFloat.uasset" 4620
"../../../Engine/Plugins/FX/Niagara/Content/Enums/SpriteRenderer/ENiagara_ScaleSpriteSize.uasset" 4621
"../../../Engine/Plugins/FX/Niagara/Content/Enums/ENiagara_Waveforms.uasset" 4622
"../../../Engine/Plugins/FX/Niagara/Content/Enums/ENiagara_WaveformCount.uasset" 4623
"../../../Engine/Plugins/FX/Niagara/Content/Modules/Update/Forces/AccelerationForce.uasset" 4624
"D:/UE5_Project/TombEvader/Content/Fab/TorchFire/Material/M_Smoke.uasset" 4625
"D:/UE5_Project/TombEvader/Content/Fab/TorchFire/Texture/T_Spark.uasset" 4626
"../../../Engine/Plugins/FX/Niagara/Content/DynamicInputs/Helpers/Waveform.uasset" 4627
"../../../Engine/Plugins/FX/Niagara/Content/Modules/Update/Camera/CameraOffset.uasset" 4628
"../../../Engine/Plugins/FX/Niagara/Content/Modules/Update/Size/ScaleSpriteSize.uasset" 4629
"D:/UE5_Project/TombEvader/Content/Fab/TorchFire/Texture/T_Smoke_B.uasset" 4630
"/Game/StarterContent/Textures/T_Fire_SubUV" 4631
"/Game/StarterContent/Textures/T_Fire_Tiled_D" 4632
"/Game/StarterContent/Textures/T_Water_N" 4633
"/Engine/Functions/Engine_MaterialFunctions01/Gradient/RadialGradient" 4634
"/Game/StarterContent/Textures/T_Smoke_SubUV" 4635
"/Game/StarterContent/Textures/T_Smoke_Tiled_D" 4636
"/Game/Fab/TorchFire/Texture/T_Smoke_A" 4637
"/Game/Fab/TorchFire/Texture/T_Smoke_B" 4638
"/Game/Fab/TorchFire/Texture/T_Spark" 4639
"/Game/Fab/TorchFire/Texture/T_TorchFire" 4640
"/Niagara/Functions/Math/Waveforms/CalculateWaveform" 4641
"/Game/StarterContent/Particles/Materials/M_Fire_SubUV" 4642
"/Game/StarterContent/Particles/Materials/M_Heat_Distortion" 4643
"/Game/StarterContent/Particles/Materials/M_Radial_Gradient" 4644
"/Game/StarterContent/Particles/Materials/M_smoke_subUV" 4645
"/Niagara/DynamicInputs/UniformRange/V2/RandomRangeVector" 4646
"/Niagara/Modules/Update/Camera/CameraOffset" 4647
"/Niagara/Modules/Update/Forces/AccelerationForce" 4648
"/Niagara/Modules/Update/Size/ScaleSpriteSize" 4649
"/Game/Fab/TorchFire/Material/M_Smoke" 4650
"/Game/Fab/TorchFire/Material/M_Spark" 4651
"/Game/Fab/TorchFire/Material/M_TorchFire" 4652
"/Niagara/DynamicInputs/Helpers/Waveform" 4653
"../../Plugins/FX/Niagara/Content/Enums/ENiagara_WaveformBlendMode.uasset" 4654
"/Niagara/DynamicInputs/Multiply/Multiply_Vector2D_ByFloat" 4655
"/Game/Fab/Medieval_Torch__Free_/medieval_torch_free/StaticMeshes/medieval_torch_free" 4656
"/Game/StarterContent/Particles/P_Fire" 4657
"/Game/Blueprints/BP_StandingTorch" 4658
"D:/UE5_Project/TombEvader/Content/Sounds/Attenuations/SA_Torch.uasset" 4659
"D:/UE5_Project/TombEvader/Content/Sounds/Source/FireCrackling.uasset" 4660
"/Game/Blueprints/PicturePuzzle/BP_TombEntrance" 4661
"../../../Engine/Plugins/FX/Niagara/Content/DynamicInputs/TypeConversions/VectorFromFloat.uasset" 4662
"../../../Engine/Plugins/FX/Niagara/Content/DynamicInputs/Multiply/Multiply_Float.uasset" 4663
"D:/UE5_Project/TombEvader/Content/Fab/TorchFire/FX/NS_TorchFire_Standard.uasset" 4664
"D:/UE5_Project/TombEvader/Content/Fab/Medieval_Torch/medieval_torch/Textures/medieval_torch_texture_2.uasset" 4665
"/Niagara/DynamicInputs/TypeConversions/VectorFromFloat" 4666
"D:/UE5_Project/TombEvader/Content/Fab/Medieval_Torch/medieval_torch/Textures/medieval_torch_texture_1.uasset" 4667
"D:/UE5_Project/TombEvader/Content/Fab/Medieval_Torch/medieval_torch/Textures/medieval_torch_texture_0.uasset" 4668
"D:/UE5_Project/TombEvader/Content/Fab/Medieval_Torch/medieval_torch/Materials/Torch.uasset" 4669
"D:/UE5_Project/TombEvader/Content/Fab/Medieval_Torch/medieval_torch/StaticMeshes/medieval_torch.uasset" 4670
"D:/UE5_Project/TombEvader/Content/Blueprints/BP_Torch.uasset" 4671
"../../../Engine/Content/EngineSky/C_Sky_Cloud_Color.uasset" 4672
"../../../Engine/Content/EngineSky/C_Sky_Horizon_Color.uasset" 4673
"../../../Engine/Content/EngineSky/C_Sky_Zenith_Color.uasset" 4674
"../../../Engine/Content/EngineSky/T_Sky_Blue.uasset" 4675
"../../../Engine/Content/EngineSky/T_Sky_Clouds_M.uasset" 4676
"/Niagara/DynamicInputs/Multiply/Multiply_Float" 4677
"../../../Engine/Content/EngineSky/T_Sky_Stars.uasset" 4678
"../../../Engine/Content/EngineSky/M_Sky_Panning_Clouds2.uasset" 4679
"../../../Engine/Content/EngineSky/SM_SkySphere.uasset" 4680
"../../../Engine/Content/EngineSky/BP_Sky_Sphere.uasset" 4681
"D:/UE5_Project/TombEvader/Content/Maps/L_Desert_Puzzle_1.umap" 4682
"/Engine/EngineSky/BP_Sky_Sphere" 4683
"D:/UE5_Project/TombEvader/Content/Fab/Stylized_Egypt/Meshes/props/SM_jug_02.uasset" 4684
"D:/UE5_Project/TombEvader/Content/Fab/Stylized_Egypt/Meshes/building/SM_part_ornament_10.uasset" 4685
"D:/UE5_Project/TombEvader/Content/Maps/_GENERATED/Neo/SM_jug_broken_04_0_65C3001C.uasset" 4686
"D:/UE5_Project/TombEvader/Content/Fab/Stylized_Egypt/Meshes/building/SM_building_column_01.uasset" 4687
"D:/UE5_Project/TombEvader/Content/Maps/_GENERATED/Neo/SM_jug_broken_04_1_18D5BFF3.uasset" 4688
"D:/UE5_Project/TombEvader/Content/Maps/_GENERATED/Neo/SM_jug_broken_5_0_38B4DD40.uasset" 4689
"D:/UE5_Project/TombEvader/Content/Maps/_GENERATED/Neo/SM_jug_broken_5_2_5C1E3989.uasset" 4690
"D:/UE5_Project/TombEvader/Content/Maps/_GENERATED/Neo/SM_jug_broken_04_2_03CC2C61.uasset" 4691
"D:/UE5_Project/TombEvader/Content/Font/M_DefaultText.uasset" 4692
"D:/UE5_Project/TombEvader/Content/Maps/_GENERATED/Neo/SM_jug_broken_5_1_03F74B82.uasset" 4693
"D:/UE5_Project/TombEvader/Content/Fab/Stylized_Egypt/Meshes/building/SM_block_02.uasset" 4694
"D:/UE5_Project/TombEvader/Content/Material/M_Rune.uasset" 4695
"D:/UE5_Project/TombEvader/Content/Blueprints/VoicePuzzle/BP_VoiceRune.uasset" 4696
"D:/UE5_Project/TombEvader/Content/Fab/Stylized_Egypt/Meshes/building/SM_part_ornament_02.uasset" 4697
"D:/UE5_Project/TombEvader/Content/Material/MI_Rune.uasset" 4698
"/Game/Blueprints/BP_Torch" 4699
"/Game/Material/MI_Rune" 4700
"D:/UE5_Project/TombEvader/Content/Maps/L_Void_Puzzle_2.umap" 4701
"D:/UE5_Project/TombEvader/Content/UI/Widgets/WBP_Mic.uasset" 4702
"../../../Engine/Content/Functions/Engine_MaterialFunctions01/Units/Km-to-Cm.uasset" 4703
"../../../Engine/Content/EngineSky/VolumetricClouds/VT_Lightning.uasset" 4704
"/Game/Fab/Stylized_Egypt/Meshes/building/SM_part_ornament_02" 4705
"/Game/Maps/_GENERATED/Neo/SM_jug_broken_04_0_65C3001C" 4706
"/Game/Maps/_GENERATED/Neo/SM_jug_broken_04_1_18D5BFF3" 4707
"/Game/Maps/_GENERATED/Neo/SM_jug_broken_04_2_03CC2C61" 4708
"/Game/Maps/_GENERATED/Neo/SM_jug_broken_5_0_38B4DD40" 4709
"/Game/Maps/_GENERATED/Neo/SM_jug_broken_5_1_03F74B82" 4710
"/Game/Maps/_GENERATED/Neo/SM_jug_broken_5_2_5C1E3989" 4711
"/Game/Fab/Stylized_Egypt/Meshes/building/SM_block_02" 4712
"/Game/Fab/Stylized_Egypt/Meshes/building/SM_building_column_01" 4713
"D:/UE5_Project/TombEvader/Content/Fab/AssetsEgypt/Materials/M_EgyptianObelisk.uasset" 4714
"D:/UE5_Project/TombEvader/Content/Font/MI_DefaultText.uasset" 4715
"/Game/Fab/Stylized_Egypt/Meshes/building/SM_part_ornament_10" 4716
"D:/UE5_Project/TombEvader/Content/Blueprints/VoicePuzzle/BP_AudioListener.uasset" 4717
"/Game/Fab/Stylized_Egypt/Meshes/props/SM_jug_02" 4718
"D:/UE5_Project/TombEvader/Content/Blueprints/VoicePuzzle/BP_GoalBox.uasset" 4719
"D:/UE5_Project/TombEvader/Content/Fab/egyptian_papyrus/egyptian_papyrus/Materials/model_Material_u1_v1.uasset" 4720
"/Game/Maps/L_Desert_Puzzle_1" 4721
"D:/UE5_Project/TombEvader/Content/FirstPerson/Effects/PhysMats/PM_Grass.uasset" 4722
"D:/UE5_Project/TombEvader/Content/Fab/AssetsEgypt/Textures/T_EgyptianObelisk.uasset" 4723
"D:/UE5_Project/TombEvader/Content/Fab/egyptian_papyrus/egyptian_papyrus/StaticMeshes/egyptian_papyrus.uasset" 4724
"D:/UE5_Project/TombEvader/Content/Blueprints/VoicePuzzle/BP_InteractiveTextRender.uasset" 4725
"D:/UE5_Project/TombEvader/Content/Maps/_GENERATED/Neo/SM_CloudPlane.uasset" 4726
"D:/UE5_Project/TombEvader/Content/Fab/AssetsEgypt/Models/SM_EgyptianObelisk.uasset" 4727
"D:/UE5_Project/TombEvader/Content/Fab/egyptian_papyrus/egyptian_papyrus/Textures/egyptian_papyrus_texture_0.uasset" 4728
"/Game/Font/M_DefaultText" 4729
"/Game/Blueprints/VoicePuzzle/BP_VoiceRune" 4730
"/Engine/EngineSky/VolumetricClouds/VT_Lightning" 4731
"../../../Engine/Content/EngineSky/VolumetricClouds/m_SimpleVolumetricCloud.uasset" 4732
"../../../Engine/Content/EngineSky/VolumetricClouds/VT_PerlinWorley_Balanced.uasset" 4733
"../../../Engine/Content/EngineSky/VolumetricClouds/m_SimpleVolumetricCloud_Inst.uasset" 4734
"../../../Engine/Content/EngineSky/VolumetricClouds/T_Profile_08.uasset" 4735
"../../../Engine/Content/EngineSky/VolumetricClouds/T_CloudMask.uasset" 4736
"../../../Engine/Content/EngineSky/VolumetricClouds/T_CloudPattern.uasset" 4737
"../../../Engine/Content/Functions/Engine_MaterialFunctions02/Utility/BreakOutFloat4Components.uasset" 4738
"/Engine/Functions/Engine_MaterialFunctions01/Units/Km-to-Cm" 4739
"/Game/Maps/_GENERATED/Neo/SM_CloudPlane" 4740
"/Game/FirstPerson/Effects/PhysMats/PM_Grass" 4741
"/Game/Fab/AssetsEgypt/Models/SM_EgyptianObelisk" 4742
"/Game/Maps/L_Void_Puzzle_2" 4743
"D:/UE5_Project/TombEvader/Content/Effects/M_CloudPlane.uasset" 4744
"D:/UE5_Project/TombEvader/Content/Effects/MI_CloudPlane.uasset" 4745
"D:/UE5_Project/TombEvader/Content/Landscape/M_Landscape.uasset" 4746
"D:/UE5_Project/TombEvader/Content/Fab/A_Surface_Footstep/Environment_Assets/Textures/T_Ground_Gravel_N.uasset" 4747
"D:/UE5_Project/TombEvader/Content/Fab/A_Surface_Footstep/Environment_Assets/Textures/T_MacroVariation.uasset" 4748
"D:/UE5_Project/TombEvader/Content/Fab/A_Surface_Footstep/Environment_Assets/Textures/T_Ground_Gravel_D.uasset" 4749
"D:/UE5_Project/TombEvader/Content/Fab/A_Surface_Footstep/Environment_Assets/Textures/T_Perlin_Noise_M.uasset" 4750
"D:/UE5_Project/TombEvader/Content/Fab/A_Surface_Footstep/Environment_Assets/Textures/T_Ground_Grass_N.uasset" 4751
"D:/UE5_Project/TombEvader/Content/Fab/A_Surface_Footstep/Environment_Assets/Textures/T_Ground_Grass_D.uasset" 4752
"/Engine/EditorResources/EmptyActor" 4753
"../../../Engine/Content/EditorResources/EmptyActor.uasset" 4754
"/Game/Landscape/M_Landscape" 4755
"../../../Engine/Content/EngineSky/M_SimpleSkyDome.uasset" 4756
"/Game/Effects/MI_CloudPlane" 4757
"D:/UE5_Project/TombEvader/Content/Fab/Stylized_Egypt/Materials/building_materials/base_materials/MI_concrete_slab_Inst.uasset" 4758
"../../../Engine/Plugins/FX/Niagara/Content/Modules/Beams/SpawnBeam.uasset" 4759
"../../../Engine/Plugins/FX/Niagara/Content/DynamicInputs/TypeConversions/MakeVector.uasset" 4760
"D:/UE5_Project/TombEvader/Content/Maps/L_Sky_Puzzle_3_sharedassets/Rock_LayerInfo.uasset" 4761
"D:/UE5_Project/TombEvader/Content/Fab/Stylized_Egypt/Meshes/building/SM_roof_dome_01.uasset" 4762
"../../../Engine/Plugins/FX/Niagara/Content/Modules/Beams/BeamWidth.uasset" 4763
"../../../Engine/Plugins/FX/Niagara/Content/Modules/Beams/UpdateBeam.uasset" 4764
"../../../Engine/Plugins/FX/Niagara/Content/DefaultAssets/DefaultRIbbonMaterial.uasset" 4765
"/Engine/EngineSky/VolumetricClouds/m_SimpleVolumetricCloud_Inst" 4766
"D:/UE5_Project/TombEvader/Content/Fab/Stylized_Egypt/Meshes/building/SM_part_ornament_06.uasset" 4767
"D:/UE5_Project/TombEvader/Content/Fab/Stylized_Egypt/Textures/building_textures/base_textures/concrete_slab/T_concrete_slab_BaseColor.uasset" 4768
"D:/UE5_Project/TombEvader/Content/Maps/L_Sky_Puzzle_3_sharedassets/Gras_LayerInfo.uasset" 4769
"../../../Engine/Plugins/FX/Niagara/Content/Modules/Beams/BeamEmitterSetup.uasset" 4770
"../../../Engine/Plugins/FX/Niagara/Content/Functions/Spline/FindPositionOnBezierSpline.uasset" 4771
"D:/UE5_Project/TombEvader/Content/Fab/Stylized_Egypt/Textures/building_textures/base_textures/concrete_slab/T_concrete_slab_Normal.uasset" 4772
"../../../Engine/Plugins/FX/Niagara/Content/DynamicInputs/Helpers/SimulationPosition.uasset" 4773
"D:/UE5_Project/TombEvader/Content/Maps/L_Sky_Puzzle_3.umap" 4774
"D:/UE5_Project/TombEvader/Content/Sounds/Source/Level3VoiceLine.uasset" 4775
"D:/UE5_Project/TombEvader/Content/Input/IMC_MouseLook.uasset" 4776
"D:/UE5_Project/TombEvader/Content/Blueprints/BP_RespawnVolume.uasset" 4777
"D:/UE5_Project/TombEvader/Content/UI/MenuGameMode.uasset" 4778
"D:/UE5_Project/TombEvader/Content/FirstPerson/Blueprints/BP_FirstPersonPlayerController.uasset" 4779
"D:/UE5_Project/TombEvader/Content/FirstPerson/Blueprints/BP_FirstPersonCameraManager.uasset" 4780
"D:/UE5_Project/TombEvader/Content/FirstPerson/Blueprints/BP_FirstPersonGameMode.uasset" 4781
"D:/UE5_Project/TombEvader/Content/Sounds/Source/LaserBeam.uasset" 4782
"D:/UE5_Project/TombEvader/Content/Input/IMC_Default.uasset" 4783
"D:/UE5_Project/TombEvader/Content/Sounds/Source/MainMenuMusic.uasset" 4784
"D:/UE5_Project/TombEvader/Content/UI/Widgets/MenuBackground.uasset" 4785
"/Niagara/DefaultAssets/DefaultRIbbonMaterial" 4786
"/Niagara/DynamicInputs/TypeConversions/MakeVector" 4787
"/Niagara/Modules/Beams/UpdateBeam" 4788
"../../../Engine/Plugins/FX/Niagara/Content/Modules/Update/Color/Color.uasset" 4789
"D:/UE5_Project/TombEvader/Content/Effects/NS_Beam.uasset" 4790
"../../../Engine/Plugins/FX/Niagara/Content/DynamicInputs/Multiply/Multiply_VectorByFloat.uasset" 4791
"/Niagara/Modules/Beams/SpawnBeam" 4792
"D:/UE5_Project/TombEvader/Content/Blueprints/JumpPuzzle/BP_AscensionPadestal.uasset" 4793
"/Niagara/Modules/Beams/BeamWidth" 4794
"/Niagara/DynamicInputs/Helpers/SimulationPosition" 4795
"/Game/Fab/Stylized_Egypt/Meshes/building/SM_part_ornament_06" 4796
"/Game/Fab/Stylized_Egypt/Meshes/building/SM_roof_dome_01" 4797
"/Engine/EngineSky/M_SimpleSkyDome" 4798
"/Game/Maps/L_Sky_Puzzle_3_sharedassets/Rock_LayerInfo" 4799
"/Game/Maps/L_Sky_Puzzle_3_sharedassets/Gras_LayerInfo" 4800
"D:/UE5_Project/TombEvader/Content/Sounds/SC_Master.uasset" 4801
"D:/UE5_Project/TombEvader/Content/UI/Widgets/WBP_MainMenu.uasset" 4802
"/Game/UI/Widgets/MenuBackground" 4803
"D:/UE5_Project/TombEvader/Content/Maps/L_Main_Menu.umap" 4804
"../../../Engine/Content/EngineSounds/Submixes/MasterReverbEffectPreset.uasset" 4805
"../../../Engine/Content/EngineSounds/Submixes/MasterSubmixDefault.uasset" 4806
"../../../Engine/Content/EngineSounds/Submixes/MasterEQEffectPreset.uasset" 4807
"../../../Engine/Content/EngineSounds/Submixes/MasterEQSubmixDefault.uasset" 4808
"../../../Engine/Content/EngineSounds/Submixes/MasterReverbSubmixDefault.uasset" 4809
"/Game/UI/MenuGameMode" 4810
"/Game/Sounds/Source/MainMenuMusic" 4811
"/Game/FirstPerson/Blueprints/BP_FirstPersonGameMode" 4812
"/Game/Maps/L_Sky_Puzzle_3" 4813
"/Engine/EditorResources/LightIcons/S_LightError" 4814
"../../../Engine/Content/EditorResources/LightIcons/S_LightError.uasset" 4815
"/Engine/EditorResources/AudioIcons/S_AudioComponent_AutoActivate" 4816
"../../../Engine/Content/EditorResources/AudioIcons/S_AudioComponent_AutoActivate.uasset" 4817
"/Engine/EngineSounds/Submixes/MasterReverbSubmixDefault" 4818
"/Game/Sounds/SC_Master" 4819
"/Game/Maps/L_Main_Menu" 4820
"../../../Engine/Plugins/Interchange/Assets/Content/gltf/MaterialBodies/MF_Sheen_Body.uasset" 4821
"../../../Engine/Plugins/Interchange/Assets/Content/gltf/MaterialInstances/MI_Default_Mask.uasset" 4822
"../../../Engine/Plugins/Interchange/Assets/Content/gltf/MaterialInstances/MI_Default_Blend_DS.uasset" 4823
"../../../Engine/Plugins/Interchange/Assets/Content/gltf/MaterialInstances/MI_ClearCoat_Blend.uasset" 4824
"../../../Engine/Plugins/Interchange/Assets/Content/gltf/MaterialInstances/MI_Default_Mask_DS.uasset" 4825
"../../../Engine/Plugins/Interchange/Assets/Content/gltf/MaterialBodies/MF_ClearCoat_Body.uasset" 4826
"../../../Engine/Plugins/Interchange/Assets/Content/gltf/M_ClearCoat.uasset" 4827
"../../../Engine/Plugins/Interchange/Assets/Content/gltf/MaterialInstances/MI_ClearCoat_Opaque.uasset" 4828
"../../../Engine/Plugins/Interchange/Assets/Content/gltf/MaterialFunctions/MF_Clearcoat.uasset" 4829
"../../../Engine/Plugins/Interchange/Assets/Content/gltf/MaterialInstances/MI_Default_Opaque.uasset" 4830
"../../../Engine/Plugins/Interchange/Assets/Content/gltf/MaterialInstances/MI_ClearCoat_Mask_DS.uasset" 4831
"../../../Engine/Plugins/Interchange/Assets/Content/gltf/MaterialInstances/MI_Default_Blend.uasset" 4832
"../../../Engine/Plugins/Interchange/Assets/Content/gltf/M_Sheen.uasset" 4833
"../../../Engine/Plugins/Interchange/Assets/Shaders/ThinFilmFunctions.usf" 4834
"../../../Engine/Plugins/Interchange/Assets/Content/gltf/MaterialInstances/MI_ClearCoat_Blend_DS.uasset" 4835
"../../../Engine/Plugins/Interchange/Assets/Content/gltf/MaterialInstances/MI_ClearCoat_Opaque_DS.uasset" 4836
"../../../Engine/Plugins/Interchange/Assets/Content/gltf/MaterialInstances/MI_Sheen_Blend_DS.uasset" 4837
"../../../Engine/Plugins/Interchange/Assets/Content/gltf/MaterialInstances/MI_Sheen_Mask.uasset" 4838
"../../../Engine/Plugins/Interchange/Assets/Content/gltf/MaterialInstances/MI_Sheen_Mask_DS.uasset" 4839
"../../../Engine/Plugins/Interchange/Assets/Content/gltf/MaterialFunctions/MF_Sheen.uasset" 4840
"../../../Engine/Plugins/Interchange/Assets/Content/gltf/MaterialInstances/MI_ClearCoat_Mask.uasset" 4841
"../../../Engine/Plugins/Interchange/Assets/Content/gltf/MaterialFunctions/MF_Transmission.uasset" 4842
"../../../Engine/Plugins/Interchange/Assets/Content/gltf/MaterialInstances/MI_Sheen_Opaque.uasset" 4843
"../../../Engine/Plugins/Interchange/Assets/Content/gltf/MaterialFunctions/MF_Fresnel_DS.uasset" 4844
"../../../Engine/Plugins/Interchange/Assets/Content/gltf/MaterialInstances/MI_Transmission.uasset" 4845
"../../../Engine/Plugins/Interchange/Assets/Content/gltf/MaterialFunctions/MF_Temporal_Blur.uasset" 4846
"../../../Engine/Plugins/Interchange/Assets/Content/gltf/MaterialInstances/MI_Transmission_DS.uasset" 4847
"../../../Engine/Plugins/Interchange/Assets/Content/gltf/MaterialFunctions/MF_SpecGlossToMetalRoughness.uasset" 4848
"../../../Engine/Plugins/Interchange/Assets/Content/gltf/MaterialInstances/MI_Sheen_Opaque_DS.uasset" 4849
"../../../Engine/Plugins/Interchange/Assets/Content/gltf/MaterialFunctions/MF_PerceivedBrightness.uasset" 4850
"../../../Engine/Plugins/Interchange/Assets/Content/gltf/MaterialInstances/MI_Sheen_Blend.uasset" 4851
"../../../Engine/Plugins/Interchange/Assets/Content/gltf/M_Transmission.uasset" 4852
"../../../Engine/Plugins/Interchange/Assets/Content/gltf/MaterialBodies/MF_Transmission_Body.uasset" 4853
"/InterchangeAssets/gltf/MaterialFunctions/MF_Temporal_Blur" 4854
"/InterchangeAssets/gltf/MaterialFunctions/MF_Transmission" 4855
"/InterchangeAssets/gltf/MaterialInstances/MI_Sheen_Blend_DS" 4856
"/InterchangeAssets/gltf/MaterialInstances/MI_Sheen_Mask_DS" 4857
"/InterchangeAssets/gltf/MaterialInstances/MI_Sheen_Opaque_DS" 4858
"/InterchangeAssets/gltf/MaterialInstances/MI_Sheen_Blend" 4859
"/InterchangeAssets/gltf/MaterialInstances/MI_Sheen_Mask" 4860
"/InterchangeAssets/gltf/MaterialInstances/MI_Sheen_Opaque" 4861
"/InterchangeAssets/gltf/MaterialInstances/MI_Default_Blend_DS" 4862
"/InterchangeAssets/gltf/MaterialInstances/MI_Default_Mask_DS" 4863
"/InterchangeAssets/gltf/MaterialInstances/MI_Default_Blend" 4864
"/InterchangeAssets/gltf/MaterialFunctions/MF_SpecGlossToMetalRoughness" 4865
"../../../Engine/Content/Functions/Engine_MaterialFunctions02/Math/AddComponents.uasset" 4866
"/InterchangeAssets/gltf/MaterialInstances/MI_Transmission_DS" 4867
"/InterchangeAssets/gltf/MaterialInstances/MI_Transmission" 4868
"/InterchangeAssets/gltf/MaterialInstances/MI_Default_Mask" 4869
"/InterchangeAssets/gltf/MaterialInstances/MI_ClearCoat_Mask_DS" 4870
"/InterchangeAssets/gltf/MaterialInstances/MI_ClearCoat_Opaque_DS" 4871
"/InterchangeAssets/gltf/MaterialInstances/MI_ClearCoat_Blend" 4872
"/InterchangeAssets/gltf/MaterialInstances/MI_ClearCoat_Mask" 4873
"/InterchangeAssets/gltf/MaterialInstances/MI_ClearCoat_Opaque" 4874
"/InterchangeAssets/gltf/MaterialInstances/MI_Default_Opaque" 4875
"/InterchangeAssets/gltf/MaterialInstances/MI_ClearCoat_Blend_DS" 4876
"../../../Engine/Plugins/Interchange/Assets/Content/gltf/MaterialInstances/MI_SpecularGlossiness_Blend.uasset" 4877
"../../../Engine/Plugins/Interchange/Assets/Content/gltf/MaterialFunctions/MF_MaxComponentValue.uasset" 4878
"../../../Engine/Plugins/Interchange/Assets/Content/gltf/MaterialInstances/MI_SpecularGlossiness_Blend_DS.uasset" 4879
"../../../Engine/Plugins/Interchange/Assets/Content/gltf/M_SpecularGlossiness.uasset" 4880
"../../../Engine/Plugins/Interchange/Assets/Content/gltf/MaterialInstances/MI_SpecularGlossiness_Mask.uasset" 4881
"../../../Engine/Plugins/Interchange/Assets/Content/gltf/MaterialBodies/MF_SpecularGlossiness_Body.uasset" 4882
"../../../Engine/Plugins/Interchange/Assets/Content/gltf/MaterialFunctions/MF_DiffuseSpecGloss.uasset" 4883
"../../../Engine/Plugins/Interchange/Assets/Content/gltf/MaterialInstances/MI_SpecularGlossiness_Opaque_DS.uasset" 4884
"../../../Engine/Plugins/Interchange/Assets/Content/gltf/MaterialInstances/MI_SpecularGlossiness_Opaque.uasset" 4885
"../../../Engine/Plugins/Interchange/Assets/Content/gltf/MaterialInstances/MI_SpecularGlossiness_Mask_DS.uasset" 4886
"/InterchangeAssets/gltf/MaterialInstances/MI_SpecularGlossiness_Blend_DS" 4887
"/InterchangeAssets/gltf/MaterialInstances/MI_SpecularGlossiness_Mask_DS" 4888
"/InterchangeAssets/gltf/MaterialInstances/MI_SpecularGlossiness_Opaque_DS" 4889
"/InterchangeAssets/gltf/MaterialInstances/MI_SpecularGlossiness_Blend" 4890
"/InterchangeAssets/gltf/MaterialInstances/MI_SpecularGlossiness_Mask" 4891
"/InterchangeAssets/gltf/MaterialInstances/MI_SpecularGlossiness_Opaque" 4892
"../../../Engine/Plugins/Interchange/Assets/Content/Functions/MX_Transmission.uasset" 4893
"../../../Engine/Content/Functions/Engine_MaterialFunctions01/Volumetrics/BeersLaw.uasset" 4894
"../../../Engine/Plugins/Interchange/Assets/Content/Functions/MX_TransmissionSurface.uasset" 4895
"../../../Engine/Plugins/Interchange/Assets/Content/gltf/MaterialInstances/MI_Unlit_Mask_DS.uasset" 4896
"../../../Engine/Plugins/Interchange/Assets/Content/Functions/MX_OpenPBR_Translucent.uasset" 4897
"../../../Engine/Plugins/Interchange/Assets/Content/Functions/MF_OrenNayerView.uasset" 4898
"../../../Engine/Plugins/Interchange/Assets/Content/gltf/MaterialInstances/MI_Unlit_Blend.uasset" 4899
"../../../Engine/Content/Functions/Substrate/MF_SchlickInternal.uasset" 4900
"../../../Engine/Plugins/Interchange/Assets/Content/gltf/MaterialInstances/MI_Unlit_Mask.uasset" 4901
"../../../Engine/Plugins/Interchange/Assets/Content/gltf/MaterialInstances/MI_Unlit_Blend_DS.uasset" 4902
"../../../Engine/Plugins/Interchange/Assets/Content/gltf/MaterialInstances/MI_Unlit_Opaque.uasset" 4903
"../../../Engine/Plugins/Interchange/Assets/Content/Functions/MX_StandardSurface.uasset" 4904
"/InterchangeAssets/gltf/MaterialInstances/MI_Unlit_Blend_DS" 4905
"/InterchangeAssets/gltf/MaterialInstances/MI_Unlit_Mask_DS" 4906
"/InterchangeAssets/gltf/MaterialInstances/MI_Unlit_Blend" 4907
"/InterchangeAssets/gltf/MaterialInstances/MI_Unlit_Mask" 4908
"/InterchangeAssets/gltf/MaterialInstances/MI_Unlit_Opaque" 4909
"/InterchangeAssets/Functions/MX_OpenPBR_Translucent" 4910
"../../../Engine/Plugins/Animation/ControlRig/Content/Controls/ControlRig_Square_Joystick.uasset" 4911
"../../../Engine/Plugins/Animation/ControlRig/Content/Controls/ControlRig_Line.uasset" 4912
"../../../Engine/Plugins/Interchange/Assets/Content/Functions/MX_OpenPBR_Opaque.uasset" 4913
"../../../Engine/Plugins/Animation/ControlRig/Content/Controls/ControlRig_Arrow2_3mm.uasset" 4914
"../../../Engine/Plugins/Animation/ControlRig/Content/Controls/ControlRig_Arrow4_solid.uasset" 4915
"../../../Engine/Plugins/Animation/ControlRig/Content/Controls/ControlRig_Sphere_solid.uasset" 4916
"../../../Engine/Plugins/Animation/ControlRig/Content/Controls/ControlRig_Arrow2_1mm.uasset" 4917
"../../../Engine/Plugins/Animation/ControlRig/Content/Controls/ControlRig_Arrow2_solid.uasset" 4918
"../../../Engine/Plugins/Animation/ControlRig/Content/Controls/ControlRig_Arrow4_3mm.uasset" 4919
"../../../Engine/Plugins/Animation/ControlRig/Content/Controls/ControlRig_Arrow4_1mm.uasset" 4920
"/ControlRig/Controls/ControlRig_Square_Joystick" 4921
"/ControlRig/Controls/ControlRig_Line" 4922
"/InterchangeAssets/Functions/MX_OpenPBR_Opaque" 4923
"/ControlRig/Controls/ControlRig_Arrow4_solid" 4924
"/ControlRig/Controls/ControlRig_Arrow4_3mm" 4925
"/ControlRig/Controls/ControlRig_Arrow4_1mm" 4926
"/ControlRig/Controls/ControlRig_Arrow2_solid" 4927
"/ControlRig/Controls/ControlRig_Arrow2_3mm" 4928
"/ControlRig/Controls/ControlRig_Arrow2_1mm" 4929
"/ControlRig/Controls/ControlRig_Sphere_solid" 4930
"../../../Engine/Plugins/Animation/ControlRig/Content/Controls/ControlRig_Arrow_solid.uasset" 4931
"../../../Engine/Plugins/Animation/ControlRig/Content/Controls/ControlRig_Box_solid.uasset" 4932
"../../../Engine/Plugins/Animation/ControlRig/Content/Controls/ControlRig_HalfCircle_1mm.uasset" 4933
"../../../Engine/Plugins/Animation/ControlRig/Content/Controls/ControlRig_Circle_solid.uasset" 4934
"../../../Engine/Plugins/Animation/ControlRig/Content/Controls/ControlRig_Box_3mm.uasset" 4935
"/ControlRig/Controls/ControlRig_HalfCircle_1mm" 4936
"../../../Engine/Plugins/Animation/ControlRig/Content/Controls/ControlRig_Hexagon_3mm.uasset" 4937
"../../../Engine/Plugins/Animation/ControlRig/Content/Controls/ControlRig_Arrow_1mm.uasset" 4938
"../../../Engine/Plugins/Animation/ControlRig/Content/Controls/ControlRig_Diamond_1mm.uasset" 4939
"/ControlRig/Controls/ControlRig_Circle_solid" 4940
"../../../Engine/Plugins/Animation/ControlRig/Content/Controls/ControlRig_Diamond_3mm.uasset" 4941
"/ControlRig/Controls/ControlRig_Box_solid" 4942
"/ControlRig/Controls/ControlRig_Box_3mm" 4943
"../../../Engine/Plugins/Animation/ControlRig/Content/Controls/ControlRig_HalfCircle_solid.uasset" 4944
"../../../Engine/Plugins/Animation/ControlRig/Content/Controls/ControlRig_Diamond_solid.uasset" 4945
"../../../Engine/Plugins/Animation/ControlRig/Content/Controls/ControlRig_Arrow_3mm.uasset" 4946
"/ControlRig/Controls/ControlRig_Arrow_solid" 4947
"../../../Engine/Plugins/Animation/ControlRig/Content/Controls/ControlRig_Circle_3mm.uasset" 4948
"../../../Engine/Plugins/Animation/ControlRig/Content/Controls/ControlRig_HalfCircle_3mm.uasset" 4949
"../../../Engine/Plugins/Animation/ControlRig/Content/Controls/ControlRig_Octagon_1mm.uasset" 4950
"../../../Engine/Plugins/Animation/ControlRig/Content/Controls/ControlRig_Octagon_solid.uasset" 4951
"../../../Engine/Plugins/Animation/ControlRig/Content/Controls/ControlRig_Hexagon_solid.uasset" 4952
"/ControlRig/Controls/ControlRig_Hexagon_3mm" 4953
"../../../Engine/Plugins/Animation/ControlRig/Content/Controls/ControlRig_Pyramid_3mm.uasset" 4954
"/ControlRig/Controls/ControlRig_HalfCircle_solid" 4955
"../../../Engine/Plugins/Animation/ControlRig/Content/Controls/ControlRig_QuarterCircle_1mm.uasset" 4956
"/ControlRig/Controls/ControlRig_HalfCircle_3mm" 4957
"../../../Engine/Plugins/Animation/ControlRig/Content/Controls/ControlRig_QuarterCircle_3mm.uasset" 4958
"/ControlRig/Controls/ControlRig_Diamond_solid" 4959
"../../../Engine/Plugins/Animation/ControlRig/Content/Controls/ControlRig_Octagon_3mm.uasset" 4960
"/ControlRig/Controls/ControlRig_Diamond_3mm" 4961
"../../../Engine/Plugins/Animation/ControlRig/Content/Controls/ControlRig_Pyramid_solid.uasset" 4962
"/ControlRig/Controls/ControlRig_Diamond_1mm" 4963
"../../../Engine/Plugins/Animation/ControlRig/Content/Controls/ControlRig_QuarterCircle_solid.uasset" 4964
"../../../Engine/Plugins/Animation/ControlRig/Content/Controls/ControlRig_RoundedTriangle_3mm.uasset" 4965
"../../../Engine/Plugins/Animation/ControlRig/Content/Controls/ControlRig_Pyramid_1mm.uasset" 4966
"../../../Engine/Plugins/Animation/ControlRig/Content/Controls/ControlRig_Circle_1mm.uasset" 4967
"/ControlRig/Controls/ControlRig_Circle_3mm" 4968
"/ControlRig/Controls/ControlRig_Arrow_3mm" 4969
"../../../Engine/Plugins/Animation/ControlRig/Content/Controls/ControlRig_Hexagon_1mm.uasset" 4970
"../../../Engine/Plugins/Animation/ControlRig/Content/Controls/ControlRig_RoundedSquare_3mm.uasset" 4971
"/ControlRig/Controls/ControlRig_Arrow_1mm" 4972
"../../../Engine/Plugins/Animation/ControlRig/Content/Controls/ControlRig_RoundedSquare_solid.uasset" 4973
"../../../Engine/Plugins/Animation/ControlRig/Content/Controls/ControlRig_Box_1mm.uasset" 4974
"../../../Engine/Plugins/Animation/ControlRig/Content/Controls/ControlRig_RoundedTriangle_1mm.uasset" 4975
"/ControlRig/Controls/ControlRig_QuarterCircle_1mm" 4976
"/ControlRig/Controls/ControlRig_Pyramid_solid" 4977
"../../../Engine/Plugins/Animation/ControlRig/Content/Controls/ControlRig_RoundedSquare_1mm.uasset" 4978
"/ControlRig/Controls/ControlRig_Pyramid_3mm" 4979
"/ControlRig/Controls/ControlRig_Pyramid_1mm" 4980
"/ControlRig/Controls/ControlRig_Octagon_solid" 4981
"/ControlRig/Controls/ControlRig_Octagon_3mm" 4982
"/ControlRig/Controls/ControlRig_Octagon_1mm" 4983
"/ControlRig/Controls/ControlRig_Hexagon_solid" 4984
"/ControlRig/Controls/ControlRig_Hexagon_1mm" 4985
"/ControlRig/Controls/ControlRig_Circle_1mm" 4986
"/ControlRig/Controls/ControlRig_Box_1mm" 4987
"/ControlRig/Controls/ControlRig_RoundedTriangle_3mm" 4988
"/ControlRig/Controls/ControlRig_RoundedTriangle_1mm" 4989
"/ControlRig/Controls/ControlRig_RoundedSquare_solid" 4990
"/ControlRig/Controls/ControlRig_RoundedSquare_3mm" 4991
"/ControlRig/Controls/ControlRig_QuarterCircle_solid" 4992
"/ControlRig/Controls/ControlRig_QuarterCircle_3mm" 4993
"../../../Engine/Plugins/Animation/ControlRig/Content/Controls/ControlRig_Wedge_solid.uasset" 4994
"../../../Engine/Content/Maps/Entry_BuiltData.uasset" 4995
"../../../Engine/Plugins/Animation/ControlRig/Content/Controls/ControlRig_Square_3mm.uasset" 4996
"../../../Engine/Plugins/Animation/ControlRig/Content/Controls/ControlRig_Square_solid.uasset" 4997
"../../../Engine/Plugins/Animation/ControlRig/Content/Controls/ControlRig_Triangle_solid.uasset" 4998
"../../../Engine/Plugins/Animation/ControlRig/Content/Controls/ControlRig_Wedge_1mm.uasset" 4999
"../../../Engine/Plugins/Animation/ControlRig/Content/Controls/ControlRig_Square_1mm.uasset" 5000
"../../../Engine/Plugins/Animation/ControlRig/Content/Controls/ControlRig_Triangle_1mm.uasset" 5001
"../../../Engine/Plugins/Animation/ControlRig/Content/Controls/ControlRig_Triangle_3mm.uasset" 5002
"../../../Engine/Plugins/Animation/ControlRig/Content/Controls/ControlRig_Star4_solid.uasset" 5003
"../../../Engine/Plugins/Animation/ControlRig/Content/Controls/ControlRig_Wedge_3mm.uasset" 5004
"../../../Engine/Plugins/Animation/ControlRig/Content/Controls/ControlRig_Star4_1mm.uasset" 5005
"../../../Engine/Plugins/Animation/ControlRig/Content/Controls/ControlRig_Sphere_1mm.uasset" 5006
"../../../Engine/Plugins/Animation/ControlRig/Content/Controls/ControlRig_Sphere_3mm.uasset" 5007
"../../../Engine/Content/Maps/Entry.umap" 5008
"../../../Engine/Plugins/Animation/ControlRig/Content/Controls/ControlRig_Star4_3mm.uasset" 5009
"../../../Engine/Plugins/Animation/ControlRig/Content/Controls/ControlRig_RoundedTriangle_solid.uasset" 5010
"/ControlRig/Controls/ControlRig_RoundedSquare_1mm" 5011
"/Engine/Maps/Entry" 5012
"/ControlRig/Controls/ControlRig_Wedge_solid" 5013
"/ControlRig/Controls/ControlRig_Wedge_3mm" 5014
"/ControlRig/Controls/ControlRig_Wedge_1mm" 5015
"/ControlRig/Controls/ControlRig_Triangle_solid" 5016
"/ControlRig/Controls/ControlRig_Triangle_3mm" 5017
"/ControlRig/Controls/ControlRig_Triangle_1mm" 5018
"/ControlRig/Controls/ControlRig_Star4_solid" 5019
"/ControlRig/Controls/ControlRig_Star4_3mm" 5020
"/ControlRig/Controls/ControlRig_Star4_1mm" 5021
"/ControlRig/Controls/ControlRig_Square_solid" 5022
"/ControlRig/Controls/ControlRig_Square_3mm" 5023
"/ControlRig/Controls/ControlRig_Square_1mm" 5024
"/ControlRig/Controls/ControlRig_Sphere_3mm" 5025
"/ControlRig/Controls/ControlRig_Sphere_1mm" 5026
"/ControlRig/Controls/ControlRig_RoundedTriangle_solid" 5027
"D:/UE5_Project/TombEvader/Content/MetaHumans/Common/Controls/faceboard_followGrp.uasset" 5028
"D:/UE5_Project/TombEvader/Content/MetaHumans/Common/Controls/convergence_3l.uasset" 5029
"D:/UE5_Project/TombEvader/Content/MetaHumans/Common/Controls/M_RigControlActor_Black.uasset" 5030
"D:/UE5_Project/TombEvader/Content/MetaHumans/Common/Controls/faceboard_2x.uasset" 5031
"/Game/MetaHumans/Common/Controls/faceboard_2x" 5032
"/Game/MetaHumans/Common/Controls/convergence_3l" 5033
"/Game/MetaHumans/Common/Controls/faceboard_followGrp" 5034
"../../../Engine/Content/EditorMaterials/PreviewShadowIndicator.uasset" 5035
"../../../Engine/Content/EditorMaterials/PreviewShadowIndicatorMaterial.uasset" 5036
"../../../Engine/Content/EngineMaterials/Substrate/GLints/dict_16_192_64_0p5_0p02_0000_0010.uasset" 5037
"../../../Engine/Content/EngineMaterials/Substrate/GLints/dict_16_192_64_0p5_0p02_0000_0015.uasset" 5038
"../../../Engine/Content/EngineMaterials/Substrate/GLints/dict_16_192_64_0p5_0p02_0000_0014.uasset" 5039
"../../../Engine/Content/EngineMaterials/Substrate/GLints/dict_16_192_64_0p5_0p02_0001_0001.uasset" 5040
"../../../Engine/Content/EngineMaterials/Substrate/GLints/dict_16_192_64_0p5_0p02_0000_0005.uasset" 5041
"../../../Engine/Content/EngineMaterials/Substrate/GLints/dict_16_192_64_0p5_0p02_0000_0001.uasset" 5042
"../../../Engine/Content/EngineMaterials/Substrate/GLints/dict_16_192_64_0p5_0p02_0000_0003.uasset" 5043
"../../../Engine/Content/EngineMaterials/Substrate/GLints/dict_16_192_64_0p5_0p02_0000_0000.uasset" 5044
"../../../Engine/Content/EngineMaterials/Substrate/GLints/dict_16_192_64_0p5_0p02_0000_0002.uasset" 5045
"../../../Engine/Content/EngineMaterials/Substrate/GLints/dict_16_192_64_0p5_0p02_0000_0007.uasset" 5046
"../../../Engine/Content/EngineMaterials/Substrate/GLints/dict_16_192_64_0p5_0p02_0001_0000.uasset" 5047
"../../../Engine/Content/EngineMaterials/Substrate/GLints/dict_16_192_64_0p5_0p02_0000_0012.uasset" 5048
"../../../Engine/Content/EngineMaterials/Substrate/GLints/dict_16_192_64_0p5_0p02_0000_0013.uasset" 5049
"../../../Engine/Content/EngineMaterials/Substrate/GLints/dict_16_192_64_0p5_0p02_0000_0004.uasset" 5050
"../../../Engine/Content/EngineMaterials/Substrate/GLints/dict_16_192_64_0p5_0p02_0001_0004.uasset" 5051
"../../../Engine/Content/EngineMaterials/Substrate/GLints/dict_16_192_64_0p5_0p02_0001_0002.uasset" 5052
"../../../Engine/Content/EngineMaterials/Substrate/GLints/dict_16_192_64_0p5_0p02_0001_0007.uasset" 5053
"../../../Engine/Content/EngineMaterials/Substrate/GLints/dict_16_192_64_0p5_0p02_0000_0011.uasset" 5054
"../../../Engine/Content/EngineMaterials/Substrate/GLints/dict_16_192_64_0p5_0p02_0001_0003.uasset" 5055
"../../../Engine/Content/EngineMaterials/Substrate/GLints/dict_16_192_64_0p5_0p02_0001_0005.uasset" 5056
"../../../Engine/Content/EngineMaterials/Substrate/GLints/dict_16_192_64_0p5_0p02_0001_0006.uasset" 5057
"../../../Engine/Content/EngineMaterials/Substrate/GLints/dict_16_192_64_0p5_0p02_0000_0006.uasset" 5058
"../../../Engine/Content/EngineMaterials/Substrate/GLints/dict_16_192_64_0p5_0p02_0001_0010.uasset" 5059
"../../../Engine/Content/EngineMaterials/Substrate/GLints/dict_16_192_64_0p5_0p02_0001_0013.uasset" 5060
"../../../Engine/Content/EngineMaterials/Substrate/GLints/dict_16_192_64_0p5_0p02_0001_0012.uasset" 5061
"../../../Engine/Content/EngineMaterials/Substrate/GLints/dict_16_192_64_0p5_0p02_0001_0011.uasset" 5062
"../../../Engine/Content/EngineMaterials/Substrate/GLints/dict_16_192_64_0p5_0p02_0001_0008.uasset" 5063
"../../../Engine/Content/EngineMaterials/Substrate/GLints/dict_16_192_64_0p5_0p02_0000_0008.uasset" 5064
"../../../Engine/Content/EngineMaterials/Substrate/GLints/dict_16_192_64_0p5_0p02_0000_0009.uasset" 5065
"../../../Engine/Content/EngineMaterials/Substrate/GLints/dict_16_192_64_0p5_0p02_0001_0009.uasset" 5066
"/Engine/EngineMaterials/Substrate/GLints/dict_16_192_64_0p5_0p02_0000_0014" 5067
"/Engine/EngineMaterials/Substrate/GLints/dict_16_192_64_0p5_0p02_0000_0013" 5068
"/Engine/EngineMaterials/Substrate/GLints/dict_16_192_64_0p5_0p02_0000_0012" 5069
"/Engine/EngineMaterials/Substrate/GLints/dict_16_192_64_0p5_0p02_0000_0011" 5070
"/Engine/EngineMaterials/Substrate/GLints/dict_16_192_64_0p5_0p02_0000_0010" 5071
"/Engine/EngineMaterials/Substrate/GLints/dict_16_192_64_0p5_0p02_0000_0009" 5072
"/Engine/EngineMaterials/Substrate/GLints/dict_16_192_64_0p5_0p02_0000_0008" 5073
"/Engine/EngineMaterials/Substrate/GLints/dict_16_192_64_0p5_0p02_0000_0007" 5074
"/Engine/EngineMaterials/Substrate/GLints/dict_16_192_64_0p5_0p02_0001_0008" 5075
"/Engine/EngineMaterials/Substrate/GLints/dict_16_192_64_0p5_0p02_0000_0006" 5076
"/Engine/EngineMaterials/Substrate/GLints/dict_16_192_64_0p5_0p02_0001_0007" 5077
"/Engine/EngineMaterials/Substrate/GLints/dict_16_192_64_0p5_0p02_0001_0006" 5078
"/Engine/EngineMaterials/Substrate/GLints/dict_16_192_64_0p5_0p02_0001_0013" 5079
"/Engine/EngineMaterials/Substrate/GLints/dict_16_192_64_0p5_0p02_0001_0005" 5080
"/Engine/EngineMaterials/Substrate/GLints/dict_16_192_64_0p5_0p02_0001_0004" 5081
"/Engine/EngineMaterials/Substrate/GLints/dict_16_192_64_0p5_0p02_0001_0003" 5082
"/Engine/EngineMaterials/Substrate/GLints/dict_16_192_64_0p5_0p02_0001_0012" 5083
"/Engine/EngineMaterials/Substrate/GLints/dict_16_192_64_0p5_0p02_0001_0002" 5084
"/Engine/EngineMaterials/Substrate/GLints/dict_16_192_64_0p5_0p02_0000_0005" 5085
"/Engine/EngineMaterials/Substrate/GLints/dict_16_192_64_0p5_0p02_0001_0011" 5086
"/Engine/EngineMaterials/Substrate/GLints/dict_16_192_64_0p5_0p02_0001_0010" 5087
"/Engine/EngineMaterials/Substrate/GLints/dict_16_192_64_0p5_0p02_0000_0004" 5088
"/Engine/EngineMaterials/Substrate/GLints/dict_16_192_64_0p5_0p02_0000_0003" 5089
"/Engine/EngineMaterials/Substrate/GLints/dict_16_192_64_0p5_0p02_0000_0002" 5090
"/Engine/EngineMaterials/Substrate/GLints/dict_16_192_64_0p5_0p02_0000_0001" 5091
"/Engine/EngineMaterials/Substrate/GLints/dict_16_192_64_0p5_0p02_0000_0000" 5092
"/Engine/EngineMaterials/Substrate/GLints/dict_16_192_64_0p5_0p02_0000_0015" 5093
"/Engine/EditorMaterials/PreviewShadowIndicatorMaterial" 5094
"/Engine/EngineMaterials/Substrate/GLints/dict_16_192_64_0p5_0p02_0001_0009" 5095
"/Engine/EngineMaterials/Substrate/GLints/dict_16_192_64_0p5_0p02_0001_0001" 5096
"/Engine/EngineMaterials/Substrate/GLints/dict_16_192_64_0p5_0p02_0001_0000" 5097
"../../../Engine/Content/EngineMaterials/Substrate/GLints/dict_16_192_64_0p5_0p02_0002_0013.uasset" 5098
"../../../Engine/Content/EngineMaterials/Substrate/GLints/dict_16_192_64_0p5_0p02_0002_0003.uasset" 5099
"../../../Engine/Content/EngineMaterials/Substrate/GLints/dict_16_192_64_0p5_0p02_0002_0004.uasset" 5100
"../../../Engine/Content/EngineMaterials/Substrate/GLints/dict_16_192_64_0p5_0p02_0001_0014.uasset" 5101
"../../../Engine/Content/EngineMaterials/Substrate/GLints/dict_16_192_64_0p5_0p02_0002_0014.uasset" 5102
"../../../Engine/Content/EngineMaterials/Substrate/GLints/dict_16_192_64_0p5_0p02_0002_0011.uasset" 5103
"../../../Engine/Content/EngineMaterials/Substrate/GLints/dict_16_192_64_0p5_0p02_0002_0000.uasset" 5104
"../../../Engine/Content/EngineMaterials/Substrate/GLints/dict_16_192_64_0p5_0p02_0002_0012.uasset" 5105
"../../../Engine/Content/EngineMaterials/Substrate/GLints/dict_16_192_64_0p5_0p02_0002_0010.uasset" 5106
"../../../Engine/Content/EngineMaterials/Substrate/GLints/dict_16_192_64_0p5_0p02_0002_0009.uasset" 5107
"../../../Engine/Content/EngineMaterials/Substrate/GLints/dict_16_192_64_0p5_0p02_0002_0007.uasset" 5108
"../../../Engine/Content/EngineMaterials/Substrate/GLints/dict_16_192_64_0p5_0p02_0002_0005.uasset" 5109
"../../../Engine/Content/EngineMaterials/Substrate/GLints/dict_16_192_64_0p5_0p02_0002_0001.uasset" 5110
"../../../Engine/Content/EngineMaterials/Substrate/GLints/dict_16_192_64_0p5_0p02_0002_0006.uasset" 5111
"../../../Engine/Content/EngineMaterials/Substrate/GLints/dict_16_192_64_0p5_0p02_0002_0008.uasset" 5112
"../../../Engine/Content/EngineMaterials/Substrate/GLints/dict_16_192_64_0p5_0p02_0002_0002.uasset" 5113
"../../../Engine/Content/EngineMaterials/Substrate/GLints/dict_16_192_64_0p5_0p02_0001_0015.uasset" 5114
"../../../Engine/Content/EngineMaterials/Substrate/GLints/dict_16_192_64_0p5_0p02_0003_0003.uasset" 5115
"../../../Engine/Content/EngineMaterials/Substrate/GLints/dict_16_192_64_0p5_0p02_0003_0000.uasset" 5116
"../../../Engine/Content/EngineMaterials/Substrate/GLints/dict_16_192_64_0p5_0p02_0003_0001.uasset" 5117
"../../../Engine/Content/EngineMaterials/Substrate/GLints/dict_16_192_64_0p5_0p02_0003_0005.uasset" 5118
"../../../Engine/Content/EngineMaterials/Substrate/GLints/dict_16_192_64_0p5_0p02_0003_0004.uasset" 5119
"../../../Engine/Content/EngineMaterials/Substrate/GLints/dict_16_192_64_0p5_0p02_0002_0015.uasset" 5120
"../../../Engine/Content/EngineMaterials/Substrate/GLints/dict_16_192_64_0p5_0p02_0003_0002.uasset" 5121
"../../../Engine/Content/EngineMaterials/Substrate/GLints/dict_16_192_64_0p5_0p02_0003_0007.uasset" 5122
"../../../Engine/Content/EngineMaterials/Substrate/GLints/dict_16_192_64_0p5_0p02_0003_0011.uasset" 5123
"../../../Engine/Content/EngineMaterials/Substrate/GLints/dict_16_192_64_0p5_0p02_0003_0009.uasset" 5124
"../../../Engine/Content/EngineMaterials/Substrate/GLints/dict_16_192_64_0p5_0p02_0003_0013.uasset" 5125
"../../../Engine/Content/EngineMaterials/Substrate/GLints/dict_16_192_64_0p5_0p02_0003_0008.uasset" 5126
"../../../Engine/Content/EngineMaterials/Substrate/GLints/dict_16_192_64_0p5_0p02_0003_0006.uasset" 5127
"../../../Engine/Content/EngineMaterials/Substrate/GLints/dict_16_192_64_0p5_0p02_0003_0012.uasset" 5128
"../../../Engine/Content/EngineMaterials/Substrate/GLints/dict_16_192_64_0p5_0p02_0003_0010.uasset" 5129
"../../../Engine/Plugins/Animation/DeformerGraph/Shaders/Private/DataInterfaceCustomComputeKernel.ush" 5130
"../../../Engine/Plugins/Animation/DeformerGraph/Shaders/Private/DataInterfaceCloth.ush" 5131
"../../../Engine/Plugins/Animation/DeformerGraph/Shaders/Private/DataInterfaceSkinnedMeshRead.ush" 5132
"../../../Engine/Plugins/Animation/DeformerGraph/Shaders/Private/DataInterfaceSkeleton.ush" 5133
"../../../Engine/Plugins/Animation/DeformerGraph/Shaders/Private/DataInterfaceSkeletonCommon.ush" 5134
"../../../Engine/Plugins/Animation/DeformerGraph/Shaders/Private/DataInterfaceMorphTarget.ush" 5135
"../../../Engine/Plugins/Animation/DeformerGraph/Shaders/Private/DataInterfaceSkinnedMeshWrite.ush" 5136
"../../../Engine/Plugins/Animation/DeformerGraph/Shaders/Private/DataInterfaceRawBuffer.ush" 5137
"../../../Engine/Plugins/Runtime/ComputeFramework/Shaders/Private/BufferAlias.ush" 5138
"../../../Engine/Plugins/Animation/DeformerGraph/Shaders/Private/DataInterfaceSkinnedMesh.ush" 5139
"../../../Engine/Plugins/Animation/DeformerGraph/Shaders/Private/DataInterfaceHalfEdge.ush" 5140
"/Engine/EngineMaterials/Substrate/GLints/dict_16_192_64_0p5_0p02_0003_0013" 5141
"/Engine/EngineMaterials/Substrate/GLints/dict_16_192_64_0p5_0p02_0003_0012" 5142
"/Engine/EngineMaterials/Substrate/GLints/dict_16_192_64_0p5_0p02_0003_0011" 5143
"/Engine/EngineMaterials/Substrate/GLints/dict_16_192_64_0p5_0p02_0003_0010" 5144
"/Engine/EngineMaterials/Substrate/GLints/dict_16_192_64_0p5_0p02_0003_0009" 5145
"/Engine/EngineMaterials/Substrate/GLints/dict_16_192_64_0p5_0p02_0003_0008" 5146
"/Engine/EngineMaterials/Substrate/GLints/dict_16_192_64_0p5_0p02_0003_0007" 5147
"/Engine/EngineMaterials/Substrate/GLints/dict_16_192_64_0p5_0p02_0003_0006" 5148
"/Engine/EngineMaterials/Substrate/GLints/dict_16_192_64_0p5_0p02_0003_0005" 5149
"/Engine/EngineMaterials/Substrate/GLints/dict_16_192_64_0p5_0p02_0003_0004" 5150
"/Engine/EngineMaterials/Substrate/GLints/dict_16_192_64_0p5_0p02_0003_0003" 5151
"/Engine/EngineMaterials/Substrate/GLints/dict_16_192_64_0p5_0p02_0003_0002" 5152
"/Engine/EngineMaterials/Substrate/GLints/dict_16_192_64_0p5_0p02_0003_0001" 5153
"/Engine/EngineMaterials/Substrate/GLints/dict_16_192_64_0p5_0p02_0003_0000" 5154
"/Engine/EngineMaterials/Substrate/GLints/dict_16_192_64_0p5_0p02_0002_0015" 5155
"/Engine/EngineMaterials/Substrate/GLints/dict_16_192_64_0p5_0p02_0002_0014" 5156
"/Engine/EngineMaterials/Substrate/GLints/dict_16_192_64_0p5_0p02_0002_0013" 5157
"/Engine/EngineMaterials/Substrate/GLints/dict_16_192_64_0p5_0p02_0002_0012" 5158
"/Engine/EngineMaterials/Substrate/GLints/dict_16_192_64_0p5_0p02_0002_0011" 5159
"/Engine/EngineMaterials/Substrate/GLints/dict_16_192_64_0p5_0p02_0002_0010" 5160
"/Engine/EngineMaterials/Substrate/GLints/dict_16_192_64_0p5_0p02_0002_0009" 5161
"/Engine/EngineMaterials/Substrate/GLints/dict_16_192_64_0p5_0p02_0002_0008" 5162
"/Engine/EngineMaterials/Substrate/GLints/dict_16_192_64_0p5_0p02_0002_0007" 5163
"/Engine/EngineMaterials/Substrate/GLints/dict_16_192_64_0p5_0p02_0002_0006" 5164
"/Engine/EngineMaterials/Substrate/GLints/dict_16_192_64_0p5_0p02_0002_0005" 5165
"/Engine/EngineMaterials/Substrate/GLints/dict_16_192_64_0p5_0p02_0002_0004" 5166
"/Engine/EngineMaterials/Substrate/GLints/dict_16_192_64_0p5_0p02_0002_0003" 5167
"/Engine/EngineMaterials/Substrate/GLints/dict_16_192_64_0p5_0p02_0002_0002" 5168
"/Engine/EngineMaterials/Substrate/GLints/dict_16_192_64_0p5_0p02_0002_0001" 5169
"/Engine/EngineMaterials/Substrate/GLints/dict_16_192_64_0p5_0p02_0002_0000" 5170
"/Engine/EngineMaterials/Substrate/GLints/dict_16_192_64_0p5_0p02_0001_0015" 5171
"/Engine/EngineMaterials/Substrate/GLints/dict_16_192_64_0p5_0p02_0001_0014" 5172
"../../../Engine/Content/EngineMaterials/Substrate/GLints/dict_16_192_64_0p5_0p02_0004_0002.uasset" 5173
"../../../Engine/Content/EngineMaterials/Substrate/GLints/dict_16_192_64_0p5_0p02_0004_0000.uasset" 5174
"../../../Engine/Content/EngineMaterials/Substrate/GLints/dict_16_192_64_0p5_0p02_0004_0010.uasset" 5175
"../../../Engine/Content/EngineMaterials/Substrate/GLints/dict_16_192_64_0p5_0p02_0004_0011.uasset" 5176
"../../../Engine/Content/EngineMaterials/Substrate/GLints/dict_16_192_64_0p5_0p02_0004_0008.uasset" 5177
"../../../Engine/Content/EngineMaterials/Substrate/GLints/dict_16_192_64_0p5_0p02_0004_0005.uasset" 5178
"../../../Engine/Content/EngineMaterials/Substrate/GLints/dict_16_192_64_0p5_0p02_0004_0012.uasset" 5179
"../../../Engine/Content/EngineMaterials/Substrate/GLints/dict_16_192_64_0p5_0p02_0003_0014.uasset" 5180
"../../../Engine/Content/EngineMaterials/Substrate/GLints/dict_16_192_64_0p5_0p02_0004_0007.uasset" 5181
"../../../Engine/Content/EngineMaterials/Substrate/GLints/dict_16_192_64_0p5_0p02_0004_0003.uasset" 5182
"../../../Engine/Content/EngineMaterials/Substrate/GLints/dict_16_192_64_0p5_0p02_0004_0004.uasset" 5183
"../../../Engine/Content/EngineMaterials/Substrate/GLints/dict_16_192_64_0p5_0p02_0004_0013.uasset" 5184
"../../../Engine/Content/EngineMaterials/Substrate/GLints/dict_16_192_64_0p5_0p02_0004_0009.uasset" 5185
"../../../Engine/Content/EngineMaterials/Substrate/GLints/dict_16_192_64_0p5_0p02_0003_0015.uasset" 5186
"../../../Engine/Content/EngineMaterials/Substrate/GLints/dict_16_192_64_0p5_0p02_0004_0006.uasset" 5187
"../../../Engine/Content/EngineMaterials/Substrate/GLints/dict_16_192_64_0p5_0p02_0005_0001.uasset" 5188
"../../../Engine/Content/EngineMaterials/Substrate/GLints/dict_16_192_64_0p5_0p02_0004_0014.uasset" 5189
"../../../Engine/Content/EngineMaterials/Substrate/GLints/dict_16_192_64_0p5_0p02_0004_0015.uasset" 5190
"../../../Engine/Content/EngineMaterials/Substrate/GLints/dict_16_192_64_0p5_0p02_0005_0000.uasset" 5191
"../../../Engine/Content/EngineMaterials/Substrate/GLints/dict_16_192_64_0p5_0p02_0004_0001.uasset" 5192
"/Engine/EngineMaterials/Substrate/GLints/dict_16_192_64_0p5_0p02_0004_0002" 5193
"/Engine/EngineMaterials/Substrate/GLints/dict_16_192_64_0p5_0p02_0004_0000" 5194
"../../../Engine/Content/EngineMaterials/Substrate/GLints/dict_16_192_64_0p5_0p02_0005_0005.uasset" 5195
"../../../Engine/Content/EngineMaterials/Substrate/GLints/dict_16_192_64_0p5_0p02_0005_0004.uasset" 5196
"/Engine/EngineMaterials/Substrate/GLints/dict_16_192_64_0p5_0p02_0005_0005" 5197
"../../../Engine/Content/EngineMaterials/Substrate/GLints/dict_16_192_64_0p5_0p02_0005_0008.uasset" 5198
"../../../Engine/Content/EngineMaterials/Substrate/GLints/dict_16_192_64_0p5_0p02_0005_0009.uasset" 5199
"/Engine/EngineMaterials/Substrate/GLints/dict_16_192_64_0p5_0p02_0005_0001" 5200
"/Engine/EngineMaterials/Substrate/GLints/dict_16_192_64_0p5_0p02_0005_0000" 5201
"../../../Engine/Content/EngineMaterials/Substrate/GLints/dict_16_192_64_0p5_0p02_0005_0014.uasset" 5202
"/Engine/EngineMaterials/Substrate/GLints/dict_16_192_64_0p5_0p02_0004_0015" 5203
"/Engine/EngineMaterials/Substrate/GLints/dict_16_192_64_0p5_0p02_0004_0014" 5204
"/Engine/EngineMaterials/Substrate/GLints/dict_16_192_64_0p5_0p02_0004_0013" 5205
"/Engine/EngineMaterials/Substrate/GLints/dict_16_192_64_0p5_0p02_0004_0012" 5206
"/Engine/EngineMaterials/Substrate/GLints/dict_16_192_64_0p5_0p02_0004_0011" 5207
"../../../Engine/Content/EngineMaterials/Substrate/GLints/dict_16_192_64_0p5_0p02_0005_0006.uasset" 5208
"/Engine/EngineMaterials/Substrate/GLints/dict_16_192_64_0p5_0p02_0004_0010" 5209
"/Engine/EngineMaterials/Substrate/GLints/dict_16_192_64_0p5_0p02_0004_0009" 5210
"/Engine/EngineMaterials/Substrate/GLints/dict_16_192_64_0p5_0p02_0004_0008" 5211
"/Engine/EngineMaterials/Substrate/GLints/dict_16_192_64_0p5_0p02_0004_0007" 5212
"/Engine/EngineMaterials/Substrate/GLints/dict_16_192_64_0p5_0p02_0004_0006" 5213
"../../../Engine/Content/EngineMaterials/Substrate/GLints/dict_16_192_64_0p5_0p02_0005_0002.uasset" 5214
"/Engine/EngineMaterials/Substrate/GLints/dict_16_192_64_0p5_0p02_0004_0005" 5215
"/Engine/EngineMaterials/Substrate/GLints/dict_16_192_64_0p5_0p02_0004_0004" 5216
"../../../Engine/Content/EngineMaterials/Substrate/GLints/dict_16_192_64_0p5_0p02_0005_0012.uasset" 5217
"../../../Engine/Content/EngineMaterials/Substrate/GLints/dict_16_192_64_0p5_0p02_0005_0010.uasset" 5218
"/Engine/EngineMaterials/Substrate/GLints/dict_16_192_64_0p5_0p02_0004_0003" 5219
"/Engine/EngineMaterials/Substrate/GLints/dict_16_192_64_0p5_0p02_0004_0001" 5220
"/Engine/EngineMaterials/Substrate/GLints/dict_16_192_64_0p5_0p02_0003_0015" 5221
"/Engine/EngineMaterials/Substrate/GLints/dict_16_192_64_0p5_0p02_0003_0014" 5222
"../../../Engine/Content/EngineMaterials/Substrate/GLints/dict_16_192_64_0p5_0p02_0005_0007.uasset" 5223
"../../../Engine/Content/EngineMaterials/Substrate/GLints/dict_16_192_64_0p5_0p02_0005_0011.uasset" 5224
"../../../Engine/Content/EngineMaterials/Substrate/GLints/dict_16_192_64_0p5_0p02_0005_0003.uasset" 5225
"/Engine/EngineMaterials/Substrate/GLints/dict_16_192_64_0p5_0p02_0005_0012" 5226
"/Engine/EngineMaterials/Substrate/GLints/dict_16_192_64_0p5_0p02_0005_0011" 5227
"/Engine/EngineMaterials/Substrate/GLints/dict_16_192_64_0p5_0p02_0005_0010" 5228
"/Engine/EngineMaterials/Substrate/GLints/dict_16_192_64_0p5_0p02_0005_0009" 5229
"/Engine/EngineMaterials/Substrate/GLints/dict_16_192_64_0p5_0p02_0005_0008" 5230
"/Engine/EngineMaterials/Substrate/GLints/dict_16_192_64_0p5_0p02_0005_0007" 5231
"/Engine/EngineMaterials/Substrate/GLints/dict_16_192_64_0p5_0p02_0005_0006" 5232
"/Engine/EngineMaterials/Substrate/GLints/dict_16_192_64_0p5_0p02_0005_0004" 5233
"/Engine/EngineMaterials/Substrate/GLints/dict_16_192_64_0p5_0p02_0005_0002" 5234
"../../../Engine/Content/EngineMaterials/Substrate/GLints/dict_16_192_64_0p5_0p02_0005_0013.uasset" 5235
"../../../Engine/Content/EngineMaterials/Substrate/GLints/dict_16_192_64_0p5_0p02_0005_0015.uasset" 5236
"/Engine/EngineMaterials/Substrate/GLints/dict_16_192_64_0p5_0p02_0005_0014" 5237
"/Engine/EngineMaterials/Substrate/GLints/dict_16_192_64_0p5_0p02_0005_0013" 5238
"/Engine/EngineMaterials/Substrate/GLints/dict_16_192_64_0p5_0p02_0005_0003" 5239
"/Engine/EngineMaterials/Substrate/GLints/dict_16_192_64_0p5_0p02_0005_0015" 5240
"../../../Engine/Content/EngineMaterials/Substrate/GLints/dict_16_192_64_0p5_0p02_0006_0001.uasset" 5241
"../../../Engine/Content/EngineMaterials/Substrate/GLints/dict_16_192_64_0p5_0p02_0006_0004.uasset" 5242
"../../../Engine/Content/EngineMaterials/Substrate/GLints/dict_16_192_64_0p5_0p02_0006_0005.uasset" 5243
"../../../Engine/Content/EngineMaterials/Substrate/GLints/dict_16_192_64_0p5_0p02_0006_0010.uasset" 5244
"../../../Engine/Content/EngineMaterials/Substrate/GLints/dict_16_192_64_0p5_0p02_0006_0011.uasset" 5245
"../../../Engine/Content/EngineMaterials/Substrate/GLints/dict_16_192_64_0p5_0p02_0006_0003.uasset" 5246
"../../../Engine/Content/EngineMaterials/Substrate/GLints/dict_16_192_64_0p5_0p02_0006_0009.uasset" 5247
"../../../Engine/Content/EngineMaterials/Substrate/GLints/dict_16_192_64_0p5_0p02_0006_0000.uasset" 5248
"../../../Engine/Content/EngineMaterials/Substrate/GLints/dict_16_192_64_0p5_0p02_0007_0003.uasset" 5249
"../../../Engine/Content/EngineMaterials/Substrate/GLints/dict_16_192_64_0p5_0p02_0007_0008.uasset" 5250
"../../../Engine/Content/EngineMaterials/Substrate/GLints/dict_16_192_64_0p5_0p02_0007_0000.uasset" 5251
"../../../Engine/Content/EngineMaterials/Substrate/GLints/dict_16_192_64_0p5_0p02_0006_0002.uasset" 5252
"../../../Engine/Content/EngineMaterials/Substrate/GLints/dict_16_192_64_0p5_0p02_0006_0006.uasset" 5253
"../../../Engine/Content/EngineMaterials/Substrate/GLints/dict_16_192_64_0p5_0p02_0006_0007.uasset" 5254
"../../../Engine/Content/EngineMaterials/Substrate/GLints/dict_16_192_64_0p5_0p02_0006_0012.uasset" 5255
"../../../Engine/Content/EngineMaterials/Substrate/GLints/dict_16_192_64_0p5_0p02_0006_0013.uasset" 5256
"../../../Engine/Content/EngineMaterials/Substrate/GLints/dict_16_192_64_0p5_0p02_0007_0002.uasset" 5257
"../../../Engine/Content/EngineMaterials/Substrate/GLints/dict_16_192_64_0p5_0p02_0007_0006.uasset" 5258
"../../../Engine/Content/EngineMaterials/Substrate/GLints/dict_16_192_64_0p5_0p02_0006_0014.uasset" 5259
"../../../Engine/Content/EngineMaterials/Substrate/GLints/dict_16_192_64_0p5_0p02_0006_0015.uasset" 5260
"../../../Engine/Content/EngineMaterials/Substrate/GLints/dict_16_192_64_0p5_0p02_0007_0004.uasset" 5261
"../../../Engine/Content/EngineMaterials/Substrate/GLints/dict_16_192_64_0p5_0p02_0006_0008.uasset" 5262
"../../../Engine/Content/EngineMaterials/Substrate/GLints/dict_16_192_64_0p5_0p02_0007_0012.uasset" 5263
"../../../Engine/Content/EngineMaterials/Substrate/GLints/dict_16_192_64_0p5_0p02_0007_0001.uasset" 5264
"../../../Engine/Content/EngineMaterials/Substrate/GLints/dict_16_192_64_0p5_0p02_0007_0011.uasset" 5265
"../../../Engine/Content/EngineMaterials/Substrate/GLints/dict_16_192_64_0p5_0p02_0007_0010.uasset" 5266
"../../../Engine/Content/EngineMaterials/Substrate/GLints/dict_16_192_64_0p5_0p02_0007_0005.uasset" 5267
"../../../Engine/Content/EngineMaterials/Substrate/GLints/dict_16_192_64_0p5_0p02_0007_0007.uasset" 5268
"../../../Engine/Content/EngineMaterials/Substrate/GLints/dict_16_192_64_0p5_0p02_0007_0014.uasset" 5269
"../../../Engine/Content/EngineMaterials/Substrate/GLints/dict_16_192_64_0p5_0p02_0007_0009.uasset" 5270
"../../../Engine/Content/EngineMaterials/Substrate/GLints/dict_16_192_64_0p5_0p02_0007_0015.uasset" 5271
"../../../Engine/Content/EngineMaterials/Substrate/GLints/dict_16_192_64_0p5_0p02_0007_0013.uasset" 5272
"/Engine/EngineMaterials/Substrate/GLints/dict_16_192_64_0p5_0p02_0007_0015" 5273
"/Engine/EngineMaterials/Substrate/GLints/dict_16_192_64_0p5_0p02_0007_0012" 5274
"/Engine/EngineMaterials/Substrate/GLints/dict_16_192_64_0p5_0p02_0007_0011" 5275
"/Engine/EngineMaterials/Substrate/GLints/dict_16_192_64_0p5_0p02_0007_0010" 5276
"/Engine/EngineMaterials/Substrate/GLints/dict_16_192_64_0p5_0p02_0007_0009" 5277
"/Engine/EngineMaterials/Substrate/GLints/dict_16_192_64_0p5_0p02_0007_0008" 5278
"/Engine/EngineMaterials/Substrate/GLints/dict_16_192_64_0p5_0p02_0007_0007" 5279
"/Engine/EngineMaterials/Substrate/GLints/dict_16_192_64_0p5_0p02_0007_0006" 5280
"/Engine/EngineMaterials/Substrate/GLints/dict_16_192_64_0p5_0p02_0007_0002" 5281
"/Engine/EngineMaterials/Substrate/GLints/dict_16_192_64_0p5_0p02_0007_0005" 5282
"/Engine/EngineMaterials/Substrate/GLints/dict_16_192_64_0p5_0p02_0007_0014" 5283
"/Engine/EngineMaterials/Substrate/GLints/dict_16_192_64_0p5_0p02_0007_0004" 5284
"/Engine/EngineMaterials/Substrate/GLints/dict_16_192_64_0p5_0p02_0007_0001" 5285
"/Engine/EngineMaterials/Substrate/GLints/dict_16_192_64_0p5_0p02_0007_0000" 5286
"/Engine/EngineMaterials/Substrate/GLints/dict_16_192_64_0p5_0p02_0006_0015" 5287
"/Engine/EngineMaterials/Substrate/GLints/dict_16_192_64_0p5_0p02_0006_0014" 5288
"/Engine/EngineMaterials/Substrate/GLints/dict_16_192_64_0p5_0p02_0006_0013" 5289
"/Engine/EngineMaterials/Substrate/GLints/dict_16_192_64_0p5_0p02_0006_0012" 5290
"/Engine/EngineMaterials/Substrate/GLints/dict_16_192_64_0p5_0p02_0006_0011" 5291
"/Engine/EngineMaterials/Substrate/GLints/dict_16_192_64_0p5_0p02_0006_0010" 5292
"/Engine/EngineMaterials/Substrate/GLints/dict_16_192_64_0p5_0p02_0006_0009" 5293
"/Engine/EngineMaterials/Substrate/GLints/dict_16_192_64_0p5_0p02_0006_0008" 5294
"/Engine/EngineMaterials/Substrate/GLints/dict_16_192_64_0p5_0p02_0006_0007" 5295
"/Engine/EngineMaterials/Substrate/GLints/dict_16_192_64_0p5_0p02_0006_0006" 5296
"/Engine/EngineMaterials/Substrate/GLints/dict_16_192_64_0p5_0p02_0006_0005" 5297
"/Engine/EngineMaterials/Substrate/GLints/dict_16_192_64_0p5_0p02_0006_0004" 5298
"/Engine/EngineMaterials/Substrate/GLints/dict_16_192_64_0p5_0p02_0006_0003" 5299
"/Engine/EngineMaterials/Substrate/GLints/dict_16_192_64_0p5_0p02_0007_0013" 5300
"/Engine/EngineMaterials/Substrate/GLints/dict_16_192_64_0p5_0p02_0006_0002" 5301
"/Engine/EngineMaterials/Substrate/GLints/dict_16_192_64_0p5_0p02_0007_0003" 5302
"/Engine/EngineMaterials/Substrate/GLints/dict_16_192_64_0p5_0p02_0006_0001" 5303
"/Engine/EngineMaterials/Substrate/GLints/dict_16_192_64_0p5_0p02_0006_0000" 5304
"../../../Engine/Content/EngineMaterials/Substrate/GLints/dict_16_192_64_0p5_0p02_0008_0003.uasset" 5305
"/Engine/EngineMaterials/Substrate/GLints/dict_16_192_64_0p5_0p02_0008_0003" 5306
"../../../Engine/Content/EngineMaterials/Substrate/GLints/dict_16_192_64_0p5_0p02_0008_0011.uasset" 5307
"../../../Engine/Content/EngineMaterials/Substrate/GLints/dict_16_192_64_0p5_0p02_0008_0002.uasset" 5308
"../../../Engine/Content/EngineMaterials/Substrate/GLints/dict_16_192_64_0p5_0p02_0008_0010.uasset" 5309
"../../../Engine/Content/EngineMaterials/Substrate/GLints/dict_16_192_64_0p5_0p02_0008_0015.uasset" 5310
"../../../Engine/Content/EngineMaterials/Substrate/GLints/dict_16_192_64_0p5_0p02_0008_0008.uasset" 5311
"../../../Engine/Content/EngineMaterials/Substrate/GLints/dict_16_192_64_0p5_0p02_0008_0006.uasset" 5312
"../../../Engine/Content/EngineMaterials/Substrate/GLints/dict_16_192_64_0p5_0p02_0008_0000.uasset" 5313
"../../../Engine/Content/EngineMaterials/Substrate/GLints/dict_16_192_64_0p5_0p02_0009_0001.uasset" 5314
"../../../Engine/Content/EngineMaterials/Substrate/GLints/dict_16_192_64_0p5_0p02_0008_0001.uasset" 5315
"../../../Engine/Content/EngineMaterials/Substrate/GLints/dict_16_192_64_0p5_0p02_0009_0010.uasset" 5316
"../../../Engine/Content/EngineMaterials/Substrate/GLints/dict_16_192_64_0p5_0p02_0008_0009.uasset" 5317
"../../../Engine/Content/EngineMaterials/Substrate/GLints/dict_16_192_64_0p5_0p02_0009_0005.uasset" 5318
"../../../Engine/Content/EngineMaterials/Substrate/GLints/dict_16_192_64_0p5_0p02_0009_0000.uasset" 5319
"../../../Engine/Content/EngineMaterials/Substrate/GLints/dict_16_192_64_0p5_0p02_0008_0004.uasset" 5320
"../../../Engine/Content/EngineMaterials/Substrate/GLints/dict_16_192_64_0p5_0p02_0008_0012.uasset" 5321
"../../../Engine/Content/EngineMaterials/Substrate/GLints/dict_16_192_64_0p5_0p02_0008_0007.uasset" 5322
"../../../Engine/Content/EngineMaterials/Substrate/GLints/dict_16_192_64_0p5_0p02_0008_0005.uasset" 5323
"../../../Engine/Content/EngineMaterials/Substrate/GLints/dict_16_192_64_0p5_0p02_0009_0006.uasset" 5324
"../../../Engine/Content/EngineMaterials/Substrate/GLints/dict_16_192_64_0p5_0p02_0008_0013.uasset" 5325
"../../../Engine/Content/EngineMaterials/Substrate/GLints/dict_16_192_64_0p5_0p02_0009_0002.uasset" 5326
"../../../Engine/Content/EngineMaterials/Substrate/GLints/dict_16_192_64_0p5_0p02_0009_0009.uasset" 5327
"../../../Engine/Content/EngineMaterials/Substrate/GLints/dict_16_192_64_0p5_0p02_0008_0014.uasset" 5328
"../../../Engine/Content/EngineMaterials/Substrate/GLints/dict_16_192_64_0p5_0p02_0009_0004.uasset" 5329
"../../../Engine/Content/EngineMaterials/Substrate/GLints/dict_16_192_64_0p5_0p02_0009_0008.uasset" 5330
"../../../Engine/Content/EngineMaterials/Substrate/GLints/dict_16_192_64_0p5_0p02_0009_0012.uasset" 5331
"../../../Engine/Content/EngineMaterials/Substrate/GLints/dict_16_192_64_0p5_0p02_0009_0007.uasset" 5332
"../../../Engine/Content/EngineMaterials/Substrate/GLints/dict_16_192_64_0p5_0p02_0009_0014.uasset" 5333
"/Engine/EngineMaterials/Substrate/GLints/dict_16_192_64_0p5_0p02_0009_0010" 5334
"../../../Engine/Content/EngineMaterials/Substrate/GLints/dict_16_192_64_0p5_0p02_0009_0011.uasset" 5335
"/Engine/EngineMaterials/Substrate/GLints/dict_16_192_64_0p5_0p02_0009_0009" 5336
"../../../Engine/Content/EngineMaterials/Substrate/GLints/dict_16_192_64_0p5_0p02_0010_0000.uasset" 5337
"../../../Engine/Content/EngineMaterials/Substrate/GLints/dict_16_192_64_0p5_0p02_0009_0015.uasset" 5338
"/Engine/EngineMaterials/Substrate/GLints/dict_16_192_64_0p5_0p02_0009_0008" 5339
"/Engine/EngineMaterials/Substrate/GLints/dict_16_192_64_0p5_0p02_0009_0006" 5340
"../../../Engine/Content/EngineMaterials/Substrate/GLints/dict_16_192_64_0p5_0p02_0009_0003.uasset" 5341
"../../../Engine/Content/EngineMaterials/Substrate/GLints/dict_16_192_64_0p5_0p02_0009_0013.uasset" 5342
"/Engine/EngineMaterials/Substrate/GLints/dict_16_192_64_0p5_0p02_0009_0005" 5343
"/Engine/EngineMaterials/Substrate/GLints/dict_16_192_64_0p5_0p02_0009_0004" 5344
"/Engine/EngineMaterials/Substrate/GLints/dict_16_192_64_0p5_0p02_0009_0002" 5345
"/Engine/EngineMaterials/Substrate/GLints/dict_16_192_64_0p5_0p02_0009_0001" 5346
"/Engine/EngineMaterials/Substrate/GLints/dict_16_192_64_0p5_0p02_0009_0000" 5347
"/Engine/EngineMaterials/Substrate/GLints/dict_16_192_64_0p5_0p02_0008_0015" 5348
"/Engine/EngineMaterials/Substrate/GLints/dict_16_192_64_0p5_0p02_0008_0014" 5349
"/Engine/EngineMaterials/Substrate/GLints/dict_16_192_64_0p5_0p02_0008_0013" 5350
"/Engine/EngineMaterials/Substrate/GLints/dict_16_192_64_0p5_0p02_0008_0012" 5351
"/Engine/EngineMaterials/Substrate/GLints/dict_16_192_64_0p5_0p02_0008_0011" 5352
"/Engine/EngineMaterials/Substrate/GLints/dict_16_192_64_0p5_0p02_0008_0010" 5353
"/Engine/EngineMaterials/Substrate/GLints/dict_16_192_64_0p5_0p02_0008_0009" 5354
"/Engine/EngineMaterials/Substrate/GLints/dict_16_192_64_0p5_0p02_0008_0008" 5355
"/Engine/EngineMaterials/Substrate/GLints/dict_16_192_64_0p5_0p02_0008_0007" 5356
"/Engine/EngineMaterials/Substrate/GLints/dict_16_192_64_0p5_0p02_0008_0006" 5357
"/Engine/EngineMaterials/Substrate/GLints/dict_16_192_64_0p5_0p02_0008_0005" 5358
"/Engine/EngineMaterials/Substrate/GLints/dict_16_192_64_0p5_0p02_0008_0004" 5359
"/Engine/EngineMaterials/Substrate/GLints/dict_16_192_64_0p5_0p02_0008_0002" 5360
"/Engine/EngineMaterials/Substrate/GLints/dict_16_192_64_0p5_0p02_0008_0001" 5361
"/Engine/EngineMaterials/Substrate/GLints/dict_16_192_64_0p5_0p02_0008_0000" 5362
"/Engine/EngineMaterials/Substrate/GLints/dict_16_192_64_0p5_0p02_0009_0015" 5363
"/Engine/EngineMaterials/Substrate/GLints/dict_16_192_64_0p5_0p02_0009_0014" 5364
"/Engine/EngineMaterials/Substrate/GLints/dict_16_192_64_0p5_0p02_0009_0013" 5365
"/Engine/EngineMaterials/Substrate/GLints/dict_16_192_64_0p5_0p02_0009_0012" 5366
"/Engine/EngineMaterials/Substrate/GLints/dict_16_192_64_0p5_0p02_0009_0011" 5367
"/Engine/EngineMaterials/Substrate/GLints/dict_16_192_64_0p5_0p02_0009_0007" 5368
"/Engine/EngineMaterials/Substrate/GLints/dict_16_192_64_0p5_0p02_0009_0003" 5369
"/Engine/EngineMaterials/Substrate/GLints/dict_16_192_64_0p5_0p02_0010_0000" 5370
"../../../Engine/Content/EngineMaterials/Substrate/GLints/dict_16_192_64_0p5_0p02_0010_0003.uasset" 5371
"../../../Engine/Content/EngineMaterials/Substrate/GLints/dict_16_192_64_0p5_0p02_0010_0002.uasset" 5372
"../../../Engine/Content/EngineMaterials/Substrate/GLints/dict_16_192_64_0p5_0p02_0010_0006.uasset" 5373
"../../../Engine/Content/EngineMaterials/Substrate/GLints/dict_16_192_64_0p5_0p02_0010_0001.uasset" 5374
"../../../Engine/Content/EngineMaterials/Substrate/GLints/dict_16_192_64_0p5_0p02_0010_0007.uasset" 5375
"../../../Engine/Content/EngineMaterials/Substrate/GLints/dict_16_192_64_0p5_0p02_0010_0004.uasset" 5376
"../../../Engine/Content/EngineMaterials/Substrate/GLints/dict_16_192_64_0p5_0p02_0010_0010.uasset" 5377
"/Engine/EngineMaterials/Substrate/GLints/dict_16_192_64_0p5_0p02_0010_0010" 5378
"../../../Engine/Content/EngineMaterials/Substrate/GLints/dict_16_192_64_0p5_0p02_0011_0009.uasset" 5379
"../../../Engine/Content/EngineMaterials/Substrate/GLints/dict_16_192_64_0p5_0p02_0010_0005.uasset" 5380
"../../../Engine/Content/EngineMaterials/Substrate/GLints/dict_16_192_64_0p5_0p02_0010_0009.uasset" 5381
"/Engine/EngineMaterials/Substrate/GLints/dict_16_192_64_0p5_0p02_0010_0007" 5382
"../../../Engine/Content/EngineMaterials/Substrate/GLints/dict_16_192_64_0p5_0p02_0010_0008.uasset" 5383
"/Engine/EngineMaterials/Substrate/GLints/dict_16_192_64_0p5_0p02_0010_0006" 5384
"/Engine/EngineMaterials/Substrate/GLints/dict_16_192_64_0p5_0p02_0010_0004" 5385
"../../../Engine/Content/EngineMaterials/Substrate/GLints/dict_16_192_64_0p5_0p02_0010_0015.uasset" 5386
"/Engine/EngineMaterials/Substrate/GLints/dict_16_192_64_0p5_0p02_0010_0003" 5387
"/Engine/EngineMaterials/Substrate/GLints/dict_16_192_64_0p5_0p02_0010_0002" 5388
"/Engine/EngineMaterials/Substrate/GLints/dict_16_192_64_0p5_0p02_0010_0001" 5389
"/Engine/EngineMaterials/Substrate/GLints/dict_16_192_64_0p5_0p02_0010_0015" 5390
"/Engine/EngineMaterials/Substrate/GLints/dict_16_192_64_0p5_0p02_0010_0009" 5391
"/Engine/EngineMaterials/Substrate/GLints/dict_16_192_64_0p5_0p02_0010_0008" 5392
"/Engine/EngineMaterials/Substrate/GLints/dict_16_192_64_0p5_0p02_0010_0005" 5393
"/Engine/EngineMaterials/Substrate/GLints/dict_16_192_64_0p5_0p02_0011_0009" 5394
"../../../Engine/Content/EngineMaterials/Substrate/GLints/dict_16_192_64_0p5_0p02_0011_0000.uasset" 5395
"../../../Engine/Content/EngineMaterials/Substrate/GLints/dict_16_192_64_0p5_0p02_0010_0012.uasset" 5396
"../../../Engine/Content/EngineMaterials/Substrate/GLints/dict_16_192_64_0p5_0p02_0011_0008.uasset" 5397
"../../../Engine/Content/EngineMaterials/Substrate/GLints/dict_16_192_64_0p5_0p02_0011_0004.uasset" 5398
"../../../Engine/Content/EngineMaterials/Substrate/GLints/dict_16_192_64_0p5_0p02_0011_0005.uasset" 5399
"../../../Engine/Content/EngineMaterials/Substrate/GLints/dict_16_192_64_0p5_0p02_0011_0007.uasset" 5400
"../../../Engine/Content/EngineMaterials/Substrate/GLints/dict_16_192_64_0p5_0p02_0011_0011.uasset" 5401
"../../../Engine/Content/EngineMaterials/Substrate/GLints/dict_16_192_64_0p5_0p02_0011_0012.uasset" 5402
"../../../Engine/Content/EngineMaterials/Substrate/GLints/dict_16_192_64_0p5_0p02_0011_0010.uasset" 5403
"../../../Engine/Content/EngineMaterials/Substrate/GLints/dict_16_192_64_0p5_0p02_0011_0013.uasset" 5404
"../../../Engine/Content/EngineMaterials/Substrate/GLints/dict_16_192_64_0p5_0p02_0011_0006.uasset" 5405
"../../../Engine/Content/EngineMaterials/Substrate/GLints/dict_16_192_64_0p5_0p02_0012_0001.uasset" 5406
"../../../Engine/Content/EngineMaterials/Substrate/GLints/dict_16_192_64_0p5_0p02_0012_0000.uasset" 5407
"../../../Engine/Content/EngineMaterials/Substrate/GLints/dict_16_192_64_0p5_0p02_0011_0002.uasset" 5408
"../../../Engine/Content/EngineMaterials/Substrate/GLints/dict_16_192_64_0p5_0p02_0011_0003.uasset" 5409
"../../../Engine/Content/EngineMaterials/Substrate/GLints/dict_16_192_64_0p5_0p02_0012_0003.uasset" 5410
"../../../Engine/Content/EngineMaterials/Substrate/GLints/dict_16_192_64_0p5_0p02_0012_0004.uasset" 5411
"../../../Engine/Content/EngineMaterials/Substrate/GLints/dict_16_192_64_0p5_0p02_0012_0007.uasset" 5412
"../../../Engine/Content/EngineMaterials/Substrate/GLints/dict_16_192_64_0p5_0p02_0012_0006.uasset" 5413
"../../../Engine/Content/EngineMaterials/Substrate/GLints/dict_16_192_64_0p5_0p02_0012_0005.uasset" 5414
"../../../Engine/Content/EngineMaterials/Substrate/GLints/dict_16_192_64_0p5_0p02_0011_0001.uasset" 5415
"../../../Engine/Content/EngineMaterials/Substrate/GLints/dict_16_192_64_0p5_0p02_0012_0002.uasset" 5416
"/Engine/EngineMaterials/Substrate/GLints/dict_16_192_64_0p5_0p02_0012_0000" 5417
"../../../Engine/Content/EngineMaterials/Substrate/GLints/dict_16_192_64_0p5_0p02_0012_0008.uasset" 5418
"../../../Engine/Content/EngineMaterials/Substrate/GLints/dict_16_192_64_0p5_0p02_0011_0015.uasset" 5419
"/Engine/EngineMaterials/Substrate/GLints/dict_16_192_64_0p5_0p02_0011_0013" 5420
"/Engine/EngineMaterials/Substrate/GLints/dict_16_192_64_0p5_0p02_0011_0012" 5421
"/Engine/EngineMaterials/Substrate/GLints/dict_16_192_64_0p5_0p02_0011_0008" 5422
"/Engine/EngineMaterials/Substrate/GLints/dict_16_192_64_0p5_0p02_0011_0007" 5423
"../../../Engine/Content/EngineMaterials/Substrate/GLints/dict_16_192_64_0p5_0p02_0012_0010.uasset" 5424
"/Engine/EngineMaterials/Substrate/GLints/dict_16_192_64_0p5_0p02_0011_0006" 5425
"../../../Engine/Content/EngineMaterials/Substrate/GLints/dict_16_192_64_0p5_0p02_0010_0011.uasset" 5426
"../../../Engine/Content/EngineMaterials/Substrate/GLints/dict_16_192_64_0p5_0p02_0012_0012.uasset" 5427
"/Engine/EngineMaterials/Substrate/GLints/dict_16_192_64_0p5_0p02_0011_0011" 5428
"/Engine/EngineMaterials/Substrate/GLints/dict_16_192_64_0p5_0p02_0011_0005" 5429
"/Engine/EngineMaterials/Substrate/GLints/dict_16_192_64_0p5_0p02_0011_0004" 5430
"/Engine/EngineMaterials/Substrate/GLints/dict_16_192_64_0p5_0p02_0011_0003" 5431
"../../../Engine/Content/EngineMaterials/Substrate/GLints/dict_16_192_64_0p5_0p02_0010_0013.uasset" 5432
"/Engine/EngineMaterials/Substrate/GLints/dict_16_192_64_0p5_0p02_0011_0010" 5433
"../../../Engine/Content/EngineMaterials/Substrate/GLints/dict_16_192_64_0p5_0p02_0010_0014.uasset" 5434
"../../../Engine/Content/EngineMaterials/Substrate/GLints/dict_16_192_64_0p5_0p02_0012_0011.uasset" 5435
"../../../Engine/Content/EngineMaterials/Substrate/GLints/dict_16_192_64_0p5_0p02_0011_0014.uasset" 5436
"/Engine/EngineMaterials/Substrate/GLints/dict_16_192_64_0p5_0p02_0011_0002" 5437
"/Engine/EngineMaterials/Substrate/GLints/dict_16_192_64_0p5_0p02_0011_0001" 5438
"/Engine/EngineMaterials/Substrate/GLints/dict_16_192_64_0p5_0p02_0011_0000" 5439
"/Engine/EngineMaterials/Substrate/GLints/dict_16_192_64_0p5_0p02_0010_0012" 5440
"/Engine/EngineMaterials/Substrate/GLints/dict_16_192_64_0p5_0p02_0012_0007" 5441
"/Engine/EngineMaterials/Substrate/GLints/dict_16_192_64_0p5_0p02_0012_0006" 5442
"../../../Engine/Content/EngineMaterials/Substrate/GLints/dict_16_192_64_0p5_0p02_0012_0009.uasset" 5443
"/Engine/EngineMaterials/Substrate/GLints/dict_16_192_64_0p5_0p02_0012_0005" 5444
"/Engine/EngineMaterials/Substrate/GLints/dict_16_192_64_0p5_0p02_0012_0004" 5445
"/Engine/EngineMaterials/Substrate/GLints/dict_16_192_64_0p5_0p02_0012_0003" 5446
"/Engine/EngineMaterials/Substrate/GLints/dict_16_192_64_0p5_0p02_0012_0001" 5447
"/Engine/EngineMaterials/Substrate/GLints/dict_16_192_64_0p5_0p02_0011_0015" 5448
"/Engine/EngineMaterials/Substrate/GLints/dict_16_192_64_0p5_0p02_0011_0014" 5449
"/Engine/EngineMaterials/Substrate/GLints/dict_16_192_64_0p5_0p02_0012_0012" 5450
"/Engine/EngineMaterials/Substrate/GLints/dict_16_192_64_0p5_0p02_0010_0014" 5451
"/Engine/EngineMaterials/Substrate/GLints/dict_16_192_64_0p5_0p02_0010_0013" 5452
"../../../Engine/Content/EngineMaterials/Substrate/GLints/dict_16_192_64_0p5_0p02_0012_0014.uasset" 5453
"/Engine/EngineMaterials/Substrate/GLints/dict_16_192_64_0p5_0p02_0010_0011" 5454
"/Engine/EngineMaterials/Substrate/GLints/dict_16_192_64_0p5_0p02_0012_0011" 5455
"../../../Engine/Content/EngineMaterials/Substrate/GLints/dict_16_192_64_0p5_0p02_0013_0005.uasset" 5456
"/Engine/EngineMaterials/Substrate/GLints/dict_16_192_64_0p5_0p02_0012_0010" 5457
"/Engine/EngineMaterials/Substrate/GLints/dict_16_192_64_0p5_0p02_0012_0009" 5458
"/Engine/EngineMaterials/Substrate/GLints/dict_16_192_64_0p5_0p02_0012_0008" 5459
"/Engine/EngineMaterials/Substrate/GLints/dict_16_192_64_0p5_0p02_0012_0002" 5460
"/Engine/EngineMaterials/Substrate/GLints/dict_16_192_64_0p5_0p02_0013_0005" 5461
"/Engine/EngineMaterials/Substrate/GLints/dict_16_192_64_0p5_0p02_0012_0014" 5462
"../../../Engine/Content/EngineMaterials/Substrate/GLints/dict_16_192_64_0p5_0p02_0013_0001.uasset" 5463
"../../../Engine/Content/EngineMaterials/Substrate/GLints/dict_16_192_64_0p5_0p02_0012_0013.uasset" 5464
"../../../Engine/Content/EngineMaterials/Substrate/GLints/dict_16_192_64_0p5_0p02_0013_0008.uasset" 5465
"../../../Engine/Content/EngineMaterials/Substrate/GLints/dict_16_192_64_0p5_0p02_0013_0010.uasset" 5466
"../../../Engine/Content/EngineMaterials/Substrate/GLints/dict_16_192_64_0p5_0p02_0013_0011.uasset" 5467
"../../../Engine/Content/EngineMaterials/Substrate/GLints/dict_16_192_64_0p5_0p02_0013_0007.uasset" 5468
"../../../Engine/Content/EngineMaterials/Substrate/GLints/dict_16_192_64_0p5_0p02_0012_0015.uasset" 5469
"../../../Engine/Content/EngineMaterials/Substrate/GLints/dict_16_192_64_0p5_0p02_0014_0006.uasset" 5470
"../../../Engine/Content/EngineMaterials/Substrate/GLints/dict_16_192_64_0p5_0p02_0014_0000.uasset" 5471
"../../../Engine/Content/EngineMaterials/Substrate/GLints/dict_16_192_64_0p5_0p02_0013_0003.uasset" 5472
"../../../Engine/Content/EngineMaterials/Substrate/GLints/dict_16_192_64_0p5_0p02_0013_0013.uasset" 5473
"../../../Engine/Content/EngineMaterials/Substrate/GLints/dict_16_192_64_0p5_0p02_0013_0012.uasset" 5474
"../../../Engine/Content/EngineMaterials/Substrate/GLints/dict_16_192_64_0p5_0p02_0013_0000.uasset" 5475
"../../../Engine/Content/EngineMaterials/Substrate/GLints/dict_16_192_64_0p5_0p02_0013_0002.uasset" 5476
"../../../Engine/Content/EngineMaterials/Substrate/GLints/dict_16_192_64_0p5_0p02_0013_0009.uasset" 5477
"../../../Engine/Content/EngineMaterials/Substrate/GLints/dict_16_192_64_0p5_0p02_0014_0008.uasset" 5478
"../../../Engine/Content/EngineMaterials/Substrate/GLints/dict_16_192_64_0p5_0p02_0014_0012.uasset" 5479
"../../../Engine/Content/EngineMaterials/Substrate/GLints/dict_16_192_64_0p5_0p02_0013_0004.uasset" 5480
"../../../Engine/Content/EngineMaterials/Substrate/GLints/dict_16_192_64_0p5_0p02_0014_0001.uasset" 5481
"../../../Engine/Content/EngineMaterials/Substrate/GLints/dict_16_192_64_0p5_0p02_0013_0006.uasset" 5482
"../../../Engine/Content/EngineMaterials/Substrate/GLints/dict_16_192_64_0p5_0p02_0013_0015.uasset" 5483
"../../../Engine/Content/EngineMaterials/Substrate/GLints/dict_16_192_64_0p5_0p02_0014_0003.uasset" 5484
"../../../Engine/Content/EngineMaterials/Substrate/GLints/dict_16_192_64_0p5_0p02_0014_0005.uasset" 5485
"../../../Engine/Content/EngineMaterials/Substrate/GLints/dict_16_192_64_0p5_0p02_0014_0004.uasset" 5486
"../../../Engine/Content/EngineMaterials/Substrate/GLints/dict_16_192_64_0p5_0p02_0014_0010.uasset" 5487
"../../../Engine/Content/EngineMaterials/Substrate/GLints/dict_16_192_64_0p5_0p02_0013_0014.uasset" 5488
"../../../Engine/Content/EngineMaterials/Substrate/GLints/dict_16_192_64_0p5_0p02_0014_0014.uasset" 5489
"../../../Engine/Content/EngineMaterials/Substrate/GLints/dict_16_192_64_0p5_0p02_0014_0011.uasset" 5490
"../../../Engine/Content/EngineMaterials/Substrate/GLints/dict_16_192_64_0p5_0p02_0014_0002.uasset" 5491
"../../../Engine/Content/EngineMaterials/Substrate/GLints/dict_16_192_64_0p5_0p02_0014_0013.uasset" 5492
"../../../Engine/Content/EngineMaterials/Substrate/GLints/dict_16_192_64_0p5_0p02_0014_0007.uasset" 5493
"../../../Engine/Content/EngineMaterials/Substrate/GLints/dict_16_192_64_0p5_0p02_0014_0009.uasset" 5494
"/Engine/EngineMaterials/Substrate/GLints/dict_16_192_64_0p5_0p02_0014_0001" 5495
"/Engine/EngineMaterials/Substrate/GLints/dict_16_192_64_0p5_0p02_0014_0012" 5496
"/Engine/EngineMaterials/Substrate/GLints/dict_16_192_64_0p5_0p02_0014_0011" 5497
"/Engine/EngineMaterials/Substrate/GLints/dict_16_192_64_0p5_0p02_0014_0000" 5498
"/Engine/EngineMaterials/Substrate/GLints/dict_16_192_64_0p5_0p02_0013_0015" 5499
"/Engine/EngineMaterials/Substrate/GLints/dict_16_192_64_0p5_0p02_0013_0014" 5500
"/Engine/EngineMaterials/Substrate/GLints/dict_16_192_64_0p5_0p02_0013_0013" 5501
"/Engine/EngineMaterials/Substrate/GLints/dict_16_192_64_0p5_0p02_0013_0012" 5502
"/Engine/EngineMaterials/Substrate/GLints/dict_16_192_64_0p5_0p02_0013_0011" 5503
"/Engine/EngineMaterials/Substrate/GLints/dict_16_192_64_0p5_0p02_0013_0010" 5504
"/Engine/EngineMaterials/Substrate/GLints/dict_16_192_64_0p5_0p02_0013_0009" 5505
"/Engine/EngineMaterials/Substrate/GLints/dict_16_192_64_0p5_0p02_0013_0008" 5506
"/Engine/EngineMaterials/Substrate/GLints/dict_16_192_64_0p5_0p02_0013_0007" 5507
"/Engine/EngineMaterials/Substrate/GLints/dict_16_192_64_0p5_0p02_0013_0006" 5508
"/Engine/EngineMaterials/Substrate/GLints/dict_16_192_64_0p5_0p02_0014_0014" 5509
"/Engine/EngineMaterials/Substrate/GLints/dict_16_192_64_0p5_0p02_0013_0004" 5510
"/Engine/EngineMaterials/Substrate/GLints/dict_16_192_64_0p5_0p02_0014_0010" 5511
"/Engine/EngineMaterials/Substrate/GLints/dict_16_192_64_0p5_0p02_0014_0009" 5512
"/Engine/EngineMaterials/Substrate/GLints/dict_16_192_64_0p5_0p02_0014_0008" 5513
"/Engine/EngineMaterials/Substrate/GLints/dict_16_192_64_0p5_0p02_0013_0003" 5514
"/Engine/EngineMaterials/Substrate/GLints/dict_16_192_64_0p5_0p02_0014_0007" 5515
"/Engine/EngineMaterials/Substrate/GLints/dict_16_192_64_0p5_0p02_0013_0002" 5516
"/Engine/EngineMaterials/Substrate/GLints/dict_16_192_64_0p5_0p02_0014_0006" 5517
"/Engine/EngineMaterials/Substrate/GLints/dict_16_192_64_0p5_0p02_0014_0005" 5518
"/Engine/EngineMaterials/Substrate/GLints/dict_16_192_64_0p5_0p02_0013_0001" 5519
"/Engine/EngineMaterials/Substrate/GLints/dict_16_192_64_0p5_0p02_0013_0000" 5520
"/Engine/EngineMaterials/Substrate/GLints/dict_16_192_64_0p5_0p02_0014_0004" 5521
"/Engine/EngineMaterials/Substrate/GLints/dict_16_192_64_0p5_0p02_0012_0015" 5522
"/Engine/EngineMaterials/Substrate/GLints/dict_16_192_64_0p5_0p02_0014_0003" 5523
"/Engine/EngineMaterials/Substrate/GLints/dict_16_192_64_0p5_0p02_0014_0013" 5524
"/Engine/EngineMaterials/Substrate/GLints/dict_16_192_64_0p5_0p02_0014_0002" 5525
"/Engine/EngineMaterials/Substrate/GLints/dict_16_192_64_0p5_0p02_0012_0013" 5526
"../../../Engine/Content/EngineMaterials/Substrate/GLints/dict_16_192_64_0p5_0p02_0015_0003.uasset" 5527
"../../../Engine/Content/EngineMaterials/Substrate/GLints/dict_16_192_64_0p5_0p02_0015_0005.uasset" 5528
"../../../Engine/Content/EngineMaterials/Substrate/GLints/dict_16_192_64_0p5_0p02_0015_0012.uasset" 5529
"../../../Engine/Content/EngineMaterials/Substrate/GLints/dict_16_192_64_0p5_0p02_0015_0014.uasset" 5530
"../../../Engine/Content/EngineMaterials/Substrate/GLints/dict_16_192_64_0p5_0p02_0015_0004.uasset" 5531
"../../../Engine/Content/EngineMaterials/Substrate/GLints/dict_16_192_64_0p5_0p02_0015_0006.uasset" 5532
"../../../Engine/Content/EngineMaterials/Substrate/GLints/dict_16_192_64_0p5_0p02_0015_0011.uasset" 5533
"../../../Engine/Content/EngineMaterials/Substrate/GLints/dict_16_192_64_0p5_0p02_0015_0001.uasset" 5534
"../../../Engine/Content/EngineMaterials/Substrate/GLints/dict_16_192_64_0p5_0p02_0015_0013.uasset" 5535
"../../../Engine/Content/EngineMaterials/Substrate/GLints/dict_16_192_64_0p5_0p02_0015_0007.uasset" 5536
"../../../Engine/Content/EngineMaterials/Substrate/GLints/dict_16_192_64_0p5_0p02_0015_0009.uasset" 5537
"../../../Engine/Content/EngineMaterials/Substrate/GLints/dict_16_192_64_0p5_0p02_0015_0010.uasset" 5538
"../../../Engine/Content/EngineMaterials/Substrate/GLints/dict_16_192_64_0p5_0p02_0014_0015.uasset" 5539
"../../../Engine/Content/EngineMaterials/Substrate/GLints/dict_16_192_64_0p5_0p02_0015_0002.uasset" 5540
"../../../Engine/Content/EngineMaterials/Substrate/GLints/dict_16_192_64_0p5_0p02_0015_0000.uasset" 5541
"../../../Engine/Content/EngineMaterials/Substrate/GLints/dict_16_192_64_0p5_0p02_0016_0014.uasset" 5542
"../../../Engine/Content/EngineMaterials/Substrate/GLints/dict_16_192_64_0p5_0p02_0015_0008.uasset" 5543
"../../../Engine/Content/EngineMaterials/Substrate/GLints/dict_16_192_64_0p5_0p02_0016_0005.uasset" 5544
"../../../Engine/Content/EngineMaterials/Substrate/GLints/dict_16_192_64_0p5_0p02_0016_0001.uasset" 5545
"../../../Engine/Content/EngineMaterials/Substrate/GLints/dict_16_192_64_0p5_0p02_0016_0002.uasset" 5546
"../../../Engine/Content/EngineMaterials/Substrate/GLints/dict_16_192_64_0p5_0p02_0016_0006.uasset" 5547
"../../../Engine/Content/EngineMaterials/Substrate/GLints/dict_16_192_64_0p5_0p02_0016_0011.uasset" 5548
"../../../Engine/Content/EngineMaterials/Substrate/GLints/dict_16_192_64_0p5_0p02_0015_0015.uasset" 5549
"../../../Engine/Content/EngineMaterials/Substrate/GLints/dict_16_192_64_0p5_0p02_0016_0012.uasset" 5550
"../../../Engine/Content/EngineMaterials/Substrate/GLints/dict_16_192_64_0p5_0p02_0016_0007.uasset" 5551
"../../../Engine/Content/EngineMaterials/Substrate/GLints/dict_16_192_64_0p5_0p02_0016_0013.uasset" 5552
"../../../Engine/Content/EngineMaterials/Substrate/GLints/dict_16_192_64_0p5_0p02_0016_0008.uasset" 5553
"../../../Engine/Content/EngineMaterials/Substrate/GLints/dict_16_192_64_0p5_0p02_0016_0010.uasset" 5554
"../../../Engine/Content/EngineMaterials/Substrate/GLints/dict_16_192_64_0p5_0p02_0016_0009.uasset" 5555
"../../../Engine/Content/EngineMaterials/Substrate/GLints/dict_16_192_64_0p5_0p02_0016_0003.uasset" 5556
"../../../Engine/Content/EngineMaterials/Substrate/GLints/dict_16_192_64_0p5_0p02_0016_0004.uasset" 5557
"../../../Engine/Content/EngineMaterials/Substrate/GLints/dict_16_192_64_0p5_0p02_0016_0000.uasset" 5558
"/Engine/EngineMaterials/Substrate/GLints/dict_16_192_64_0p5_0p02_0016_0014" 5559
"/Engine/EngineMaterials/Substrate/GLints/dict_16_192_64_0p5_0p02_0016_0013" 5560
"/Engine/EngineMaterials/Substrate/GLints/dict_16_192_64_0p5_0p02_0016_0012" 5561
"/Engine/EngineMaterials/Substrate/GLints/dict_16_192_64_0p5_0p02_0016_0011" 5562
"/Engine/EngineMaterials/Substrate/GLints/dict_16_192_64_0p5_0p02_0016_0010" 5563
"/Engine/EngineMaterials/Substrate/GLints/dict_16_192_64_0p5_0p02_0016_0009" 5564
"/Engine/EngineMaterials/Substrate/GLints/dict_16_192_64_0p5_0p02_0016_0008" 5565
"/Engine/EngineMaterials/Substrate/GLints/dict_16_192_64_0p5_0p02_0016_0007" 5566
"/Engine/EngineMaterials/Substrate/GLints/dict_16_192_64_0p5_0p02_0016_0006" 5567
"/Engine/EngineMaterials/Substrate/GLints/dict_16_192_64_0p5_0p02_0016_0005" 5568
"/Engine/EngineMaterials/Substrate/GLints/dict_16_192_64_0p5_0p02_0016_0004" 5569
"/Engine/EngineMaterials/Substrate/GLints/dict_16_192_64_0p5_0p02_0016_0003" 5570
"/Engine/EngineMaterials/Substrate/GLints/dict_16_192_64_0p5_0p02_0016_0002" 5571
"/Engine/EngineMaterials/Substrate/GLints/dict_16_192_64_0p5_0p02_0016_0001" 5572
"/Engine/EngineMaterials/Substrate/GLints/dict_16_192_64_0p5_0p02_0016_0000" 5573
"/Engine/EngineMaterials/Substrate/GLints/dict_16_192_64_0p5_0p02_0015_0015" 5574
"/Engine/EngineMaterials/Substrate/GLints/dict_16_192_64_0p5_0p02_0015_0014" 5575
"/Engine/EngineMaterials/Substrate/GLints/dict_16_192_64_0p5_0p02_0015_0013" 5576
"/Engine/EngineMaterials/Substrate/GLints/dict_16_192_64_0p5_0p02_0015_0012" 5577
"/Engine/EngineMaterials/Substrate/GLints/dict_16_192_64_0p5_0p02_0015_0011" 5578
"/Engine/EngineMaterials/Substrate/GLints/dict_16_192_64_0p5_0p02_0015_0010" 5579
"/Engine/EngineMaterials/Substrate/GLints/dict_16_192_64_0p5_0p02_0015_0009" 5580
"/Engine/EngineMaterials/Substrate/GLints/dict_16_192_64_0p5_0p02_0015_0008" 5581
"/Engine/EngineMaterials/Substrate/GLints/dict_16_192_64_0p5_0p02_0015_0007" 5582
"/Engine/EngineMaterials/Substrate/GLints/dict_16_192_64_0p5_0p02_0015_0006" 5583
"/Engine/EngineMaterials/Substrate/GLints/dict_16_192_64_0p5_0p02_0015_0005" 5584
"/Engine/EngineMaterials/Substrate/GLints/dict_16_192_64_0p5_0p02_0015_0004" 5585
"/Engine/EngineMaterials/Substrate/GLints/dict_16_192_64_0p5_0p02_0015_0003" 5586
"/Engine/EngineMaterials/Substrate/GLints/dict_16_192_64_0p5_0p02_0015_0002" 5587
"/Engine/EngineMaterials/Substrate/GLints/dict_16_192_64_0p5_0p02_0015_0001" 5588
"/Engine/EngineMaterials/Substrate/GLints/dict_16_192_64_0p5_0p02_0015_0000" 5589
"/Engine/EngineMaterials/Substrate/GLints/dict_16_192_64_0p5_0p02_0014_0015" 5590
"../../../Engine/Content/EngineMaterials/Substrate/GLints/dict_16_192_64_0p5_0p02_0017_0011.uasset" 5591
"../../../Engine/Content/EngineMaterials/Substrate/GLints/dict_16_192_64_0p5_0p02_0017_0001.uasset" 5592
"../../../Engine/Content/EngineMaterials/Substrate/GLints/dict_16_192_64_0p5_0p02_0017_0012.uasset" 5593
"../../../Engine/Content/EngineMaterials/Substrate/GLints/dict_16_192_64_0p5_0p02_0017_0000.uasset" 5594
"../../../Engine/Content/EngineMaterials/Substrate/GLints/dict_16_192_64_0p5_0p02_0017_0009.uasset" 5595
"../../../Engine/Content/EngineMaterials/Substrate/GLints/dict_16_192_64_0p5_0p02_0017_0005.uasset" 5596
"../../../Engine/Content/EngineMaterials/Substrate/GLints/dict_16_192_64_0p5_0p02_0017_0003.uasset" 5597
"../../../Engine/Content/EngineMaterials/Substrate/GLints/dict_16_192_64_0p5_0p02_0017_0008.uasset" 5598
"../../../Engine/Content/EngineMaterials/Substrate/GLints/dict_16_192_64_0p5_0p02_0017_0010.uasset" 5599
"../../../Engine/Content/EngineMaterials/Substrate/GLints/dict_16_192_64_0p5_0p02_0017_0013.uasset" 5600
"../../../Engine/Content/EngineMaterials/Substrate/GLints/dict_16_192_64_0p5_0p02_0016_0015.uasset" 5601
"../../../Engine/Content/EngineMaterials/Substrate/GLints/dict_16_192_64_0p5_0p02_0017_0006.uasset" 5602
"../../../Engine/Content/EngineMaterials/Substrate/GLints/dict_16_192_64_0p5_0p02_0017_0007.uasset" 5603
"../../../Engine/Content/EngineMaterials/Substrate/GLints/dict_16_192_64_0p5_0p02_0017_0015.uasset" 5604
"../../../Engine/Content/EngineMaterials/Substrate/GLints/dict_16_192_64_0p5_0p02_0018_0002.uasset" 5605
"../../../Engine/Content/EngineMaterials/Substrate/GLints/dict_16_192_64_0p5_0p02_0018_0003.uasset" 5606
"../../../Engine/Content/EngineMaterials/Substrate/GLints/dict_16_192_64_0p5_0p02_0018_0001.uasset" 5607
"../../../Engine/Content/EngineMaterials/Substrate/GLints/dict_16_192_64_0p5_0p02_0018_0006.uasset" 5608
"../../../Engine/Content/EngineMaterials/Substrate/GLints/dict_16_192_64_0p5_0p02_0018_0007.uasset" 5609
"../../../Engine/Content/EngineMaterials/Substrate/GLints/dict_16_192_64_0p5_0p02_0017_0004.uasset" 5610
"../../../Engine/Content/EngineMaterials/Substrate/GLints/dict_16_192_64_0p5_0p02_0017_0002.uasset" 5611
"../../../Engine/Content/EngineMaterials/Substrate/GLints/dict_16_192_64_0p5_0p02_0018_0004.uasset" 5612
"../../../Engine/Content/EngineMaterials/Substrate/GLints/dict_16_192_64_0p5_0p02_0018_0010.uasset" 5613
"../../../Engine/Content/EngineMaterials/Substrate/GLints/dict_16_192_64_0p5_0p02_0018_0011.uasset" 5614
"../../../Engine/Content/EngineMaterials/Substrate/GLints/dict_16_192_64_0p5_0p02_0018_0013.uasset" 5615
"../../../Engine/Content/EngineMaterials/Substrate/GLints/dict_16_192_64_0p5_0p02_0017_0014.uasset" 5616
"../../../Engine/Content/EngineMaterials/Substrate/GLints/dict_16_192_64_0p5_0p02_0018_0005.uasset" 5617
"../../../Engine/Content/EngineMaterials/Substrate/GLints/dict_16_192_64_0p5_0p02_0018_0000.uasset" 5618
"/Engine/EngineMaterials/Substrate/GLints/dict_16_192_64_0p5_0p02_0018_0013" 5619
"/Engine/EngineMaterials/Substrate/GLints/dict_16_192_64_0p5_0p02_0018_0011" 5620
"/Engine/EngineMaterials/Substrate/GLints/dict_16_192_64_0p5_0p02_0018_0010" 5621
"../../../Engine/Content/EngineMaterials/Substrate/GLints/dict_16_192_64_0p5_0p02_0018_0009.uasset" 5622
"../../../Engine/Content/EngineMaterials/Substrate/GLints/dict_16_192_64_0p5_0p02_0018_0008.uasset" 5623
"/Engine/EngineMaterials/Substrate/GLints/dict_16_192_64_0p5_0p02_0018_0007" 5624
"../../../Engine/Content/EngineMaterials/Substrate/GLints/dict_16_192_64_0p5_0p02_0018_0014.uasset" 5625
"../../../Engine/Content/EngineMaterials/Substrate/GLints/dict_16_192_64_0p5_0p02_0018_0012.uasset" 5626
"/Engine/EngineMaterials/Substrate/GLints/dict_16_192_64_0p5_0p02_0018_0006" 5627
"/Engine/EngineMaterials/Substrate/GLints/dict_16_192_64_0p5_0p02_0018_0005" 5628
"/Engine/EngineMaterials/Substrate/GLints/dict_16_192_64_0p5_0p02_0018_0004" 5629
"/Engine/EngineMaterials/Substrate/GLints/dict_16_192_64_0p5_0p02_0018_0003" 5630
"/Engine/EngineMaterials/Substrate/GLints/dict_16_192_64_0p5_0p02_0018_0002" 5631
"/Engine/EngineMaterials/Substrate/GLints/dict_16_192_64_0p5_0p02_0018_0001" 5632
"/Engine/EngineMaterials/Substrate/GLints/dict_16_192_64_0p5_0p02_0018_0000" 5633
"/Engine/EngineMaterials/Substrate/GLints/dict_16_192_64_0p5_0p02_0017_0015" 5634
"/Engine/EngineMaterials/Substrate/GLints/dict_16_192_64_0p5_0p02_0017_0014" 5635
"/Engine/EngineMaterials/Substrate/GLints/dict_16_192_64_0p5_0p02_0017_0013" 5636
"/Engine/EngineMaterials/Substrate/GLints/dict_16_192_64_0p5_0p02_0017_0012" 5637
"/Engine/EngineMaterials/Substrate/GLints/dict_16_192_64_0p5_0p02_0017_0011" 5638
"/Engine/EngineMaterials/Substrate/GLints/dict_16_192_64_0p5_0p02_0017_0010" 5639
"/Engine/EngineMaterials/Substrate/GLints/dict_16_192_64_0p5_0p02_0017_0009" 5640
"/Engine/EngineMaterials/Substrate/GLints/dict_16_192_64_0p5_0p02_0017_0008" 5641
"/Engine/EngineMaterials/Substrate/GLints/dict_16_192_64_0p5_0p02_0017_0007" 5642
"/Engine/EngineMaterials/Substrate/GLints/dict_16_192_64_0p5_0p02_0017_0006" 5643
"/Engine/EngineMaterials/Substrate/GLints/dict_16_192_64_0p5_0p02_0017_0005" 5644
"/Engine/EngineMaterials/Substrate/GLints/dict_16_192_64_0p5_0p02_0017_0004" 5645
"/Engine/EngineMaterials/Substrate/GLints/dict_16_192_64_0p5_0p02_0017_0003" 5646
"/Engine/EngineMaterials/Substrate/GLints/dict_16_192_64_0p5_0p02_0017_0002" 5647
"/Engine/EngineMaterials/Substrate/GLints/dict_16_192_64_0p5_0p02_0017_0001" 5648
"/Engine/EngineMaterials/Substrate/GLints/dict_16_192_64_0p5_0p02_0017_0000" 5649
"/Engine/EngineMaterials/Substrate/GLints/dict_16_192_64_0p5_0p02_0016_0015" 5650
"/Engine/EngineMaterials/Substrate/GLints/dict_16_192_64_0p5_0p02_0018_0014" 5651
"/Engine/EngineMaterials/Substrate/GLints/dict_16_192_64_0p5_0p02_0018_0012" 5652
"/Engine/EngineMaterials/Substrate/GLints/dict_16_192_64_0p5_0p02_0018_0009" 5653
"/Engine/EngineMaterials/Substrate/GLints/dict_16_192_64_0p5_0p02_0018_0008" 5654
"../../../Engine/Content/EngineMaterials/Substrate/GLints/dict_16_192_64_0p5_0p02_0019_0005.uasset" 5655
"../../../Engine/Content/EngineMaterials/Substrate/GLints/dict_16_192_64_0p5_0p02_0019_0007.uasset" 5656
"../../../Engine/Content/EngineMaterials/Substrate/GLints/dict_16_192_64_0p5_0p02_0019_0000.uasset" 5657
"../../../Engine/Content/EngineMaterials/Substrate/GLints/dict_16_192_64_0p5_0p02_0020_0000.uasset" 5658
"../../../Engine/Content/EngineMaterials/Substrate/GLints/dict_16_192_64_0p5_0p02_0019_0010.uasset" 5659
"../../../Engine/Content/EngineMaterials/Substrate/GLints/dict_16_192_64_0p5_0p02_0019_0014.uasset" 5660
"../../../Engine/Content/EngineMaterials/Substrate/GLints/dict_16_192_64_0p5_0p02_0019_0003.uasset" 5661
"../../../Engine/Content/EngineMaterials/Substrate/GLints/dict_16_192_64_0p5_0p02_0019_0015.uasset" 5662
"../../../Engine/Content/EngineMaterials/Substrate/GLints/dict_16_192_64_0p5_0p02_0019_0006.uasset" 5663
"../../../Engine/Content/EngineMaterials/Substrate/GLints/dict_16_192_64_0p5_0p02_0018_0015.uasset" 5664
"../../../Engine/Content/EngineMaterials/Substrate/GLints/dict_16_192_64_0p5_0p02_0019_0004.uasset" 5665
"../../../Engine/Content/EngineMaterials/Substrate/GLints/dict_16_192_64_0p5_0p02_0019_0013.uasset" 5666
"../../../Engine/Content/EngineMaterials/Substrate/GLints/dict_16_192_64_0p5_0p02_0019_0012.uasset" 5667
"../../../Engine/Content/EngineMaterials/Substrate/GLints/dict_16_192_64_0p5_0p02_0019_0001.uasset" 5668
"../../../Engine/Content/EngineMaterials/Substrate/GLints/dict_16_192_64_0p5_0p02_0019_0008.uasset" 5669
"../../../Engine/Content/EngineMaterials/Substrate/GLints/dict_16_192_64_0p5_0p02_0020_0004.uasset" 5670
"../../../Engine/Content/EngineMaterials/Substrate/GLints/dict_16_192_64_0p5_0p02_0020_0007.uasset" 5671
"../../../Engine/Content/EngineMaterials/Substrate/GLints/dict_16_192_64_0p5_0p02_0019_0002.uasset" 5672
"../../../Engine/Content/EngineMaterials/Substrate/GLints/dict_16_192_64_0p5_0p02_0020_0005.uasset" 5673
"../../../Engine/Content/EngineMaterials/Substrate/GLints/dict_16_192_64_0p5_0p02_0020_0009.uasset" 5674
"../../../Engine/Content/EngineMaterials/Substrate/GLints/dict_16_192_64_0p5_0p02_0020_0006.uasset" 5675
"../../../Engine/Content/EngineMaterials/Substrate/GLints/dict_16_192_64_0p5_0p02_0020_0002.uasset" 5676
"../../../Engine/Content/EngineMaterials/Substrate/GLints/dict_16_192_64_0p5_0p02_0020_0003.uasset" 5677
"../../../Engine/Content/EngineMaterials/Substrate/GLints/dict_16_192_64_0p5_0p02_0020_0010.uasset" 5678
"../../../Engine/Content/EngineMaterials/Substrate/GLints/dict_16_192_64_0p5_0p02_0020_0008.uasset" 5679
"../../../Engine/Content/EngineMaterials/Substrate/GLints/dict_16_192_64_0p5_0p02_0020_0012.uasset" 5680
"../../../Engine/Content/EngineMaterials/Substrate/GLints/dict_16_192_64_0p5_0p02_0019_0011.uasset" 5681
"../../../Engine/Content/EngineMaterials/Substrate/GLints/dict_16_192_64_0p5_0p02_0020_0001.uasset" 5682
"../../../Engine/Content/EngineMaterials/Substrate/GLints/dict_16_192_64_0p5_0p02_0020_0013.uasset" 5683
"../../../Engine/Content/EngineMaterials/Substrate/GLints/dict_16_192_64_0p5_0p02_0019_0009.uasset" 5684
"../../../Engine/Content/EngineMaterials/Substrate/GLints/dict_16_192_64_0p5_0p02_0020_0014.uasset" 5685
"../../../Engine/Content/EngineMaterials/Substrate/GLints/dict_16_192_64_0p5_0p02_0020_0011.uasset" 5686
"/Engine/EngineMaterials/Substrate/GLints/dict_16_192_64_0p5_0p02_0020_0014" 5687
"/Engine/EngineMaterials/Substrate/GLints/dict_16_192_64_0p5_0p02_0020_0010" 5688
"/Engine/EngineMaterials/Substrate/GLints/dict_16_192_64_0p5_0p02_0020_0013" 5689
"/Engine/EngineMaterials/Substrate/GLints/dict_16_192_64_0p5_0p02_0020_0009" 5690
"/Engine/EngineMaterials/Substrate/GLints/dict_16_192_64_0p5_0p02_0020_0008" 5691
"/Engine/EngineMaterials/Substrate/GLints/dict_16_192_64_0p5_0p02_0020_0012" 5692
"/Engine/EngineMaterials/Substrate/GLints/dict_16_192_64_0p5_0p02_0020_0011" 5693
"/Engine/EngineMaterials/Substrate/GLints/dict_16_192_64_0p5_0p02_0020_0007" 5694
"/Engine/EngineMaterials/Substrate/GLints/dict_16_192_64_0p5_0p02_0020_0006" 5695
"/Engine/EngineMaterials/Substrate/GLints/dict_16_192_64_0p5_0p02_0020_0005" 5696
"/Engine/EngineMaterials/Substrate/GLints/dict_16_192_64_0p5_0p02_0020_0004" 5697
"/Engine/EngineMaterials/Substrate/GLints/dict_16_192_64_0p5_0p02_0020_0003" 5698
"/Engine/EngineMaterials/Substrate/GLints/dict_16_192_64_0p5_0p02_0020_0002" 5699
"/Engine/EngineMaterials/Substrate/GLints/dict_16_192_64_0p5_0p02_0020_0001" 5700
"/Engine/EngineMaterials/Substrate/GLints/dict_16_192_64_0p5_0p02_0020_0000" 5701
"/Engine/EngineMaterials/Substrate/GLints/dict_16_192_64_0p5_0p02_0019_0015" 5702
"/Engine/EngineMaterials/Substrate/GLints/dict_16_192_64_0p5_0p02_0019_0014" 5703
"/Engine/EngineMaterials/Substrate/GLints/dict_16_192_64_0p5_0p02_0019_0013" 5704
"/Engine/EngineMaterials/Substrate/GLints/dict_16_192_64_0p5_0p02_0019_0012" 5705
"/Engine/EngineMaterials/Substrate/GLints/dict_16_192_64_0p5_0p02_0019_0011" 5706
"/Engine/EngineMaterials/Substrate/GLints/dict_16_192_64_0p5_0p02_0019_0010" 5707
"/Engine/EngineMaterials/Substrate/GLints/dict_16_192_64_0p5_0p02_0019_0009" 5708
"/Engine/EngineMaterials/Substrate/GLints/dict_16_192_64_0p5_0p02_0019_0008" 5709
"/Engine/EngineMaterials/Substrate/GLints/dict_16_192_64_0p5_0p02_0019_0007" 5710
"/Engine/EngineMaterials/Substrate/GLints/dict_16_192_64_0p5_0p02_0019_0006" 5711
"/Engine/EngineMaterials/Substrate/GLints/dict_16_192_64_0p5_0p02_0019_0005" 5712
"/Engine/EngineMaterials/Substrate/GLints/dict_16_192_64_0p5_0p02_0019_0004" 5713
"/Engine/EngineMaterials/Substrate/GLints/dict_16_192_64_0p5_0p02_0019_0003" 5714
"/Engine/EngineMaterials/Substrate/GLints/dict_16_192_64_0p5_0p02_0019_0002" 5715
"/Engine/EngineMaterials/Substrate/GLints/dict_16_192_64_0p5_0p02_0019_0001" 5716
"/Engine/EngineMaterials/Substrate/GLints/dict_16_192_64_0p5_0p02_0019_0000" 5717
"/Engine/EngineMaterials/Substrate/GLints/dict_16_192_64_0p5_0p02_0018_0015" 5718
"../../../Engine/Content/EngineMaterials/Substrate/GLints/dict_16_192_64_0p5_0p02_0021_0002.uasset" 5719
"../../../Engine/Content/EngineMaterials/Substrate/GLints/dict_16_192_64_0p5_0p02_0021_0011.uasset" 5720
"../../../Engine/Content/EngineMaterials/Substrate/GLints/dict_16_192_64_0p5_0p02_0021_0005.uasset" 5721
"../../../Engine/Content/EngineMaterials/Substrate/GLints/dict_16_192_64_0p5_0p02_0021_0009.uasset" 5722
"../../../Engine/Content/EngineMaterials/Substrate/GLints/dict_16_192_64_0p5_0p02_0021_0014.uasset" 5723
"../../../Engine/Content/EngineMaterials/Substrate/GLints/dict_16_192_64_0p5_0p02_0021_0003.uasset" 5724
"../../../Engine/Content/EngineMaterials/Substrate/GLints/dict_16_192_64_0p5_0p02_0020_0015.uasset" 5725
"../../../Engine/Content/EngineMaterials/Substrate/GLints/dict_16_192_64_0p5_0p02_0021_0013.uasset" 5726
"../../../Engine/Content/EngineMaterials/Substrate/GLints/dict_16_192_64_0p5_0p02_0022_0003.uasset" 5727
"../../../Engine/Content/EngineMaterials/Substrate/GLints/dict_16_192_64_0p5_0p02_0022_0002.uasset" 5728
"../../../Engine/Content/EngineMaterials/Substrate/GLints/dict_16_192_64_0p5_0p02_0021_0004.uasset" 5729
"../../../Engine/Content/EngineMaterials/Substrate/GLints/dict_16_192_64_0p5_0p02_0021_0008.uasset" 5730
"../../../Engine/Content/EngineMaterials/Substrate/GLints/dict_16_192_64_0p5_0p02_0021_0012.uasset" 5731
"../../../Engine/Content/EngineMaterials/Substrate/GLints/dict_16_192_64_0p5_0p02_0022_0008.uasset" 5732
"../../../Engine/Content/EngineMaterials/Substrate/GLints/dict_16_192_64_0p5_0p02_0022_0009.uasset" 5733
"../../../Engine/Content/EngineMaterials/Substrate/GLints/dict_16_192_64_0p5_0p02_0022_0001.uasset" 5734
"../../../Engine/Content/EngineMaterials/Substrate/GLints/dict_16_192_64_0p5_0p02_0021_0007.uasset" 5735
"../../../Engine/Content/EngineMaterials/Substrate/GLints/dict_16_192_64_0p5_0p02_0021_0000.uasset" 5736
"../../../Engine/Content/EngineMaterials/Substrate/GLints/dict_16_192_64_0p5_0p02_0021_0001.uasset" 5737
"../../../Engine/Content/EngineMaterials/Substrate/GLints/dict_16_192_64_0p5_0p02_0022_0000.uasset" 5738
"../../../Engine/Content/EngineMaterials/Substrate/GLints/dict_16_192_64_0p5_0p02_0021_0015.uasset" 5739
"../../../Engine/Content/EngineMaterials/Substrate/GLints/dict_16_192_64_0p5_0p02_0021_0006.uasset" 5740
"../../../Engine/Content/EngineMaterials/Substrate/GLints/dict_16_192_64_0p5_0p02_0022_0005.uasset" 5741
"../../../Engine/Content/EngineMaterials/Substrate/GLints/dict_16_192_64_0p5_0p02_0021_0010.uasset" 5742
"../../../Engine/Content/EngineMaterials/Substrate/GLints/dict_16_192_64_0p5_0p02_0022_0006.uasset" 5743
"../../../Engine/Content/EngineMaterials/Substrate/GLints/dict_16_192_64_0p5_0p02_0022_0010.uasset" 5744
"../../../Engine/Content/EngineMaterials/Substrate/GLints/dict_16_192_64_0p5_0p02_0022_0013.uasset" 5745
"../../../Engine/Content/EngineMaterials/Substrate/GLints/dict_16_192_64_0p5_0p02_0022_0004.uasset" 5746
"../../../Engine/Content/EngineMaterials/Substrate/GLints/dict_16_192_64_0p5_0p02_0022_0012.uasset" 5747
"../../../Engine/Content/EngineMaterials/Substrate/GLints/dict_16_192_64_0p5_0p02_0022_0007.uasset" 5748
"../../../Engine/Content/EngineMaterials/Substrate/GLints/dict_16_192_64_0p5_0p02_0022_0014.uasset" 5749
"../../../Engine/Content/EngineMaterials/Substrate/GLints/dict_16_192_64_0p5_0p02_0022_0011.uasset" 5750
"/Engine/EngineMaterials/Substrate/GLints/dict_16_192_64_0p5_0p02_0022_0014" 5751
"/Engine/EngineMaterials/Substrate/GLints/dict_16_192_64_0p5_0p02_0022_0013" 5752
"/Engine/EngineMaterials/Substrate/GLints/dict_16_192_64_0p5_0p02_0022_0012" 5753
"/Engine/EngineMaterials/Substrate/GLints/dict_16_192_64_0p5_0p02_0022_0011" 5754
"/Engine/EngineMaterials/Substrate/GLints/dict_16_192_64_0p5_0p02_0022_0010" 5755
"/Engine/EngineMaterials/Substrate/GLints/dict_16_192_64_0p5_0p02_0022_0009" 5756
"/Engine/EngineMaterials/Substrate/GLints/dict_16_192_64_0p5_0p02_0022_0008" 5757
"/Engine/EngineMaterials/Substrate/GLints/dict_16_192_64_0p5_0p02_0022_0007" 5758
"/Engine/EngineMaterials/Substrate/GLints/dict_16_192_64_0p5_0p02_0022_0006" 5759
"/Engine/EngineMaterials/Substrate/GLints/dict_16_192_64_0p5_0p02_0022_0005" 5760
"/Engine/EngineMaterials/Substrate/GLints/dict_16_192_64_0p5_0p02_0022_0004" 5761
"/Engine/EngineMaterials/Substrate/GLints/dict_16_192_64_0p5_0p02_0022_0003" 5762
"/Engine/EngineMaterials/Substrate/GLints/dict_16_192_64_0p5_0p02_0022_0002" 5763
"/Engine/EngineMaterials/Substrate/GLints/dict_16_192_64_0p5_0p02_0022_0001" 5764
"/Engine/EngineMaterials/Substrate/GLints/dict_16_192_64_0p5_0p02_0022_0000" 5765
"/Engine/EngineMaterials/Substrate/GLints/dict_16_192_64_0p5_0p02_0021_0015" 5766
"/Engine/EngineMaterials/Substrate/GLints/dict_16_192_64_0p5_0p02_0021_0014" 5767
"/Engine/EngineMaterials/Substrate/GLints/dict_16_192_64_0p5_0p02_0021_0013" 5768
"/Engine/EngineMaterials/Substrate/GLints/dict_16_192_64_0p5_0p02_0021_0012" 5769
"/Engine/EngineMaterials/Substrate/GLints/dict_16_192_64_0p5_0p02_0021_0011" 5770
"/Engine/EngineMaterials/Substrate/GLints/dict_16_192_64_0p5_0p02_0021_0010" 5771
"/Engine/EngineMaterials/Substrate/GLints/dict_16_192_64_0p5_0p02_0021_0009" 5772
"/Engine/EngineMaterials/Substrate/GLints/dict_16_192_64_0p5_0p02_0021_0008" 5773
"/Engine/EngineMaterials/Substrate/GLints/dict_16_192_64_0p5_0p02_0021_0007" 5774
"/Engine/EngineMaterials/Substrate/GLints/dict_16_192_64_0p5_0p02_0021_0006" 5775
"/Engine/EngineMaterials/Substrate/GLints/dict_16_192_64_0p5_0p02_0021_0005" 5776
"/Engine/EngineMaterials/Substrate/GLints/dict_16_192_64_0p5_0p02_0021_0004" 5777
"/Engine/EngineMaterials/Substrate/GLints/dict_16_192_64_0p5_0p02_0021_0003" 5778
"/Engine/EngineMaterials/Substrate/GLints/dict_16_192_64_0p5_0p02_0021_0002" 5779
"/Engine/EngineMaterials/Substrate/GLints/dict_16_192_64_0p5_0p02_0021_0001" 5780
"/Engine/EngineMaterials/Substrate/GLints/dict_16_192_64_0p5_0p02_0021_0000" 5781
"/Engine/EngineMaterials/Substrate/GLints/dict_16_192_64_0p5_0p02_0020_0015" 5782
"../../../Engine/Content/EngineMaterials/Substrate/GLints/dict_16_192_64_0p5_0p02_0023_0003.uasset" 5783
"../../../Engine/Content/EngineMaterials/Substrate/GLints/dict_16_192_64_0p5_0p02_0023_0000.uasset" 5784
"../../../Engine/Content/EngineMaterials/Substrate/GLints/dict_16_192_64_0p5_0p02_0022_0015.uasset" 5785
"../../../Engine/Content/EngineMaterials/Substrate/GLints/dict_16_192_64_0p5_0p02_0023_0010.uasset" 5786
"../../../Engine/Content/EngineMaterials/Substrate/GLints/dict_16_192_64_0p5_0p02_0023_0005.uasset" 5787
"../../../Engine/Content/EngineMaterials/Substrate/GLints/dict_16_192_64_0p5_0p02_0023_0009.uasset" 5788
"../../../Engine/Content/EngineMaterials/Substrate/GLints/dict_16_192_64_0p5_0p02_0023_0002.uasset" 5789
"../../../Engine/Content/EngineMaterials/Substrate/GLints/dict_16_192_64_0p5_0p02_0023_0004.uasset" 5790
"../../../Engine/Content/EngineMaterials/Substrate/GLints/dict_16_192_64_0p5_0p02_0023_0014.uasset" 5791
"../../../Engine/Content/EngineMaterials/Substrate/GLints/dict_16_192_64_0p5_0p02_0024_0000.uasset" 5792
"../../../Engine/Content/EngineMaterials/Substrate/GLints/dict_16_192_64_0p5_0p02_0023_0007.uasset" 5793
"../../../Engine/Content/EngineMaterials/Substrate/GLints/dict_16_192_64_0p5_0p02_0023_0013.uasset" 5794
"../../../Engine/Content/EngineMaterials/Substrate/GLints/dict_16_192_64_0p5_0p02_0023_0006.uasset" 5795
"../../../Engine/Content/EngineMaterials/Substrate/GLints/dict_16_192_64_0p5_0p02_0023_0001.uasset" 5796
"../../../Engine/Content/EngineMaterials/Substrate/GLints/dict_16_192_64_0p5_0p02_0023_0011.uasset" 5797
"../../../Engine/Content/EngineMaterials/Substrate/GLints/dict_16_192_64_0p5_0p02_0023_0012.uasset" 5798
"../../../Engine/Content/EngineMaterials/Substrate/GLints/dict_16_192_64_0p5_0p02_0024_0001.uasset" 5799
"../../../Engine/Content/EngineMaterials/Substrate/GLints/dict_16_192_64_0p5_0p02_0024_0008.uasset" 5800
"../../../Engine/Content/EngineMaterials/Substrate/GLints/dict_16_192_64_0p5_0p02_0023_0015.uasset" 5801
"../../../Engine/Content/EngineMaterials/Substrate/GLints/dict_16_192_64_0p5_0p02_0023_0008.uasset" 5802
"../../../Engine/Content/EngineMaterials/Substrate/GLints/dict_16_192_64_0p5_0p02_0024_0004.uasset" 5803
"../../../Engine/Content/EngineMaterials/Substrate/GLints/dict_16_192_64_0p5_0p02_0024_0006.uasset" 5804
"../../../Engine/Content/EngineMaterials/Substrate/GLints/dict_16_192_64_0p5_0p02_0024_0012.uasset" 5805
"../../../Engine/Content/EngineMaterials/Substrate/GLints/dict_16_192_64_0p5_0p02_0024_0013.uasset" 5806
"../../../Engine/Content/EngineMaterials/Substrate/GLints/dict_16_192_64_0p5_0p02_0024_0009.uasset" 5807
"../../../Engine/Content/EngineMaterials/Substrate/GLints/dict_16_192_64_0p5_0p02_0024_0002.uasset" 5808
"/Engine/EngineMaterials/Substrate/GLints/dict_16_192_64_0p5_0p02_0024_0013" 5809
"/Engine/EngineMaterials/Substrate/GLints/dict_16_192_64_0p5_0p02_0024_0012" 5810
"/Engine/EngineMaterials/Substrate/GLints/dict_16_192_64_0p5_0p02_0024_0009" 5811
"../../../Engine/Content/EngineMaterials/Substrate/GLints/dict_16_192_64_0p5_0p02_0024_0003.uasset" 5812
"../../../Engine/Content/EngineMaterials/Substrate/GLints/dict_16_192_64_0p5_0p02_0024_0014.uasset" 5813
"/Engine/EngineMaterials/Substrate/GLints/dict_16_192_64_0p5_0p02_0024_0008" 5814
"/Engine/EngineMaterials/Substrate/GLints/dict_16_192_64_0p5_0p02_0024_0006" 5815
"/Engine/EngineMaterials/Substrate/GLints/dict_16_192_64_0p5_0p02_0024_0004" 5816
"/Engine/EngineMaterials/Substrate/GLints/dict_16_192_64_0p5_0p02_0024_0002" 5817
"../../../Engine/Content/EngineMaterials/Substrate/GLints/dict_16_192_64_0p5_0p02_0024_0007.uasset" 5818
"../../../Engine/Content/EngineMaterials/Substrate/GLints/dict_16_192_64_0p5_0p02_0024_0010.uasset" 5819
"../../../Engine/Content/EngineMaterials/Substrate/GLints/dict_16_192_64_0p5_0p02_0024_0005.uasset" 5820
"/Engine/EngineMaterials/Substrate/GLints/dict_16_192_64_0p5_0p02_0024_0001" 5821
"/Engine/EngineMaterials/Substrate/GLints/dict_16_192_64_0p5_0p02_0024_0000" 5822
"/Engine/EngineMaterials/Substrate/GLints/dict_16_192_64_0p5_0p02_0023_0015" 5823
"../../../Engine/Content/EngineMaterials/Substrate/GLints/dict_16_192_64_0p5_0p02_0024_0011.uasset" 5824
"/Engine/EngineMaterials/Substrate/GLints/dict_16_192_64_0p5_0p02_0023_0014" 5825
"/Engine/EngineMaterials/Substrate/GLints/dict_16_192_64_0p5_0p02_0023_0013" 5826
"/Engine/EngineMaterials/Substrate/GLints/dict_16_192_64_0p5_0p02_0023_0012" 5827
"/Engine/EngineMaterials/Substrate/GLints/dict_16_192_64_0p5_0p02_0023_0011" 5828
"/Engine/EngineMaterials/Substrate/GLints/dict_16_192_64_0p5_0p02_0023_0010" 5829
"/Engine/EngineMaterials/Substrate/GLints/dict_16_192_64_0p5_0p02_0023_0009" 5830
"/Engine/EngineMaterials/Substrate/GLints/dict_16_192_64_0p5_0p02_0023_0008" 5831
"/Engine/EngineMaterials/Substrate/GLints/dict_16_192_64_0p5_0p02_0023_0007" 5832
"/Engine/EngineMaterials/Substrate/GLints/dict_16_192_64_0p5_0p02_0023_0006" 5833
"/Engine/EngineMaterials/Substrate/GLints/dict_16_192_64_0p5_0p02_0023_0005" 5834
"/Engine/EngineMaterials/Substrate/GLints/dict_16_192_64_0p5_0p02_0023_0004" 5835
"/Engine/EngineMaterials/Substrate/GLints/dict_16_192_64_0p5_0p02_0023_0003" 5836
"/Engine/EngineMaterials/Substrate/GLints/dict_16_192_64_0p5_0p02_0023_0002" 5837
"/Engine/EngineMaterials/Substrate/GLints/dict_16_192_64_0p5_0p02_0023_0001" 5838
"/Engine/EngineMaterials/Substrate/GLints/dict_16_192_64_0p5_0p02_0023_0000" 5839
"/Engine/EngineMaterials/Substrate/GLints/dict_16_192_64_0p5_0p02_0022_0015" 5840
"/Engine/EngineMaterials/Substrate/GLints/dict_16_192_64_0p5_0p02_0024_0014" 5841
"/Engine/EngineMaterials/Substrate/GLints/dict_16_192_64_0p5_0p02_0024_0011" 5842
"/Engine/EngineMaterials/Substrate/GLints/dict_16_192_64_0p5_0p02_0024_0010" 5843
"../../../Engine/Content/EngineMaterials/Substrate/GLints/dict_16_192_64_0p5_0p02_0025_0006.uasset" 5844
"/Engine/EngineMaterials/Substrate/GLints/dict_16_192_64_0p5_0p02_0024_0007" 5845
"/Engine/EngineMaterials/Substrate/GLints/dict_16_192_64_0p5_0p02_0024_0005" 5846
"/Engine/EngineMaterials/Substrate/GLints/dict_16_192_64_0p5_0p02_0024_0003" 5847
"/Engine/EngineMaterials/Substrate/GLints/dict_16_192_64_0p5_0p02_0025_0006" 5848
"../../../Engine/Content/EngineMaterials/Substrate/GLints/dict_16_192_64_0p5_0p02_0025_0008.uasset" 5849
"../../../Engine/Content/EngineMaterials/Substrate/GLints/dict_16_192_64_0p5_0p02_0025_0007.uasset" 5850
"../../../Engine/Content/EngineMaterials/Substrate/GLints/dict_16_192_64_0p5_0p02_0025_0000.uasset" 5851
"../../../Engine/Content/EngineMaterials/Substrate/GLints/dict_16_192_64_0p5_0p02_0025_0010.uasset" 5852
"../../../Engine/Content/EngineMaterials/Substrate/GLints/dict_16_192_64_0p5_0p02_0025_0013.uasset" 5853
"../../../Engine/Content/EngineMaterials/Substrate/GLints/dict_16_192_64_0p5_0p02_0025_0014.uasset" 5854
"../../../Engine/Content/EngineMaterials/Substrate/GLints/dict_16_192_64_0p5_0p02_0025_0012.uasset" 5855
"/Engine/EngineMaterials/Substrate/GLints/dict_16_192_64_0p5_0p02_0025_0014" 5856
"/Engine/EngineMaterials/Substrate/GLints/dict_16_192_64_0p5_0p02_0025_0013" 5857
"/Engine/EngineMaterials/Substrate/GLints/dict_16_192_64_0p5_0p02_0025_0012" 5858
"/Engine/EngineMaterials/Substrate/GLints/dict_16_192_64_0p5_0p02_0025_0010" 5859
"/Engine/EngineMaterials/Substrate/GLints/dict_16_192_64_0p5_0p02_0025_0008" 5860
"/Engine/EngineMaterials/Substrate/GLints/dict_16_192_64_0p5_0p02_0025_0007" 5861
"../../../Engine/Content/EngineMaterials/Substrate/GLints/dict_16_192_64_0p5_0p02_0026_0000.uasset" 5862
"/Engine/EngineMaterials/Substrate/GLints/dict_16_192_64_0p5_0p02_0025_0000" 5863
"/Engine/EngineMaterials/Substrate/GLints/dict_16_192_64_0p5_0p02_0026_0000" 5864
"../../../Engine/Content/EngineMaterials/Substrate/GLints/dict_16_192_64_0p5_0p02_0025_0005.uasset" 5865
"../../../Engine/Content/EngineMaterials/Substrate/GLints/dict_16_192_64_0p5_0p02_0025_0002.uasset" 5866
"../../../Engine/Content/EngineMaterials/Substrate/GLints/dict_16_192_64_0p5_0p02_0024_0015.uasset" 5867
"../../../Engine/Content/EngineMaterials/Substrate/GLints/dict_16_192_64_0p5_0p02_0025_0004.uasset" 5868
"../../../Engine/Content/EngineMaterials/Substrate/GLints/dict_16_192_64_0p5_0p02_0025_0011.uasset" 5869
"../../../Engine/Content/EngineMaterials/Substrate/GLints/dict_16_192_64_0p5_0p02_0025_0003.uasset" 5870
"../../../Engine/Content/EngineMaterials/Substrate/GLints/dict_16_192_64_0p5_0p02_0026_0002.uasset" 5871
"../../../Engine/Content/EngineMaterials/Substrate/GLints/dict_16_192_64_0p5_0p02_0025_0001.uasset" 5872
"../../../Engine/Content/EngineMaterials/Substrate/GLints/dict_16_192_64_0p5_0p02_0026_0006.uasset" 5873
"../../../Engine/Content/EngineMaterials/Substrate/GLints/dict_16_192_64_0p5_0p02_0026_0007.uasset" 5874
"../../../Engine/Content/EngineMaterials/Substrate/GLints/dict_16_192_64_0p5_0p02_0025_0009.uasset" 5875
"../../../Engine/Content/EngineMaterials/Substrate/GLints/dict_16_192_64_0p5_0p02_0026_0013.uasset" 5876
"../../../Engine/Content/EngineMaterials/Substrate/GLints/dict_16_192_64_0p5_0p02_0026_0010.uasset" 5877
"../../../Engine/Content/EngineMaterials/Substrate/GLints/dict_16_192_64_0p5_0p02_0026_0009.uasset" 5878
"../../../Engine/Content/EngineMaterials/Substrate/GLints/dict_16_192_64_0p5_0p02_0026_0011.uasset" 5879
"../../../Engine/Content/EngineMaterials/Substrate/GLints/dict_16_192_64_0p5_0p02_0026_0012.uasset" 5880
"../../../Engine/Content/EngineMaterials/Substrate/GLints/dict_16_192_64_0p5_0p02_0026_0005.uasset" 5881
"../../../Engine/Content/EngineMaterials/Substrate/GLints/dict_16_192_64_0p5_0p02_0027_0000.uasset" 5882
"../../../Engine/Content/EngineMaterials/Substrate/GLints/dict_16_192_64_0p5_0p02_0027_0001.uasset" 5883
"../../../Engine/Content/EngineMaterials/Substrate/GLints/dict_16_192_64_0p5_0p02_0027_0003.uasset" 5884
"../../../Engine/Content/EngineMaterials/Substrate/GLints/dict_16_192_64_0p5_0p02_0025_0015.uasset" 5885
"../../../Engine/Content/EngineMaterials/Substrate/GLints/dict_16_192_64_0p5_0p02_0026_0015.uasset" 5886
"../../../Engine/Content/EngineMaterials/Substrate/GLints/dict_16_192_64_0p5_0p02_0026_0004.uasset" 5887
"../../../Engine/Content/EngineMaterials/Substrate/GLints/dict_16_192_64_0p5_0p02_0027_0004.uasset" 5888
"../../../Engine/Content/EngineMaterials/Substrate/GLints/dict_16_192_64_0p5_0p02_0026_0008.uasset" 5889
"../../../Engine/Content/EngineMaterials/Substrate/GLints/dict_16_192_64_0p5_0p02_0026_0003.uasset" 5890
"../../../Engine/Content/EngineMaterials/Substrate/GLints/dict_16_192_64_0p5_0p02_0027_0007.uasset" 5891
"../../../Engine/Content/EngineMaterials/Substrate/GLints/dict_16_192_64_0p5_0p02_0027_0005.uasset" 5892
"../../../Engine/Content/EngineMaterials/Substrate/GLints/dict_16_192_64_0p5_0p02_0027_0006.uasset" 5893
"../../../Engine/Content/EngineMaterials/Substrate/GLints/dict_16_192_64_0p5_0p02_0027_0002.uasset" 5894
"../../../Engine/Content/EngineMaterials/Substrate/GLints/dict_16_192_64_0p5_0p02_0026_0014.uasset" 5895
"../../../Engine/Content/EngineMaterials/Substrate/GLints/dict_16_192_64_0p5_0p02_0026_0001.uasset" 5896
"/Engine/EngineMaterials/Substrate/GLints/dict_16_192_64_0p5_0p02_0025_0005" 5897
"/Engine/EngineMaterials/Substrate/GLints/dict_16_192_64_0p5_0p02_0026_0014" 5898
"/Engine/EngineMaterials/Substrate/GLints/dict_16_192_64_0p5_0p02_0026_0008" 5899
"/Engine/EngineMaterials/Substrate/GLints/dict_16_192_64_0p5_0p02_0026_0007" 5900
"/Engine/EngineMaterials/Substrate/GLints/dict_16_192_64_0p5_0p02_0026_0013" 5901
"/Engine/EngineMaterials/Substrate/GLints/dict_16_192_64_0p5_0p02_0026_0012" 5902
"/Engine/EngineMaterials/Substrate/GLints/dict_16_192_64_0p5_0p02_0026_0006" 5903
"/Engine/EngineMaterials/Substrate/GLints/dict_16_192_64_0p5_0p02_0026_0005" 5904
"/Engine/EngineMaterials/Substrate/GLints/dict_16_192_64_0p5_0p02_0026_0011" 5905
"/Engine/EngineMaterials/Substrate/GLints/dict_16_192_64_0p5_0p02_0026_0004" 5906
"/Engine/EngineMaterials/Substrate/GLints/dict_16_192_64_0p5_0p02_0026_0010" 5907
"/Engine/EngineMaterials/Substrate/GLints/dict_16_192_64_0p5_0p02_0026_0003" 5908
"/Engine/EngineMaterials/Substrate/GLints/dict_16_192_64_0p5_0p02_0026_0009" 5909
"/Engine/EngineMaterials/Substrate/GLints/dict_16_192_64_0p5_0p02_0026_0002" 5910
"/Engine/EngineMaterials/Substrate/GLints/dict_16_192_64_0p5_0p02_0026_0001" 5911
"/Engine/EngineMaterials/Substrate/GLints/dict_16_192_64_0p5_0p02_0027_0007" 5912
"/Engine/EngineMaterials/Substrate/GLints/dict_16_192_64_0p5_0p02_0025_0015" 5913
"/Engine/EngineMaterials/Substrate/GLints/dict_16_192_64_0p5_0p02_0027_0006" 5914
"/Engine/EngineMaterials/Substrate/GLints/dict_16_192_64_0p5_0p02_0027_0005" 5915
"/Engine/EngineMaterials/Substrate/GLints/dict_16_192_64_0p5_0p02_0027_0004" 5916
"/Engine/EngineMaterials/Substrate/GLints/dict_16_192_64_0p5_0p02_0025_0011" 5917
"/Engine/EngineMaterials/Substrate/GLints/dict_16_192_64_0p5_0p02_0027_0003" 5918
"/Engine/EngineMaterials/Substrate/GLints/dict_16_192_64_0p5_0p02_0025_0009" 5919
"/Engine/EngineMaterials/Substrate/GLints/dict_16_192_64_0p5_0p02_0027_0002" 5920
"/Engine/EngineMaterials/Substrate/GLints/dict_16_192_64_0p5_0p02_0027_0001" 5921
"../../../Engine/Content/EngineMaterials/Substrate/GLints/dict_16_192_64_0p5_0p02_0027_0008.uasset" 5922
"/Engine/EngineMaterials/Substrate/GLints/dict_16_192_64_0p5_0p02_0026_0015" 5923
"/Engine/EngineMaterials/Substrate/GLints/dict_16_192_64_0p5_0p02_0025_0004" 5924
"/Engine/EngineMaterials/Substrate/GLints/dict_16_192_64_0p5_0p02_0025_0003" 5925
"/Engine/EngineMaterials/Substrate/GLints/dict_16_192_64_0p5_0p02_0025_0002" 5926
"/Engine/EngineMaterials/Substrate/GLints/dict_16_192_64_0p5_0p02_0025_0001" 5927
"/Engine/EngineMaterials/Substrate/GLints/dict_16_192_64_0p5_0p02_0027_0000" 5928
"/Engine/EngineMaterials/Substrate/GLints/dict_16_192_64_0p5_0p02_0024_0015" 5929
"/Engine/EngineMaterials/Substrate/GLints/dict_16_192_64_0p5_0p02_0027_0008" 5930
"../../../Engine/Content/EngineMaterials/Substrate/GLints/dict_16_192_64_0p5_0p02_0027_0012.uasset" 5931
"../../../Engine/Content/EngineMaterials/Substrate/GLints/dict_16_192_64_0p5_0p02_0028_0001.uasset" 5932
"../../../Engine/Content/EngineMaterials/Substrate/GLints/dict_16_192_64_0p5_0p02_0027_0010.uasset" 5933
"../../../Engine/Content/EngineMaterials/Substrate/GLints/dict_16_192_64_0p5_0p02_0027_0013.uasset" 5934
"../../../Engine/Content/EngineMaterials/Substrate/GLints/dict_16_192_64_0p5_0p02_0028_0002.uasset" 5935
"../../../Engine/Content/EngineMaterials/Substrate/GLints/dict_16_192_64_0p5_0p02_0027_0015.uasset" 5936
"../../../Engine/Content/EngineMaterials/Substrate/GLints/dict_16_192_64_0p5_0p02_0027_0011.uasset" 5937
"../../../Engine/Content/EngineMaterials/Substrate/GLints/dict_16_192_64_0p5_0p02_0028_0003.uasset" 5938
"../../../Engine/Content/EngineMaterials/Substrate/GLints/dict_16_192_64_0p5_0p02_0027_0009.uasset" 5939
"../../../Engine/Content/EngineMaterials/Substrate/GLints/dict_16_192_64_0p5_0p02_0027_0014.uasset" 5940
"../../../Engine/Content/EngineMaterials/Substrate/GLints/dict_16_192_64_0p5_0p02_0028_0008.uasset" 5941
"../../../Engine/Content/EngineMaterials/Substrate/GLints/dict_16_192_64_0p5_0p02_0028_0007.uasset" 5942
"../../../Engine/Content/EngineMaterials/Substrate/GLints/dict_16_192_64_0p5_0p02_0028_0000.uasset" 5943
"../../../Engine/Content/EngineMaterials/Substrate/GLints/dict_16_192_64_0p5_0p02_0028_0006.uasset" 5944
"../../../Engine/Content/EngineMaterials/Substrate/GLints/dict_16_192_64_0p5_0p02_0028_0014.uasset" 5945
"../../../Engine/Content/EngineMaterials/Substrate/GLints/dict_16_192_64_0p5_0p02_0028_0011.uasset" 5946
"../../../Engine/Content/EngineMaterials/Substrate/GLints/dict_16_192_64_0p5_0p02_0029_0002.uasset" 5947
"../../../Engine/Content/EngineMaterials/Substrate/GLints/dict_16_192_64_0p5_0p02_0029_0004.uasset" 5948
"../../../Engine/Content/EngineMaterials/Substrate/GLints/dict_16_192_64_0p5_0p02_0028_0013.uasset" 5949
"../../../Engine/Content/EngineMaterials/Substrate/GLints/dict_16_192_64_0p5_0p02_0028_0005.uasset" 5950
"../../../Engine/Content/EngineMaterials/Substrate/GLints/dict_16_192_64_0p5_0p02_0029_0007.uasset" 5951
"../../../Engine/Content/EngineMaterials/Substrate/GLints/dict_16_192_64_0p5_0p02_0029_0006.uasset" 5952
"../../../Engine/Content/EngineMaterials/Substrate/GLints/dict_16_192_64_0p5_0p02_0028_0015.uasset" 5953
"../../../Engine/Content/EngineMaterials/Substrate/GLints/dict_16_192_64_0p5_0p02_0028_0010.uasset" 5954
"../../../Engine/Content/EngineMaterials/Substrate/GLints/dict_16_192_64_0p5_0p02_0029_0005.uasset" 5955
"../../../Engine/Content/EngineMaterials/Substrate/GLints/dict_16_192_64_0p5_0p02_0029_0008.uasset" 5956
"../../../Engine/Content/EngineMaterials/Substrate/GLints/dict_16_192_64_0p5_0p02_0028_0009.uasset" 5957
"../../../Engine/Content/EngineMaterials/Substrate/GLints/dict_16_192_64_0p5_0p02_0028_0012.uasset" 5958
"../../../Engine/Content/EngineMaterials/Substrate/GLints/dict_16_192_64_0p5_0p02_0029_0001.uasset" 5959
"../../../Engine/Content/EngineMaterials/Substrate/GLints/dict_16_192_64_0p5_0p02_0028_0004.uasset" 5960
"../../../Engine/Content/EngineMaterials/Substrate/GLints/dict_16_192_64_0p5_0p02_0029_0000.uasset" 5961
"../../../Engine/Content/EngineMaterials/Substrate/GLints/dict_16_192_64_0p5_0p02_0029_0003.uasset" 5962
"/Engine/EngineMaterials/Substrate/GLints/dict_16_192_64_0p5_0p02_0029_0007" 5963
"/Engine/EngineMaterials/Substrate/GLints/dict_16_192_64_0p5_0p02_0029_0006" 5964
"/Engine/EngineMaterials/Substrate/GLints/dict_16_192_64_0p5_0p02_0029_0005" 5965
"/Engine/EngineMaterials/Substrate/GLints/dict_16_192_64_0p5_0p02_0029_0004" 5966
"/Engine/EngineMaterials/Substrate/GLints/dict_16_192_64_0p5_0p02_0029_0003" 5967
"/Engine/EngineMaterials/Substrate/GLints/dict_16_192_64_0p5_0p02_0029_0002" 5968
"/Engine/EngineMaterials/Substrate/GLints/dict_16_192_64_0p5_0p02_0029_0001" 5969
"/Engine/EngineMaterials/Substrate/GLints/dict_16_192_64_0p5_0p02_0029_0000" 5970
"/Engine/EngineMaterials/Substrate/GLints/dict_16_192_64_0p5_0p02_0028_0015" 5971
"/Engine/EngineMaterials/Substrate/GLints/dict_16_192_64_0p5_0p02_0028_0014" 5972
"/Engine/EngineMaterials/Substrate/GLints/dict_16_192_64_0p5_0p02_0028_0013" 5973
"/Engine/EngineMaterials/Substrate/GLints/dict_16_192_64_0p5_0p02_0028_0012" 5974
"/Engine/EngineMaterials/Substrate/GLints/dict_16_192_64_0p5_0p02_0028_0011" 5975
"/Engine/EngineMaterials/Substrate/GLints/dict_16_192_64_0p5_0p02_0028_0010" 5976
"/Engine/EngineMaterials/Substrate/GLints/dict_16_192_64_0p5_0p02_0028_0009" 5977
"/Engine/EngineMaterials/Substrate/GLints/dict_16_192_64_0p5_0p02_0028_0008" 5978
"/Engine/EngineMaterials/Substrate/GLints/dict_16_192_64_0p5_0p02_0028_0007" 5979
"/Engine/EngineMaterials/Substrate/GLints/dict_16_192_64_0p5_0p02_0028_0006" 5980
"/Engine/EngineMaterials/Substrate/GLints/dict_16_192_64_0p5_0p02_0028_0005" 5981
"/Engine/EngineMaterials/Substrate/GLints/dict_16_192_64_0p5_0p02_0028_0004" 5982
"/Engine/EngineMaterials/Substrate/GLints/dict_16_192_64_0p5_0p02_0028_0003" 5983
"/Engine/EngineMaterials/Substrate/GLints/dict_16_192_64_0p5_0p02_0028_0002" 5984
"/Engine/EngineMaterials/Substrate/GLints/dict_16_192_64_0p5_0p02_0028_0001" 5985
"/Engine/EngineMaterials/Substrate/GLints/dict_16_192_64_0p5_0p02_0028_0000" 5986
"/Engine/EngineMaterials/Substrate/GLints/dict_16_192_64_0p5_0p02_0027_0015" 5987
"/Engine/EngineMaterials/Substrate/GLints/dict_16_192_64_0p5_0p02_0029_0008" 5988
"/Engine/EngineMaterials/Substrate/GLints/dict_16_192_64_0p5_0p02_0027_0014" 5989
"/Engine/EngineMaterials/Substrate/GLints/dict_16_192_64_0p5_0p02_0027_0013" 5990
"/Engine/EngineMaterials/Substrate/GLints/dict_16_192_64_0p5_0p02_0027_0012" 5991
"/Engine/EngineMaterials/Substrate/GLints/dict_16_192_64_0p5_0p02_0027_0011" 5992
"/Engine/EngineMaterials/Substrate/GLints/dict_16_192_64_0p5_0p02_0027_0010" 5993
"/Engine/EngineMaterials/Substrate/GLints/dict_16_192_64_0p5_0p02_0027_0009" 5994
"../../../Engine/Content/EngineMaterials/Substrate/GLints/dict_16_192_64_0p5_0p02_0030_0003.uasset" 5995
"../../../Engine/Content/EngineMaterials/Substrate/GLints/dict_16_192_64_0p5_0p02_0029_0014.uasset" 5996
"../../../Engine/Content/EngineMaterials/Substrate/GLints/dict_16_192_64_0p5_0p02_0030_0000.uasset" 5997
"../../../Engine/Content/EngineMaterials/Substrate/GLints/dict_16_192_64_0p5_0p02_0029_0009.uasset" 5998
"../../../Engine/Content/EngineMaterials/Substrate/GLints/dict_16_192_64_0p5_0p02_0030_0001.uasset" 5999
"../../../Engine/Content/EngineMaterials/Substrate/GLints/dict_16_192_64_0p5_0p02_0030_0009.uasset" 6000
"../../../Engine/Content/EngineMaterials/Substrate/GLints/dict_16_192_64_0p5_0p02_0030_0002.uasset" 6001
"../../../Engine/Content/EngineMaterials/Substrate/GLints/dict_16_192_64_0p5_0p02_0030_0007.uasset" 6002
"../../../Engine/Content/EngineMaterials/Substrate/GLints/dict_16_192_64_0p5_0p02_0030_0010.uasset" 6003
"../../../Engine/Content/EngineMaterials/Substrate/GLints/dict_16_192_64_0p5_0p02_0030_0006.uasset" 6004
"../../../Engine/Content/EngineMaterials/Substrate/GLints/dict_16_192_64_0p5_0p02_0030_0008.uasset" 6005
"../../../Engine/Content/EngineMaterials/Substrate/GLints/dict_16_192_64_0p5_0p02_0029_0015.uasset" 6006
"../../../Engine/Content/EngineMaterials/Substrate/GLints/dict_16_192_64_0p5_0p02_0031_0003.uasset" 6007
"../../../Engine/Content/EngineMaterials/Substrate/GLints/dict_16_192_64_0p5_0p02_0031_0006.uasset" 6008
"../../../Engine/Content/EngineMaterials/Substrate/GLints/dict_16_192_64_0p5_0p02_0029_0012.uasset" 6009
"../../../Engine/Content/EngineMaterials/Substrate/GLints/dict_16_192_64_0p5_0p02_0029_0013.uasset" 6010
"../../../Engine/Content/EngineMaterials/Substrate/GLints/dict_16_192_64_0p5_0p02_0029_0011.uasset" 6011
"../../../Engine/Content/EngineMaterials/Substrate/GLints/dict_16_192_64_0p5_0p02_0030_0005.uasset" 6012
"../../../Engine/Content/EngineMaterials/Substrate/GLints/dict_16_192_64_0p5_0p02_0030_0015.uasset" 6013
"../../../Engine/Content/EngineMaterials/Substrate/GLints/dict_16_192_64_0p5_0p02_0029_0010.uasset" 6014
"../../../Engine/Content/EngineMaterials/Substrate/GLints/dict_16_192_64_0p5_0p02_0030_0012.uasset" 6015
"../../../Engine/Content/EngineMaterials/Substrate/GLints/dict_16_192_64_0p5_0p02_0031_0000.uasset" 6016
"../../../Engine/Content/EngineMaterials/Substrate/GLints/dict_16_192_64_0p5_0p02_0030_0011.uasset" 6017
"../../../Engine/Content/EngineMaterials/Substrate/GLints/dict_16_192_64_0p5_0p02_0030_0014.uasset" 6018
"../../../Engine/Content/EngineMaterials/Substrate/GLints/dict_16_192_64_0p5_0p02_0031_0001.uasset" 6019
"../../../Engine/Content/EngineMaterials/Substrate/GLints/dict_16_192_64_0p5_0p02_0031_0005.uasset" 6020
"../../../Engine/Content/EngineMaterials/Substrate/GLints/dict_16_192_64_0p5_0p02_0031_0007.uasset" 6021
"../../../Engine/Content/EngineMaterials/Substrate/GLints/dict_16_192_64_0p5_0p02_0030_0013.uasset" 6022
"../../../Engine/Content/EngineMaterials/Substrate/GLints/dict_16_192_64_0p5_0p02_0031_0004.uasset" 6023
"../../../Engine/Content/EngineMaterials/Substrate/GLints/dict_16_192_64_0p5_0p02_0030_0004.uasset" 6024
"../../../Engine/Content/EngineMaterials/Substrate/GLints/dict_16_192_64_0p5_0p02_0031_0008.uasset" 6025
"../../../Engine/Content/EngineMaterials/Substrate/GLints/dict_16_192_64_0p5_0p02_0031_0002.uasset" 6026
"/Engine/EngineMaterials/Substrate/GLints/dict_16_192_64_0p5_0p02_0031_0008" 6027
"/Engine/EngineMaterials/Substrate/GLints/dict_16_192_64_0p5_0p02_0031_0007" 6028
"/Engine/EngineMaterials/Substrate/GLints/dict_16_192_64_0p5_0p02_0031_0006" 6029
"/Engine/EngineMaterials/Substrate/GLints/dict_16_192_64_0p5_0p02_0031_0005" 6030
"/Engine/EngineMaterials/Substrate/GLints/dict_16_192_64_0p5_0p02_0031_0004" 6031
"/Engine/EngineMaterials/Substrate/GLints/dict_16_192_64_0p5_0p02_0031_0003" 6032
"/Engine/EngineMaterials/Substrate/GLints/dict_16_192_64_0p5_0p02_0031_0002" 6033
"/Engine/EngineMaterials/Substrate/GLints/dict_16_192_64_0p5_0p02_0031_0001" 6034
"/Engine/EngineMaterials/Substrate/GLints/dict_16_192_64_0p5_0p02_0031_0000" 6035
"/Engine/EngineMaterials/Substrate/GLints/dict_16_192_64_0p5_0p02_0030_0015" 6036
"/Engine/EngineMaterials/Substrate/GLints/dict_16_192_64_0p5_0p02_0030_0014" 6037
"/Engine/EngineMaterials/Substrate/GLints/dict_16_192_64_0p5_0p02_0030_0013" 6038
"/Engine/EngineMaterials/Substrate/GLints/dict_16_192_64_0p5_0p02_0030_0012" 6039
"/Engine/EngineMaterials/Substrate/GLints/dict_16_192_64_0p5_0p02_0030_0011" 6040
"/Engine/EngineMaterials/Substrate/GLints/dict_16_192_64_0p5_0p02_0030_0010" 6041
"/Engine/EngineMaterials/Substrate/GLints/dict_16_192_64_0p5_0p02_0030_0009" 6042
"/Engine/EngineMaterials/Substrate/GLints/dict_16_192_64_0p5_0p02_0030_0008" 6043
"/Engine/EngineMaterials/Substrate/GLints/dict_16_192_64_0p5_0p02_0030_0007" 6044
"/Engine/EngineMaterials/Substrate/GLints/dict_16_192_64_0p5_0p02_0030_0006" 6045
"/Engine/EngineMaterials/Substrate/GLints/dict_16_192_64_0p5_0p02_0030_0005" 6046
"/Engine/EngineMaterials/Substrate/GLints/dict_16_192_64_0p5_0p02_0030_0004" 6047
"/Engine/EngineMaterials/Substrate/GLints/dict_16_192_64_0p5_0p02_0030_0003" 6048
"/Engine/EngineMaterials/Substrate/GLints/dict_16_192_64_0p5_0p02_0030_0002" 6049
"/Engine/EngineMaterials/Substrate/GLints/dict_16_192_64_0p5_0p02_0030_0001" 6050
"/Engine/EngineMaterials/Substrate/GLints/dict_16_192_64_0p5_0p02_0030_0000" 6051
"/Engine/EngineMaterials/Substrate/GLints/dict_16_192_64_0p5_0p02_0029_0015" 6052
"/Engine/EngineMaterials/Substrate/GLints/dict_16_192_64_0p5_0p02_0029_0014" 6053
"/Engine/EngineMaterials/Substrate/GLints/dict_16_192_64_0p5_0p02_0029_0013" 6054
"/Engine/EngineMaterials/Substrate/GLints/dict_16_192_64_0p5_0p02_0029_0012" 6055
"/Engine/EngineMaterials/Substrate/GLints/dict_16_192_64_0p5_0p02_0029_0011" 6056
"/Engine/EngineMaterials/Substrate/GLints/dict_16_192_64_0p5_0p02_0029_0010" 6057
"/Engine/EngineMaterials/Substrate/GLints/dict_16_192_64_0p5_0p02_0029_0009" 6058
"../../../Engine/Content/EngineMaterials/Substrate/GLints/dict_16_192_64_0p5_0p02_0032_0005.uasset" 6059
"../../../Engine/Content/EngineMaterials/Substrate/GLints/dict_16_192_64_0p5_0p02_0032_0003.uasset" 6060
"../../../Engine/Content/EngineMaterials/Substrate/GLints/dict_16_192_64_0p5_0p02_0031_0014.uasset" 6061
"../../../Engine/Content/EngineMaterials/Substrate/GLints/dict_16_192_64_0p5_0p02_0031_0011.uasset" 6062
"../../../Engine/Content/EngineMaterials/Substrate/GLints/dict_16_192_64_0p5_0p02_0032_0001.uasset" 6063
"../../../Engine/Content/EngineMaterials/Substrate/GLints/dict_16_192_64_0p5_0p02_0032_0000.uasset" 6064
"../../../Engine/Content/EngineMaterials/Substrate/GLints/dict_16_192_64_0p5_0p02_0031_0013.uasset" 6065
"../../../Engine/Content/EngineMaterials/Substrate/GLints/dict_16_192_64_0p5_0p02_0031_0009.uasset" 6066
"../../../Engine/Content/EngineMaterials/Substrate/GLints/dict_16_192_64_0p5_0p02_0032_0010.uasset" 6067
"../../../Engine/Content/EngineMaterials/Substrate/GLints/dict_16_192_64_0p5_0p02_0032_0011.uasset" 6068
"../../../Engine/Content/EngineMaterials/Substrate/GLints/dict_16_192_64_0p5_0p02_0031_0012.uasset" 6069
"../../../Engine/Content/EngineMaterials/Substrate/GLints/dict_16_192_64_0p5_0p02_0032_0004.uasset" 6070
"../../../Engine/Content/EngineMaterials/Substrate/GLints/dict_16_192_64_0p5_0p02_0032_0009.uasset" 6071
"../../../Engine/Content/EngineMaterials/Substrate/GLints/dict_16_192_64_0p5_0p02_0033_0006.uasset" 6072
"../../../Engine/Content/EngineMaterials/Substrate/GLints/dict_16_192_64_0p5_0p02_0032_0002.uasset" 6073
"../../../Engine/Content/EngineMaterials/Substrate/GLints/dict_16_192_64_0p5_0p02_0032_0012.uasset" 6074
"../../../Engine/Content/EngineMaterials/Substrate/GLints/dict_16_192_64_0p5_0p02_0033_0000.uasset" 6075
"../../../Engine/Content/EngineMaterials/Substrate/GLints/dict_16_192_64_0p5_0p02_0032_0007.uasset" 6076
"../../../Engine/Content/EngineMaterials/Substrate/GLints/dict_16_192_64_0p5_0p02_0032_0015.uasset" 6077
"../../../Engine/Content/EngineMaterials/Substrate/GLints/dict_16_192_64_0p5_0p02_0032_0014.uasset" 6078
"../../../Engine/Content/EngineMaterials/Substrate/GLints/dict_16_192_64_0p5_0p02_0033_0002.uasset" 6079
"../../../Engine/Content/EngineMaterials/Substrate/GLints/dict_16_192_64_0p5_0p02_0032_0008.uasset" 6080
"../../../Engine/Content/EngineMaterials/Substrate/GLints/dict_16_192_64_0p5_0p02_0032_0013.uasset" 6081
"../../../Engine/Content/EngineMaterials/Substrate/GLints/dict_16_192_64_0p5_0p02_0033_0003.uasset" 6082
"../../../Engine/Content/EngineMaterials/Substrate/GLints/dict_16_192_64_0p5_0p02_0033_0005.uasset" 6083
"../../../Engine/Content/EngineMaterials/Substrate/GLints/dict_16_192_64_0p5_0p02_0033_0001.uasset" 6084
"/Engine/EngineMaterials/Substrate/GLints/dict_16_192_64_0p5_0p02_0033_0006" 6085
"/Engine/EngineMaterials/Substrate/GLints/dict_16_192_64_0p5_0p02_0033_0005" 6086
"/Engine/EngineMaterials/Substrate/GLints/dict_16_192_64_0p5_0p02_0033_0003" 6087
"../../../Engine/Content/EngineMaterials/Substrate/GLints/dict_16_192_64_0p5_0p02_0031_0010.uasset" 6088
"/Engine/EngineMaterials/Substrate/GLints/dict_16_192_64_0p5_0p02_0033_0002" 6089
"/Engine/EngineMaterials/Substrate/GLints/dict_16_192_64_0p5_0p02_0033_0001" 6090
"/Engine/EngineMaterials/Substrate/GLints/dict_16_192_64_0p5_0p02_0033_0000" 6091
"/Engine/EngineMaterials/Substrate/GLints/dict_16_192_64_0p5_0p02_0032_0015" 6092
"../../../Engine/Content/EngineMaterials/Substrate/GLints/dict_16_192_64_0p5_0p02_0033_0004.uasset" 6093
"../../../Engine/Content/EngineMaterials/Substrate/GLints/dict_16_192_64_0p5_0p02_0033_0007.uasset" 6094
"/Engine/EngineMaterials/Substrate/GLints/dict_16_192_64_0p5_0p02_0032_0014" 6095
"../../../Engine/Content/EngineMaterials/Substrate/GLints/dict_16_192_64_0p5_0p02_0031_0015.uasset" 6096
"/Engine/EngineMaterials/Substrate/GLints/dict_16_192_64_0p5_0p02_0032_0013" 6097
"/Engine/EngineMaterials/Substrate/GLints/dict_16_192_64_0p5_0p02_0032_0012" 6098
"/Engine/EngineMaterials/Substrate/GLints/dict_16_192_64_0p5_0p02_0032_0011" 6099
"/Engine/EngineMaterials/Substrate/GLints/dict_16_192_64_0p5_0p02_0032_0010" 6100
"../../../Engine/Content/EngineMaterials/Substrate/GLints/dict_16_192_64_0p5_0p02_0033_0008.uasset" 6101
"../../../Engine/Content/EngineMaterials/Substrate/GLints/dict_16_192_64_0p5_0p02_0032_0006.uasset" 6102
"/Engine/EngineMaterials/Substrate/GLints/dict_16_192_64_0p5_0p02_0032_0009" 6103
"/Engine/EngineMaterials/Substrate/GLints/dict_16_192_64_0p5_0p02_0032_0008" 6104
"/Engine/EngineMaterials/Substrate/GLints/dict_16_192_64_0p5_0p02_0032_0007" 6105
"/Engine/EngineMaterials/Substrate/GLints/dict_16_192_64_0p5_0p02_0032_0005" 6106
"/Engine/EngineMaterials/Substrate/GLints/dict_16_192_64_0p5_0p02_0032_0004" 6107
"/Engine/EngineMaterials/Substrate/GLints/dict_16_192_64_0p5_0p02_0032_0003" 6108
"/Engine/EngineMaterials/Substrate/GLints/dict_16_192_64_0p5_0p02_0032_0002" 6109
"/Engine/EngineMaterials/Substrate/GLints/dict_16_192_64_0p5_0p02_0032_0001" 6110
"/Engine/EngineMaterials/Substrate/GLints/dict_16_192_64_0p5_0p02_0032_0000" 6111
"/Engine/EngineMaterials/Substrate/GLints/dict_16_192_64_0p5_0p02_0031_0014" 6112
"/Engine/EngineMaterials/Substrate/GLints/dict_16_192_64_0p5_0p02_0031_0013" 6113
"/Engine/EngineMaterials/Substrate/GLints/dict_16_192_64_0p5_0p02_0031_0012" 6114
"/Engine/EngineMaterials/Substrate/GLints/dict_16_192_64_0p5_0p02_0031_0011" 6115
"/Engine/EngineMaterials/Substrate/GLints/dict_16_192_64_0p5_0p02_0031_0009" 6116
"/Engine/EngineMaterials/Substrate/GLints/dict_16_192_64_0p5_0p02_0033_0008" 6117
"/Engine/EngineMaterials/Substrate/GLints/dict_16_192_64_0p5_0p02_0033_0007" 6118
"/Engine/EngineMaterials/Substrate/GLints/dict_16_192_64_0p5_0p02_0033_0004" 6119
"/Engine/EngineMaterials/Substrate/GLints/dict_16_192_64_0p5_0p02_0032_0006" 6120
"/Engine/EngineMaterials/Substrate/GLints/dict_16_192_64_0p5_0p02_0031_0015" 6121
"/Engine/EngineMaterials/Substrate/GLints/dict_16_192_64_0p5_0p02_0031_0010" 6122
"../../../Engine/Content/EngineMaterials/Substrate/GLints/dict_16_192_64_0p5_0p02_0034_0000.uasset" 6123
"/Engine/EngineMaterials/Substrate/GLints/dict_16_192_64_0p5_0p02_0034_0000" 6124
"../../../Engine/Content/EngineMaterials/Substrate/GLints/dict_16_192_64_0p5_0p02_0033_0014.uasset" 6125
"../../../Engine/Content/EngineMaterials/Substrate/GLints/dict_16_192_64_0p5_0p02_0034_0007.uasset" 6126
"../../../Engine/Content/EngineMaterials/Substrate/GLints/dict_16_192_64_0p5_0p02_0034_0008.uasset" 6127
"../../../Engine/Content/EngineMaterials/Substrate/GLints/dict_16_192_64_0p5_0p02_0034_0006.uasset" 6128
"../../../Engine/Content/EngineMaterials/Substrate/GLints/dict_16_192_64_0p5_0p02_0034_0003.uasset" 6129
"../../../Engine/Content/EngineMaterials/Substrate/GLints/dict_16_192_64_0p5_0p02_0034_0004.uasset" 6130
"../../../Engine/Content/EngineMaterials/Substrate/GLints/dict_16_192_64_0p5_0p02_0033_0013.uasset" 6131
"../../../Engine/Content/EngineMaterials/Substrate/GLints/dict_16_192_64_0p5_0p02_0033_0009.uasset" 6132
"../../../Engine/Content/EngineMaterials/Substrate/GLints/dict_16_192_64_0p5_0p02_0034_0005.uasset" 6133
"../../../Engine/Content/EngineMaterials/Substrate/GLints/dict_16_192_64_0p5_0p02_0034_0009.uasset" 6134
"../../../Engine/Content/EngineMaterials/Substrate/GLints/dict_16_192_64_0p5_0p02_0034_0002.uasset" 6135
"../../../Engine/Content/EngineMaterials/Substrate/GLints/dict_16_192_64_0p5_0p02_0034_0001.uasset" 6136
"../../../Engine/Content/EngineMaterials/Substrate/GLints/dict_16_192_64_0p5_0p02_0033_0011.uasset" 6137
"../../../Engine/Content/EngineMaterials/Substrate/GLints/dict_16_192_64_0p5_0p02_0033_0012.uasset" 6138
"../../../Engine/Content/EngineMaterials/Substrate/GLints/dict_16_192_64_0p5_0p02_0034_0010.uasset" 6139
"../../../Engine/Content/EngineMaterials/Substrate/GLints/dict_16_192_64_0p5_0p02_0035_0003.uasset" 6140
"../../../Engine/Content/EngineMaterials/Substrate/GLints/dict_16_192_64_0p5_0p02_0033_0010.uasset" 6141
"../../../Engine/Content/EngineMaterials/Substrate/GLints/dict_16_192_64_0p5_0p02_0034_0011.uasset" 6142
"../../../Engine/Content/EngineMaterials/Substrate/GLints/dict_16_192_64_0p5_0p02_0035_0000.uasset" 6143
"../../../Engine/Content/EngineMaterials/Substrate/GLints/dict_16_192_64_0p5_0p02_0034_0015.uasset" 6144
"../../../Engine/Content/EngineMaterials/Substrate/GLints/dict_16_192_64_0p5_0p02_0035_0002.uasset" 6145
"../../../Engine/Content/EngineMaterials/Substrate/GLints/dict_16_192_64_0p5_0p02_0033_0015.uasset" 6146
"../../../Engine/Content/EngineMaterials/Substrate/GLints/dict_16_192_64_0p5_0p02_0034_0012.uasset" 6147
"/Engine/EngineMaterials/Substrate/GLints/dict_16_192_64_0p5_0p02_0035_0002" 6148
"../../../Engine/Content/EngineMaterials/Substrate/GLints/dict_16_192_64_0p5_0p02_0035_0005.uasset" 6149
"../../../Engine/Content/EngineMaterials/Substrate/GLints/dict_16_192_64_0p5_0p02_0035_0001.uasset" 6150
"/Engine/EngineMaterials/Substrate/GLints/dict_16_192_64_0p5_0p02_0035_0000" 6151
"/Engine/EngineMaterials/Substrate/GLints/dict_16_192_64_0p5_0p02_0034_0015" 6152
"/Engine/EngineMaterials/Substrate/GLints/dict_16_192_64_0p5_0p02_0034_0012" 6153
"/Engine/EngineMaterials/Substrate/GLints/dict_16_192_64_0p5_0p02_0034_0011" 6154
"/Engine/EngineMaterials/Substrate/GLints/dict_16_192_64_0p5_0p02_0034_0010" 6155
"../../../Engine/Content/EngineMaterials/Substrate/GLints/dict_16_192_64_0p5_0p02_0035_0004.uasset" 6156
"../../../Engine/Content/EngineMaterials/Substrate/GLints/dict_16_192_64_0p5_0p02_0035_0006.uasset" 6157
"/Engine/EngineMaterials/Substrate/GLints/dict_16_192_64_0p5_0p02_0034_0009" 6158
"/Engine/EngineMaterials/Substrate/GLints/dict_16_192_64_0p5_0p02_0034_0008" 6159
"../../../Engine/Content/EngineMaterials/Substrate/GLints/dict_16_192_64_0p5_0p02_0034_0013.uasset" 6160
"/Engine/EngineMaterials/Substrate/GLints/dict_16_192_64_0p5_0p02_0034_0007" 6161
"/Engine/EngineMaterials/Substrate/GLints/dict_16_192_64_0p5_0p02_0034_0006" 6162
"../../../Engine/Content/EngineMaterials/Substrate/GLints/dict_16_192_64_0p5_0p02_0034_0014.uasset" 6163
"/Engine/EngineMaterials/Substrate/GLints/dict_16_192_64_0p5_0p02_0034_0005" 6164
"../../../Engine/Content/EngineMaterials/Substrate/GLints/dict_16_192_64_0p5_0p02_0035_0007.uasset" 6165
"/Engine/EngineMaterials/Substrate/GLints/dict_16_192_64_0p5_0p02_0034_0004" 6166
"/Engine/EngineMaterials/Substrate/GLints/dict_16_192_64_0p5_0p02_0034_0003" 6167
"../../../Engine/Content/EngineMaterials/Substrate/GLints/dict_16_192_64_0p5_0p02_0035_0009.uasset" 6168
"../../../Engine/Content/EngineMaterials/Substrate/GLints/dict_16_192_64_0p5_0p02_0035_0008.uasset" 6169
"/Engine/EngineMaterials/Substrate/GLints/dict_16_192_64_0p5_0p02_0034_0002" 6170
"/Engine/EngineMaterials/Substrate/GLints/dict_16_192_64_0p5_0p02_0034_0001" 6171
"/Engine/EngineMaterials/Substrate/GLints/dict_16_192_64_0p5_0p02_0033_0015" 6172
"/Engine/EngineMaterials/Substrate/GLints/dict_16_192_64_0p5_0p02_0033_0014" 6173
"/Engine/EngineMaterials/Substrate/GLints/dict_16_192_64_0p5_0p02_0033_0013" 6174
"/Engine/EngineMaterials/Substrate/GLints/dict_16_192_64_0p5_0p02_0033_0012" 6175
"/Engine/EngineMaterials/Substrate/GLints/dict_16_192_64_0p5_0p02_0033_0011" 6176
"/Engine/EngineMaterials/Substrate/GLints/dict_16_192_64_0p5_0p02_0033_0010" 6177
"/Engine/EngineMaterials/Substrate/GLints/dict_16_192_64_0p5_0p02_0035_0003" 6178
"/Engine/EngineMaterials/Substrate/GLints/dict_16_192_64_0p5_0p02_0033_0009" 6179
"/Engine/EngineMaterials/Substrate/GLints/dict_16_192_64_0p5_0p02_0035_0008" 6180
"/Engine/EngineMaterials/Substrate/GLints/dict_16_192_64_0p5_0p02_0035_0007" 6181
"/Engine/EngineMaterials/Substrate/GLints/dict_16_192_64_0p5_0p02_0035_0001" 6182
"/Engine/EngineMaterials/Substrate/GLints/dict_16_192_64_0p5_0p02_0035_0006" 6183
"/Engine/EngineMaterials/Substrate/GLints/dict_16_192_64_0p5_0p02_0034_0014" 6184
"/Engine/EngineMaterials/Substrate/GLints/dict_16_192_64_0p5_0p02_0034_0013" 6185
"/Engine/EngineMaterials/Substrate/GLints/dict_16_192_64_0p5_0p02_0035_0005" 6186
"/Engine/EngineMaterials/Substrate/GLints/dict_16_192_64_0p5_0p02_0035_0009" 6187
"/Engine/EngineMaterials/Substrate/GLints/dict_16_192_64_0p5_0p02_0035_0004" 6188
"../../../Engine/Content/EngineMaterials/Substrate/GLints/dict_16_192_64_0p5_0p02_0036_0001.uasset" 6189
"../../../Engine/Content/EngineMaterials/Substrate/GLints/dict_16_192_64_0p5_0p02_0036_0000.uasset" 6190
"../../../Engine/Content/EngineMaterials/Substrate/GLints/dict_16_192_64_0p5_0p02_0035_0011.uasset" 6191
"../../../Engine/Content/EngineMaterials/Substrate/GLints/dict_16_192_64_0p5_0p02_0036_0002.uasset" 6192
"../../../Engine/Content/EngineMaterials/Substrate/GLints/dict_16_192_64_0p5_0p02_0036_0011.uasset" 6193
"../../../Engine/Content/EngineMaterials/Substrate/GLints/dict_16_192_64_0p5_0p02_0035_0012.uasset" 6194
"../../../Engine/Content/EngineMaterials/Substrate/GLints/dict_16_192_64_0p5_0p02_0036_0005.uasset" 6195
"../../../Engine/Content/EngineMaterials/Substrate/GLints/dict_16_192_64_0p5_0p02_0036_0012.uasset" 6196
"../../../Engine/Content/EngineMaterials/Substrate/GLints/dict_16_192_64_0p5_0p02_0036_0006.uasset" 6197
"../../../Engine/Content/EngineMaterials/Substrate/GLints/dict_16_192_64_0p5_0p02_0035_0013.uasset" 6198
"../../../Engine/Content/EngineMaterials/Substrate/GLints/dict_16_192_64_0p5_0p02_0036_0004.uasset" 6199
"../../../Engine/Content/EngineMaterials/Substrate/GLints/dict_16_192_64_0p5_0p02_0036_0003.uasset" 6200
"../../../Engine/Content/EngineMaterials/Substrate/GLints/dict_16_192_64_0p5_0p02_0035_0015.uasset" 6201
"../../../Engine/Content/EngineMaterials/Substrate/GLints/dict_16_192_64_0p5_0p02_0036_0008.uasset" 6202
"../../../Engine/Content/EngineMaterials/Substrate/GLints/dict_16_192_64_0p5_0p02_0036_0007.uasset" 6203
"../../../Engine/Content/EngineMaterials/Substrate/GLints/dict_16_192_64_0p5_0p02_0037_0000.uasset" 6204
"../../../Engine/Content/EngineMaterials/Substrate/GLints/dict_16_192_64_0p5_0p02_0037_0001.uasset" 6205
"../../../Engine/Content/EngineMaterials/Substrate/GLints/dict_16_192_64_0p5_0p02_0035_0010.uasset" 6206
"../../../Engine/Content/EngineMaterials/Substrate/GLints/dict_16_192_64_0p5_0p02_0037_0002.uasset" 6207
"../../../Engine/Content/EngineMaterials/Substrate/GLints/dict_16_192_64_0p5_0p02_0036_0010.uasset" 6208
"../../../Engine/Content/EngineMaterials/Substrate/GLints/dict_16_192_64_0p5_0p02_0036_0009.uasset" 6209
"/Engine/EngineMaterials/Substrate/GLints/dict_16_192_64_0p5_0p02_0037_0000" 6210
"/Engine/EngineMaterials/Substrate/GLints/dict_16_192_64_0p5_0p02_0036_0012" 6211
"/Engine/EngineMaterials/Substrate/GLints/dict_16_192_64_0p5_0p02_0036_0011" 6212
"/Engine/EngineMaterials/Substrate/GLints/dict_16_192_64_0p5_0p02_0036_0010" 6213
"../../../Engine/Content/EngineMaterials/Substrate/GLints/dict_16_192_64_0p5_0p02_0037_0003.uasset" 6214
"../../../Engine/Content/EngineMaterials/Substrate/GLints/dict_16_192_64_0p5_0p02_0037_0004.uasset" 6215
"/Engine/EngineMaterials/Substrate/GLints/dict_16_192_64_0p5_0p02_0036_0008" 6216
"../../../Engine/Content/EngineMaterials/Substrate/GLints/dict_16_192_64_0p5_0p02_0037_0006.uasset" 6217
"/Engine/EngineMaterials/Substrate/GLints/dict_16_192_64_0p5_0p02_0036_0007" 6218
"../../../Engine/Content/EngineMaterials/Substrate/GLints/dict_16_192_64_0p5_0p02_0035_0014.uasset" 6219
"/Engine/EngineMaterials/Substrate/GLints/dict_16_192_64_0p5_0p02_0036_0006" 6220
"/Engine/EngineMaterials/Substrate/GLints/dict_16_192_64_0p5_0p02_0036_0005" 6221
"/Engine/EngineMaterials/Substrate/GLints/dict_16_192_64_0p5_0p02_0036_0004" 6222
"/Engine/EngineMaterials/Substrate/GLints/dict_16_192_64_0p5_0p02_0036_0003" 6223
"../../../Engine/Content/EngineMaterials/Substrate/GLints/dict_16_192_64_0p5_0p02_0037_0009.uasset" 6224
"../../../Engine/Content/EngineMaterials/Substrate/GLints/dict_16_192_64_0p5_0p02_0037_0008.uasset" 6225
"/Engine/EngineMaterials/Substrate/GLints/dict_16_192_64_0p5_0p02_0036_0002" 6226
"/Engine/EngineMaterials/Substrate/GLints/dict_16_192_64_0p5_0p02_0037_0002" 6227
"../../../Engine/Content/EngineMaterials/Substrate/GLints/dict_16_192_64_0p5_0p02_0037_0007.uasset" 6228
"/Engine/EngineMaterials/Substrate/GLints/dict_16_192_64_0p5_0p02_0036_0001" 6229
"/Engine/EngineMaterials/Substrate/GLints/dict_16_192_64_0p5_0p02_0036_0000" 6230
"../../../Engine/Content/EngineMaterials/Substrate/GLints/dict_16_192_64_0p5_0p02_0037_0005.uasset" 6231
"/Engine/EngineMaterials/Substrate/GLints/dict_16_192_64_0p5_0p02_0037_0001" 6232
"/Engine/EngineMaterials/Substrate/GLints/dict_16_192_64_0p5_0p02_0035_0015" 6233
"/Engine/EngineMaterials/Substrate/GLints/dict_16_192_64_0p5_0p02_0035_0013" 6234
"/Engine/EngineMaterials/Substrate/GLints/dict_16_192_64_0p5_0p02_0035_0012" 6235
"/Engine/EngineMaterials/Substrate/GLints/dict_16_192_64_0p5_0p02_0035_0011" 6236
"/Engine/EngineMaterials/Substrate/GLints/dict_16_192_64_0p5_0p02_0035_0010" 6237
"../../../Engine/Content/EngineMaterials/Substrate/GLints/dict_16_192_64_0p5_0p02_0036_0013.uasset" 6238
"/Engine/EngineMaterials/Substrate/GLints/dict_16_192_64_0p5_0p02_0037_0009" 6239
"../../../Engine/Content/EngineMaterials/Substrate/GLints/dict_16_192_64_0p5_0p02_0036_0014.uasset" 6240
"../../../Engine/Content/EngineMaterials/Substrate/GLints/dict_16_192_64_0p5_0p02_0036_0015.uasset" 6241
"/Engine/EngineMaterials/Substrate/GLints/dict_16_192_64_0p5_0p02_0037_0008" 6242
"/Engine/EngineMaterials/Substrate/GLints/dict_16_192_64_0p5_0p02_0037_0007" 6243
"/Engine/EngineMaterials/Substrate/GLints/dict_16_192_64_0p5_0p02_0037_0006" 6244
"../../../Engine/Content/EngineMaterials/Substrate/GLints/dict_16_192_64_0p5_0p02_0038_0006.uasset" 6245
"/Engine/EngineMaterials/Substrate/GLints/dict_16_192_64_0p5_0p02_0037_0005" 6246
"/Engine/EngineMaterials/Substrate/GLints/dict_16_192_64_0p5_0p02_0037_0004" 6247
"/Engine/EngineMaterials/Substrate/GLints/dict_16_192_64_0p5_0p02_0036_0009" 6248
"/Engine/EngineMaterials/Substrate/GLints/dict_16_192_64_0p5_0p02_0037_0003" 6249
"/Engine/EngineMaterials/Substrate/GLints/dict_16_192_64_0p5_0p02_0035_0014" 6250
"/Engine/EngineMaterials/Substrate/GLints/dict_16_192_64_0p5_0p02_0036_0015" 6251
"/Engine/EngineMaterials/Substrate/GLints/dict_16_192_64_0p5_0p02_0036_0014" 6252
"/Engine/EngineMaterials/Substrate/GLints/dict_16_192_64_0p5_0p02_0036_0013" 6253
"/Engine/EngineMaterials/Substrate/GLints/dict_16_192_64_0p5_0p02_0038_0006" 6254
"../../../Engine/Content/EngineMaterials/Substrate/GLints/dict_16_192_64_0p5_0p02_0037_0013.uasset" 6255
"../../../Engine/Content/EngineMaterials/Substrate/GLints/dict_16_192_64_0p5_0p02_0038_0003.uasset" 6256
"../../../Engine/Content/EngineMaterials/Substrate/GLints/dict_16_192_64_0p5_0p02_0037_0011.uasset" 6257
"../../../Engine/Content/EngineMaterials/Substrate/GLints/dict_16_192_64_0p5_0p02_0038_0005.uasset" 6258
"../../../Engine/Content/EngineMaterials/Substrate/GLints/dict_16_192_64_0p5_0p02_0038_0000.uasset" 6259
"../../../Engine/Content/EngineMaterials/Substrate/GLints/dict_16_192_64_0p5_0p02_0038_0001.uasset" 6260
"../../../Engine/Content/EngineMaterials/Substrate/GLints/dict_16_192_64_0p5_0p02_0038_0007.uasset" 6261
"../../../Engine/Content/EngineMaterials/Substrate/GLints/dict_16_192_64_0p5_0p02_0037_0012.uasset" 6262
"../../../Engine/Content/EngineMaterials/Substrate/GLints/dict_16_192_64_0p5_0p02_0037_0010.uasset" 6263
"../../../Engine/Content/EngineMaterials/Substrate/GLints/dict_16_192_64_0p5_0p02_0038_0012.uasset" 6264
"../../../Engine/Content/EngineMaterials/Substrate/GLints/dict_16_192_64_0p5_0p02_0038_0011.uasset" 6265
"../../../Engine/Content/EngineMaterials/Substrate/GLints/dict_16_192_64_0p5_0p02_0038_0009.uasset" 6266
"../../../Engine/Content/EngineMaterials/Substrate/GLints/dict_16_192_64_0p5_0p02_0038_0008.uasset" 6267
"../../../Engine/Content/EngineMaterials/Substrate/GLints/dict_16_192_64_0p5_0p02_0038_0004.uasset" 6268
"../../../Engine/Content/EngineMaterials/Substrate/GLints/dict_16_192_64_0p5_0p02_0038_0015.uasset" 6269
"../../../Engine/Content/EngineMaterials/Substrate/GLints/dict_16_192_64_0p5_0p02_0037_0015.uasset" 6270
"../../../Engine/Content/EngineMaterials/Substrate/GLints/dict_16_192_64_0p5_0p02_0039_0000.uasset" 6271
"../../../Engine/Content/EngineMaterials/Substrate/GLints/dict_16_192_64_0p5_0p02_0039_0001.uasset" 6272
"../../../Engine/Content/EngineMaterials/Substrate/GLints/dict_16_192_64_0p5_0p02_0038_0002.uasset" 6273
"../../../Engine/Content/EngineMaterials/Substrate/GLints/dict_16_192_64_0p5_0p02_0039_0005.uasset" 6274
"../../../Engine/Content/EngineMaterials/Substrate/GLints/dict_16_192_64_0p5_0p02_0039_0003.uasset" 6275
"/Engine/EngineMaterials/Substrate/GLints/dict_16_192_64_0p5_0p02_0039_0001" 6276
"/Engine/EngineMaterials/Substrate/GLints/dict_16_192_64_0p5_0p02_0038_0012" 6277
"/Engine/EngineMaterials/Substrate/GLints/dict_16_192_64_0p5_0p02_0038_0011" 6278
"/Engine/EngineMaterials/Substrate/GLints/dict_16_192_64_0p5_0p02_0039_0000" 6279
"/Engine/EngineMaterials/Substrate/GLints/dict_16_192_64_0p5_0p02_0038_0009" 6280
"/Engine/EngineMaterials/Substrate/GLints/dict_16_192_64_0p5_0p02_0038_0008" 6281
"../../../Engine/Content/EngineMaterials/Substrate/GLints/dict_16_192_64_0p5_0p02_0039_0007.uasset" 6282
"../../../Engine/Content/EngineMaterials/Substrate/GLints/dict_16_192_64_0p5_0p02_0039_0002.uasset" 6283
"../../../Engine/Content/EngineMaterials/Substrate/GLints/dict_16_192_64_0p5_0p02_0038_0010.uasset" 6284
"/Engine/EngineMaterials/Substrate/GLints/dict_16_192_64_0p5_0p02_0038_0007" 6285
"/Engine/EngineMaterials/Substrate/GLints/dict_16_192_64_0p5_0p02_0038_0015" 6286
"/Engine/EngineMaterials/Substrate/GLints/dict_16_192_64_0p5_0p02_0038_0005" 6287
"../../../Engine/Content/EngineMaterials/Substrate/GLints/dict_16_192_64_0p5_0p02_0039_0008.uasset" 6288
"/Engine/EngineMaterials/Substrate/GLints/dict_16_192_64_0p5_0p02_0038_0004" 6289
"../../../Engine/Content/EngineMaterials/Substrate/GLints/dict_16_192_64_0p5_0p02_0038_0013.uasset" 6290
"/Engine/EngineMaterials/Substrate/GLints/dict_16_192_64_0p5_0p02_0038_0003" 6291
"../../../Engine/Content/EngineMaterials/Substrate/GLints/dict_16_192_64_0p5_0p02_0037_0014.uasset" 6292
"/Engine/EngineMaterials/Substrate/GLints/dict_16_192_64_0p5_0p02_0038_0002" 6293
"/Engine/EngineMaterials/Substrate/GLints/dict_16_192_64_0p5_0p02_0038_0001" 6294
"/Engine/EngineMaterials/Substrate/GLints/dict_16_192_64_0p5_0p02_0038_0000" 6295
"../../../Engine/Content/EngineMaterials/Substrate/GLints/dict_16_192_64_0p5_0p02_0038_0014.uasset" 6296
"/Engine/EngineMaterials/Substrate/GLints/dict_16_192_64_0p5_0p02_0037_0015" 6297
"../../../Engine/Content/EngineMaterials/Substrate/GLints/dict_16_192_64_0p5_0p02_0039_0006.uasset" 6298
"/Engine/EngineMaterials/Substrate/GLints/dict_16_192_64_0p5_0p02_0037_0013" 6299
"/Engine/EngineMaterials/Substrate/GLints/dict_16_192_64_0p5_0p02_0037_0012" 6300
"/Engine/EngineMaterials/Substrate/GLints/dict_16_192_64_0p5_0p02_0037_0011" 6301
"/Engine/EngineMaterials/Substrate/GLints/dict_16_192_64_0p5_0p02_0037_0010" 6302
"/Engine/EngineMaterials/Substrate/GLints/dict_16_192_64_0p5_0p02_0039_0006" 6303
"/Engine/EngineMaterials/Substrate/GLints/dict_16_192_64_0p5_0p02_0039_0005" 6304
"/Engine/EngineMaterials/Substrate/GLints/dict_16_192_64_0p5_0p02_0038_0013" 6305
"../../../Engine/Content/EngineMaterials/Substrate/GLints/dict_16_192_64_0p5_0p02_0039_0004.uasset" 6306
"/Engine/EngineMaterials/Substrate/GLints/dict_16_192_64_0p5_0p02_0039_0003" 6307
"/Engine/EngineMaterials/Substrate/GLints/dict_16_192_64_0p5_0p02_0039_0002" 6308
"/Engine/EngineMaterials/Substrate/GLints/dict_16_192_64_0p5_0p02_0039_0008" 6309
"/Engine/EngineMaterials/Substrate/GLints/dict_16_192_64_0p5_0p02_0038_0010" 6310
"../../../Engine/Content/EngineMaterials/Substrate/GLints/dict_16_192_64_0p5_0p02_0039_0009.uasset" 6311
"/Engine/EngineMaterials/Substrate/GLints/dict_16_192_64_0p5_0p02_0039_0007" 6312
"/Engine/EngineMaterials/Substrate/GLints/dict_16_192_64_0p5_0p02_0037_0014" 6313
"/Engine/EngineMaterials/Substrate/GLints/dict_16_192_64_0p5_0p02_0038_0014" 6314
"/Engine/EngineMaterials/Substrate/GLints/dict_16_192_64_0p5_0p02_0039_0004" 6315
"/Engine/EngineMaterials/Substrate/GLints/dict_16_192_64_0p5_0p02_0039_0009" 6316
"../../../Engine/Content/EngineMaterials/Substrate/GLints/dict_16_192_64_0p5_0p02_0040_0008.uasset" 6317
"../../../Engine/Content/EngineMaterials/Substrate/GLints/dict_16_192_64_0p5_0p02_0040_0004.uasset" 6318
"../../../Engine/Content/EngineMaterials/Substrate/GLints/dict_16_192_64_0p5_0p02_0039_0015.uasset" 6319
"../../../Engine/Content/EngineMaterials/Substrate/GLints/dict_16_192_64_0p5_0p02_0040_0002.uasset" 6320
"../../../Engine/Content/EngineMaterials/Substrate/GLints/dict_16_192_64_0p5_0p02_0040_0007.uasset" 6321
"../../../Engine/Content/EngineMaterials/Substrate/GLints/dict_16_192_64_0p5_0p02_0040_0003.uasset" 6322
"../../../Engine/Content/EngineMaterials/Substrate/GLints/dict_16_192_64_0p5_0p02_0040_0009.uasset" 6323
"../../../Engine/Content/EngineMaterials/Substrate/GLints/dict_16_192_64_0p5_0p02_0039_0014.uasset" 6324
"../../../Engine/Content/EngineMaterials/Substrate/GLints/dict_16_192_64_0p5_0p02_0040_0010.uasset" 6325
"../../../Engine/Content/EngineMaterials/Substrate/GLints/dict_16_192_64_0p5_0p02_0040_0006.uasset" 6326
"../../../Engine/Content/EngineMaterials/Substrate/GLints/dict_16_192_64_0p5_0p02_0039_0013.uasset" 6327
"../../../Engine/Content/EngineMaterials/Substrate/GLints/dict_16_192_64_0p5_0p02_0040_0000.uasset" 6328
"../../../Engine/Content/EngineMaterials/Substrate/GLints/dict_16_192_64_0p5_0p02_0040_0005.uasset" 6329
"../../../Engine/Content/EngineMaterials/Substrate/GLints/dict_16_192_64_0p5_0p02_0040_0011.uasset" 6330
"/Engine/EngineMaterials/Substrate/GLints/dict_16_192_64_0p5_0p02_0040_0011" 6331
"../../../Engine/Content/EngineMaterials/Substrate/GLints/dict_16_192_64_0p5_0p02_0040_0014.uasset" 6332
"../../../Engine/Content/EngineMaterials/Substrate/GLints/dict_16_192_64_0p5_0p02_0041_0000.uasset" 6333
"../../../Engine/Content/EngineMaterials/Substrate/GLints/dict_16_192_64_0p5_0p02_0040_0012.uasset" 6334
"../../../Engine/Content/EngineMaterials/Substrate/GLints/dict_16_192_64_0p5_0p02_0041_0003.uasset" 6335
"/Engine/EngineMaterials/Substrate/GLints/dict_16_192_64_0p5_0p02_0040_0010" 6336
"../../../Engine/Content/EngineMaterials/Substrate/GLints/dict_16_192_64_0p5_0p02_0039_0011.uasset" 6337
"../../../Engine/Content/EngineMaterials/Substrate/GLints/dict_16_192_64_0p5_0p02_0041_0001.uasset" 6338
"/Engine/EngineMaterials/Substrate/GLints/dict_16_192_64_0p5_0p02_0040_0009" 6339
"/Engine/EngineMaterials/Substrate/GLints/dict_16_192_64_0p5_0p02_0040_0008" 6340
"/Engine/EngineMaterials/Substrate/GLints/dict_16_192_64_0p5_0p02_0040_0007" 6341
"../../../Engine/Content/EngineMaterials/Substrate/GLints/dict_16_192_64_0p5_0p02_0041_0007.uasset" 6342
"../../../Engine/Content/EngineMaterials/Substrate/GLints/dict_16_192_64_0p5_0p02_0041_0009.uasset" 6343
"../../../Engine/Content/EngineMaterials/Substrate/GLints/dict_16_192_64_0p5_0p02_0041_0008.uasset" 6344
"/Engine/EngineMaterials/Substrate/GLints/dict_16_192_64_0p5_0p02_0040_0006" 6345
"/Engine/EngineMaterials/Substrate/GLints/dict_16_192_64_0p5_0p02_0040_0005" 6346
"../../../Engine/Content/EngineMaterials/Substrate/GLints/dict_16_192_64_0p5_0p02_0041_0002.uasset" 6347
"../../../Engine/Content/EngineMaterials/Substrate/GLints/dict_16_192_64_0p5_0p02_0041_0005.uasset" 6348
"/Engine/EngineMaterials/Substrate/GLints/dict_16_192_64_0p5_0p02_0040_0004" 6349
"/Engine/EngineMaterials/Substrate/GLints/dict_16_192_64_0p5_0p02_0040_0003" 6350
"/Engine/EngineMaterials/Substrate/GLints/dict_16_192_64_0p5_0p02_0040_0002" 6351
"../../../Engine/Content/EngineMaterials/Substrate/GLints/dict_16_192_64_0p5_0p02_0040_0013.uasset" 6352
"/Engine/EngineMaterials/Substrate/GLints/dict_16_192_64_0p5_0p02_0040_0000" 6353
"../../../Engine/Content/EngineMaterials/Substrate/GLints/dict_16_192_64_0p5_0p02_0041_0006.uasset" 6354
"/Engine/EngineMaterials/Substrate/GLints/dict_16_192_64_0p5_0p02_0039_0015" 6355
"/Engine/EngineMaterials/Substrate/GLints/dict_16_192_64_0p5_0p02_0039_0014" 6356
"../../../Engine/Content/EngineMaterials/Substrate/GLints/dict_16_192_64_0p5_0p02_0041_0004.uasset" 6357
"/Engine/EngineMaterials/Substrate/GLints/dict_16_192_64_0p5_0p02_0039_0013" 6358
"/Engine/EngineMaterials/Substrate/GLints/dict_16_192_64_0p5_0p02_0041_0007" 6359
"/Engine/EngineMaterials/Substrate/GLints/dict_16_192_64_0p5_0p02_0041_0006" 6360
"/Engine/EngineMaterials/Substrate/GLints/dict_16_192_64_0p5_0p02_0041_0005" 6361
"/Engine/EngineMaterials/Substrate/GLints/dict_16_192_64_0p5_0p02_0041_0009" 6362
"/Engine/EngineMaterials/Substrate/GLints/dict_16_192_64_0p5_0p02_0041_0004" 6363
"../../../Engine/Content/EngineMaterials/Substrate/GLints/dict_16_192_64_0p5_0p02_0042_0004.uasset" 6364
"/Engine/EngineMaterials/Substrate/GLints/dict_16_192_64_0p5_0p02_0041_0008" 6365
"/Engine/EngineMaterials/Substrate/GLints/dict_16_192_64_0p5_0p02_0041_0003" 6366
"../../../Engine/Content/EngineMaterials/Substrate/GLints/dict_16_192_64_0p5_0p02_0039_0012.uasset" 6367
"/Engine/EngineMaterials/Substrate/GLints/dict_16_192_64_0p5_0p02_0040_0013" 6368
"/Engine/EngineMaterials/Substrate/GLints/dict_16_192_64_0p5_0p02_0041_0002" 6369
"../../../Engine/Content/EngineMaterials/Substrate/GLints/dict_16_192_64_0p5_0p02_0040_0015.uasset" 6370
"../../../Engine/Content/EngineMaterials/Substrate/GLints/dict_16_192_64_0p5_0p02_0040_0001.uasset" 6371
"/Engine/EngineMaterials/Substrate/GLints/dict_16_192_64_0p5_0p02_0040_0012" 6372
"/Engine/EngineMaterials/Substrate/GLints/dict_16_192_64_0p5_0p02_0041_0001" 6373
"/Engine/EngineMaterials/Substrate/GLints/dict_16_192_64_0p5_0p02_0041_0000" 6374
"/Engine/EngineMaterials/Substrate/GLints/dict_16_192_64_0p5_0p02_0040_0014" 6375
"/Engine/EngineMaterials/Substrate/GLints/dict_16_192_64_0p5_0p02_0039_0011" 6376
"/Engine/EngineMaterials/Substrate/GLints/dict_16_192_64_0p5_0p02_0042_0004" 6377
"/Engine/EngineMaterials/Substrate/GLints/dict_16_192_64_0p5_0p02_0040_0001" 6378
"/Engine/EngineMaterials/Substrate/GLints/dict_16_192_64_0p5_0p02_0040_0015" 6379
"/Engine/EngineMaterials/Substrate/GLints/dict_16_192_64_0p5_0p02_0039_0012" 6380
"../../../Engine/Content/EngineMaterials/Substrate/GLints/dict_16_192_64_0p5_0p02_0042_0007.uasset" 6381
"../../../Engine/Content/EngineMaterials/Substrate/GLints/dict_16_192_64_0p5_0p02_0041_0013.uasset" 6382
"../../../Engine/Content/EngineMaterials/Substrate/GLints/dict_16_192_64_0p5_0p02_0042_0005.uasset" 6383
"../../../Engine/Content/EngineMaterials/Substrate/GLints/dict_16_192_64_0p5_0p02_0041_0011.uasset" 6384
"../../../Engine/Content/EngineMaterials/Substrate/GLints/dict_16_192_64_0p5_0p02_0041_0010.uasset" 6385
"../../../Engine/Content/EngineMaterials/Substrate/GLints/dict_16_192_64_0p5_0p02_0041_0012.uasset" 6386
"../../../Engine/Content/EngineMaterials/Substrate/GLints/dict_16_192_64_0p5_0p02_0041_0015.uasset" 6387
"../../../Engine/Content/EngineMaterials/Substrate/GLints/dict_16_192_64_0p5_0p02_0042_0000.uasset" 6388
"../../../Engine/Content/EngineMaterials/Substrate/GLints/dict_16_192_64_0p5_0p02_0042_0009.uasset" 6389
"../../../Engine/Content/EngineMaterials/Substrate/GLints/dict_16_192_64_0p5_0p02_0042_0006.uasset" 6390
"../../../Engine/Content/EngineMaterials/Substrate/GLints/dict_16_192_64_0p5_0p02_0042_0010.uasset" 6391
"../../../Engine/Content/EngineMaterials/Substrate/GLints/dict_16_192_64_0p5_0p02_0042_0002.uasset" 6392
"../../../Engine/Content/EngineMaterials/Substrate/GLints/dict_16_192_64_0p5_0p02_0042_0008.uasset" 6393
"../../../Engine/Content/EngineMaterials/Substrate/GLints/dict_16_192_64_0p5_0p02_0042_0001.uasset" 6394
"../../../Engine/Content/EngineMaterials/Substrate/GLints/dict_16_192_64_0p5_0p02_0041_0014.uasset" 6395
"../../../Engine/Content/EngineMaterials/Substrate/GLints/dict_16_192_64_0p5_0p02_0042_0003.uasset" 6396
"../../../Engine/Content/EngineMaterials/Substrate/GLints/dict_16_192_64_0p5_0p02_0043_0003.uasset" 6397
"../../../Engine/Content/EngineMaterials/Substrate/GLints/dict_16_192_64_0p5_0p02_0042_0014.uasset" 6398
"../../../Engine/Content/EngineMaterials/Substrate/GLints/dict_16_192_64_0p5_0p02_0042_0015.uasset" 6399
"../../../Engine/Content/EngineMaterials/Substrate/GLints/dict_16_192_64_0p5_0p02_0042_0011.uasset" 6400
"../../../Engine/Content/EngineMaterials/Substrate/GLints/dict_16_192_64_0p5_0p02_0043_0002.uasset" 6401
"../../../Engine/Content/EngineMaterials/Substrate/GLints/dict_16_192_64_0p5_0p02_0043_0000.uasset" 6402
"../../../Engine/Content/EngineMaterials/Substrate/GLints/dict_16_192_64_0p5_0p02_0043_0004.uasset" 6403
"../../../Engine/Content/EngineMaterials/Substrate/GLints/dict_16_192_64_0p5_0p02_0043_0008.uasset" 6404
"../../../Engine/Content/EngineMaterials/Substrate/GLints/dict_16_192_64_0p5_0p02_0042_0013.uasset" 6405
"../../../Engine/Content/EngineMaterials/Substrate/GLints/dict_16_192_64_0p5_0p02_0043_0009.uasset" 6406
"../../../Engine/Content/EngineMaterials/Substrate/GLints/dict_16_192_64_0p5_0p02_0043_0006.uasset" 6407
"../../../Engine/Content/EngineMaterials/Substrate/GLints/dict_16_192_64_0p5_0p02_0043_0001.uasset" 6408
"../../../Engine/Content/EngineMaterials/Substrate/GLints/dict_16_192_64_0p5_0p02_0043_0005.uasset" 6409
"../../../Engine/Content/EngineMaterials/Substrate/GLints/dict_16_192_64_0p5_0p02_0042_0012.uasset" 6410
"../../../Engine/Content/EngineMaterials/Substrate/GLints/dict_16_192_64_0p5_0p02_0043_0007.uasset" 6411
"../../../Engine/Content/EngineMaterials/Substrate/GLints/dict_16_192_64_0p5_0p02_0039_0010.uasset" 6412
"/Engine/EngineMaterials/Substrate/GLints/dict_16_192_64_0p5_0p02_0043_0005" 6413
"/Engine/EngineMaterials/Substrate/GLints/dict_16_192_64_0p5_0p02_0043_0004" 6414
"/Engine/EngineMaterials/Substrate/GLints/dict_16_192_64_0p5_0p02_0043_0003" 6415
"/Engine/EngineMaterials/Substrate/GLints/dict_16_192_64_0p5_0p02_0043_0002" 6416
"/Engine/EngineMaterials/Substrate/GLints/dict_16_192_64_0p5_0p02_0043_0001" 6417
"/Engine/EngineMaterials/Substrate/GLints/dict_16_192_64_0p5_0p02_0039_0010" 6418
"/Engine/EngineMaterials/Substrate/GLints/dict_16_192_64_0p5_0p02_0043_0000" 6419
"/Engine/EngineMaterials/Substrate/GLints/dict_16_192_64_0p5_0p02_0042_0015" 6420
"/Engine/EngineMaterials/Substrate/GLints/dict_16_192_64_0p5_0p02_0042_0014" 6421
"/Engine/EngineMaterials/Substrate/GLints/dict_16_192_64_0p5_0p02_0042_0013" 6422
"/Engine/EngineMaterials/Substrate/GLints/dict_16_192_64_0p5_0p02_0042_0012" 6423
"/Engine/EngineMaterials/Substrate/GLints/dict_16_192_64_0p5_0p02_0042_0007" 6424
"/Engine/EngineMaterials/Substrate/GLints/dict_16_192_64_0p5_0p02_0042_0011" 6425
"/Engine/EngineMaterials/Substrate/GLints/dict_16_192_64_0p5_0p02_0042_0006" 6426
"/Engine/EngineMaterials/Substrate/GLints/dict_16_192_64_0p5_0p02_0042_0005" 6427
"/Engine/EngineMaterials/Substrate/GLints/dict_16_192_64_0p5_0p02_0043_0009" 6428
"/Engine/EngineMaterials/Substrate/GLints/dict_16_192_64_0p5_0p02_0042_0003" 6429
"/Engine/EngineMaterials/Substrate/GLints/dict_16_192_64_0p5_0p02_0042_0010" 6430
"/Engine/EngineMaterials/Substrate/GLints/dict_16_192_64_0p5_0p02_0042_0002" 6431
"/Engine/EngineMaterials/Substrate/GLints/dict_16_192_64_0p5_0p02_0042_0001" 6432
"/Engine/EngineMaterials/Substrate/GLints/dict_16_192_64_0p5_0p02_0042_0000" 6433
"/Engine/EngineMaterials/Substrate/GLints/dict_16_192_64_0p5_0p02_0041_0015" 6434
"/Engine/EngineMaterials/Substrate/GLints/dict_16_192_64_0p5_0p02_0041_0014" 6435
"/Engine/EngineMaterials/Substrate/GLints/dict_16_192_64_0p5_0p02_0043_0008" 6436
"/Engine/EngineMaterials/Substrate/GLints/dict_16_192_64_0p5_0p02_0041_0013" 6437
"/Engine/EngineMaterials/Substrate/GLints/dict_16_192_64_0p5_0p02_0041_0012" 6438
"/Engine/EngineMaterials/Substrate/GLints/dict_16_192_64_0p5_0p02_0043_0007" 6439
"/Engine/EngineMaterials/Substrate/GLints/dict_16_192_64_0p5_0p02_0042_0009" 6440
"/Engine/EngineMaterials/Substrate/GLints/dict_16_192_64_0p5_0p02_0041_0011" 6441
"/Engine/EngineMaterials/Substrate/GLints/dict_16_192_64_0p5_0p02_0041_0010" 6442
"/Engine/EngineMaterials/Substrate/GLints/dict_16_192_64_0p5_0p02_0043_0006" 6443
"/Engine/EngineMaterials/Substrate/GLints/dict_16_192_64_0p5_0p02_0042_0008" 6444
"../../../Engine/Content/EngineMaterials/Substrate/GLints/dict_16_192_64_0p5_0p02_0044_0001.uasset" 6445
"../../../Engine/Content/EngineMaterials/Substrate/GLints/dict_16_192_64_0p5_0p02_0043_0015.uasset" 6446
"../../../Engine/Content/EngineMaterials/Substrate/GLints/dict_16_192_64_0p5_0p02_0044_0003.uasset" 6447
"../../../Engine/Content/EngineMaterials/Substrate/GLints/dict_16_192_64_0p5_0p02_0044_0002.uasset" 6448
"../../../Engine/Content/EngineMaterials/Substrate/GLints/dict_16_192_64_0p5_0p02_0044_0000.uasset" 6449
"../../../Engine/Content/EngineMaterials/Substrate/GLints/dict_16_192_64_0p5_0p02_0044_0005.uasset" 6450
"../../../Engine/Content/EngineMaterials/Substrate/GLints/dict_16_192_64_0p5_0p02_0043_0012.uasset" 6451
"../../../Engine/Content/EngineMaterials/Substrate/GLints/dict_16_192_64_0p5_0p02_0044_0004.uasset" 6452
"../../../Engine/Content/EngineMaterials/Substrate/GLints/dict_16_192_64_0p5_0p02_0044_0006.uasset" 6453
"/Engine/EngineMaterials/Substrate/GLints/dict_16_192_64_0p5_0p02_0044_0006" 6454
"../../../Engine/Content/EngineMaterials/Substrate/GLints/dict_16_192_64_0p5_0p02_0043_0014.uasset" 6455
"../../../Engine/Content/EngineMaterials/Substrate/GLints/dict_16_192_64_0p5_0p02_0043_0013.uasset" 6456
"../../../Engine/Content/EngineMaterials/Substrate/GLints/dict_16_192_64_0p5_0p02_0044_0007.uasset" 6457
"../../../Engine/Content/EngineMaterials/Substrate/GLints/dict_16_192_64_0p5_0p02_0044_0008.uasset" 6458
"/Engine/EngineMaterials/Substrate/GLints/dict_16_192_64_0p5_0p02_0044_0005" 6459
"../../../Engine/Content/EngineMaterials/Substrate/GLints/dict_16_192_64_0p5_0p02_0043_0010.uasset" 6460
"/Engine/EngineMaterials/Substrate/GLints/dict_16_192_64_0p5_0p02_0044_0004" 6461
"/Engine/EngineMaterials/Substrate/GLints/dict_16_192_64_0p5_0p02_0044_0003" 6462
"/Engine/EngineMaterials/Substrate/GLints/dict_16_192_64_0p5_0p02_0044_0002" 6463
"/Engine/EngineMaterials/Substrate/GLints/dict_16_192_64_0p5_0p02_0044_0001" 6464
"/Engine/EngineMaterials/Substrate/GLints/dict_16_192_64_0p5_0p02_0044_0000" 6465
"/Engine/EngineMaterials/Substrate/GLints/dict_16_192_64_0p5_0p02_0043_0015" 6466
"/Engine/EngineMaterials/Substrate/GLints/dict_16_192_64_0p5_0p02_0043_0012" 6467
"/Engine/EngineMaterials/Substrate/GLints/dict_16_192_64_0p5_0p02_0044_0008" 6468
"/Engine/EngineMaterials/Substrate/GLints/dict_16_192_64_0p5_0p02_0044_0007" 6469
"/Engine/EngineMaterials/Substrate/GLints/dict_16_192_64_0p5_0p02_0043_0014" 6470
"/Engine/EngineMaterials/Substrate/GLints/dict_16_192_64_0p5_0p02_0043_0013" 6471
"/Engine/EngineMaterials/Substrate/GLints/dict_16_192_64_0p5_0p02_0043_0010" 6472
"../../../Engine/Content/EngineMaterials/Substrate/GLints/dict_16_192_64_0p5_0p02_0044_0011.uasset" 6473
"../../../Engine/Content/EngineMaterials/Substrate/GLints/dict_16_192_64_0p5_0p02_0044_0010.uasset" 6474
"../../../Engine/Content/EngineMaterials/Substrate/GLints/dict_16_192_64_0p5_0p02_0044_0013.uasset" 6475
"/Engine/EngineMaterials/Substrate/GLints/dict_16_192_64_0p5_0p02_0044_0013" 6476
"../../../Engine/Content/EngineMaterials/Substrate/GLints/dict_16_192_64_0p5_0p02_0043_0011.uasset" 6477
"/Engine/EngineMaterials/Substrate/GLints/dict_16_192_64_0p5_0p02_0044_0011" 6478
"/Engine/EngineMaterials/Substrate/GLints/dict_16_192_64_0p5_0p02_0044_0010" 6479
"/Engine/EngineMaterials/Substrate/GLints/dict_16_192_64_0p5_0p02_0043_0011" 6480
"../../../Engine/Content/EngineMaterials/Substrate/GLints/dict_16_192_64_0p5_0p02_0045_0003.uasset" 6481
"../../../Engine/Content/EngineMaterials/Substrate/GLints/dict_16_192_64_0p5_0p02_0044_0009.uasset" 6482
"../../../Engine/Content/EngineMaterials/Substrate/GLints/dict_16_192_64_0p5_0p02_0044_0015.uasset" 6483
"../../../Engine/Content/EngineMaterials/Substrate/GLints/dict_16_192_64_0p5_0p02_0045_0002.uasset" 6484
"../../../Engine/Content/EngineMaterials/Substrate/GLints/dict_16_192_64_0p5_0p02_0044_0012.uasset" 6485
"../../../Engine/Content/EngineMaterials/Substrate/GLints/dict_16_192_64_0p5_0p02_0045_0000.uasset" 6486
"../../../Engine/Content/EngineMaterials/Substrate/GLints/dict_16_192_64_0p5_0p02_0044_0014.uasset" 6487
"../../../Engine/Content/EngineMaterials/Substrate/GLints/dict_16_192_64_0p5_0p02_0045_0001.uasset" 6488
"../../../Engine/Content/EngineMaterials/Substrate/GLints/dict_16_192_64_0p5_0p02_0045_0005.uasset" 6489
"../../../Engine/Content/EngineMaterials/Substrate/GLints/dict_16_192_64_0p5_0p02_0045_0008.uasset" 6490
"../../../Engine/Content/EngineMaterials/Substrate/GLints/dict_16_192_64_0p5_0p02_0045_0010.uasset" 6491
"../../../Engine/Content/EngineMaterials/Substrate/GLints/dict_16_192_64_0p5_0p02_0045_0004.uasset" 6492
"../../../Engine/Content/EngineMaterials/Substrate/GLints/dict_16_192_64_0p5_0p02_0046_0004.uasset" 6493
"../../../Engine/Content/EngineMaterials/Substrate/GLints/dict_16_192_64_0p5_0p02_0045_0009.uasset" 6494
"../../../Engine/Content/EngineMaterials/Substrate/GLints/dict_16_192_64_0p5_0p02_0045_0006.uasset" 6495
"../../../Engine/Content/EngineMaterials/Substrate/GLints/dict_16_192_64_0p5_0p02_0045_0012.uasset" 6496
"../../../Engine/Content/EngineMaterials/Substrate/GLints/dict_16_192_64_0p5_0p02_0045_0013.uasset" 6497
"../../../Engine/Content/EngineMaterials/Substrate/GLints/dict_16_192_64_0p5_0p02_0045_0011.uasset" 6498
"/Engine/EngineMaterials/Substrate/GLints/dict_16_192_64_0p5_0p02_0045_0009" 6499
"/Engine/EngineMaterials/Substrate/GLints/dict_16_192_64_0p5_0p02_0045_0008" 6500
"/Engine/EngineMaterials/Substrate/GLints/dict_16_192_64_0p5_0p02_0045_0006" 6501
"../../../Engine/Content/EngineMaterials/Substrate/GLints/dict_16_192_64_0p5_0p02_0046_0003.uasset" 6502
"../../../Engine/Content/EngineMaterials/Substrate/GLints/dict_16_192_64_0p5_0p02_0045_0014.uasset" 6503
"/Engine/EngineMaterials/Substrate/GLints/dict_16_192_64_0p5_0p02_0045_0005" 6504
"../../../Engine/Content/EngineMaterials/Substrate/GLints/dict_16_192_64_0p5_0p02_0046_0002.uasset" 6505
"../../../Engine/Content/EngineMaterials/Substrate/GLints/dict_16_192_64_0p5_0p02_0045_0015.uasset" 6506
"/Engine/EngineMaterials/Substrate/GLints/dict_16_192_64_0p5_0p02_0045_0004" 6507
"/Engine/EngineMaterials/Substrate/GLints/dict_16_192_64_0p5_0p02_0045_0003" 6508
"../../../Engine/Content/EngineMaterials/Substrate/GLints/dict_16_192_64_0p5_0p02_0045_0007.uasset" 6509
"../../../Engine/Content/EngineMaterials/Substrate/GLints/dict_16_192_64_0p5_0p02_0046_0001.uasset" 6510
"/Engine/EngineMaterials/Substrate/GLints/dict_16_192_64_0p5_0p02_0045_0002" 6511
"/Engine/EngineMaterials/Substrate/GLints/dict_16_192_64_0p5_0p02_0045_0001" 6512
"/Engine/EngineMaterials/Substrate/GLints/dict_16_192_64_0p5_0p02_0045_0000" 6513
"/Engine/EngineMaterials/Substrate/GLints/dict_16_192_64_0p5_0p02_0044_0015" 6514
"../../../Engine/Content/EngineMaterials/Substrate/GLints/dict_16_192_64_0p5_0p02_0046_0000.uasset" 6515
"/Engine/EngineMaterials/Substrate/GLints/dict_16_192_64_0p5_0p02_0044_0014" 6516
"../../../Engine/Content/EngineMaterials/Substrate/GLints/dict_16_192_64_0p5_0p02_0046_0007.uasset" 6517
"../../../Engine/Content/EngineMaterials/Substrate/GLints/dict_16_192_64_0p5_0p02_0046_0006.uasset" 6518
"/Engine/EngineMaterials/Substrate/GLints/dict_16_192_64_0p5_0p02_0044_0012" 6519
"/Engine/EngineMaterials/Substrate/GLints/dict_16_192_64_0p5_0p02_0044_0009" 6520
"/Engine/EngineMaterials/Substrate/GLints/dict_16_192_64_0p5_0p02_0045_0013" 6521
"../../../Engine/Content/EngineMaterials/Substrate/GLints/dict_16_192_64_0p5_0p02_0046_0009.uasset" 6522
"/Engine/EngineMaterials/Substrate/GLints/dict_16_192_64_0p5_0p02_0045_0012" 6523
"/Engine/EngineMaterials/Substrate/GLints/dict_16_192_64_0p5_0p02_0045_0011" 6524
"../../../Engine/Content/EngineMaterials/Substrate/GLints/dict_16_192_64_0p5_0p02_0046_0011.uasset" 6525
"/Engine/EngineMaterials/Substrate/GLints/dict_16_192_64_0p5_0p02_0046_0004" 6526
"/Engine/EngineMaterials/Substrate/GLints/dict_16_192_64_0p5_0p02_0045_0010" 6527
"/Engine/EngineMaterials/Substrate/GLints/dict_16_192_64_0p5_0p02_0045_0007" 6528
"/Engine/EngineMaterials/Substrate/GLints/dict_16_192_64_0p5_0p02_0046_0009" 6529
"../../../Engine/Content/EngineMaterials/Substrate/GLints/dict_16_192_64_0p5_0p02_0046_0010.uasset" 6530
"../../../Engine/Content/EngineMaterials/Substrate/GLints/dict_16_192_64_0p5_0p02_0046_0005.uasset" 6531
"/Engine/EngineMaterials/Substrate/GLints/dict_16_192_64_0p5_0p02_0046_0007" 6532
"/Engine/EngineMaterials/Substrate/GLints/dict_16_192_64_0p5_0p02_0046_0006" 6533
"/Engine/EngineMaterials/Substrate/GLints/dict_16_192_64_0p5_0p02_0046_0002" 6534
"/Engine/EngineMaterials/Substrate/GLints/dict_16_192_64_0p5_0p02_0046_0001" 6535
"/Engine/EngineMaterials/Substrate/GLints/dict_16_192_64_0p5_0p02_0046_0000" 6536
"/Engine/EngineMaterials/Substrate/GLints/dict_16_192_64_0p5_0p02_0045_0015" 6537
"../../../Engine/Content/EngineMaterials/Substrate/GLints/dict_16_192_64_0p5_0p02_0046_0008.uasset" 6538
"/Engine/EngineMaterials/Substrate/GLints/dict_16_192_64_0p5_0p02_0045_0014" 6539
"/Engine/EngineMaterials/Substrate/GLints/dict_16_192_64_0p5_0p02_0046_0011" 6540
"/Engine/EngineMaterials/Substrate/GLints/dict_16_192_64_0p5_0p02_0046_0003" 6541
"/Engine/EngineMaterials/Substrate/GLints/dict_16_192_64_0p5_0p02_0046_0010" 6542
"/Engine/EngineMaterials/Substrate/GLints/dict_16_192_64_0p5_0p02_0046_0008" 6543
"/Engine/EngineMaterials/Substrate/GLints/dict_16_192_64_0p5_0p02_0046_0005" 6544
"../../../Engine/Content/EngineMaterials/Substrate/GLints/dict_16_192_64_0p5_0p02_0047_0000.uasset" 6545
"../../../Engine/Content/EngineMaterials/Substrate/GLints/dict_16_192_64_0p5_0p02_0047_0003.uasset" 6546
"../../../Engine/Content/EngineMaterials/Substrate/GLints/dict_16_192_64_0p5_0p02_0046_0015.uasset" 6547
"../../../Engine/Content/EngineMaterials/Substrate/GLints/dict_16_192_64_0p5_0p02_0047_0005.uasset" 6548
"../../../Engine/Content/EngineMaterials/Substrate/GLints/dict_16_192_64_0p5_0p02_0047_0001.uasset" 6549
"../../../Engine/Content/EngineMaterials/Substrate/GLints/dict_16_192_64_0p5_0p02_0046_0014.uasset" 6550
"../../../Engine/Content/EngineMaterials/Substrate/GLints/dict_16_192_64_0p5_0p02_0046_0012.uasset" 6551
"../../../Engine/Content/EngineMaterials/Substrate/GLints/dict_16_192_64_0p5_0p02_0047_0006.uasset" 6552
"../../../Engine/Content/EngineMaterials/Substrate/GLints/dict_16_192_64_0p5_0p02_0047_0002.uasset" 6553
"../../../Engine/Content/EngineMaterials/Substrate/GLints/dict_16_192_64_0p5_0p02_0047_0010.uasset" 6554
"../../../Engine/Content/EngineMaterials/Substrate/GLints/dict_16_192_64_0p5_0p02_0046_0013.uasset" 6555
"../../../Engine/Content/EngineMaterials/Substrate/GLints/dict_16_192_64_0p5_0p02_0047_0007.uasset" 6556
"../../../Engine/Content/EngineMaterials/Substrate/GLints/dict_16_192_64_0p5_0p02_0047_0011.uasset" 6557
"../../../Engine/Content/EngineMaterials/Substrate/GLints/dict_16_192_64_0p5_0p02_0047_0004.uasset" 6558
"../../../Engine/Content/EngineMaterials/Substrate/GLints/dict_16_192_64_0p5_0p02_0047_0009.uasset" 6559
"../../../Engine/Content/EngineMaterials/Substrate/GLints/dict_16_192_64_0p5_0p02_0048_0000.uasset" 6560
"../../../Engine/Content/EngineMaterials/Substrate/GLints/dict_16_192_64_0p5_0p02_0047_0013.uasset" 6561
"../../../Engine/Content/EngineMaterials/Substrate/GLints/dict_16_192_64_0p5_0p02_0047_0012.uasset" 6562
"../../../Engine/Content/EngineMaterials/Substrate/GLints/dict_16_192_64_0p5_0p02_0048_0001.uasset" 6563
"../../../Engine/Content/EngineMaterials/Substrate/GLints/dict_16_192_64_0p5_0p02_0047_0014.uasset" 6564
"../../../Engine/Content/EngineMaterials/Substrate/GLints/dict_16_192_64_0p5_0p02_0048_0004.uasset" 6565
"../../../Engine/Content/EngineMaterials/Substrate/GLints/dict_16_192_64_0p5_0p02_0048_0003.uasset" 6566
"../../../Engine/Content/EngineMaterials/Substrate/GLints/dict_16_192_64_0p5_0p02_0048_0006.uasset" 6567
"../../../Engine/Content/EngineMaterials/Substrate/GLints/dict_16_192_64_0p5_0p02_0048_0007.uasset" 6568
"../../../Engine/Content/EngineMaterials/Substrate/GLints/dict_16_192_64_0p5_0p02_0047_0008.uasset" 6569
"../../../Engine/Content/EngineMaterials/Substrate/GLints/dict_16_192_64_0p5_0p02_0048_0009.uasset" 6570
"../../../Engine/Content/EngineMaterials/Substrate/GLints/dict_16_192_64_0p5_0p02_0048_0008.uasset" 6571
"../../../Engine/Content/EngineMaterials/Substrate/GLints/dict_16_192_64_0p5_0p02_0048_0011.uasset" 6572
"../../../Engine/Content/EngineMaterials/Substrate/GLints/dict_16_192_64_0p5_0p02_0048_0010.uasset" 6573
"../../../Engine/Content/EngineMaterials/Substrate/GLints/dict_16_192_64_0p5_0p02_0048_0002.uasset" 6574
"../../../Engine/Content/EngineMaterials/Substrate/GLints/dict_16_192_64_0p5_0p02_0047_0015.uasset" 6575
"../../../Engine/Content/EngineMaterials/Substrate/GLints/dict_16_192_64_0p5_0p02_0048_0005.uasset" 6576
"/Engine/EngineMaterials/Substrate/GLints/dict_16_192_64_0p5_0p02_0047_0013" 6577
"/Engine/EngineMaterials/Substrate/GLints/dict_16_192_64_0p5_0p02_0047_0012" 6578
"/Engine/EngineMaterials/Substrate/GLints/dict_16_192_64_0p5_0p02_0048_0008" 6579
"/Engine/EngineMaterials/Substrate/GLints/dict_16_192_64_0p5_0p02_0047_0011" 6580
"/Engine/EngineMaterials/Substrate/GLints/dict_16_192_64_0p5_0p02_0047_0010" 6581
"/Engine/EngineMaterials/Substrate/GLints/dict_16_192_64_0p5_0p02_0047_0009" 6582
"/Engine/EngineMaterials/Substrate/GLints/dict_16_192_64_0p5_0p02_0047_0008" 6583
"/Engine/EngineMaterials/Substrate/GLints/dict_16_192_64_0p5_0p02_0047_0007" 6584
"/Engine/EngineMaterials/Substrate/GLints/dict_16_192_64_0p5_0p02_0047_0006" 6585
"/Engine/EngineMaterials/Substrate/GLints/dict_16_192_64_0p5_0p02_0047_0005" 6586
"/Engine/EngineMaterials/Substrate/GLints/dict_16_192_64_0p5_0p02_0047_0004" 6587
"/Engine/EngineMaterials/Substrate/GLints/dict_16_192_64_0p5_0p02_0047_0003" 6588
"/Engine/EngineMaterials/Substrate/GLints/dict_16_192_64_0p5_0p02_0048_0011" 6589
"/Engine/EngineMaterials/Substrate/GLints/dict_16_192_64_0p5_0p02_0047_0002" 6590
"/Engine/EngineMaterials/Substrate/GLints/dict_16_192_64_0p5_0p02_0048_0007" 6591
"/Engine/EngineMaterials/Substrate/GLints/dict_16_192_64_0p5_0p02_0048_0010" 6592
"/Engine/EngineMaterials/Substrate/GLints/dict_16_192_64_0p5_0p02_0047_0001" 6593
"/Engine/EngineMaterials/Substrate/GLints/dict_16_192_64_0p5_0p02_0048_0006" 6594
"/Engine/EngineMaterials/Substrate/GLints/dict_16_192_64_0p5_0p02_0048_0005" 6595
"/Engine/EngineMaterials/Substrate/GLints/dict_16_192_64_0p5_0p02_0048_0004" 6596
"/Engine/EngineMaterials/Substrate/GLints/dict_16_192_64_0p5_0p02_0048_0003" 6597
"/Engine/EngineMaterials/Substrate/GLints/dict_16_192_64_0p5_0p02_0048_0002" 6598
"/Engine/EngineMaterials/Substrate/GLints/dict_16_192_64_0p5_0p02_0048_0001" 6599
"/Engine/EngineMaterials/Substrate/GLints/dict_16_192_64_0p5_0p02_0048_0000" 6600
"/Engine/EngineMaterials/Substrate/GLints/dict_16_192_64_0p5_0p02_0047_0000" 6601
"/Engine/EngineMaterials/Substrate/GLints/dict_16_192_64_0p5_0p02_0046_0015" 6602
"/Engine/EngineMaterials/Substrate/GLints/dict_16_192_64_0p5_0p02_0046_0014" 6603
"/Engine/EngineMaterials/Substrate/GLints/dict_16_192_64_0p5_0p02_0048_0009" 6604
"/Engine/EngineMaterials/Substrate/GLints/dict_16_192_64_0p5_0p02_0046_0013" 6605
"/Engine/EngineMaterials/Substrate/GLints/dict_16_192_64_0p5_0p02_0046_0012" 6606
"/Engine/EngineMaterials/Substrate/GLints/dict_16_192_64_0p5_0p02_0047_0015" 6607
"/Engine/EngineMaterials/Substrate/GLints/dict_16_192_64_0p5_0p02_0047_0014" 6608
"../../../Engine/Content/EngineMaterials/Substrate/GLints/dict_16_192_64_0p5_0p02_0049_0012.uasset" 6609
"../../../Engine/Content/EngineMaterials/Substrate/GLints/dict_16_192_64_0p5_0p02_0049_0011.uasset" 6610
"../../../Engine/Content/EngineMaterials/Substrate/GLints/dict_16_192_64_0p5_0p02_0049_0006.uasset" 6611
"../../../Engine/Content/EngineMaterials/Substrate/GLints/dict_16_192_64_0p5_0p02_0049_0005.uasset" 6612
"../../../Engine/Content/EngineMaterials/Substrate/GLints/dict_16_192_64_0p5_0p02_0049_0000.uasset" 6613
"../../../Engine/Content/EngineMaterials/Substrate/GLints/dict_16_192_64_0p5_0p02_0048_0013.uasset" 6614
"../../../Engine/Content/EngineMaterials/Substrate/GLints/dict_16_192_64_0p5_0p02_0049_0004.uasset" 6615
"../../../Engine/Content/EngineMaterials/Substrate/GLints/dict_16_192_64_0p5_0p02_0049_0013.uasset" 6616
"../../../Engine/Content/EngineMaterials/Substrate/GLints/dict_16_192_64_0p5_0p02_0049_0001.uasset" 6617
"../../../Engine/Content/EngineMaterials/Substrate/GLints/dict_16_192_64_0p5_0p02_0050_0002.uasset" 6618
"../../../Engine/Content/EngineMaterials/Substrate/GLints/dict_16_192_64_0p5_0p02_0049_0014.uasset" 6619
"../../../Engine/Content/EngineMaterials/Substrate/GLints/dict_16_192_64_0p5_0p02_0049_0002.uasset" 6620
"../../../Engine/Content/EngineMaterials/Substrate/GLints/dict_16_192_64_0p5_0p02_0048_0012.uasset" 6621
"/Engine/EngineMaterials/Substrate/GLints/dict_16_192_64_0p5_0p02_0050_0002" 6622
"../../../Engine/Content/EngineMaterials/Substrate/GLints/dict_16_192_64_0p5_0p02_0049_0009.uasset" 6623
"../../../Engine/Content/EngineMaterials/Substrate/GLints/dict_16_192_64_0p5_0p02_0049_0007.uasset" 6624
"/Engine/EngineMaterials/Substrate/GLints/dict_16_192_64_0p5_0p02_0049_0014" 6625
"/Engine/EngineMaterials/Substrate/GLints/dict_16_192_64_0p5_0p02_0049_0013" 6626
"/Engine/EngineMaterials/Substrate/GLints/dict_16_192_64_0p5_0p02_0049_0012" 6627
"../../../Engine/Content/EngineMaterials/Substrate/GLints/dict_16_192_64_0p5_0p02_0048_0014.uasset" 6628
"/Engine/EngineMaterials/Substrate/GLints/dict_16_192_64_0p5_0p02_0049_0011" 6629
"../../../Engine/Content/EngineMaterials/Substrate/GLints/dict_16_192_64_0p5_0p02_0050_0003.uasset" 6630
"../../../Engine/Content/EngineMaterials/Substrate/GLints/dict_16_192_64_0p5_0p02_0049_0010.uasset" 6631
"../../../Engine/Content/EngineMaterials/Substrate/GLints/dict_16_192_64_0p5_0p02_0049_0008.uasset" 6632
"/Engine/EngineMaterials/Substrate/GLints/dict_16_192_64_0p5_0p02_0049_0006" 6633
"../../../Engine/Content/EngineMaterials/Substrate/GLints/dict_16_192_64_0p5_0p02_0050_0000.uasset" 6634
"/Engine/EngineMaterials/Substrate/GLints/dict_16_192_64_0p5_0p02_0049_0005" 6635
"/Engine/EngineMaterials/Substrate/GLints/dict_16_192_64_0p5_0p02_0049_0004" 6636
"/Engine/EngineMaterials/Substrate/GLints/dict_16_192_64_0p5_0p02_0049_0002" 6637
"/Engine/EngineMaterials/Substrate/GLints/dict_16_192_64_0p5_0p02_0049_0001" 6638
"../../../Engine/Content/EngineMaterials/Substrate/GLints/dict_16_192_64_0p5_0p02_0050_0004.uasset" 6639
"/Engine/EngineMaterials/Substrate/GLints/dict_16_192_64_0p5_0p02_0049_0000" 6640
"/Engine/EngineMaterials/Substrate/GLints/dict_16_192_64_0p5_0p02_0048_0013" 6641
"/Engine/EngineMaterials/Substrate/GLints/dict_16_192_64_0p5_0p02_0048_0012" 6642
"../../../Engine/Content/EngineMaterials/Substrate/GLints/dict_16_192_64_0p5_0p02_0048_0015.uasset" 6643
"/Engine/EngineMaterials/Substrate/GLints/dict_16_192_64_0p5_0p02_0050_0004" 6644
"/Engine/EngineMaterials/Substrate/GLints/dict_16_192_64_0p5_0p02_0050_0003" 6645
"/Engine/EngineMaterials/Substrate/GLints/dict_16_192_64_0p5_0p02_0050_0000" 6646
"../../../Engine/Content/EngineMaterials/Substrate/GLints/dict_16_192_64_0p5_0p02_0051_0001.uasset" 6647
"../../../Engine/Content/EngineMaterials/Substrate/GLints/dict_16_192_64_0p5_0p02_0050_0009.uasset" 6648
"/Engine/EngineMaterials/Substrate/GLints/dict_16_192_64_0p5_0p02_0049_0010" 6649
"../../../Engine/Content/EngineMaterials/Substrate/GLints/dict_16_192_64_0p5_0p02_0049_0015.uasset" 6650
"/Engine/EngineMaterials/Substrate/GLints/dict_16_192_64_0p5_0p02_0049_0009" 6651
"/Engine/EngineMaterials/Substrate/GLints/dict_16_192_64_0p5_0p02_0049_0008" 6652
"../../../Engine/Content/EngineMaterials/Substrate/GLints/dict_16_192_64_0p5_0p02_0050_0008.uasset" 6653
"/Engine/EngineMaterials/Substrate/GLints/dict_16_192_64_0p5_0p02_0049_0007" 6654
"/Engine/EngineMaterials/Substrate/GLints/dict_16_192_64_0p5_0p02_0048_0015" 6655
"/Engine/EngineMaterials/Substrate/GLints/dict_16_192_64_0p5_0p02_0048_0014" 6656
"/Engine/EngineMaterials/Substrate/GLints/dict_16_192_64_0p5_0p02_0050_0009" 6657
"/Engine/EngineMaterials/Substrate/GLints/dict_16_192_64_0p5_0p02_0050_0008" 6658
"../../../Engine/Content/EngineMaterials/Substrate/GLints/dict_16_192_64_0p5_0p02_0051_0007.uasset" 6659
"/Engine/EngineMaterials/Substrate/GLints/dict_16_192_64_0p5_0p02_0049_0015" 6660
"../../../Engine/Content/EngineMaterials/Substrate/GLints/dict_16_192_64_0p5_0p02_0050_0001.uasset" 6661
"../../../Engine/Content/EngineMaterials/Substrate/GLints/dict_16_192_64_0p5_0p02_0050_0007.uasset" 6662
"/Engine/EngineMaterials/Substrate/GLints/dict_16_192_64_0p5_0p02_0051_0001" 6663
"/Engine/EngineMaterials/Substrate/GLints/dict_16_192_64_0p5_0p02_0050_0007" 6664
"/Engine/EngineMaterials/Substrate/GLints/dict_16_192_64_0p5_0p02_0050_0001" 6665
"/Engine/EngineMaterials/Substrate/GLints/dict_16_192_64_0p5_0p02_0051_0007" 6666
"../../../Engine/Content/EngineMaterials/Substrate/GLints/dict_16_192_64_0p5_0p02_0050_0014.uasset" 6667
"../../../Engine/Content/EngineMaterials/Substrate/GLints/dict_16_192_64_0p5_0p02_0050_0006.uasset" 6668
"../../../Engine/Content/EngineMaterials/Substrate/GLints/dict_16_192_64_0p5_0p02_0051_0003.uasset" 6669
"../../../Engine/Content/EngineMaterials/Substrate/GLints/dict_16_192_64_0p5_0p02_0050_0005.uasset" 6670
"../../../Engine/Content/EngineMaterials/Substrate/GLints/dict_16_192_64_0p5_0p02_0050_0012.uasset" 6671
"../../../Engine/Content/EngineMaterials/Substrate/GLints/dict_16_192_64_0p5_0p02_0050_0013.uasset" 6672
"../../../Engine/Content/EngineMaterials/Substrate/GLints/dict_16_192_64_0p5_0p02_0051_0005.uasset" 6673
"../../../Engine/Content/EngineMaterials/Substrate/GLints/dict_16_192_64_0p5_0p02_0050_0015.uasset" 6674
"../../../Engine/Content/EngineMaterials/Substrate/GLints/dict_16_192_64_0p5_0p02_0051_0004.uasset" 6675
"../../../Engine/Content/EngineMaterials/Substrate/GLints/dict_16_192_64_0p5_0p02_0050_0011.uasset" 6676
"../../../Engine/Content/EngineMaterials/Substrate/GLints/dict_16_192_64_0p5_0p02_0050_0010.uasset" 6677
"../../../Engine/Content/EngineMaterials/Substrate/GLints/dict_16_192_64_0p5_0p02_0051_0002.uasset" 6678
"../../../Engine/Content/EngineMaterials/Substrate/GLints/dict_16_192_64_0p5_0p02_0051_0000.uasset" 6679
"../../../Engine/Content/EngineMaterials/Substrate/GLints/dict_16_192_64_0p5_0p02_0052_0000.uasset" 6680
"../../../Engine/Content/EngineMaterials/Substrate/GLints/dict_16_192_64_0p5_0p02_0051_0009.uasset" 6681
"/Engine/EngineMaterials/Substrate/GLints/dict_16_192_64_0p5_0p02_0050_0011" 6682
"../../../Engine/Content/EngineMaterials/Substrate/GLints/dict_16_192_64_0p5_0p02_0051_0012.uasset" 6683
"../../../Engine/Content/EngineMaterials/Substrate/GLints/dict_16_192_64_0p5_0p02_0051_0010.uasset" 6684
"../../../Engine/Content/EngineMaterials/Substrate/GLints/dict_16_192_64_0p5_0p02_0051_0011.uasset" 6685
"/Engine/EngineMaterials/Substrate/GLints/dict_16_192_64_0p5_0p02_0050_0010" 6686
"/Engine/EngineMaterials/Substrate/GLints/dict_16_192_64_0p5_0p02_0050_0006" 6687
"/Engine/EngineMaterials/Substrate/GLints/dict_16_192_64_0p5_0p02_0050_0005" 6688
"../../../Engine/Content/EngineMaterials/Substrate/GLints/dict_16_192_64_0p5_0p02_0051_0008.uasset" 6689
"/Engine/EngineMaterials/Substrate/GLints/dict_16_192_64_0p5_0p02_0052_0000" 6690
"/Engine/EngineMaterials/Substrate/GLints/dict_16_192_64_0p5_0p02_0051_0005" 6691
"/Engine/EngineMaterials/Substrate/GLints/dict_16_192_64_0p5_0p02_0051_0004" 6692
"/Engine/EngineMaterials/Substrate/GLints/dict_16_192_64_0p5_0p02_0051_0003" 6693
"../../../Engine/Content/EngineMaterials/Substrate/GLints/dict_16_192_64_0p5_0p02_0051_0006.uasset" 6694
"../../../Engine/Content/EngineMaterials/Substrate/GLints/dict_16_192_64_0p5_0p02_0051_0013.uasset" 6695
"../../../Engine/Content/EngineMaterials/Substrate/GLints/dict_16_192_64_0p5_0p02_0052_0002.uasset" 6696
"../../../Engine/Content/EngineMaterials/Substrate/GLints/dict_16_192_64_0p5_0p02_0052_0001.uasset" 6697
"../../../Engine/Content/EngineMaterials/Substrate/GLints/dict_16_192_64_0p5_0p02_0052_0004.uasset" 6698
"/Engine/EngineMaterials/Substrate/GLints/dict_16_192_64_0p5_0p02_0051_0002" 6699
"/Engine/EngineMaterials/Substrate/GLints/dict_16_192_64_0p5_0p02_0051_0000" 6700
"/Engine/EngineMaterials/Substrate/GLints/dict_16_192_64_0p5_0p02_0050_0015" 6701
"../../../Engine/Content/EngineMaterials/Substrate/GLints/dict_16_192_64_0p5_0p02_0051_0014.uasset" 6702
"/Engine/EngineMaterials/Substrate/GLints/dict_16_192_64_0p5_0p02_0050_0014" 6703
"/Engine/EngineMaterials/Substrate/GLints/dict_16_192_64_0p5_0p02_0051_0009" 6704
"/Engine/EngineMaterials/Substrate/GLints/dict_16_192_64_0p5_0p02_0050_0013" 6705
"../../../Engine/Content/EngineMaterials/Substrate/GLints/dict_16_192_64_0p5_0p02_0052_0005.uasset" 6706
"../../../Engine/Content/EngineMaterials/Substrate/GLints/dict_16_192_64_0p5_0p02_0052_0003.uasset" 6707
"/Engine/EngineMaterials/Substrate/GLints/dict_16_192_64_0p5_0p02_0050_0012" 6708
"/Engine/EngineMaterials/Substrate/GLints/dict_16_192_64_0p5_0p02_0052_0005" 6709
"/Engine/EngineMaterials/Substrate/GLints/dict_16_192_64_0p5_0p02_0052_0004" 6710
"/Engine/EngineMaterials/Substrate/GLints/dict_16_192_64_0p5_0p02_0052_0001" 6711
"/Engine/EngineMaterials/Substrate/GLints/dict_16_192_64_0p5_0p02_0051_0008" 6712
"/Engine/EngineMaterials/Substrate/GLints/dict_16_192_64_0p5_0p02_0052_0003" 6713
"../../../Engine/Content/EngineMaterials/Substrate/GLints/dict_16_192_64_0p5_0p02_0052_0013.uasset" 6714
"/Engine/EngineMaterials/Substrate/GLints/dict_16_192_64_0p5_0p02_0051_0006" 6715
"../../../Engine/Content/EngineMaterials/Substrate/GLints/dict_16_192_64_0p5_0p02_0052_0006.uasset" 6716
"../../../Engine/Content/EngineMaterials/Substrate/GLints/dict_16_192_64_0p5_0p02_0052_0008.uasset" 6717
"/Engine/EngineMaterials/Substrate/GLints/dict_16_192_64_0p5_0p02_0051_0014" 6718
"/Engine/EngineMaterials/Substrate/GLints/dict_16_192_64_0p5_0p02_0051_0013" 6719
"/Engine/EngineMaterials/Substrate/GLints/dict_16_192_64_0p5_0p02_0051_0012" 6720
"/Engine/EngineMaterials/Substrate/GLints/dict_16_192_64_0p5_0p02_0051_0011" 6721
"../../../Engine/Content/EngineMaterials/Substrate/GLints/dict_16_192_64_0p5_0p02_0051_0015.uasset" 6722
"/Engine/EngineMaterials/Substrate/GLints/dict_16_192_64_0p5_0p02_0052_0002" 6723
"/Engine/EngineMaterials/Substrate/GLints/dict_16_192_64_0p5_0p02_0051_0010" 6724
"/Engine/EngineMaterials/Substrate/GLints/dict_16_192_64_0p5_0p02_0052_0008" 6725
"/Engine/EngineMaterials/Substrate/GLints/dict_16_192_64_0p5_0p02_0051_0015" 6726
"/Engine/EngineMaterials/Substrate/GLints/dict_16_192_64_0p5_0p02_0052_0006" 6727
"/Engine/EngineMaterials/Substrate/GLints/dict_16_192_64_0p5_0p02_0052_0013" 6728
"../../../Engine/Content/EngineMaterials/Substrate/GLints/dict_16_192_64_0p5_0p02_0052_0007.uasset" 6729
"../../../Engine/Content/EngineMaterials/Substrate/GLints/dict_16_192_64_0p5_0p02_0053_0004.uasset" 6730
"../../../Engine/Content/EngineMaterials/Substrate/GLints/dict_16_192_64_0p5_0p02_0052_0011.uasset" 6731
"../../../Engine/Content/EngineMaterials/Substrate/GLints/dict_16_192_64_0p5_0p02_0053_0003.uasset" 6732
"../../../Engine/Content/EngineMaterials/Substrate/GLints/dict_16_192_64_0p5_0p02_0052_0014.uasset" 6733
"../../../Engine/Content/EngineMaterials/Substrate/GLints/dict_16_192_64_0p5_0p02_0052_0010.uasset" 6734
"../../../Engine/Content/EngineMaterials/Substrate/GLints/dict_16_192_64_0p5_0p02_0053_0005.uasset" 6735
"../../../Engine/Content/EngineMaterials/Substrate/GLints/dict_16_192_64_0p5_0p02_0052_0009.uasset" 6736
"../../../Engine/Content/EngineMaterials/Substrate/GLints/dict_16_192_64_0p5_0p02_0052_0015.uasset" 6737
"../../../Engine/Content/EngineMaterials/Substrate/GLints/dict_16_192_64_0p5_0p02_0052_0012.uasset" 6738
"../../../Engine/Content/EngineMaterials/Substrate/GLints/dict_16_192_64_0p5_0p02_0053_0007.uasset" 6739
"../../../Engine/Content/EngineMaterials/Substrate/GLints/dict_16_192_64_0p5_0p02_0054_0000.uasset" 6740
"../../../Engine/Content/EngineMaterials/Substrate/GLints/dict_16_192_64_0p5_0p02_0053_0001.uasset" 6741
"../../../Engine/Content/EngineMaterials/Substrate/GLints/dict_16_192_64_0p5_0p02_0053_0006.uasset" 6742
"../../../Engine/Content/EngineMaterials/Substrate/GLints/dict_16_192_64_0p5_0p02_0054_0004.uasset" 6743
"../../../Engine/Content/EngineMaterials/Substrate/GLints/dict_16_192_64_0p5_0p02_0053_0010.uasset" 6744
"../../../Engine/Content/EngineMaterials/Substrate/GLints/dict_16_192_64_0p5_0p02_0053_0011.uasset" 6745
"../../../Engine/Content/EngineMaterials/Substrate/GLints/dict_16_192_64_0p5_0p02_0053_0008.uasset" 6746
"../../../Engine/Content/EngineMaterials/Substrate/GLints/dict_16_192_64_0p5_0p02_0053_0012.uasset" 6747
"../../../Engine/Content/EngineMaterials/Substrate/GLints/dict_16_192_64_0p5_0p02_0053_0013.uasset" 6748
"../../../Engine/Content/EngineMaterials/Substrate/GLints/dict_16_192_64_0p5_0p02_0053_0000.uasset" 6749
"../../../Engine/Content/EngineMaterials/Substrate/GLints/dict_16_192_64_0p5_0p02_0053_0002.uasset" 6750
"../../../Engine/Content/EngineMaterials/Substrate/GLints/dict_16_192_64_0p5_0p02_0053_0014.uasset" 6751
"/Engine/EngineMaterials/Substrate/GLints/dict_16_192_64_0p5_0p02_0053_0007" 6752
"/Engine/EngineMaterials/Substrate/GLints/dict_16_192_64_0p5_0p02_0053_0006" 6753
"/Engine/EngineMaterials/Substrate/GLints/dict_16_192_64_0p5_0p02_0053_0005" 6754
"../../../Engine/Content/EngineMaterials/Substrate/GLints/dict_16_192_64_0p5_0p02_0054_0003.uasset" 6755
"../../../Engine/Content/EngineMaterials/Substrate/GLints/dict_16_192_64_0p5_0p02_0054_0001.uasset" 6756
"../../../Engine/Content/EngineMaterials/Substrate/GLints/dict_16_192_64_0p5_0p02_0054_0002.uasset" 6757
"/Engine/EngineMaterials/Substrate/GLints/dict_16_192_64_0p5_0p02_0053_0004" 6758
"../../../Engine/Content/EngineMaterials/Substrate/GLints/dict_16_192_64_0p5_0p02_0053_0015.uasset" 6759
"/Engine/EngineMaterials/Substrate/GLints/dict_16_192_64_0p5_0p02_0053_0003" 6760
"/Engine/EngineMaterials/Substrate/GLints/dict_16_192_64_0p5_0p02_0054_0000" 6761
"/Engine/EngineMaterials/Substrate/GLints/dict_16_192_64_0p5_0p02_0052_0007" 6762
"/Engine/EngineMaterials/Substrate/GLints/dict_16_192_64_0p5_0p02_0053_0014" 6763
"/Engine/EngineMaterials/Substrate/GLints/dict_16_192_64_0p5_0p02_0053_0002" 6764
"/Engine/EngineMaterials/Substrate/GLints/dict_16_192_64_0p5_0p02_0053_0001" 6765
"/Engine/EngineMaterials/Substrate/GLints/dict_16_192_64_0p5_0p02_0053_0013" 6766
"/Engine/EngineMaterials/Substrate/GLints/dict_16_192_64_0p5_0p02_0053_0012" 6767
"../../../Engine/Content/EngineMaterials/Substrate/GLints/dict_16_192_64_0p5_0p02_0054_0006.uasset" 6768
"../../../Engine/Content/EngineMaterials/Substrate/GLints/dict_16_192_64_0p5_0p02_0053_0009.uasset" 6769
"../../../Engine/Content/EngineMaterials/Substrate/GLints/dict_16_192_64_0p5_0p02_0054_0007.uasset" 6770
"../../../Engine/Content/EngineMaterials/Substrate/GLints/dict_16_192_64_0p5_0p02_0054_0005.uasset" 6771
"/Engine/EngineMaterials/Substrate/GLints/dict_16_192_64_0p5_0p02_0053_0011" 6772
"/Engine/EngineMaterials/Substrate/GLints/dict_16_192_64_0p5_0p02_0053_0010" 6773
"/Engine/EngineMaterials/Substrate/GLints/dict_16_192_64_0p5_0p02_0053_0000" 6774
"/Engine/EngineMaterials/Substrate/GLints/dict_16_192_64_0p5_0p02_0052_0015" 6775
"/Engine/EngineMaterials/Substrate/GLints/dict_16_192_64_0p5_0p02_0052_0014" 6776
"/Engine/EngineMaterials/Substrate/GLints/dict_16_192_64_0p5_0p02_0054_0004" 6777
"/Engine/EngineMaterials/Substrate/GLints/dict_16_192_64_0p5_0p02_0052_0012" 6778
"/Engine/EngineMaterials/Substrate/GLints/dict_16_192_64_0p5_0p02_0053_0008" 6779
"/Engine/EngineMaterials/Substrate/GLints/dict_16_192_64_0p5_0p02_0052_0011" 6780
"/Engine/EngineMaterials/Substrate/GLints/dict_16_192_64_0p5_0p02_0052_0010" 6781
"/Engine/EngineMaterials/Substrate/GLints/dict_16_192_64_0p5_0p02_0052_0009" 6782
"/Engine/EngineMaterials/Substrate/GLints/dict_16_192_64_0p5_0p02_0054_0003" 6783
"/Engine/EngineMaterials/Substrate/GLints/dict_16_192_64_0p5_0p02_0054_0002" 6784
"/Engine/EngineMaterials/Substrate/GLints/dict_16_192_64_0p5_0p02_0054_0007" 6785
"/Engine/EngineMaterials/Substrate/GLints/dict_16_192_64_0p5_0p02_0054_0001" 6786
"/Engine/EngineMaterials/Substrate/GLints/dict_16_192_64_0p5_0p02_0054_0006" 6787
"/Engine/EngineMaterials/Substrate/GLints/dict_16_192_64_0p5_0p02_0053_0015" 6788
"/Engine/EngineMaterials/Substrate/GLints/dict_16_192_64_0p5_0p02_0054_0005" 6789
"/Engine/EngineMaterials/Substrate/GLints/dict_16_192_64_0p5_0p02_0053_0009" 6790
"../../../Engine/Content/EngineMaterials/Substrate/GLints/dict_16_192_64_0p5_0p02_0054_0014.uasset" 6791
"../../../Engine/Content/EngineMaterials/Substrate/GLints/dict_16_192_64_0p5_0p02_0054_0009.uasset" 6792
"../../../Engine/Content/EngineMaterials/Substrate/GLints/dict_16_192_64_0p5_0p02_0055_0002.uasset" 6793
"../../../Engine/Content/EngineMaterials/Substrate/GLints/dict_16_192_64_0p5_0p02_0055_0001.uasset" 6794
"../../../Engine/Content/EngineMaterials/Substrate/GLints/dict_16_192_64_0p5_0p02_0055_0003.uasset" 6795
"../../../Engine/Content/EngineMaterials/Substrate/GLints/dict_16_192_64_0p5_0p02_0055_0007.uasset" 6796
"../../../Engine/Content/EngineMaterials/Substrate/GLints/dict_16_192_64_0p5_0p02_0054_0010.uasset" 6797
"../../../Engine/Content/EngineMaterials/Substrate/GLints/dict_16_192_64_0p5_0p02_0055_0000.uasset" 6798
"../../../Engine/Content/EngineMaterials/Substrate/GLints/dict_16_192_64_0p5_0p02_0054_0013.uasset" 6799
"../../../Engine/Content/EngineMaterials/Substrate/GLints/dict_16_192_64_0p5_0p02_0054_0008.uasset" 6800
"../../../Engine/Content/EngineMaterials/Substrate/GLints/dict_16_192_64_0p5_0p02_0055_0005.uasset" 6801
"../../../Engine/Content/EngineMaterials/Substrate/GLints/dict_16_192_64_0p5_0p02_0055_0015.uasset" 6802
"../../../Engine/Content/EngineMaterials/Substrate/GLints/dict_16_192_64_0p5_0p02_0054_0011.uasset" 6803
"../../../Engine/Content/EngineMaterials/Substrate/GLints/dict_16_192_64_0p5_0p02_0055_0006.uasset" 6804
"../../../Engine/Content/EngineMaterials/Substrate/GLints/dict_16_192_64_0p5_0p02_0055_0010.uasset" 6805
"../../../Engine/Content/EngineMaterials/Substrate/GLints/dict_16_192_64_0p5_0p02_0054_0012.uasset" 6806
"../../../Engine/Content/EngineMaterials/Substrate/GLints/dict_16_192_64_0p5_0p02_0055_0011.uasset" 6807
"../../../Engine/Content/EngineMaterials/Substrate/GLints/dict_16_192_64_0p5_0p02_0054_0015.uasset" 6808
"../../../Engine/Content/EngineMaterials/Substrate/GLints/dict_16_192_64_0p5_0p02_0055_0004.uasset" 6809
"../../../Engine/Content/EngineMaterials/Substrate/GLints/dict_16_192_64_0p5_0p02_0055_0012.uasset" 6810
"../../../Engine/Content/EngineMaterials/Substrate/GLints/dict_16_192_64_0p5_0p02_0055_0009.uasset" 6811
"/Engine/EngineMaterials/Substrate/GLints/dict_16_192_64_0p5_0p02_0055_0010" 6812
"/Engine/EngineMaterials/Substrate/GLints/dict_16_192_64_0p5_0p02_0055_0007" 6813
"/Engine/EngineMaterials/Substrate/GLints/dict_16_192_64_0p5_0p02_0055_0006" 6814
"../../../Engine/Content/EngineMaterials/Substrate/GLints/dict_16_192_64_0p5_0p02_0055_0008.uasset" 6815
"/Engine/EngineMaterials/Substrate/GLints/dict_16_192_64_0p5_0p02_0055_0005" 6816
"/Engine/EngineMaterials/Substrate/GLints/dict_16_192_64_0p5_0p02_0055_0003" 6817
"/Engine/EngineMaterials/Substrate/GLints/dict_16_192_64_0p5_0p02_0055_0002" 6818
"/Engine/EngineMaterials/Substrate/GLints/dict_16_192_64_0p5_0p02_0055_0001" 6819
"/Engine/EngineMaterials/Substrate/GLints/dict_16_192_64_0p5_0p02_0055_0000" 6820
"../../../Engine/Content/EngineMaterials/Substrate/GLints/dict_16_192_64_0p5_0p02_0055_0014.uasset" 6821
"../../../Engine/Content/EngineMaterials/Substrate/GLints/dict_16_192_64_0p5_0p02_0056_0000.uasset" 6822
"/Engine/EngineMaterials/Substrate/GLints/dict_16_192_64_0p5_0p02_0054_0015" 6823
"../../../Engine/Content/EngineMaterials/Substrate/GLints/dict_16_192_64_0p5_0p02_0055_0013.uasset" 6824
"/Engine/EngineMaterials/Substrate/GLints/dict_16_192_64_0p5_0p02_0055_0015" 6825
"../../../Engine/Content/EngineMaterials/Substrate/GLints/dict_16_192_64_0p5_0p02_0056_0001.uasset" 6826
"/Engine/EngineMaterials/Substrate/GLints/dict_16_192_64_0p5_0p02_0054_0014" 6827
"/Engine/EngineMaterials/Substrate/GLints/dict_16_192_64_0p5_0p02_0054_0013" 6828
"../../../Engine/Content/EngineMaterials/Substrate/GLints/dict_16_192_64_0p5_0p02_0049_0003.uasset" 6829
"/Engine/EngineMaterials/Substrate/GLints/dict_16_192_64_0p5_0p02_0054_0012" 6830
"../../../Engine/Content/EngineMaterials/Substrate/GLints/dict_16_192_64_0p5_0p02_0056_0006.uasset" 6831
"../../../Engine/Content/EngineMaterials/Substrate/GLints/dict_16_192_64_0p5_0p02_0056_0004.uasset" 6832
"/Engine/EngineMaterials/Substrate/GLints/dict_16_192_64_0p5_0p02_0054_0011" 6833
"../../../Engine/Content/EngineMaterials/Substrate/GLints/dict_16_192_64_0p5_0p02_0056_0003.uasset" 6834
"../../../Engine/Content/EngineMaterials/Substrate/GLints/dict_16_192_64_0p5_0p02_0056_0005.uasset" 6835
"../../../Engine/Content/EngineMaterials/Substrate/GLints/dict_16_192_64_0p5_0p02_0056_0002.uasset" 6836
"/Engine/EngineMaterials/Substrate/GLints/dict_16_192_64_0p5_0p02_0054_0010" 6837
"/Engine/EngineMaterials/Substrate/GLints/dict_16_192_64_0p5_0p02_0054_0009" 6838
"/Engine/EngineMaterials/Substrate/GLints/dict_16_192_64_0p5_0p02_0054_0008" 6839
"/Engine/EngineMaterials/Substrate/GLints/dict_16_192_64_0p5_0p02_0055_0014" 6840
"/Engine/EngineMaterials/Substrate/GLints/dict_16_192_64_0p5_0p02_0055_0013" 6841
"/Engine/EngineMaterials/Substrate/GLints/dict_16_192_64_0p5_0p02_0056_0006" 6842
"/Engine/EngineMaterials/Substrate/GLints/dict_16_192_64_0p5_0p02_0056_0005" 6843
"/Engine/EngineMaterials/Substrate/GLints/dict_16_192_64_0p5_0p02_0056_0004" 6844
"/Engine/EngineMaterials/Substrate/GLints/dict_16_192_64_0p5_0p02_0055_0012" 6845
"/Engine/EngineMaterials/Substrate/GLints/dict_16_192_64_0p5_0p02_0055_0011" 6846
"/Engine/EngineMaterials/Substrate/GLints/dict_16_192_64_0p5_0p02_0056_0003" 6847
"/Engine/EngineMaterials/Substrate/GLints/dict_16_192_64_0p5_0p02_0055_0009" 6848
"../../../Engine/Content/EngineMaterials/Substrate/GLints/dict_16_192_64_0p5_0p02_0057_0007.uasset" 6849
"../../../Engine/Content/EngineMaterials/Substrate/GLints/dict_16_192_64_0p5_0p02_0057_0005.uasset" 6850
"/Engine/EngineMaterials/Substrate/GLints/dict_16_192_64_0p5_0p02_0055_0008" 6851
"/Engine/EngineMaterials/Substrate/GLints/dict_16_192_64_0p5_0p02_0056_0002" 6852
"/Engine/EngineMaterials/Substrate/GLints/dict_16_192_64_0p5_0p02_0056_0001" 6853
"/Engine/EngineMaterials/Substrate/GLints/dict_16_192_64_0p5_0p02_0056_0000" 6854
"/Engine/EngineMaterials/Substrate/GLints/dict_16_192_64_0p5_0p02_0055_0004" 6855
"../../../Engine/Content/EngineMaterials/Substrate/GLints/dict_16_192_64_0p5_0p02_0057_0004.uasset" 6856
"/Engine/EngineMaterials/Substrate/GLints/dict_16_192_64_0p5_0p02_0049_0003" 6857
"/Engine/EngineMaterials/Substrate/GLints/dict_16_192_64_0p5_0p02_0057_0007" 6858
"/Engine/EngineMaterials/Substrate/GLints/dict_16_192_64_0p5_0p02_0057_0005" 6859
"/Engine/EngineMaterials/Substrate/GLints/dict_16_192_64_0p5_0p02_0057_0004" 6860
"../../../Engine/Content/EngineMaterials/Substrate/GLints/dict_16_192_64_0p5_0p02_0057_0001.uasset" 6861
"../../../Engine/Content/EngineMaterials/Substrate/GLints/dict_16_192_64_0p5_0p02_0056_0009.uasset" 6862
"../../../Engine/Content/EngineMaterials/Substrate/GLints/dict_16_192_64_0p5_0p02_0056_0011.uasset" 6863
"../../../Engine/Content/EngineMaterials/Substrate/GLints/dict_16_192_64_0p5_0p02_0056_0008.uasset" 6864
"../../../Engine/Content/EngineMaterials/Substrate/GLints/dict_16_192_64_0p5_0p02_0057_0003.uasset" 6865
"../../../Engine/Content/EngineMaterials/Substrate/GLints/dict_16_192_64_0p5_0p02_0056_0014.uasset" 6866
"../../../Engine/Content/EngineMaterials/Substrate/GLints/dict_16_192_64_0p5_0p02_0057_0011.uasset" 6867
"../../../Engine/Content/EngineMaterials/Substrate/GLints/dict_16_192_64_0p5_0p02_0057_0006.uasset" 6868
"../../../Engine/Content/EngineMaterials/Substrate/GLints/dict_16_192_64_0p5_0p02_0056_0007.uasset" 6869
"../../../Engine/Content/EngineMaterials/Substrate/GLints/dict_16_192_64_0p5_0p02_0057_0002.uasset" 6870
"../../../Engine/Content/EngineMaterials/Substrate/GLints/dict_16_192_64_0p5_0p02_0056_0012.uasset" 6871
"../../../Engine/Content/EngineMaterials/Substrate/GLints/dict_16_192_64_0p5_0p02_0057_0000.uasset" 6872
"../../../Engine/Content/EngineMaterials/Substrate/GLints/dict_16_192_64_0p5_0p02_0057_0010.uasset" 6873
"../../../Engine/Content/EngineMaterials/Substrate/GLints/dict_16_192_64_0p5_0p02_0057_0009.uasset" 6874
"../../../Engine/Content/EngineMaterials/Substrate/GLints/dict_16_192_64_0p5_0p02_0057_0008.uasset" 6875
"../../../Engine/Content/EngineMaterials/Substrate/GLints/dict_16_192_64_0p5_0p02_0057_0015.uasset" 6876
"../../../Engine/Content/EngineMaterials/Substrate/GLints/dict_16_192_64_0p5_0p02_0056_0015.uasset" 6877
"../../../Engine/Content/EngineMaterials/Substrate/GLints/dict_16_192_64_0p5_0p02_0058_0002.uasset" 6878
"../../../Engine/Content/EngineMaterials/Substrate/GLints/dict_16_192_64_0p5_0p02_0058_0001.uasset" 6879
"../../../Engine/Content/EngineMaterials/Substrate/GLints/dict_16_192_64_0p5_0p02_0057_0013.uasset" 6880
"../../../Engine/Content/EngineMaterials/Substrate/GLints/dict_16_192_64_0p5_0p02_0058_0004.uasset" 6881
"../../../Engine/Content/EngineMaterials/Substrate/GLints/dict_16_192_64_0p5_0p02_0058_0000.uasset" 6882
"../../../Engine/Content/EngineMaterials/Substrate/GLints/dict_16_192_64_0p5_0p02_0057_0012.uasset" 6883
"../../../Engine/Content/EngineMaterials/Substrate/GLints/dict_16_192_64_0p5_0p02_0058_0003.uasset" 6884
"/Engine/EngineMaterials/Substrate/GLints/dict_16_192_64_0p5_0p02_0058_0004" 6885
"/Engine/EngineMaterials/Substrate/GLints/dict_16_192_64_0p5_0p02_0058_0002" 6886
"/Engine/EngineMaterials/Substrate/GLints/dict_16_192_64_0p5_0p02_0058_0001" 6887
"/Engine/EngineMaterials/Substrate/GLints/dict_16_192_64_0p5_0p02_0058_0000" 6888
"../../../Engine/Content/EngineMaterials/Substrate/GLints/dict_16_192_64_0p5_0p02_0058_0005.uasset" 6889
"../../../Engine/Content/EngineMaterials/Substrate/GLints/dict_16_192_64_0p5_0p02_0056_0010.uasset" 6890
"/Engine/EngineMaterials/Substrate/GLints/dict_16_192_64_0p5_0p02_0057_0015" 6891
"/Engine/EngineMaterials/Substrate/GLints/dict_16_192_64_0p5_0p02_0057_0013" 6892
"/Engine/EngineMaterials/Substrate/GLints/dict_16_192_64_0p5_0p02_0057_0012" 6893
"/Engine/EngineMaterials/Substrate/GLints/dict_16_192_64_0p5_0p02_0057_0011" 6894
"/Engine/EngineMaterials/Substrate/GLints/dict_16_192_64_0p5_0p02_0057_0010" 6895
"../../../Engine/Content/EngineMaterials/Substrate/GLints/dict_16_192_64_0p5_0p02_0058_0009.uasset" 6896
"/Engine/EngineMaterials/Substrate/GLints/dict_16_192_64_0p5_0p02_0057_0006" 6897
"/Engine/EngineMaterials/Substrate/GLints/dict_16_192_64_0p5_0p02_0057_0009" 6898
"/Engine/EngineMaterials/Substrate/GLints/dict_16_192_64_0p5_0p02_0057_0003" 6899
"/Engine/EngineMaterials/Substrate/GLints/dict_16_192_64_0p5_0p02_0057_0002" 6900
"../../../Engine/Content/EngineMaterials/Substrate/GLints/dict_16_192_64_0p5_0p02_0058_0008.uasset" 6901
"../../../Engine/Content/EngineMaterials/Substrate/GLints/dict_16_192_64_0p5_0p02_0058_0007.uasset" 6902
"/Engine/EngineMaterials/Substrate/GLints/dict_16_192_64_0p5_0p02_0057_0001" 6903
"../../../Engine/Content/EngineMaterials/Substrate/GLints/dict_16_192_64_0p5_0p02_0056_0013.uasset" 6904
"/Engine/EngineMaterials/Substrate/GLints/dict_16_192_64_0p5_0p02_0057_0000" 6905
"/Engine/EngineMaterials/Substrate/GLints/dict_16_192_64_0p5_0p02_0056_0015" 6906
"/Engine/EngineMaterials/Substrate/GLints/dict_16_192_64_0p5_0p02_0056_0014" 6907
"/Engine/EngineMaterials/Substrate/GLints/dict_16_192_64_0p5_0p02_0057_0008" 6908
"/Engine/EngineMaterials/Substrate/GLints/dict_16_192_64_0p5_0p02_0056_0012" 6909
"/Engine/EngineMaterials/Substrate/GLints/dict_16_192_64_0p5_0p02_0056_0011" 6910
"/Engine/EngineMaterials/Substrate/GLints/dict_16_192_64_0p5_0p02_0056_0009" 6911
"../../../Engine/Content/EngineMaterials/Substrate/GLints/dict_16_192_64_0p5_0p02_0057_0014.uasset" 6912
"/Engine/EngineMaterials/Substrate/GLints/dict_16_192_64_0p5_0p02_0056_0008" 6913
"../../../Engine/Content/EngineMaterials/Substrate/GLints/dict_16_192_64_0p5_0p02_0058_0006.uasset" 6914
"/Engine/EngineMaterials/Substrate/GLints/dict_16_192_64_0p5_0p02_0056_0007" 6915
"/Engine/EngineMaterials/Substrate/GLints/dict_16_192_64_0p5_0p02_0058_0006" 6916
"/Engine/EngineMaterials/Substrate/GLints/dict_16_192_64_0p5_0p02_0058_0005" 6917
"/Engine/EngineMaterials/Substrate/GLints/dict_16_192_64_0p5_0p02_0058_0003" 6918
"/Engine/EngineMaterials/Substrate/GLints/dict_16_192_64_0p5_0p02_0058_0009" 6919
"/Engine/EngineMaterials/Substrate/GLints/dict_16_192_64_0p5_0p02_0057_0014" 6920
"/Engine/EngineMaterials/Substrate/GLints/dict_16_192_64_0p5_0p02_0058_0008" 6921
"/Engine/EngineMaterials/Substrate/GLints/dict_16_192_64_0p5_0p02_0058_0007" 6922
"../../../Engine/Content/EngineMaterials/Substrate/GLints/dict_16_192_64_0p5_0p02_0059_0001.uasset" 6923
"/Engine/EngineMaterials/Substrate/GLints/dict_16_192_64_0p5_0p02_0056_0013" 6924
"/Engine/EngineMaterials/Substrate/GLints/dict_16_192_64_0p5_0p02_0056_0010" 6925
"/Engine/EngineMaterials/Substrate/GLints/dict_16_192_64_0p5_0p02_0059_0001" 6926
"../../../Engine/Content/EngineMaterials/Substrate/GLints/dict_16_192_64_0p5_0p02_0058_0014.uasset" 6927
"../../../Engine/Content/EngineMaterials/Substrate/GLints/dict_16_192_64_0p5_0p02_0058_0011.uasset" 6928
"../../../Engine/Content/EngineMaterials/Substrate/GLints/dict_16_192_64_0p5_0p02_0059_0002.uasset" 6929
"../../../Engine/Content/EngineMaterials/Substrate/GLints/dict_16_192_64_0p5_0p02_0058_0013.uasset" 6930
"../../../Engine/Content/EngineMaterials/Substrate/GLints/dict_16_192_64_0p5_0p02_0058_0015.uasset" 6931
"../../../Engine/Content/EngineMaterials/Substrate/GLints/dict_16_192_64_0p5_0p02_0059_0003.uasset" 6932
"../../../Engine/Content/EngineMaterials/Substrate/GLints/dict_16_192_64_0p5_0p02_0058_0012.uasset" 6933
"../../../Engine/Content/EngineMaterials/Substrate/GLints/dict_16_192_64_0p5_0p02_0059_0012.uasset" 6934
"../../../Engine/Content/EngineMaterials/Substrate/GLints/dict_16_192_64_0p5_0p02_0059_0004.uasset" 6935
"../../../Engine/Content/EngineMaterials/Substrate/GLints/dict_16_192_64_0p5_0p02_0059_0008.uasset" 6936
"../../../Engine/Content/EngineMaterials/Substrate/GLints/dict_16_192_64_0p5_0p02_0059_0009.uasset" 6937
"../../../Engine/Content/EngineMaterials/Substrate/GLints/dict_16_192_64_0p5_0p02_0059_0000.uasset" 6938
"../../../Engine/Content/EngineMaterials/Substrate/GLints/dict_16_192_64_0p5_0p02_0059_0010.uasset" 6939
"../../../Engine/Content/EngineMaterials/Substrate/GLints/dict_16_192_64_0p5_0p02_0058_0010.uasset" 6940
"../../../Engine/Content/EngineMaterials/Substrate/GLints/dict_16_192_64_0p5_0p02_0059_0006.uasset" 6941
"../../../Engine/Content/EngineMaterials/Substrate/GLints/dict_16_192_64_0p5_0p02_0059_0013.uasset" 6942
"../../../Engine/Content/EngineMaterials/Substrate/GLints/dict_16_192_64_0p5_0p02_0059_0007.uasset" 6943
"../../../Engine/Content/EngineMaterials/Substrate/GLints/dict_16_192_64_0p5_0p02_0060_0003.uasset" 6944
"../../../Engine/Content/EngineMaterials/Substrate/GLints/dict_16_192_64_0p5_0p02_0059_0011.uasset" 6945
"/Engine/EngineMaterials/Substrate/GLints/dict_16_192_64_0p5_0p02_0059_0012" 6946
"../../../Engine/Content/EngineMaterials/Substrate/GLints/dict_16_192_64_0p5_0p02_0060_0001.uasset" 6947
"../../../Engine/Content/EngineMaterials/Substrate/GLints/dict_16_192_64_0p5_0p02_0060_0000.uasset" 6948
"/Engine/EngineMaterials/Substrate/GLints/dict_16_192_64_0p5_0p02_0059_0010" 6949
"../../../Engine/Content/EngineMaterials/Substrate/GLints/dict_16_192_64_0p5_0p02_0059_0014.uasset" 6950
"/Engine/EngineMaterials/Substrate/GLints/dict_16_192_64_0p5_0p02_0059_0009" 6951
"/Engine/EngineMaterials/Substrate/GLints/dict_16_192_64_0p5_0p02_0059_0008" 6952
"/Engine/EngineMaterials/Substrate/GLints/dict_16_192_64_0p5_0p02_0059_0007" 6953
"/Engine/EngineMaterials/Substrate/GLints/dict_16_192_64_0p5_0p02_0060_0003" 6954
"/Engine/EngineMaterials/Substrate/GLints/dict_16_192_64_0p5_0p02_0059_0006" 6955
"../../../Engine/Content/EngineMaterials/Substrate/GLints/dict_16_192_64_0p5_0p02_0060_0006.uasset" 6956
"../../../Engine/Content/EngineMaterials/Substrate/GLints/dict_16_192_64_0p5_0p02_0060_0010.uasset" 6957
"../../../Engine/Content/EngineMaterials/Substrate/GLints/dict_16_192_64_0p5_0p02_0060_0009.uasset" 6958
"../../../Engine/Content/EngineMaterials/Substrate/GLints/dict_16_192_64_0p5_0p02_0060_0008.uasset" 6959
"/Engine/EngineMaterials/Substrate/GLints/dict_16_192_64_0p5_0p02_0059_0004" 6960
"../../../Engine/Content/EngineMaterials/Substrate/GLints/dict_16_192_64_0p5_0p02_0060_0004.uasset" 6961
"../../../Engine/Content/EngineMaterials/Substrate/GLints/dict_16_192_64_0p5_0p02_0060_0005.uasset" 6962
"../../../Engine/Content/EngineMaterials/Substrate/GLints/dict_16_192_64_0p5_0p02_0059_0015.uasset" 6963
"/Engine/EngineMaterials/Substrate/GLints/dict_16_192_64_0p5_0p02_0059_0003" 6964
"../../../Engine/Content/EngineMaterials/Substrate/GLints/dict_16_192_64_0p5_0p02_0060_0002.uasset" 6965
"/Engine/EngineMaterials/Substrate/GLints/dict_16_192_64_0p5_0p02_0059_0002" 6966
"/Engine/EngineMaterials/Substrate/GLints/dict_16_192_64_0p5_0p02_0059_0000" 6967
"/Engine/EngineMaterials/Substrate/GLints/dict_16_192_64_0p5_0p02_0058_0015" 6968
"/Engine/EngineMaterials/Substrate/GLints/dict_16_192_64_0p5_0p02_0058_0014" 6969
"/Engine/EngineMaterials/Substrate/GLints/dict_16_192_64_0p5_0p02_0058_0013" 6970
"/Engine/EngineMaterials/Substrate/GLints/dict_16_192_64_0p5_0p02_0058_0012" 6971
"/Engine/EngineMaterials/Substrate/GLints/dict_16_192_64_0p5_0p02_0058_0011" 6972
"/Engine/EngineMaterials/Substrate/GLints/dict_16_192_64_0p5_0p02_0058_0010" 6973
"../../../Engine/Content/EngineMaterials/Substrate/GLints/dict_16_192_64_0p5_0p02_0059_0005.uasset" 6974
"../../../Engine/Content/EngineMaterials/Substrate/GLints/dict_16_192_64_0p5_0p02_0060_0007.uasset" 6975
"/Engine/EngineMaterials/Substrate/GLints/dict_16_192_64_0p5_0p02_0060_0009" 6976
"/Engine/EngineMaterials/Substrate/GLints/dict_16_192_64_0p5_0p02_0060_0008" 6977
"/Engine/EngineMaterials/Substrate/GLints/dict_16_192_64_0p5_0p02_0060_0000" 6978
"/Engine/EngineMaterials/Substrate/GLints/dict_16_192_64_0p5_0p02_0060_0007" 6979
"/Engine/EngineMaterials/Substrate/GLints/dict_16_192_64_0p5_0p02_0059_0015" 6980
"/Engine/EngineMaterials/Substrate/GLints/dict_16_192_64_0p5_0p02_0059_0014" 6981
"/Engine/EngineMaterials/Substrate/GLints/dict_16_192_64_0p5_0p02_0059_0013" 6982
"/Engine/EngineMaterials/Substrate/GLints/dict_16_192_64_0p5_0p02_0060_0006" 6983
"/Engine/EngineMaterials/Substrate/GLints/dict_16_192_64_0p5_0p02_0060_0005" 6984
"/Engine/EngineMaterials/Substrate/GLints/dict_16_192_64_0p5_0p02_0059_0011" 6985
"/Engine/EngineMaterials/Substrate/GLints/dict_16_192_64_0p5_0p02_0060_0004" 6986
"/Engine/EngineMaterials/Substrate/GLints/dict_16_192_64_0p5_0p02_0059_0005" 6987
"/Engine/EngineMaterials/Substrate/GLints/dict_16_192_64_0p5_0p02_0060_0010" 6988
"/Engine/EngineMaterials/Substrate/GLints/dict_16_192_64_0p5_0p02_0060_0002" 6989
"/Engine/EngineMaterials/Substrate/GLints/dict_16_192_64_0p5_0p02_0060_0001" 6990
"../../../Engine/Content/EngineMaterials/Substrate/GLints/dict_16_192_64_0p5_0p02_0061_0008.uasset" 6991
"../../../Engine/Content/EngineMaterials/Substrate/GLints/dict_16_192_64_0p5_0p02_0060_0011.uasset" 6992
"../../../Engine/Content/EngineMaterials/Substrate/GLints/dict_16_192_64_0p5_0p02_0061_0010.uasset" 6993
"../../../Engine/Content/EngineMaterials/Substrate/GLints/dict_16_192_64_0p5_0p02_0061_0009.uasset" 6994
"../../../Engine/Content/EngineMaterials/Substrate/GLints/dict_16_192_64_0p5_0p02_0060_0014.uasset" 6995
"../../../Engine/Content/EngineMaterials/Substrate/GLints/dict_16_192_64_0p5_0p02_0061_0006.uasset" 6996
"../../../Engine/Content/EngineMaterials/Substrate/GLints/dict_16_192_64_0p5_0p02_0060_0012.uasset" 6997
"../../../Engine/Content/EngineMaterials/Substrate/GLints/dict_16_192_64_0p5_0p02_0061_0002.uasset" 6998
"../../../Engine/Content/EngineMaterials/Substrate/GLints/dict_16_192_64_0p5_0p02_0060_0015.uasset" 6999
"../../../Engine/Content/EngineMaterials/Substrate/GLints/dict_16_192_64_0p5_0p02_0061_0001.uasset" 7000
"../../../Engine/Content/EngineMaterials/Substrate/GLints/dict_16_192_64_0p5_0p02_0061_0000.uasset" 7001
"../../../Engine/Content/EngineMaterials/Substrate/GLints/dict_16_192_64_0p5_0p02_0061_0007.uasset" 7002
"../../../Engine/Content/EngineMaterials/Substrate/GLints/dict_16_192_64_0p5_0p02_0061_0012.uasset" 7003
"../../../Engine/Content/EngineMaterials/Substrate/GLints/dict_16_192_64_0p5_0p02_0062_0000.uasset" 7004
"../../../Engine/Content/EngineMaterials/Substrate/GLints/dict_16_192_64_0p5_0p02_0061_0015.uasset" 7005
"../../../Engine/Content/EngineMaterials/Substrate/GLints/dict_16_192_64_0p5_0p02_0061_0011.uasset" 7006
"../../../Engine/Content/EngineMaterials/Substrate/GLints/dict_16_192_64_0p5_0p02_0061_0004.uasset" 7007
"/Engine/EngineMaterials/Substrate/GLints/dict_16_192_64_0p5_0p02_0061_0011" 7008
"../../../Engine/Content/EngineMaterials/Substrate/GLints/dict_16_192_64_0p5_0p02_0061_0005.uasset" 7009
"../../../Engine/Content/EngineMaterials/Substrate/GLints/dict_16_192_64_0p5_0p02_0061_0013.uasset" 7010
"/Engine/EngineMaterials/Substrate/GLints/dict_16_192_64_0p5_0p02_0061_0010" 7011
"/Engine/EngineMaterials/Substrate/GLints/dict_16_192_64_0p5_0p02_0061_0009" 7012
"/Engine/EngineMaterials/Substrate/GLints/dict_16_192_64_0p5_0p02_0061_0008" 7013
"../../../Engine/Content/EngineMaterials/Substrate/GLints/dict_16_192_64_0p5_0p02_0062_0007.uasset" 7014
"../../../Engine/Content/EngineMaterials/Substrate/GLints/dict_16_192_64_0p5_0p02_0062_0006.uasset" 7015
"../../../Engine/Content/EngineMaterials/Substrate/GLints/dict_16_192_64_0p5_0p02_0062_0003.uasset" 7016
"/Engine/EngineMaterials/Substrate/GLints/dict_16_192_64_0p5_0p02_0061_0007" 7017
"/Engine/EngineMaterials/Substrate/GLints/dict_16_192_64_0p5_0p02_0062_0000" 7018
"/Engine/EngineMaterials/Substrate/GLints/dict_16_192_64_0p5_0p02_0061_0006" 7019
"../../../Engine/Content/EngineMaterials/Substrate/GLints/dict_16_192_64_0p5_0p02_0062_0001.uasset" 7020
"../../../Engine/Content/EngineMaterials/Substrate/GLints/dict_16_192_64_0p5_0p02_0062_0004.uasset" 7021
"/Engine/EngineMaterials/Substrate/GLints/dict_16_192_64_0p5_0p02_0061_0015" 7022
"/Engine/EngineMaterials/Substrate/GLints/dict_16_192_64_0p5_0p02_0061_0004" 7023
"/Engine/EngineMaterials/Substrate/GLints/dict_16_192_64_0p5_0p02_0061_0002" 7024
"/Engine/EngineMaterials/Substrate/GLints/dict_16_192_64_0p5_0p02_0061_0001" 7025
"/Engine/EngineMaterials/Substrate/GLints/dict_16_192_64_0p5_0p02_0061_0000" 7026
"../../../Engine/Content/EngineMaterials/Substrate/GLints/dict_16_192_64_0p5_0p02_0062_0008.uasset" 7027
"../../../Engine/Content/EngineMaterials/Substrate/GLints/dict_16_192_64_0p5_0p02_0062_0009.uasset" 7028
"../../../Engine/Content/EngineMaterials/Substrate/GLints/dict_16_192_64_0p5_0p02_0062_0002.uasset" 7029
"../../../Engine/Content/EngineMaterials/Substrate/GLints/dict_16_192_64_0p5_0p02_0061_0003.uasset" 7030
"../../../Engine/Content/EngineMaterials/Substrate/GLints/dict_16_192_64_0p5_0p02_0062_0005.uasset" 7031
"/Engine/EngineMaterials/Substrate/GLints/dict_16_192_64_0p5_0p02_0060_0015" 7032
"../../../Engine/Content/EngineMaterials/Substrate/GLints/dict_16_192_64_0p5_0p02_0060_0013.uasset" 7033
"../../../Engine/Content/EngineMaterials/Substrate/GLints/dict_16_192_64_0p5_0p02_0061_0014.uasset" 7034
"../../../Engine/Content/EngineMaterials/Substrate/GLints/dict_16_192_64_0p5_0p02_0062_0010.uasset" 7035
"/Engine/EngineMaterials/Substrate/GLints/dict_16_192_64_0p5_0p02_0060_0014" 7036
"/Engine/EngineMaterials/Substrate/GLints/dict_16_192_64_0p5_0p02_0061_0012" 7037
"/Engine/EngineMaterials/Substrate/GLints/dict_16_192_64_0p5_0p02_0060_0012" 7038
"/Engine/EngineMaterials/Substrate/GLints/dict_16_192_64_0p5_0p02_0060_0011" 7039
"/Engine/EngineMaterials/Substrate/GLints/dict_16_192_64_0p5_0p02_0062_0010" 7040
"/Engine/EngineMaterials/Substrate/GLints/dict_16_192_64_0p5_0p02_0062_0009" 7041
"/Engine/EngineMaterials/Substrate/GLints/dict_16_192_64_0p5_0p02_0062_0008" 7042
"/Engine/EngineMaterials/Substrate/GLints/dict_16_192_64_0p5_0p02_0062_0007" 7043
"../../../Engine/Content/EngineMaterials/Substrate/GLints/dict_16_192_64_0p5_0p02_0063_0003.uasset" 7044
"../../../Engine/Content/EngineMaterials/Substrate/GLints/dict_16_192_64_0p5_0p02_0062_0013.uasset" 7045
"/Engine/EngineMaterials/Substrate/GLints/dict_16_192_64_0p5_0p02_0062_0006" 7046
"../../../Engine/Content/EngineMaterials/Substrate/GLints/dict_16_192_64_0p5_0p02_0062_0012.uasset" 7047
"/Engine/EngineMaterials/Substrate/GLints/dict_16_192_64_0p5_0p02_0062_0005" 7048
"/Engine/EngineMaterials/Substrate/GLints/dict_16_192_64_0p5_0p02_0062_0004" 7049
"/Engine/EngineMaterials/Substrate/GLints/dict_16_192_64_0p5_0p02_0062_0003" 7050
"/Engine/EngineMaterials/Substrate/GLints/dict_16_192_64_0p5_0p02_0062_0002" 7051
"/Engine/EngineMaterials/Substrate/GLints/dict_16_192_64_0p5_0p02_0062_0001" 7052
"/Engine/EngineMaterials/Substrate/GLints/dict_16_192_64_0p5_0p02_0061_0005" 7053
"/Engine/EngineMaterials/Substrate/GLints/dict_16_192_64_0p5_0p02_0061_0003" 7054
"/Engine/EngineMaterials/Substrate/GLints/dict_16_192_64_0p5_0p02_0061_0014" 7055
"/Engine/EngineMaterials/Substrate/GLints/dict_16_192_64_0p5_0p02_0061_0013" 7056
"/Engine/EngineMaterials/Substrate/GLints/dict_16_192_64_0p5_0p02_0060_0013" 7057
"/Engine/EngineMaterials/Substrate/GLints/dict_16_192_64_0p5_0p02_0063_0003" 7058
"/Engine/EngineMaterials/Substrate/GLints/dict_16_192_64_0p5_0p02_0062_0013" 7059
"/Engine/EngineMaterials/Substrate/GLints/dict_16_192_64_0p5_0p02_0062_0012" 7060
"../../../Engine/Content/EngineMaterials/Substrate/GLints/dict_16_192_64_0p5_0p02_0063_0004.uasset" 7061
"../../../Engine/Content/EngineMaterials/Substrate/GLints/dict_16_192_64_0p5_0p02_0063_0011.uasset" 7062
"../../../Engine/Content/EngineMaterials/Substrate/GLints/dict_16_192_64_0p5_0p02_0063_0006.uasset" 7063
"../../../Engine/Content/EngineMaterials/Substrate/GLints/dict_16_192_64_0p5_0p02_0063_0002.uasset" 7064
"../../../Engine/Content/EngineMaterials/Substrate/GLints/dict_16_192_64_0p5_0p02_0063_0000.uasset" 7065
"../../../Engine/Content/EngineMaterials/Substrate/GLints/dict_16_192_64_0p5_0p02_0063_0005.uasset" 7066
"../../../Engine/Content/EngineMaterials/Substrate/GLints/dict_16_192_64_0p5_0p02_0062_0011.uasset" 7067
"../../../Engine/Content/EngineMaterials/Substrate/GLints/dict_16_192_64_0p5_0p02_0063_0009.uasset" 7068
"../../../Engine/Content/EngineMaterials/Substrate/GLints/dict_16_192_64_0p5_0p02_0062_0015.uasset" 7069
"../../../Engine/Content/EngineMaterials/Substrate/GLints/dict_16_192_64_0p5_0p02_0063_0007.uasset" 7070
"../../../Engine/Content/EngineMaterials/Substrate/GLints/dict_16_192_64_0p5_0p02_0063_0008.uasset" 7071
"../../../Engine/Content/EngineMaterials/Substrate/GLints/dict_16_192_64_0p5_0p02_0063_0001.uasset" 7072
"../../../Engine/Content/EngineMaterials/Substrate/Glints2/dict_0000_0001.uasset" 7073
"../../../Engine/Content/EngineMaterials/Substrate/GLints/dict_16_192_64_0p5_0p02_0062_0014.uasset" 7074
"../../../Engine/Content/EngineMaterials/Substrate/GLints/dict_16_192_64_0p5_0p02_0063_0010.uasset" 7075
"../../../Engine/Content/EngineMaterials/Substrate/Glints2/dict_0000_0009.uasset" 7076
"../../../Engine/Content/EngineMaterials/Substrate/GLints/dict_16_192_64_0p5_0p02_0063_0013.uasset" 7077
"../../../Engine/Content/EngineMaterials/Substrate/GLints/dict_16_192_64_0p5_0p02_0063_0012.uasset" 7078
"../../../Engine/Content/EngineMaterials/Substrate/GLints/dict_16_192_64_0p5_0p02_0063_0014.uasset" 7079
"../../../Engine/Content/EngineMaterials/Substrate/GLints/dict_16_192_64_0p5_0p02_0063_0015.uasset" 7080
"../../../Engine/Content/EngineMaterials/Substrate/Glints2/dict_0000_0003.uasset" 7081
"../../../Engine/Content/EngineMaterials/Substrate/Glints2/dict_0000_0004.uasset" 7082
"../../../Engine/Content/EngineMaterials/Substrate/GLints/AGlintTex2dArray.uasset" 7083
"../../../Engine/Content/EngineMaterials/Substrate/Glints2/dict_0000_0011.uasset" 7084
"../../../Engine/Content/EngineMaterials/Substrate/Glints2/dict_0000_0010.uasset" 7085
"../../../Engine/Content/EngineMaterials/Substrate/Glints2/dict_0000_0002.uasset" 7086
"../../../Engine/Content/EngineMaterials/Substrate/Glints2/dict_0000_0007.uasset" 7087
"/Engine/EngineMaterials/Substrate/Glints2/dict_0000_0009" 7088
"../../../Engine/Content/EngineMaterials/Substrate/Glints2/dict_0000_0012.uasset" 7089
"../../../Engine/Content/EngineMaterials/Substrate/Glints2/dict_0000_0005.uasset" 7090
"/Engine/EngineMaterials/Substrate/Glints2/dict_0000_0004" 7091
"/Engine/EngineMaterials/Substrate/Glints2/dict_0000_0003" 7092
"/Engine/EngineMaterials/Substrate/GLints/dict_16_192_64_0p5_0p02_0063_0011" 7093
"/Engine/EngineMaterials/Substrate/Glints2/dict_0000_0002" 7094
"../../../Engine/Content/EngineMaterials/Substrate/Glints2/dict_0000_0000.uasset" 7095
"../../../Engine/Content/EngineMaterials/Substrate/Glints2/dict_0000_0008.uasset" 7096
"/Engine/EngineMaterials/Substrate/Glints2/dict_0000_0001" 7097
"/Engine/EngineMaterials/Substrate/GLints/dict_16_192_64_0p5_0p02_0063_0010" 7098
"../../../Engine/Content/EngineMaterials/Substrate/Glints2/dict_0000_0006.uasset" 7099
"/Engine/EngineMaterials/Substrate/GLints/dict_16_192_64_0p5_0p02_0063_0009" 7100
"/Engine/EngineMaterials/Substrate/GLints/dict_16_192_64_0p5_0p02_0063_0008" 7101
"/Engine/EngineMaterials/Substrate/GLints/dict_16_192_64_0p5_0p02_0063_0007" 7102
"/Engine/EngineMaterials/Substrate/GLints/dict_16_192_64_0p5_0p02_0063_0006" 7103
"/Engine/EngineMaterials/Substrate/GLints/dict_16_192_64_0p5_0p02_0063_0005" 7104
"/Engine/EngineMaterials/Substrate/GLints/AGlintTex2dArray" 7105
"/Engine/EngineMaterials/Substrate/Glints2/dict_0000_0011" 7106
"/Engine/EngineMaterials/Substrate/Glints2/dict_0000_0010" 7107
"/Engine/EngineMaterials/Substrate/Glints2/dict_0000_0008" 7108
"/Engine/EngineMaterials/Substrate/Glints2/dict_0000_0007" 7109
"/Engine/EngineMaterials/Substrate/Glints2/dict_0000_0006" 7110
"/Engine/EngineMaterials/Substrate/Glints2/dict_0000_0005" 7111
"/Engine/EngineMaterials/Substrate/Glints2/dict_0000_0000" 7112
"/Engine/EngineMaterials/Substrate/Glints2/dict_0000_0012" 7113
"../../../Engine/Content/EngineMaterials/Substrate/Glints2/dict_0000_0028.uasset" 7114
"../../../Engine/Content/EngineMaterials/Substrate/Glints2/dict_0000_0018.uasset" 7115
"../../../Engine/Content/EngineMaterials/Substrate/Glints2/dict_0000_0022.uasset" 7116
"../../../Engine/Content/EngineMaterials/Substrate/Glints2/dict_0000_0027.uasset" 7117
"../../../Engine/Content/EngineMaterials/Substrate/Glints2/dict_0000_0023.uasset" 7118
"../../../Engine/Content/EngineMaterials/Substrate/Glints2/dict_0000_0013.uasset" 7119
"../../../Engine/Content/EngineMaterials/Substrate/Glints2/dict_0000_0025.uasset" 7120
"../../../Engine/Content/EngineMaterials/Substrate/Glints2/dict_0000_0020.uasset" 7121
"../../../Engine/Content/EngineMaterials/Substrate/Glints2/dict_0000_0017.uasset" 7122
"../../../Engine/Content/EngineMaterials/Substrate/Glints2/dict_0000_0016.uasset" 7123
"../../../Engine/Content/EngineMaterials/Substrate/Glints2/dict_0000_0014.uasset" 7124
"/Engine/EngineMaterials/Substrate/Glints2/dict_0000_0028" 7125
"../../../Engine/Content/EngineMaterials/Substrate/Glints2/dict_0000_0030.uasset" 7126
"/Engine/EngineMaterials/Substrate/Glints2/dict_0000_0027" 7127
"../../../Engine/Content/EngineMaterials/Substrate/Glints2/dict_0000_0015.uasset" 7128
"/Engine/EngineMaterials/Substrate/Glints2/dict_0000_0025" 7129
"/Engine/EngineMaterials/Substrate/Glints2/dict_0000_0023" 7130
"../../../Engine/Content/EngineMaterials/Substrate/Glints2/dict_0000_0040.uasset" 7131
"/Engine/EngineMaterials/Substrate/Glints2/dict_0000_0022" 7132
"/Engine/EngineMaterials/Substrate/Glints2/dict_0000_0020" 7133
"/Engine/EngineMaterials/Substrate/Glints2/dict_0000_0018" 7134
"/Engine/EngineMaterials/Substrate/Glints2/dict_0000_0017" 7135
"/Engine/EngineMaterials/Substrate/Glints2/dict_0000_0016" 7136
"/Engine/EngineMaterials/Substrate/Glints2/dict_0000_0014" 7137
"/Engine/EngineMaterials/Substrate/Glints2/dict_0000_0013" 7138
"../../../Engine/Content/EngineMaterials/Substrate/Glints2/dict_0000_0021.uasset" 7139
"../../../Engine/Content/EngineMaterials/Substrate/Glints2/dict_0000_0024.uasset" 7140
"../../../Engine/Content/EngineMaterials/Substrate/Glints2/dict_0000_0019.uasset" 7141
"/Engine/EngineMaterials/Substrate/Glints2/dict_0000_0040" 7142
"/Engine/EngineMaterials/Substrate/Glints2/dict_0000_0030" 7143
"/Engine/EngineMaterials/Substrate/Glints2/dict_0000_0024" 7144
"/Engine/EngineMaterials/Substrate/Glints2/dict_0000_0021" 7145
"/Engine/EngineMaterials/Substrate/Glints2/dict_0000_0015" 7146
"/Engine/EngineMaterials/Substrate/Glints2/dict_0000_0019" 7147
"../../../Engine/Content/EngineMaterials/Substrate/Glints2/dict_0000_0026.uasset" 7148
"/Engine/EngineMaterials/Substrate/Glints2/dict_0000_0026" 7149
"../../../Engine/Content/EngineMaterials/Substrate/Glints2/dict_0000_0041.uasset" 7150
"../../../Engine/Content/EngineMaterials/Substrate/Glints2/dict_0000_0033.uasset" 7151
"../../../Engine/Content/EngineMaterials/Substrate/Glints2/dict_0000_0032.uasset" 7152
"../../../Engine/Content/EngineMaterials/Substrate/Glints2/dict_0000_0034.uasset" 7153
"../../../Engine/Content/EngineMaterials/Substrate/Glints2/dict_0000_0038.uasset" 7154
"../../../Engine/Content/EngineMaterials/Substrate/Glints2/dict_0000_0031.uasset" 7155
"../../../Engine/Content/EngineMaterials/Substrate/Glints2/dict_0000_0047.uasset" 7156
"../../../Engine/Content/EngineMaterials/Substrate/Glints2/dict_0000_0029.uasset" 7157
"../../../Engine/Content/EngineMaterials/Substrate/Glints2/dict_0000_0035.uasset" 7158
"../../../Engine/Content/EngineMaterials/Substrate/Glints2/dict_0000_0043.uasset" 7159
"../../../Engine/Content/EngineMaterials/Substrate/Glints2/dict_0000_0045.uasset" 7160
"../../../Engine/Content/EngineMaterials/Substrate/Glints2/dict_0000_0046.uasset" 7161
"../../../Engine/Content/EngineMaterials/Substrate/Glints2/dict_0000_0037.uasset" 7162
"../../../Engine/Content/EngineMaterials/Substrate/Glints2/dict_0000_0048.uasset" 7163
"../../../Engine/Content/EngineMaterials/Substrate/Glints2/dict_0000_0049.uasset" 7164
"../../../Engine/Content/EngineMaterials/Substrate/Glints2/dict_0000_0050.uasset" 7165
"../../../Engine/Content/EngineMaterials/Substrate/Glints2/dict_0000_0054.uasset" 7166
"../../../Engine/Content/EngineMaterials/Substrate/Glints2/dict_0000_0051.uasset" 7167
"../../../Engine/Content/EngineMaterials/Substrate/Glints2/dict_0000_0053.uasset" 7168
"../../../Engine/Content/EngineMaterials/Substrate/Glints2/dict_0000_0052.uasset" 7169
"/Engine/EngineMaterials/Substrate/Glints2/dict_0000_0038" 7170
"/Engine/EngineMaterials/Substrate/Glints2/dict_0000_0043" 7171
"../../../Engine/Content/EngineMaterials/Substrate/Glints2/dict_0000_0044.uasset" 7172
"../../../Engine/Content/EngineMaterials/Substrate/Glints2/dict_0000_0057.uasset" 7173
"../../../Engine/Content/EngineMaterials/Substrate/Glints2/dict_0000_0036.uasset" 7174
"../../../Engine/Content/EngineMaterials/Substrate/Glints2/dict_0000_0042.uasset" 7175
"/Engine/EngineMaterials/Substrate/Glints2/dict_0000_0041" 7176
"/Engine/EngineMaterials/Substrate/Glints2/dict_0000_0037" 7177
"/Engine/EngineMaterials/Substrate/Glints2/dict_0000_0035" 7178
"../../../Engine/Content/EngineMaterials/Substrate/Glints2/dict_0000_0056.uasset" 7179
"/Engine/EngineMaterials/Substrate/Glints2/dict_0000_0034" 7180
"../../../Engine/Content/EngineMaterials/Substrate/Glints2/dict_0000_0039.uasset" 7181
"/Engine/EngineMaterials/Substrate/Glints2/dict_0000_0033" 7182
"../../../Engine/Content/EngineMaterials/Substrate/Glints2/dict_0000_0055.uasset" 7183
"/Engine/EngineMaterials/Substrate/Glints2/dict_0000_0032" 7184
"../../../Engine/Content/EngineMaterials/Substrate/Glints2/dict_0000_0059.uasset" 7185
"/Engine/EngineMaterials/Substrate/Glints2/dict_0000_0031" 7186
"/Engine/EngineMaterials/Substrate/Glints2/dict_0000_0029" 7187
"../../../Engine/Content/EngineMaterials/Substrate/Glints2/dict_0000_0060.uasset" 7188
"/Engine/EngineMaterials/Substrate/Glints2/dict_0000_0054" 7189
"/Engine/EngineMaterials/Substrate/Glints2/dict_0000_0053" 7190
"/Engine/EngineMaterials/Substrate/Glints2/dict_0000_0052" 7191
"/Engine/EngineMaterials/Substrate/Glints2/dict_0000_0051" 7192
"/Engine/EngineMaterials/Substrate/Glints2/dict_0000_0050" 7193
"../../../Engine/Content/EngineMaterials/Substrate/Glints2/dict_0000_0062.uasset" 7194
"../../../Engine/Content/EngineMaterials/Substrate/Glints2/dict_0000_0061.uasset" 7195
"../../../Engine/Content/EngineMaterials/Substrate/Glints2/dict_0000_0058.uasset" 7196
"/Engine/EngineMaterials/Substrate/Glints2/dict_0000_0049" 7197
"/Engine/EngineMaterials/Substrate/Glints2/dict_0000_0048" 7198
"/Engine/EngineMaterials/Substrate/Glints2/dict_0000_0047" 7199
"/Engine/EngineMaterials/Substrate/Glints2/dict_0000_0046" 7200
"/Engine/EngineMaterials/Substrate/Glints2/dict_0000_0045" 7201
"/Engine/EngineMaterials/Substrate/Glints2/dict_0000_0044" 7202
"/Engine/EngineMaterials/Substrate/Glints2/dict_0000_0042" 7203
"/Engine/EngineMaterials/Substrate/Glints2/dict_0000_0036" 7204
"/Engine/EngineMaterials/Substrate/Glints2/dict_0000_0060" 7205
"/Engine/EngineMaterials/Substrate/Glints2/dict_0000_0059" 7206
"/Engine/EngineMaterials/Substrate/Glints2/dict_0000_0055" 7207
"../../../Engine/Content/EngineMaterials/Substrate/Glints2/dict_0000_0067.uasset" 7208
"/Engine/EngineMaterials/Substrate/Glints2/dict_0000_0062" 7209
"/Engine/EngineMaterials/Substrate/Glints2/dict_0000_0039" 7210
"/Engine/EngineMaterials/Substrate/Glints2/dict_0000_0058" 7211
"/Engine/EngineMaterials/Substrate/Glints2/dict_0000_0057" 7212
"/Engine/EngineMaterials/Substrate/Glints2/dict_0000_0061" 7213
"/Engine/EngineMaterials/Substrate/Glints2/dict_0000_0056" 7214
"/Engine/EngineMaterials/Substrate/Glints2/dict_0000_0067" 7215
"../../../Engine/Content/EngineMaterials/Substrate/Glints2/dict_0000_0068.uasset" 7216
"../../../Engine/Content/EngineMaterials/Substrate/Glints2/dict_0000_0077.uasset" 7217
"../../../Engine/Content/EngineMaterials/Substrate/Glints2/dict_0000_0070.uasset" 7218
"../../../Engine/Content/EngineMaterials/Substrate/Glints2/dict_0000_0075.uasset" 7219
"../../../Engine/Content/EngineMaterials/Substrate/Glints2/dict_0000_0072.uasset" 7220
"../../../Engine/Content/EngineMaterials/Substrate/Glints2/dict_0000_0065.uasset" 7221
"../../../Engine/Content/EngineMaterials/Substrate/Glints2/dict_0000_0080.uasset" 7222
"../../../Engine/Content/EngineMaterials/Substrate/Glints2/dict_0000_0069.uasset" 7223
"../../../Engine/Content/EngineMaterials/Substrate/Glints2/dict_0000_0079.uasset" 7224
"../../../Engine/Content/EngineMaterials/Substrate/Glints2/dict_0000_0064.uasset" 7225
"../../../Engine/Content/EngineMaterials/Substrate/Glints2/dict_0000_0078.uasset" 7226
"../../../Engine/Content/EngineMaterials/Substrate/Glints2/dict_0000_0074.uasset" 7227
"../../../Engine/Content/EngineMaterials/Substrate/Glints2/dict_0000_0063.uasset" 7228
"../../../Engine/Content/EngineMaterials/Substrate/Glints2/dict_0000_0066.uasset" 7229
"../../../Engine/Content/EngineMaterials/Substrate/Glints2/dict_0000_0071.uasset" 7230
"../../../Engine/Content/EngineMaterials/Substrate/Glints2/dict_0000_0073.uasset" 7231
"../../../Engine/Content/EngineMaterials/Substrate/Glints2/dict_0000_0076.uasset" 7232
"/Engine/EngineMaterials/Substrate/Glints2/dict_0000_0080" 7233
"../../../Engine/Content/EngineMaterials/Substrate/Glints2/dict_0000_0090.uasset" 7234
"../../../Engine/Content/EngineMaterials/Substrate/Glints2/dict_0000_0084.uasset" 7235
"../../../Engine/Content/EngineMaterials/Substrate/Glints2/dict_0000_0085.uasset" 7236
"../../../Engine/Content/EngineMaterials/Substrate/Glints2/dict_0000_0082.uasset" 7237
"../../../Engine/Content/EngineMaterials/Substrate/Glints2/dict_0000_0083.uasset" 7238
"/Engine/EngineMaterials/Substrate/Glints2/dict_0000_0079" 7239
"/Engine/EngineMaterials/Substrate/Glints2/dict_0000_0078" 7240
"/Engine/EngineMaterials/Substrate/Glints2/dict_0000_0077" 7241
"/Engine/EngineMaterials/Substrate/Glints2/dict_0000_0076" 7242
"../../../Engine/Content/EngineMaterials/Substrate/Glints2/dict_0000_0081.uasset" 7243
"../../../Engine/Content/EngineMaterials/Substrate/Glints2/dict_0000_0086.uasset" 7244
"../../../Engine/Content/EngineMaterials/Substrate/Glints2/dict_0000_0092.uasset" 7245
"../../../Engine/Content/EngineMaterials/Substrate/Glints2/dict_0000_0095.uasset" 7246
"../../../Engine/Content/EngineMaterials/Substrate/Glints2/dict_0000_0091.uasset" 7247
"/Engine/EngineMaterials/Substrate/Glints2/dict_0000_0075" 7248
"../../../Engine/Content/EngineMaterials/Substrate/Glints2/dict_0000_0093.uasset" 7249
"/Engine/EngineMaterials/Substrate/Glints2/dict_0000_0074" 7250
"/Engine/EngineMaterials/Substrate/Glints2/dict_0000_0073" 7251
"/Engine/EngineMaterials/Substrate/Glints2/dict_0000_0072" 7252
"/Engine/EngineMaterials/Substrate/Glints2/dict_0000_0071" 7253
"/Engine/EngineMaterials/Substrate/Glints2/dict_0000_0070" 7254
"/Engine/EngineMaterials/Substrate/Glints2/dict_0000_0069" 7255
"/Engine/EngineMaterials/Substrate/Glints2/dict_0000_0068" 7256
"/Engine/EngineMaterials/Substrate/Glints2/dict_0000_0066" 7257
"/Engine/EngineMaterials/Substrate/Glints2/dict_0000_0065" 7258
"../../../Engine/Content/EngineMaterials/Substrate/Glints2/dict_0000_0087.uasset" 7259
"../../../Engine/Content/EngineMaterials/Substrate/Glints2/dict_0000_0088.uasset" 7260
"/Engine/EngineMaterials/Substrate/Glints2/dict_0000_0064" 7261
"../../../Engine/Content/EngineMaterials/Substrate/Glints2/dict_0000_0094.uasset" 7262
"/Engine/EngineMaterials/Substrate/Glints2/dict_0000_0063" 7263
"/Engine/EngineMaterials/Substrate/Glints2/dict_0000_0082" 7264
"/Engine/EngineMaterials/Substrate/Glints2/dict_0000_0094" 7265
"../../../Engine/Content/EngineMaterials/Substrate/Glints2/dict_0000_0089.uasset" 7266
"/Engine/EngineMaterials/Substrate/Glints2/dict_0000_0081" 7267
"/Engine/EngineMaterials/Substrate/Glints2/dict_0000_0093" 7268
"/Engine/EngineMaterials/Substrate/Glints2/dict_0000_0092" 7269
"/Engine/EngineMaterials/Substrate/Glints2/dict_0000_0091" 7270
"/Engine/EngineMaterials/Substrate/Glints2/dict_0000_0090" 7271
"/Engine/EngineMaterials/Substrate/Glints2/dict_0000_0088" 7272
"/Engine/EngineMaterials/Substrate/Glints2/dict_0000_0087" 7273
"/Engine/EngineMaterials/Substrate/Glints2/dict_0000_0086" 7274
"/Engine/EngineMaterials/Substrate/Glints2/dict_0000_0085" 7275
"/Engine/EngineMaterials/Substrate/Glints2/dict_0000_0084" 7276
"/Engine/EngineMaterials/Substrate/Glints2/dict_0000_0095" 7277
"/Engine/EngineMaterials/Substrate/Glints2/dict_0000_0083" 7278
"/Engine/EngineMaterials/Substrate/Glints2/dict_0000_0089" 7279
"../../../Engine/Content/EngineMaterials/Substrate/Glints2/dict_0000_0105.uasset" 7280
"../../../Engine/Content/EngineMaterials/Substrate/Glints2/dict_0000_0107.uasset" 7281
"../../../Engine/Content/EngineMaterials/Substrate/Glints2/dict_0000_0112.uasset" 7282
"../../../Engine/Content/EngineMaterials/Substrate/Glints2/dict_0000_0110.uasset" 7283
"../../../Engine/Content/EngineMaterials/Substrate/Glints2/dict_0000_0101.uasset" 7284
"../../../Engine/Content/EngineMaterials/Substrate/Glints2/dict_0000_0099.uasset" 7285
"../../../Engine/Content/EngineMaterials/Substrate/Glints2/dict_0000_0098.uasset" 7286
"../../../Engine/Content/EngineMaterials/Substrate/Glints2/dict_0000_0108.uasset" 7287
"../../../Engine/Content/EngineMaterials/Substrate/Glints2/dict_0000_0109.uasset" 7288
"../../../Engine/Content/EngineMaterials/Substrate/Glints2/dict_0000_0111.uasset" 7289
"../../../Engine/Content/EngineMaterials/Substrate/Glints2/dict_0000_0104.uasset" 7290
"../../../Engine/Content/EngineMaterials/Substrate/Glints2/dict_0000_0120.uasset" 7291
"../../../Engine/Content/EngineMaterials/Substrate/Glints2/dict_0000_0121.uasset" 7292
"../../../Engine/Content/EngineMaterials/Substrate/Glints2/dict_0000_0106.uasset" 7293
"../../../Engine/Content/EngineMaterials/Substrate/Glints2/dict_0000_0097.uasset" 7294
"../../../Engine/Content/EngineMaterials/Substrate/Glints2/dict_0000_0096.uasset" 7295
"../../../Engine/Content/EngineMaterials/Substrate/Glints2/dict_0000_0113.uasset" 7296
"../../../Engine/Content/EngineMaterials/Substrate/Glints2/dict_0000_0100.uasset" 7297
"../../../Engine/Content/EngineMaterials/Substrate/Glints2/dict_0000_0114.uasset" 7298
"../../../Engine/Content/EngineMaterials/Substrate/Glints2/dict_0000_0117.uasset" 7299
"../../../Engine/Content/EngineMaterials/Substrate/Glints2/dict_0000_0116.uasset" 7300
"../../../Engine/Content/EngineMaterials/Substrate/Glints2/dict_0000_0119.uasset" 7301
"../../../Engine/Content/EngineMaterials/Substrate/Glints2/dict_0000_0124.uasset" 7302
"/Engine/EngineMaterials/Substrate/Glints2/dict_0000_0124" 7303
"../../../Engine/Content/EngineMaterials/Substrate/Glints2/dict_0000_0122.uasset" 7304
"../../../Engine/Content/EngineMaterials/Substrate/Glints2/dict_0000_0102.uasset" 7305
"../../../Engine/Content/EngineMaterials/Substrate/Glints2/dict_0000_0125.uasset" 7306
"../../../Engine/Content/EngineMaterials/Substrate/Glints2/dict_0000_0123.uasset" 7307
"/Engine/EngineMaterials/Substrate/Glints2/dict_0000_0112" 7308
"/Engine/EngineMaterials/Substrate/Glints2/dict_0000_0111" 7309
"/Engine/EngineMaterials/Substrate/Glints2/dict_0000_0110" 7310
"/Engine/EngineMaterials/Substrate/Glints2/dict_0000_0109" 7311
"/Engine/EngineMaterials/Substrate/Glints2/dict_0000_0108" 7312
"/Engine/EngineMaterials/Substrate/Glints2/dict_0000_0121" 7313
"../../../Engine/Content/EngineMaterials/Substrate/Glints2/dict_0000_0127.uasset" 7314
"../../../Engine/Content/EngineMaterials/Substrate/Glints2/dict_0000_0115.uasset" 7315
"../../../Engine/Content/EngineMaterials/Substrate/Glints2/dict_0000_0103.uasset" 7316
"../../../Engine/Content/EngineMaterials/Substrate/Glints2/dict_0000_0126.uasset" 7317
"/Engine/EngineMaterials/Substrate/Glints2/dict_0000_0107" 7318
"/Engine/EngineMaterials/Substrate/Glints2/dict_0000_0106" 7319
"/Engine/EngineMaterials/Substrate/Glints2/dict_0000_0120" 7320
"/Engine/EngineMaterials/Substrate/Glints2/dict_0000_0105" 7321
"/Engine/EngineMaterials/Substrate/Glints2/dict_0000_0104" 7322
"/Engine/EngineMaterials/Substrate/Glints2/dict_0000_0119" 7323
"/Engine/EngineMaterials/Substrate/Glints2/dict_0000_0117" 7324
"/Engine/EngineMaterials/Substrate/Glints2/dict_0000_0101" 7325
"/Engine/EngineMaterials/Substrate/Glints2/dict_0000_0116" 7326
"/Engine/EngineMaterials/Substrate/Glints2/dict_0000_0100" 7327
"../../../Engine/Content/EngineMaterials/Substrate/Glints2/dict_0000_0118.uasset" 7328
"/Engine/EngineMaterials/Substrate/Glints2/dict_0000_0114" 7329
"/Engine/EngineMaterials/Substrate/Glints2/dict_0000_0099" 7330
"/Engine/EngineMaterials/Substrate/Glints2/dict_0000_0098" 7331
"/Engine/EngineMaterials/Substrate/Glints2/dict_0000_0113" 7332
"/Engine/EngineMaterials/Substrate/Glints2/dict_0000_0097" 7333
"/Engine/EngineMaterials/Substrate/Glints2/dict_0000_0096" 7334
"/Engine/EngineMaterials/Substrate/Glints2/dict_0000_0126" 7335
"/Engine/EngineMaterials/Substrate/Glints2/dict_0000_0125" 7336
"/Engine/EngineMaterials/Substrate/Glints2/dict_0000_0123" 7337
"/Engine/EngineMaterials/Substrate/Glints2/dict_0000_0122" 7338
"/Engine/EngineMaterials/Substrate/Glints2/dict_0000_0127" 7339
"/Engine/EngineMaterials/Substrate/Glints2/dict_0000_0103" 7340
"/Engine/EngineMaterials/Substrate/Glints2/dict_0000_0118" 7341
"/Engine/EngineMaterials/Substrate/Glints2/dict_0000_0102" 7342
"/Engine/EngineMaterials/Substrate/Glints2/dict_0000_0115" 7343
"../../../Engine/Content/EngineMaterials/Substrate/Glints2/dict_0000_0142.uasset" 7344
"/Engine/EngineMaterials/Substrate/Glints2/dict_0000_0142" 7345
"../../../Engine/Content/EngineMaterials/Substrate/Glints2/dict_0000_0141.uasset" 7346
"../../../Engine/Content/EngineMaterials/Substrate/Glints2/dict_0000_0143.uasset" 7347
"../../../Engine/Content/EngineMaterials/Substrate/Glints2/dict_0000_0135.uasset" 7348
"../../../Engine/Content/EngineMaterials/Substrate/Glints2/dict_0000_0138.uasset" 7349
"../../../Engine/Content/EngineMaterials/Substrate/Glints2/dict_0000_0132.uasset" 7350
"../../../Engine/Content/EngineMaterials/Substrate/Glints2/dict_0000_0136.uasset" 7351
"../../../Engine/Content/EngineMaterials/Substrate/Glints2/dict_0000_0131.uasset" 7352
"../../../Engine/Content/EngineMaterials/Substrate/Glints2/dict_0000_0133.uasset" 7353
"../../../Engine/Content/EngineMaterials/Substrate/Glints2/dict_0000_0140.uasset" 7354
"../../../Engine/Content/EngineMaterials/Substrate/Glints2/dict_0000_0128.uasset" 7355
"../../../Engine/Content/EngineMaterials/Substrate/Glints2/dict_0000_0134.uasset" 7356
"../../../Engine/Content/EngineMaterials/Substrate/Glints2/dict_0000_0130.uasset" 7357
"../../../Engine/Content/EngineMaterials/Substrate/Glints2/dict_0000_0145.uasset" 7358
"../../../Engine/Content/EngineMaterials/Substrate/Glints2/dict_0000_0137.uasset" 7359
"../../../Engine/Content/EngineMaterials/Substrate/Glints2/dict_0000_0139.uasset" 7360
"../../../Engine/Content/EngineMaterials/Substrate/Glints2/dict_0000_0144.uasset" 7361
"/Engine/EngineMaterials/Substrate/Glints2/dict_0000_0145" 7362
"/Engine/EngineMaterials/Substrate/Glints2/dict_0000_0144" 7363
"../../../Engine/Content/EngineMaterials/Substrate/Glints2/dict_0000_0149.uasset" 7364
"../../../Engine/Content/EngineMaterials/Substrate/Glints2/dict_0000_0147.uasset" 7365
"../../../Engine/Content/EngineMaterials/Substrate/Glints2/dict_0000_0148.uasset" 7366
"/Engine/EngineMaterials/Substrate/Glints2/dict_0000_0143" 7367
"../../../Engine/Content/EngineMaterials/Substrate/Glints2/dict_0000_0151.uasset" 7368
"/Engine/EngineMaterials/Substrate/Glints2/dict_0000_0141" 7369
"../../../Engine/Content/EngineMaterials/Substrate/Glints2/dict_0000_0156.uasset" 7370
"../../../Engine/Content/EngineMaterials/Substrate/Glints2/dict_0000_0154.uasset" 7371
"../../../Engine/Content/EngineMaterials/Substrate/Glints2/dict_0000_0155.uasset" 7372
"/Engine/EngineMaterials/Substrate/Glints2/dict_0000_0140" 7373
"/Engine/EngineMaterials/Substrate/Glints2/dict_0000_0139" 7374
"/Engine/EngineMaterials/Substrate/Glints2/dict_0000_0138" 7375
"/Engine/EngineMaterials/Substrate/Glints2/dict_0000_0137" 7376
"../../../Engine/Content/EngineMaterials/Substrate/Glints2/dict_0000_0159.uasset" 7377
"/Engine/EngineMaterials/Substrate/Glints2/dict_0000_0136" 7378
"../../../Engine/Content/EngineMaterials/Substrate/Glints2/dict_0000_0129.uasset" 7379
"../../../Engine/Content/EngineMaterials/Substrate/Glints2/dict_0000_0146.uasset" 7380
"/Engine/EngineMaterials/Substrate/Glints2/dict_0000_0135" 7381
"../../../Engine/Content/EngineMaterials/Substrate/Glints2/dict_0000_0157.uasset" 7382
"../../../Engine/Content/EngineMaterials/Substrate/Glints2/dict_0000_0158.uasset" 7383
"../../../Engine/Content/EngineMaterials/Substrate/Glints2/dict_0000_0160.uasset" 7384
"/Engine/EngineMaterials/Substrate/Glints2/dict_0000_0134" 7385
"/Engine/EngineMaterials/Substrate/Glints2/dict_0000_0133" 7386
"/Engine/EngineMaterials/Substrate/Glints2/dict_0000_0132" 7387
"/Engine/EngineMaterials/Substrate/Glints2/dict_0000_0131" 7388
"/Engine/EngineMaterials/Substrate/Glints2/dict_0000_0130" 7389
"/Engine/EngineMaterials/Substrate/Glints2/dict_0000_0128" 7390
"/Engine/EngineMaterials/Substrate/Glints2/dict_0000_0159" 7391
"../../../Engine/Content/EngineMaterials/Substrate/Glints2/dict_0000_0150.uasset" 7392
"/Engine/EngineMaterials/Substrate/Glints2/dict_0000_0158" 7393
"../../../Engine/Content/EngineMaterials/Substrate/Glints2/dict_0000_0173.uasset" 7394
"../../../Engine/Content/EngineMaterials/Substrate/Glints2/dict_0000_0153.uasset" 7395
"../../../Engine/Content/EngineMaterials/Substrate/Glints2/dict_0000_0152.uasset" 7396
"/Engine/EngineMaterials/Substrate/Glints2/dict_0000_0157" 7397
"/Engine/EngineMaterials/Substrate/Glints2/dict_0000_0149" 7398
"/Engine/EngineMaterials/Substrate/Glints2/dict_0000_0148" 7399
"/Engine/EngineMaterials/Substrate/Glints2/dict_0000_0156" 7400
"/Engine/EngineMaterials/Substrate/Glints2/dict_0000_0147" 7401
"/Engine/EngineMaterials/Substrate/Glints2/dict_0000_0146" 7402
"/Engine/EngineMaterials/Substrate/Glints2/dict_0000_0160" 7403
"/Engine/EngineMaterials/Substrate/Glints2/dict_0000_0155" 7404
"/Engine/EngineMaterials/Substrate/Glints2/dict_0000_0154" 7405
"/Engine/EngineMaterials/Substrate/Glints2/dict_0000_0151" 7406
"/Engine/EngineMaterials/Substrate/Glints2/dict_0000_0129" 7407
"/Engine/EngineMaterials/Substrate/Glints2/dict_0000_0150" 7408
"../../../Engine/Content/EngineMaterials/Substrate/Glints2/dict_0000_0169.uasset" 7409
"../../../Engine/Content/EngineMaterials/Substrate/Glints2/dict_0000_0163.uasset" 7410
"../../../Engine/Content/EngineMaterials/Substrate/Glints2/dict_0000_0170.uasset" 7411
"../../../Engine/Content/EngineMaterials/Substrate/Glints2/dict_0000_0168.uasset" 7412
"/Engine/EngineMaterials/Substrate/Glints2/dict_0000_0173" 7413
"../../../Engine/Content/EngineMaterials/Substrate/Glints2/dict_0000_0162.uasset" 7414
"../../../Engine/Content/EngineMaterials/Substrate/Glints2/dict_0000_0165.uasset" 7415
"../../../Engine/Content/EngineMaterials/Substrate/Glints2/dict_0000_0166.uasset" 7416
"/Engine/EngineMaterials/Substrate/Glints2/dict_0000_0153" 7417
"../../../Engine/Content/EngineMaterials/Substrate/Glints2/dict_0000_0175.uasset" 7418
"../../../Engine/Content/EngineMaterials/Substrate/Glints2/dict_0000_0172.uasset" 7419
"/Engine/EngineMaterials/Substrate/Glints2/dict_0000_0152" 7420
"/Engine/EngineMaterials/Substrate/Glints2/dict_0000_0175" 7421
"../../../Engine/Content/EngineMaterials/Substrate/Glints2/dict_0000_0176.uasset" 7422
"/Engine/EngineMaterials/Substrate/Glints2/dict_0000_0172" 7423
"/Engine/EngineMaterials/Substrate/Glints2/dict_0000_0170" 7424
"../../../Engine/Content/EngineMaterials/Substrate/Glints2/dict_0000_0182.uasset" 7425
"/Engine/EngineMaterials/Substrate/Glints2/dict_0000_0169" 7426
"/Engine/EngineMaterials/Substrate/Glints2/dict_0000_0168" 7427
"../../../Engine/Content/EngineMaterials/Substrate/Glints2/dict_0000_0161.uasset" 7428
"/Engine/EngineMaterials/Substrate/Glints2/dict_0000_0166" 7429
"/Engine/EngineMaterials/Substrate/Glints2/dict_0000_0165" 7430
"/Engine/EngineMaterials/Substrate/Glints2/dict_0000_0163" 7431
"../../../Engine/Content/EngineMaterials/Substrate/Glints2/dict_0000_0174.uasset" 7432
"../../../Engine/Content/EngineMaterials/Substrate/Glints2/dict_0000_0164.uasset" 7433
"/Engine/EngineMaterials/Substrate/Glints2/dict_0000_0162" 7434
"/Engine/EngineMaterials/Substrate/Glints2/dict_0000_0182" 7435
"/Engine/EngineMaterials/Substrate/Glints2/dict_0000_0176" 7436
"/Engine/EngineMaterials/Substrate/Glints2/dict_0000_0174" 7437
"/Engine/EngineMaterials/Substrate/Glints2/dict_0000_0164" 7438
"/Engine/EngineMaterials/Substrate/Glints2/dict_0000_0161" 7439
"../../../Engine/Content/EngineMaterials/Substrate/Glints2/dict_0000_0171.uasset" 7440
"/Engine/EngineMaterials/Substrate/Glints2/dict_0000_0171" 7441
"../../../Engine/Content/EngineMaterials/Substrate/Glints2/dict_0000_0181.uasset" 7442
"../../../Engine/Content/EngineMaterials/Substrate/Glints2/dict_0000_0177.uasset" 7443
"../../../Engine/Content/EngineMaterials/Substrate/Glints2/dict_0000_0184.uasset" 7444
"../../../Engine/Content/EngineMaterials/Substrate/Glints2/dict_0000_0186.uasset" 7445
"../../../Engine/Content/EngineMaterials/Substrate/Glints2/dict_0000_0197.uasset" 7446
"../../../Engine/Content/EngineMaterials/Substrate/Glints2/dict_0000_0183.uasset" 7447
"../../../Engine/Content/EngineMaterials/Substrate/Glints2/dict_0000_0190.uasset" 7448
"../../../Engine/Content/EngineMaterials/Substrate/Glints2/dict_0000_0167.uasset" 7449
"../../../Engine/Content/EngineMaterials/Substrate/Glints2/dict_0000_0189.uasset" 7450
"../../../Engine/Content/EngineMaterials/Substrate/Glints2/dict_0000_0191.uasset" 7451
"../../../Engine/Content/EngineMaterials/Substrate/Glints2/dict_0000_0199.uasset" 7452
"../../../Engine/Content/EngineMaterials/Substrate/Glints2/dict_0000_0187.uasset" 7453
"../../../Engine/Content/EngineMaterials/Substrate/Glints2/dict_0000_0193.uasset" 7454
"../../../Engine/Content/EngineMaterials/Substrate/Glints2/dict_0000_0179.uasset" 7455
"../../../Engine/Content/EngineMaterials/Substrate/Glints2/dict_0000_0207.uasset" 7456
"../../../Engine/Content/EngineMaterials/Substrate/Glints2/dict_0000_0192.uasset" 7457
"../../../Engine/Content/EngineMaterials/Substrate/Glints2/dict_0000_0196.uasset" 7458
"../../../Engine/Content/EngineMaterials/Substrate/Glints2/dict_0000_0178.uasset" 7459
"../../../Engine/Content/EngineMaterials/Substrate/Glints2/dict_0000_0195.uasset" 7460
"/Engine/EngineMaterials/Substrate/Glints2/dict_0000_0189" 7461
"../../../Engine/Content/EngineMaterials/Substrate/Glints2/dict_0000_0206.uasset" 7462
"../../../Engine/Content/EngineMaterials/Substrate/Glints2/dict_0000_0194.uasset" 7463
"../../../Engine/Content/EngineMaterials/Substrate/Glints2/dict_0000_0205.uasset" 7464
"../../../Engine/Content/EngineMaterials/Substrate/Glints2/dict_0000_0200.uasset" 7465
"../../../Engine/Content/EngineMaterials/Substrate/Glints2/dict_0000_0202.uasset" 7466
"/Engine/EngineMaterials/Substrate/Glints2/dict_0000_0193" 7467
"../../../Engine/Content/EngineMaterials/Substrate/Glints2/dict_0000_0208.uasset" 7468
"../../../Engine/Content/EngineMaterials/Substrate/Glints2/dict_0000_0204.uasset" 7469
"/Engine/EngineMaterials/Substrate/Glints2/dict_0000_0187" 7470
"/Engine/EngineMaterials/Substrate/Glints2/dict_0000_0186" 7471
"../../../Engine/Content/EngineMaterials/Substrate/Glints2/dict_0000_0203.uasset" 7472
"/Engine/EngineMaterials/Substrate/Glints2/dict_0000_0184" 7473
"../../../Engine/Content/EngineMaterials/Substrate/Glints2/dict_0000_0198.uasset" 7474
"/Engine/EngineMaterials/Substrate/Glints2/dict_0000_0183" 7475
"/Engine/EngineMaterials/Substrate/Glints2/dict_0000_0207" 7476
"/Engine/EngineMaterials/Substrate/Glints2/dict_0000_0181" 7477
"/Engine/EngineMaterials/Substrate/Glints2/dict_0000_0192" 7478
"/Engine/EngineMaterials/Substrate/Glints2/dict_0000_0179" 7479
"/Engine/EngineMaterials/Substrate/Glints2/dict_0000_0191" 7480
"../../../Engine/Content/EngineMaterials/Substrate/Glints2/dict_0000_0185.uasset" 7481
"../../../Engine/Content/EngineMaterials/Substrate/Glints2/dict_0000_0180.uasset" 7482
"../../../Engine/Content/EngineMaterials/Substrate/Glints2/dict_0000_0201.uasset" 7483
"../../../Engine/Content/EngineMaterials/Substrate/Glints2/dict_0000_0188.uasset" 7484
"/Engine/EngineMaterials/Substrate/Glints2/dict_0000_0199" 7485
"/Engine/EngineMaterials/Substrate/Glints2/dict_0000_0190" 7486
"/Engine/EngineMaterials/Substrate/Glints2/dict_0000_0167" 7487
"/Engine/EngineMaterials/Substrate/Glints2/dict_0000_0197" 7488
"/Engine/EngineMaterials/Substrate/Glints2/dict_0000_0178" 7489
"/Engine/EngineMaterials/Substrate/Glints2/dict_0000_0196" 7490
"/Engine/EngineMaterials/Substrate/Glints2/dict_0000_0195" 7491
"/Engine/EngineMaterials/Substrate/Glints2/dict_0000_0177" 7492
"/Engine/EngineMaterials/Substrate/Glints2/dict_0000_0188" 7493
"/Engine/EngineMaterials/Substrate/Glints2/dict_0000_0185" 7494
"../../../Engine/Content/EngineMaterials/Substrate/Glints2/dict_0000_0224.uasset" 7495
"/Engine/EngineMaterials/Substrate/Glints2/dict_0000_0206" 7496
"/Engine/EngineMaterials/Substrate/Glints2/dict_0000_0202" 7497
"/Engine/EngineMaterials/Substrate/Glints2/dict_0000_0205" 7498
"/Engine/EngineMaterials/Substrate/Glints2/dict_0000_0201" 7499
"/Engine/EngineMaterials/Substrate/Glints2/dict_0000_0180" 7500
"/Engine/EngineMaterials/Substrate/Glints2/dict_0000_0208" 7501
"/Engine/EngineMaterials/Substrate/Glints2/dict_0000_0200" 7502
"/Engine/EngineMaterials/Substrate/Glints2/dict_0000_0198" 7503
"/Engine/EngineMaterials/Substrate/Glints2/dict_0000_0204" 7504
"../../../Engine/Content/EngineMaterials/Substrate/Glints2/dict_0000_0219.uasset" 7505
"../../../Engine/Content/EngineMaterials/Substrate/Glints2/dict_0000_0226.uasset" 7506
"../../../Engine/Content/EngineMaterials/Substrate/Glints2/dict_0000_0215.uasset" 7507
"../../../Engine/Content/EngineMaterials/Substrate/Glints2/dict_0000_0223.uasset" 7508
"../../../Engine/Content/EngineMaterials/Substrate/Glints2/dict_0000_0218.uasset" 7509
"/Engine/EngineMaterials/Substrate/Glints2/dict_0000_0194" 7510
"../../../Engine/Content/EngineMaterials/Substrate/Glints2/dict_0000_0222.uasset" 7511
"/Engine/EngineMaterials/Substrate/Glints2/dict_0000_0203" 7512
"../../../Engine/Content/EngineMaterials/Substrate/Glints2/dict_0000_0220.uasset" 7513
"/Engine/EngineMaterials/Substrate/Glints2/dict_0000_0226" 7514
"../../../Engine/Content/EngineMaterials/Substrate/Glints2/dict_0000_0216.uasset" 7515
"/Engine/EngineMaterials/Substrate/Glints2/dict_0000_0224" 7516
"../../../Engine/Content/EngineMaterials/Substrate/Glints2/dict_0000_0212.uasset" 7517
"../../../Engine/Content/EngineMaterials/Substrate/Glints2/dict_0000_0209.uasset" 7518
"../../../Engine/Content/EngineMaterials/Substrate/Glints2/dict_0000_0211.uasset" 7519
"../../../Engine/Content/EngineMaterials/Substrate/Glints2/dict_0000_0213.uasset" 7520
"/Engine/EngineMaterials/Substrate/Glints2/dict_0000_0223" 7521
"/Engine/EngineMaterials/Substrate/Glints2/dict_0000_0222" 7522
"/Engine/EngineMaterials/Substrate/Glints2/dict_0000_0219" 7523
"/Engine/EngineMaterials/Substrate/Glints2/dict_0000_0218" 7524
"/Engine/EngineMaterials/Substrate/Glints2/dict_0000_0215" 7525
"/Engine/EngineMaterials/Substrate/Glints2/dict_0000_0220" 7526
"/Engine/EngineMaterials/Substrate/Glints2/dict_0000_0216" 7527
"/Engine/EngineMaterials/Substrate/Glints2/dict_0000_0213" 7528
"/Engine/EngineMaterials/Substrate/Glints2/dict_0000_0212" 7529
"/Engine/EngineMaterials/Substrate/Glints2/dict_0000_0211" 7530
"/Engine/EngineMaterials/Substrate/Glints2/dict_0000_0209" 7531
"../../../Engine/Content/EngineMaterials/Substrate/Glints2/dict_0000_0214.uasset" 7532
"../../../Engine/Content/EngineMaterials/Substrate/Glints2/dict_0000_0225.uasset" 7533
"../../../Engine/Content/EngineMaterials/Substrate/Glints2/dict_0000_0217.uasset" 7534
"../../../Engine/Content/EngineMaterials/Substrate/Glints2/dict_0000_0221.uasset" 7535
"../../../Engine/Content/EngineMaterials/Substrate/Glints2/dict_0000_0231.uasset" 7536
"../../../Engine/Content/EngineMaterials/Substrate/Glints2/dict_0000_0233.uasset" 7537
"../../../Engine/Content/EngineMaterials/Substrate/Glints2/dict_0000_0228.uasset" 7538
"../../../Engine/Content/EngineMaterials/Substrate/Glints2/dict_0000_0239.uasset" 7539
"../../../Engine/Content/EngineMaterials/Substrate/Glints2/dict_0000_0230.uasset" 7540
"../../../Engine/Content/EngineMaterials/Substrate/Glints2/dict_0000_0238.uasset" 7541
"../../../Engine/Content/EngineMaterials/Substrate/Glints2/dict_0000_0236.uasset" 7542
"../../../Engine/Content/EngineMaterials/Substrate/Glints2/dict_0000_0237.uasset" 7543
"../../../Engine/Content/EngineMaterials/Substrate/Glints2/dict_0000_0248.uasset" 7544
"../../../Engine/Content/EngineMaterials/Substrate/Glints2/dict_0000_0229.uasset" 7545
"../../../Engine/Content/EngineMaterials/Substrate/Glints2/dict_0000_0227.uasset" 7546
"../../../Engine/Content/EngineMaterials/Substrate/Glints2/dict_0000_0210.uasset" 7547
"../../../Engine/Content/EngineMaterials/Substrate/Glints2/dict_0000_0242.uasset" 7548
"../../../Engine/Content/EngineMaterials/Substrate/Glints2/dict_0000_0241.uasset" 7549
"../../../Engine/Content/EngineMaterials/Substrate/Glints2/dict_0000_0246.uasset" 7550
"/Engine/EngineMaterials/Substrate/Glints2/dict_0000_0227" 7551
"../../../Engine/Content/EngineMaterials/Substrate/Glints2/dict_0000_0234.uasset" 7552
"../../../Engine/Content/EngineMaterials/Substrate/Glints2/dict_0000_0232.uasset" 7553
"/Engine/EngineMaterials/Substrate/Glints2/dict_0000_0225" 7554
"/Engine/EngineMaterials/Substrate/Glints2/dict_0000_0246" 7555
"/Engine/EngineMaterials/Substrate/Glints2/dict_0000_0239" 7556
"../../../Engine/Content/EngineMaterials/Substrate/Glints2/dict_0000_0250.uasset" 7557
"../../../Engine/Content/EngineMaterials/Substrate/Glints2/dict_0000_0249.uasset" 7558
"../../../Engine/Content/EngineMaterials/Substrate/Glints2/dict_0000_0235.uasset" 7559
"../../../Engine/Content/EngineMaterials/Substrate/Glints2/dict_0000_0243.uasset" 7560
"/Engine/EngineMaterials/Substrate/Glints2/dict_0000_0221" 7561
"/Engine/EngineMaterials/Substrate/Glints2/dict_0000_0238" 7562
"/Engine/EngineMaterials/Substrate/Glints2/dict_0000_0237" 7563
"/Engine/EngineMaterials/Substrate/Glints2/dict_0000_0236" 7564
"/Engine/EngineMaterials/Substrate/Glints2/dict_0000_0233" 7565
"/Engine/EngineMaterials/Substrate/Glints2/dict_0000_0242" 7566
"/Engine/EngineMaterials/Substrate/Glints2/dict_0000_0217" 7567
"/Engine/EngineMaterials/Substrate/Glints2/dict_0000_0241" 7568
"../../../Engine/Content/EngineMaterials/Substrate/Glints2/dict_0000_0245.uasset" 7569
"../../../Engine/Content/EngineMaterials/Substrate/Glints2/dict_0000_0244.uasset" 7570
"../../../Engine/Content/EngineMaterials/Substrate/Glints2/dict_0000_0252.uasset" 7571
"../../../Engine/Content/EngineMaterials/Substrate/Glints2/dict_0000_0251.uasset" 7572
"../../../Engine/Content/EngineMaterials/Substrate/Glints2/dict_0000_0247.uasset" 7573
"../../../Engine/Content/EngineMaterials/Substrate/Glints2/dict_0000_0253.uasset" 7574
"/Engine/EngineMaterials/Substrate/Glints2/dict_0000_0231" 7575
"../../../Engine/Content/EngineMaterials/Substrate/Glints2/dict_0000_0240.uasset" 7576
"/Engine/EngineMaterials/Substrate/Glints2/dict_0000_0214" 7577
"/Engine/EngineMaterials/Substrate/Glints2/dict_0000_0230" 7578
"/Engine/EngineMaterials/Substrate/Glints2/dict_0000_0210" 7579
"/Engine/EngineMaterials/Substrate/Glints2/dict_0000_0229" 7580
"/Engine/EngineMaterials/Substrate/Glints2/dict_0000_0248" 7581
"/Engine/EngineMaterials/Substrate/Glints2/dict_0000_0228" 7582
"/Engine/EngineMaterials/Substrate/Glints2/dict_0000_0240" 7583
"/Engine/EngineMaterials/Substrate/Glints2/dict_0000_0247" 7584
"/Engine/EngineMaterials/Substrate/Glints2/dict_0000_0245" 7585
"/Engine/EngineMaterials/Substrate/Glints2/dict_0000_0244" 7586
"/Engine/EngineMaterials/Substrate/Glints2/dict_0000_0253" 7587
"/Engine/EngineMaterials/Substrate/Glints2/dict_0000_0243" 7588
"/Engine/EngineMaterials/Substrate/Glints2/dict_0000_0235" 7589
"/Engine/EngineMaterials/Substrate/Glints2/dict_0000_0234" 7590
"/Engine/EngineMaterials/Substrate/Glints2/dict_0000_0232" 7591
"/Engine/EngineMaterials/Substrate/Glints2/dict_0000_0252" 7592
"/Engine/EngineMaterials/Substrate/Glints2/dict_0000_0251" 7593
"/Engine/EngineMaterials/Substrate/Glints2/dict_0000_0250" 7594
"/Engine/EngineMaterials/Substrate/Glints2/dict_0000_0249" 7595
"../../../Engine/Content/EngineMaterials/Substrate/Glints2/dict_0001_0008.uasset" 7596
"../../../Engine/Content/EngineMaterials/Substrate/Glints2/dict_0001_0015.uasset" 7597
"../../../Engine/Content/EngineMaterials/Substrate/Glints2/dict_0001_0011.uasset" 7598
"../../../Engine/Content/EngineMaterials/Substrate/Glints2/dict_0001_0005.uasset" 7599
"../../../Engine/Content/EngineMaterials/Substrate/Glints2/dict_0001_0002.uasset" 7600
"../../../Engine/Content/EngineMaterials/Substrate/Glints2/dict_0001_0010.uasset" 7601
"../../../Engine/Content/EngineMaterials/Substrate/Glints2/dict_0000_0255.uasset" 7602
"../../../Engine/Content/EngineMaterials/Substrate/Glints2/dict_0001_0022.uasset" 7603
"../../../Engine/Content/EngineMaterials/Substrate/Glints2/dict_0001_0014.uasset" 7604
"../../../Engine/Content/EngineMaterials/Substrate/Glints2/dict_0001_0009.uasset" 7605
"../../../Engine/Content/EngineMaterials/Substrate/Glints2/dict_0001_0001.uasset" 7606
"../../../Engine/Content/EngineMaterials/Substrate/Glints2/dict_0001_0000.uasset" 7607
"../../../Engine/Content/EngineMaterials/Substrate/Glints2/dict_0000_0254.uasset" 7608
"../../../Engine/Content/EngineMaterials/Substrate/Glints2/dict_0001_0003.uasset" 7609
"../../../Engine/Content/EngineMaterials/Substrate/Glints2/dict_0001_0006.uasset" 7610
"../../../Engine/Content/EngineMaterials/Substrate/Glints2/dict_0001_0004.uasset" 7611
"../../../Engine/Content/EngineMaterials/Substrate/Glints2/dict_0001_0019.uasset" 7612
"../../../Engine/Content/EngineMaterials/Substrate/Glints2/dict_0001_0020.uasset" 7613
"../../../Engine/Content/EngineMaterials/Substrate/Glints2/dict_0001_0018.uasset" 7614
"../../../Engine/Content/EngineMaterials/Substrate/Glints2/dict_0001_0007.uasset" 7615
"/Engine/EngineMaterials/Substrate/Glints2/dict_0001_0015" 7616
"../../../Engine/Content/EngineMaterials/Substrate/Glints2/dict_0001_0023.uasset" 7617
"../../../Engine/Content/EngineMaterials/Substrate/Glints2/dict_0001_0024.uasset" 7618
"../../../Engine/Content/EngineMaterials/Substrate/Glints2/dict_0001_0017.uasset" 7619
"/Engine/EngineMaterials/Substrate/Glints2/dict_0001_0014" 7620
"/Engine/EngineMaterials/Substrate/Glints2/dict_0001_0011" 7621
"../../../Engine/Content/EngineMaterials/Substrate/Glints2/dict_0001_0025.uasset" 7622
"../../../Engine/Content/EngineMaterials/Substrate/Glints2/dict_0001_0013.uasset" 7623
"/Engine/EngineMaterials/Substrate/Glints2/dict_0001_0010" 7624
"/Engine/EngineMaterials/Substrate/Glints2/dict_0001_0009" 7625
"/Engine/EngineMaterials/Substrate/Glints2/dict_0001_0022" 7626
"/Engine/EngineMaterials/Substrate/Glints2/dict_0001_0008" 7627
"../../../Engine/Content/EngineMaterials/Substrate/Glints2/dict_0001_0029.uasset" 7628
"../../../Engine/Content/EngineMaterials/Substrate/Glints2/dict_0001_0012.uasset" 7629
"/Engine/EngineMaterials/Substrate/Glints2/dict_0001_0006" 7630
"../../../Engine/Content/EngineMaterials/Substrate/Glints2/dict_0001_0028.uasset" 7631
"/Engine/EngineMaterials/Substrate/Glints2/dict_0001_0020" 7632
"/Engine/EngineMaterials/Substrate/Glints2/dict_0001_0005" 7633
"../../../Engine/Content/EngineMaterials/Substrate/Glints2/dict_0001_0016.uasset" 7634
"/Engine/EngineMaterials/Substrate/Glints2/dict_0001_0004" 7635
"/Engine/EngineMaterials/Substrate/Glints2/dict_0001_0003" 7636
"/Engine/EngineMaterials/Substrate/Glints2/dict_0001_0019" 7637
"/Engine/EngineMaterials/Substrate/Glints2/dict_0001_0018" 7638
"/Engine/EngineMaterials/Substrate/Glints2/dict_0001_0002" 7639
"/Engine/EngineMaterials/Substrate/Glints2/dict_0001_0001" 7640
"../../../Engine/Content/EngineMaterials/Substrate/Glints2/dict_0001_0027.uasset" 7641
"/Engine/EngineMaterials/Substrate/Glints2/dict_0001_0000" 7642
"../../../Engine/Content/EngineMaterials/Substrate/Glints2/dict_0001_0021.uasset" 7643
"/Engine/EngineMaterials/Substrate/Glints2/dict_0000_0255" 7644
"../../../Engine/Content/EngineMaterials/Substrate/Glints2/dict_0001_0026.uasset" 7645
"/Engine/EngineMaterials/Substrate/Glints2/dict_0000_0254" 7646
"/Engine/EngineMaterials/Substrate/Glints2/dict_0001_0016" 7647
"/Engine/EngineMaterials/Substrate/Glints2/dict_0001_0029" 7648
"/Engine/EngineMaterials/Substrate/Glints2/dict_0001_0028" 7649
"/Engine/EngineMaterials/Substrate/Glints2/dict_0001_0013" 7650
"/Engine/EngineMaterials/Substrate/Glints2/dict_0001_0027" 7651
"/Engine/EngineMaterials/Substrate/Glints2/dict_0001_0026" 7652
"/Engine/EngineMaterials/Substrate/Glints2/dict_0001_0012" 7653
"/Engine/EngineMaterials/Substrate/Glints2/dict_0001_0025" 7654
"/Engine/EngineMaterials/Substrate/Glints2/dict_0001_0024" 7655
"/Engine/EngineMaterials/Substrate/Glints2/dict_0001_0023" 7656
"/Engine/EngineMaterials/Substrate/Glints2/dict_0001_0021" 7657
"/Engine/EngineMaterials/Substrate/Glints2/dict_0001_0007" 7658
"/Engine/EngineMaterials/Substrate/Glints2/dict_0001_0017" 7659
"../../../Engine/Content/EngineMaterials/Substrate/Glints2/dict_0001_0035.uasset" 7660
"../../../Engine/Content/EngineMaterials/Substrate/Glints2/dict_0001_0044.uasset" 7661
"../../../Engine/Content/EngineMaterials/Substrate/Glints2/dict_0001_0043.uasset" 7662
"../../../Engine/Content/EngineMaterials/Substrate/Glints2/dict_0001_0042.uasset" 7663
"../../../Engine/Content/EngineMaterials/Substrate/Glints2/dict_0001_0039.uasset" 7664
"../../../Engine/Content/EngineMaterials/Substrate/Glints2/dict_0001_0034.uasset" 7665
"../../../Engine/Content/EngineMaterials/Substrate/Glints2/dict_0001_0040.uasset" 7666
"../../../Engine/Content/EngineMaterials/Substrate/Glints2/dict_0001_0045.uasset" 7667
"../../../Engine/Content/EngineMaterials/Substrate/Glints2/dict_0001_0047.uasset" 7668
"../../../Engine/Content/EngineMaterials/Substrate/Glints2/dict_0001_0032.uasset" 7669
"../../../Engine/Content/EngineMaterials/Substrate/Glints2/dict_0001_0031.uasset" 7670
"../../../Engine/Content/EngineMaterials/Substrate/Glints2/dict_0001_0030.uasset" 7671
"../../../Engine/Content/EngineMaterials/Substrate/Glints2/dict_0001_0037.uasset" 7672
"../../../Engine/Content/EngineMaterials/Substrate/Glints2/dict_0001_0038.uasset" 7673
"../../../Engine/Content/EngineMaterials/Substrate/Glints2/dict_0001_0041.uasset" 7674
"../../../Engine/Content/EngineMaterials/Substrate/Glints2/dict_0001_0036.uasset" 7675
"../../../Engine/Content/EngineMaterials/Substrate/Glints2/dict_0001_0048.uasset" 7676
"../../../Engine/Content/EngineMaterials/Substrate/Glints2/dict_0001_0033.uasset" 7677
"../../../Engine/Content/EngineMaterials/Substrate/Glints2/dict_0001_0051.uasset" 7678
"../../../Engine/Content/EngineMaterials/Substrate/Glints2/dict_0001_0046.uasset" 7679
"../../../Engine/Content/EngineMaterials/Substrate/Glints2/dict_0001_0058.uasset" 7680
"/Engine/EngineMaterials/Substrate/Glints2/dict_0001_0048" 7681
"../../../Engine/Content/EngineMaterials/Substrate/Glints2/dict_0001_0057.uasset" 7682
"../../../Engine/Content/EngineMaterials/Substrate/Glints2/dict_0001_0055.uasset" 7683
"/Engine/EngineMaterials/Substrate/Glints2/dict_0001_0047" 7684
"/Engine/EngineMaterials/Substrate/Glints2/dict_0001_0045" 7685
"/Engine/EngineMaterials/Substrate/Glints2/dict_0001_0044" 7686
"../../../Engine/Content/EngineMaterials/Substrate/Glints2/dict_0001_0056.uasset" 7687
"/Engine/EngineMaterials/Substrate/Glints2/dict_0001_0043" 7688
"/Engine/EngineMaterials/Substrate/Glints2/dict_0001_0042" 7689
"/Engine/EngineMaterials/Substrate/Glints2/dict_0001_0041" 7690
"/Engine/EngineMaterials/Substrate/Glints2/dict_0001_0040" 7691
"/Engine/EngineMaterials/Substrate/Glints2/dict_0001_0039" 7692
"/Engine/EngineMaterials/Substrate/Glints2/dict_0001_0038" 7693
"/Engine/EngineMaterials/Substrate/Glints2/dict_0001_0037" 7694
"../../../Engine/Content/EngineMaterials/Substrate/Glints2/dict_0001_0061.uasset" 7695
"../../../Engine/Content/EngineMaterials/Substrate/Glints2/dict_0001_0054.uasset" 7696
"../../../Engine/Content/EngineMaterials/Substrate/Glints2/dict_0001_0050.uasset" 7697
"/Engine/EngineMaterials/Substrate/Glints2/dict_0001_0036" 7698
"../../../Engine/Content/EngineMaterials/Substrate/Glints2/dict_0001_0059.uasset" 7699
"../../../Engine/Content/EngineMaterials/Substrate/Glints2/dict_0001_0049.uasset" 7700
"/Engine/EngineMaterials/Substrate/Glints2/dict_0001_0035" 7701
"/Engine/EngineMaterials/Substrate/Glints2/dict_0001_0034" 7702
"../../../Engine/Content/EngineMaterials/Substrate/Glints2/dict_0001_0060.uasset" 7703
"../../../Engine/Content/EngineMaterials/Substrate/Glints2/dict_0001_0053.uasset" 7704
"../../../Engine/Content/EngineMaterials/Substrate/Glints2/dict_0001_0052.uasset" 7705
"/Engine/EngineMaterials/Substrate/Glints2/dict_0001_0033" 7706
"/Engine/EngineMaterials/Substrate/Glints2/dict_0001_0032" 7707
"/Engine/EngineMaterials/Substrate/Glints2/dict_0001_0031" 7708
"/Engine/EngineMaterials/Substrate/Glints2/dict_0001_0030" 7709
"/Engine/EngineMaterials/Substrate/Glints2/dict_0001_0061" 7710
"/Engine/EngineMaterials/Substrate/Glints2/dict_0001_0060" 7711
"/Engine/EngineMaterials/Substrate/Glints2/dict_0001_0059" 7712
"/Engine/EngineMaterials/Substrate/Glints2/dict_0001_0058" 7713
"/Engine/EngineMaterials/Substrate/Glints2/dict_0001_0057" 7714
"/Engine/EngineMaterials/Substrate/Glints2/dict_0001_0056" 7715
"/Engine/EngineMaterials/Substrate/Glints2/dict_0001_0055" 7716
"/Engine/EngineMaterials/Substrate/Glints2/dict_0001_0046" 7717
"/Engine/EngineMaterials/Substrate/Glints2/dict_0001_0054" 7718
"/Engine/EngineMaterials/Substrate/Glints2/dict_0001_0053" 7719
"/Engine/EngineMaterials/Substrate/Glints2/dict_0001_0052" 7720
"/Engine/EngineMaterials/Substrate/Glints2/dict_0001_0051" 7721
"/Engine/EngineMaterials/Substrate/Glints2/dict_0001_0050" 7722
"/Engine/EngineMaterials/Substrate/Glints2/dict_0001_0049" 7723
"../../../Engine/Content/EngineMaterials/Substrate/Glints2/dict_0001_0063.uasset" 7724
"../../../Engine/Content/EngineMaterials/Substrate/Glints2/dict_0001_0064.uasset" 7725
"../../../Engine/Content/EngineMaterials/Substrate/Glints2/dict_0001_0062.uasset" 7726
"../../../Engine/Content/EngineMaterials/Substrate/Glints2/dict_0001_0068.uasset" 7727
"../../../Engine/Content/EngineMaterials/Substrate/Glints2/dict_0001_0073.uasset" 7728
"../../../Engine/Content/EngineMaterials/Substrate/Glints2/dict_0001_0074.uasset" 7729
"../../../Engine/Content/EngineMaterials/Substrate/Glints2/dict_0001_0077.uasset" 7730
"../../../Engine/Content/EngineMaterials/Substrate/Glints2/dict_0001_0066.uasset" 7731
"../../../Engine/Content/EngineMaterials/Substrate/Glints2/dict_0001_0067.uasset" 7732
"../../../Engine/Content/EngineMaterials/Substrate/Glints2/dict_0001_0071.uasset" 7733
"../../../Engine/Content/EngineMaterials/Substrate/Glints2/dict_0001_0079.uasset" 7734
"../../../Engine/Content/EngineMaterials/Substrate/Glints2/dict_0001_0070.uasset" 7735
"../../../Engine/Content/EngineMaterials/Substrate/Glints2/dict_0001_0069.uasset" 7736
"../../../Engine/Content/EngineMaterials/Substrate/Glints2/dict_0001_0075.uasset" 7737
"../../../Engine/Content/EngineMaterials/Substrate/Glints2/dict_0001_0076.uasset" 7738
"../../../Engine/Content/EngineMaterials/Substrate/Glints2/dict_0001_0065.uasset" 7739
"../../../Engine/Content/EngineMaterials/Substrate/Glints2/dict_0001_0085.uasset" 7740
"../../../Engine/Content/EngineMaterials/Substrate/Glints2/dict_0001_0081.uasset" 7741
"../../../Engine/Content/EngineMaterials/Substrate/Glints2/dict_0001_0088.uasset" 7742
"../../../Engine/Content/EngineMaterials/Substrate/Glints2/dict_0001_0087.uasset" 7743
"../../../Engine/Content/EngineMaterials/Substrate/Glints2/dict_0001_0083.uasset" 7744
"/Engine/EngineMaterials/Substrate/Glints2/dict_0001_0079" 7745
"../../../Engine/Content/EngineMaterials/Substrate/Glints2/dict_0001_0086.uasset" 7746
"../../../Engine/Content/EngineMaterials/Substrate/Glints2/dict_0001_0082.uasset" 7747
"/Engine/EngineMaterials/Substrate/Glints2/dict_0001_0087" 7748
"/Engine/EngineMaterials/Substrate/Glints2/dict_0001_0077" 7749
"/Engine/EngineMaterials/Substrate/Glints2/dict_0001_0076" 7750
"/Engine/EngineMaterials/Substrate/Glints2/dict_0001_0085" 7751
"/Engine/EngineMaterials/Substrate/Glints2/dict_0001_0083" 7752
"/Engine/EngineMaterials/Substrate/Glints2/dict_0001_0075" 7753
"/Engine/EngineMaterials/Substrate/Glints2/dict_0001_0074" 7754
"/Engine/EngineMaterials/Substrate/Glints2/dict_0001_0081" 7755
"../../../Engine/Content/EngineMaterials/Substrate/Glints2/dict_0001_0089.uasset" 7756
"../../../Engine/Content/EngineMaterials/Substrate/Glints2/dict_0001_0093.uasset" 7757
"../../../Engine/Content/EngineMaterials/Substrate/Glints2/dict_0001_0091.uasset" 7758
"../../../Engine/Content/EngineMaterials/Substrate/Glints2/dict_0001_0090.uasset" 7759
"../../../Engine/Content/EngineMaterials/Substrate/Glints2/dict_0001_0072.uasset" 7760
"../../../Engine/Content/EngineMaterials/Substrate/Glints2/dict_0001_0084.uasset" 7761
"/Engine/EngineMaterials/Substrate/Glints2/dict_0001_0073" 7762
"../../../Engine/Content/EngineMaterials/Substrate/Glints2/dict_0001_0092.uasset" 7763
"/Engine/EngineMaterials/Substrate/Glints2/dict_0001_0071" 7764
"/Engine/EngineMaterials/Substrate/Glints2/dict_0001_0070" 7765
"/Engine/EngineMaterials/Substrate/Glints2/dict_0001_0069" 7766
"../../../Engine/Content/EngineMaterials/Substrate/Glints2/dict_0001_0078.uasset" 7767
"/Engine/EngineMaterials/Substrate/Glints2/dict_0001_0068" 7768
"../../../Engine/Content/EngineMaterials/Substrate/Glints2/dict_0001_0080.uasset" 7769
"/Engine/EngineMaterials/Substrate/Glints2/dict_0001_0067" 7770
"/Engine/EngineMaterials/Substrate/Glints2/dict_0001_0066" 7771
"/Engine/EngineMaterials/Substrate/Glints2/dict_0001_0065" 7772
"/Engine/EngineMaterials/Substrate/Glints2/dict_0001_0064" 7773
"/Engine/EngineMaterials/Substrate/Glints2/dict_0001_0063" 7774
"/Engine/EngineMaterials/Substrate/Glints2/dict_0001_0062" 7775
"/Engine/EngineMaterials/Substrate/Glints2/dict_0001_0093" 7776
"/Engine/EngineMaterials/Substrate/Glints2/dict_0001_0092" 7777
"/Engine/EngineMaterials/Substrate/Glints2/dict_0001_0091" 7778
"/Engine/EngineMaterials/Substrate/Glints2/dict_0001_0078" 7779
"/Engine/EngineMaterials/Substrate/Glints2/dict_0001_0090" 7780
"/Engine/EngineMaterials/Substrate/Glints2/dict_0001_0089" 7781
"/Engine/EngineMaterials/Substrate/Glints2/dict_0001_0088" 7782
"/Engine/EngineMaterials/Substrate/Glints2/dict_0001_0086" 7783
"/Engine/EngineMaterials/Substrate/Glints2/dict_0001_0084" 7784
"../../../Engine/Content/EngineMaterials/Substrate/Glints2/dict_0001_0108.uasset" 7785
"/Engine/EngineMaterials/Substrate/Glints2/dict_0001_0082" 7786
"/Engine/EngineMaterials/Substrate/Glints2/dict_0001_0072" 7787
"/Engine/EngineMaterials/Substrate/Glints2/dict_0001_0080" 7788
"/Engine/EngineMaterials/Substrate/Glints2/dict_0001_0108" 7789
"../../../Engine/Content/EngineMaterials/Substrate/Glints2/dict_0001_0096.uasset" 7790
"../../../Engine/Content/EngineMaterials/Substrate/Glints2/dict_0001_0105.uasset" 7791
"../../../Engine/Content/EngineMaterials/Substrate/Glints2/dict_0001_0103.uasset" 7792
"../../../Engine/Content/EngineMaterials/Substrate/Glints2/dict_0001_0098.uasset" 7793
"../../../Engine/Content/EngineMaterials/Substrate/Glints2/dict_0001_0112.uasset" 7794
"../../../Engine/Content/EngineMaterials/Substrate/Glints2/dict_0001_0095.uasset" 7795
"../../../Engine/Content/EngineMaterials/Substrate/Glints2/dict_0001_0110.uasset" 7796
"../../../Engine/Content/EngineMaterials/Substrate/Glints2/dict_0001_0104.uasset" 7797
"../../../Engine/Content/EngineMaterials/Substrate/Glints2/dict_0001_0107.uasset" 7798
"../../../Engine/Content/EngineMaterials/Substrate/Glints2/dict_0001_0109.uasset" 7799
"../../../Engine/Content/EngineMaterials/Substrate/Glints2/dict_0001_0097.uasset" 7800
"../../../Engine/Content/EngineMaterials/Substrate/Glints2/dict_0001_0099.uasset" 7801
"../../../Engine/Content/EngineMaterials/Substrate/Glints2/dict_0001_0106.uasset" 7802
"../../../Engine/Content/EngineMaterials/Substrate/Glints2/dict_0001_0100.uasset" 7803
"../../../Engine/Content/EngineMaterials/Substrate/Glints2/dict_0001_0102.uasset" 7804
"../../../Engine/Content/EngineMaterials/Substrate/Glints2/dict_0001_0101.uasset" 7805
"../../../Engine/Content/EngineMaterials/Substrate/Glints2/dict_0001_0111.uasset" 7806
"../../../Engine/Content/EngineMaterials/Substrate/Glints2/dict_0001_0094.uasset" 7807
"../../../Engine/Content/EngineMaterials/Substrate/Glints2/dict_0001_0126.uasset" 7808
"/Engine/EngineMaterials/Substrate/Glints2/dict_0001_0112" 7809
"/Engine/EngineMaterials/Substrate/Glints2/dict_0001_0111" 7810
"/Engine/EngineMaterials/Substrate/Glints2/dict_0001_0110" 7811
"/Engine/EngineMaterials/Substrate/Glints2/dict_0001_0109" 7812
"/Engine/EngineMaterials/Substrate/Glints2/dict_0001_0126" 7813
"/Engine/EngineMaterials/Substrate/Glints2/dict_0001_0107" 7814
"/Engine/EngineMaterials/Substrate/Glints2/dict_0001_0106" 7815
"../../../Engine/Content/EngineMaterials/Substrate/Glints2/dict_0001_0125.uasset" 7816
"../../../Engine/Content/EngineMaterials/Substrate/Glints2/dict_0001_0122.uasset" 7817
"../../../Engine/Content/EngineMaterials/Substrate/Glints2/dict_0001_0123.uasset" 7818
"../../../Engine/Content/EngineMaterials/Substrate/Glints2/dict_0001_0114.uasset" 7819
"/Engine/EngineMaterials/Substrate/Glints2/dict_0001_0105" 7820
"../../../Engine/Content/EngineMaterials/Substrate/Glints2/dict_0001_0117.uasset" 7821
"/Engine/EngineMaterials/Substrate/Glints2/dict_0001_0104" 7822
"../../../Engine/Content/EngineMaterials/Substrate/Glints2/dict_0001_0124.uasset" 7823
"/Engine/EngineMaterials/Substrate/Glints2/dict_0001_0103" 7824
"/Engine/EngineMaterials/Substrate/Glints2/dict_0001_0102" 7825
"/Engine/EngineMaterials/Substrate/Glints2/dict_0001_0101" 7826
"/Engine/EngineMaterials/Substrate/Glints2/dict_0001_0100" 7827
"/Engine/EngineMaterials/Substrate/Glints2/dict_0001_0099" 7828
"/Engine/EngineMaterials/Substrate/Glints2/dict_0001_0098" 7829
"../../../Engine/Content/EngineMaterials/Substrate/Glints2/dict_0001_0119.uasset" 7830
"../../../Engine/Content/EngineMaterials/Substrate/Glints2/dict_0001_0115.uasset" 7831
"../../../Engine/Content/EngineMaterials/Substrate/Glints2/dict_0001_0113.uasset" 7832
"/Engine/EngineMaterials/Substrate/Glints2/dict_0001_0097" 7833
"../../../Engine/Content/EngineMaterials/Substrate/Glints2/dict_0001_0116.uasset" 7834
"../../../Engine/Content/EngineMaterials/Substrate/Glints2/dict_0001_0120.uasset" 7835
"/Engine/EngineMaterials/Substrate/Glints2/dict_0001_0096" 7836
"/Engine/EngineMaterials/Substrate/Glints2/dict_0001_0095" 7837
"/Engine/EngineMaterials/Substrate/Glints2/dict_0001_0094" 7838
"/Engine/EngineMaterials/Substrate/Glints2/dict_0001_0125" 7839
"/Engine/EngineMaterials/Substrate/Glints2/dict_0001_0124" 7840
"/Engine/EngineMaterials/Substrate/Glints2/dict_0001_0123" 7841
"/Engine/EngineMaterials/Substrate/Glints2/dict_0001_0113" 7842
"/Engine/EngineMaterials/Substrate/Glints2/dict_0001_0122" 7843
"/Engine/EngineMaterials/Substrate/Glints2/dict_0001_0120" 7844
"/Engine/EngineMaterials/Substrate/Glints2/dict_0001_0119" 7845
"/Engine/EngineMaterials/Substrate/Glints2/dict_0001_0117" 7846
"../../../Engine/Content/EngineMaterials/Substrate/Glints2/dict_0001_0118.uasset" 7847
"../../../Engine/Content/EngineMaterials/Substrate/Glints2/dict_0001_0121.uasset" 7848
"/Engine/EngineMaterials/Substrate/Glints2/dict_0001_0116" 7849
"/Engine/EngineMaterials/Substrate/Glints2/dict_0001_0115" 7850
"/Engine/EngineMaterials/Substrate/Glints2/dict_0001_0114" 7851
"/Engine/EngineMaterials/Substrate/Glints2/dict_0001_0121" 7852
"/Engine/EngineMaterials/Substrate/Glints2/dict_0001_0118" 7853
"../../../Engine/Content/EngineMaterials/Substrate/Glints2/dict_0001_0140.uasset" 7854
"../../../Engine/Content/EngineMaterials/Substrate/Glints2/dict_0001_0130.uasset" 7855
"../../../Engine/Content/EngineMaterials/Substrate/Glints2/dict_0001_0139.uasset" 7856
"../../../Engine/Content/EngineMaterials/Substrate/Glints2/dict_0001_0135.uasset" 7857
"../../../Engine/Content/EngineMaterials/Substrate/Glints2/dict_0001_0136.uasset" 7858
"../../../Engine/Content/EngineMaterials/Substrate/Glints2/dict_0001_0137.uasset" 7859
"../../../Engine/Content/EngineMaterials/Substrate/Glints2/dict_0001_0134.uasset" 7860
"../../../Engine/Content/EngineMaterials/Substrate/Glints2/dict_0001_0128.uasset" 7861
"../../../Engine/Content/EngineMaterials/Substrate/Glints2/dict_0001_0129.uasset" 7862
"../../../Engine/Content/EngineMaterials/Substrate/Glints2/dict_0001_0141.uasset" 7863
"../../../Engine/Content/EngineMaterials/Substrate/Glints2/dict_0001_0131.uasset" 7864
"../../../Engine/Content/EngineMaterials/Substrate/Glints2/dict_0001_0127.uasset" 7865
"../../../Engine/Content/EngineMaterials/Substrate/Glints2/dict_0001_0133.uasset" 7866
"../../../Engine/Content/EngineMaterials/Substrate/Glints2/dict_0001_0143.uasset" 7867
"../../../Engine/Content/EngineMaterials/Substrate/Glints2/dict_0001_0151.uasset" 7868
"../../../Engine/Content/EngineMaterials/Substrate/Glints2/dict_0001_0138.uasset" 7869
"../../../Engine/Content/EngineMaterials/Substrate/Glints2/dict_0001_0142.uasset" 7870
"../../../Engine/Content/EngineMaterials/Substrate/Glints2/dict_0001_0132.uasset" 7871
"../../../Engine/Content/EngineMaterials/Substrate/Glints2/dict_0001_0145.uasset" 7872
"/Engine/EngineMaterials/Substrate/Glints2/dict_0001_0151" 7873
"../../../Engine/Content/EngineMaterials/Substrate/Glints2/dict_0001_0150.uasset" 7874
"../../../Engine/Content/EngineMaterials/Substrate/Glints2/dict_0001_0144.uasset" 7875
"../../../Engine/Content/EngineMaterials/Substrate/Glints2/dict_0001_0147.uasset" 7876
"/Engine/EngineMaterials/Substrate/Glints2/dict_0001_0145" 7877
"/Engine/EngineMaterials/Substrate/Glints2/dict_0001_0143" 7878
"../../../Engine/Content/EngineMaterials/Substrate/Glints2/dict_0001_0146.uasset" 7879
"/Engine/EngineMaterials/Substrate/Glints2/dict_0001_0142" 7880
"/Engine/EngineMaterials/Substrate/Glints2/dict_0001_0141" 7881
"../../../Engine/Content/EngineMaterials/Substrate/Glints2/dict_0001_0152.uasset" 7882
"/Engine/EngineMaterials/Substrate/Glints2/dict_0001_0140" 7883
"../../../Engine/Content/EngineMaterials/Substrate/Glints2/dict_0001_0154.uasset" 7884
"../../../Engine/Content/EngineMaterials/Substrate/Glints2/dict_0001_0155.uasset" 7885
"/Engine/EngineMaterials/Substrate/Glints2/dict_0001_0139" 7886
"/Engine/EngineMaterials/Substrate/Glints2/dict_0001_0138" 7887
"/Engine/EngineMaterials/Substrate/Glints2/dict_0001_0137" 7888
"/Engine/EngineMaterials/Substrate/Glints2/dict_0001_0136" 7889
"/Engine/EngineMaterials/Substrate/Glints2/dict_0001_0135" 7890
"/Engine/EngineMaterials/Substrate/Glints2/dict_0001_0134" 7891
"/Engine/EngineMaterials/Substrate/Glints2/dict_0001_0133" 7892
"/Engine/EngineMaterials/Substrate/Glints2/dict_0001_0132" 7893
"/Engine/EngineMaterials/Substrate/Glints2/dict_0001_0131" 7894
"../../../Engine/Content/EngineMaterials/Substrate/Glints2/dict_0001_0153.uasset" 7895
"../../../Engine/Content/EngineMaterials/Substrate/Glints2/dict_0001_0148.uasset" 7896
"../../../Engine/Content/EngineMaterials/Substrate/Glints2/dict_0001_0158.uasset" 7897
"../../../Engine/Content/EngineMaterials/Substrate/Glints2/dict_0001_0149.uasset" 7898
"/Engine/EngineMaterials/Substrate/Glints2/dict_0001_0130" 7899
"../../../Engine/Content/EngineMaterials/Substrate/Glints2/dict_0001_0156.uasset" 7900
"/Engine/EngineMaterials/Substrate/Glints2/dict_0001_0129" 7901
"/Engine/EngineMaterials/Substrate/Glints2/dict_0001_0128" 7902
"/Engine/EngineMaterials/Substrate/Glints2/dict_0001_0127" 7903
"../../../Engine/Content/EngineMaterials/Substrate/Glints2/dict_0001_0157.uasset" 7904
"/Engine/EngineMaterials/Substrate/Glints2/dict_0001_0156" 7905
"/Engine/EngineMaterials/Substrate/Glints2/dict_0001_0155" 7906
"/Engine/EngineMaterials/Substrate/Glints2/dict_0001_0154" 7907
"/Engine/EngineMaterials/Substrate/Glints2/dict_0001_0153" 7908
"/Engine/EngineMaterials/Substrate/Glints2/dict_0001_0152" 7909
"../../../Engine/Content/EngineMaterials/Substrate/Glints2/dict_0001_0176.uasset" 7910
"/Engine/EngineMaterials/Substrate/Glints2/dict_0001_0158" 7911
"/Engine/EngineMaterials/Substrate/Glints2/dict_0001_0150" 7912
"/Engine/EngineMaterials/Substrate/Glints2/dict_0001_0157" 7913
"/Engine/EngineMaterials/Substrate/Glints2/dict_0001_0144" 7914
"/Engine/EngineMaterials/Substrate/Glints2/dict_0001_0149" 7915
"../../../Engine/Content/EngineMaterials/Substrate/Glints2/dict_0001_0173.uasset" 7916
"/Engine/EngineMaterials/Substrate/Glints2/dict_0001_0148" 7917
"/Engine/EngineMaterials/Substrate/Glints2/dict_0001_0147" 7918
"/Engine/EngineMaterials/Substrate/Glints2/dict_0001_0146" 7919
"/Engine/EngineMaterials/Substrate/Glints2/dict_0001_0176" 7920
"/Engine/EngineMaterials/Substrate/Glints2/dict_0001_0173" 7921
"../../../Engine/Content/EngineMaterials/Substrate/Glints2/dict_0001_0160.uasset" 7922
"../../../Engine/Content/EngineMaterials/Substrate/Glints2/dict_0001_0162.uasset" 7923
"../../../Engine/Content/EngineMaterials/Substrate/Glints2/dict_0001_0164.uasset" 7924
"../../../Engine/Content/EngineMaterials/Substrate/Glints2/dict_0001_0172.uasset" 7925
"../../../Engine/Content/EngineMaterials/Substrate/Glints2/dict_0001_0161.uasset" 7926
"../../../Engine/Content/EngineMaterials/Substrate/Glints2/dict_0001_0169.uasset" 7927
"../../../Engine/Content/EngineMaterials/Substrate/Glints2/dict_0001_0165.uasset" 7928
"../../../Engine/Content/EngineMaterials/Substrate/Glints2/dict_0001_0163.uasset" 7929
"../../../Engine/Content/EngineMaterials/Substrate/Glints2/dict_0001_0174.uasset" 7930
"../../../Engine/Content/EngineMaterials/Substrate/Glints2/dict_0001_0159.uasset" 7931
"../../../Engine/Content/EngineMaterials/Substrate/Glints2/dict_0001_0167.uasset" 7932
"../../../Engine/Content/EngineMaterials/Substrate/Glints2/dict_0001_0182.uasset" 7933
"../../../Engine/Content/EngineMaterials/Substrate/Glints2/dict_0001_0170.uasset" 7934
"../../../Engine/Content/EngineMaterials/Substrate/Glints2/dict_0001_0185.uasset" 7935
"../../../Engine/Content/EngineMaterials/Substrate/Glints2/dict_0001_0168.uasset" 7936
"../../../Engine/Content/EngineMaterials/Substrate/Glints2/dict_0001_0192.uasset" 7937
"../../../Engine/Content/EngineMaterials/Substrate/Glints2/dict_0001_0181.uasset" 7938
"../../../Engine/Content/EngineMaterials/Substrate/Glints2/dict_0001_0171.uasset" 7939
"../../../Engine/Content/EngineMaterials/Substrate/Glints2/dict_0001_0175.uasset" 7940
"../../../Engine/Content/EngineMaterials/Substrate/Glints2/dict_0001_0166.uasset" 7941
"/Engine/EngineMaterials/Substrate/Glints2/dict_0001_0185" 7942
"../../../Engine/Content/EngineMaterials/Substrate/Glints2/dict_0001_0190.uasset" 7943
"../../../Engine/Content/EngineMaterials/Substrate/Glints2/dict_0001_0186.uasset" 7944
"../../../Engine/Content/EngineMaterials/Substrate/Glints2/dict_0001_0183.uasset" 7945
"../../../Engine/Content/EngineMaterials/Substrate/Glints2/dict_0001_0177.uasset" 7946
"../../../Engine/Content/EngineMaterials/Substrate/Glints2/dict_0001_0187.uasset" 7947
"../../../Engine/Content/EngineMaterials/Substrate/Glints2/dict_0001_0178.uasset" 7948
"/Engine/EngineMaterials/Substrate/Glints2/dict_0001_0192" 7949
"../../../Engine/Content/EngineMaterials/Substrate/Glints2/dict_0001_0180.uasset" 7950
"/Engine/EngineMaterials/Substrate/Glints2/dict_0001_0182" 7951
"../../../Engine/Content/EngineMaterials/Substrate/Glints2/dict_0001_0179.uasset" 7952
"/Engine/EngineMaterials/Substrate/Glints2/dict_0001_0175" 7953
"../../../Engine/Content/EngineMaterials/Substrate/Glints2/dict_0001_0189.uasset" 7954
"/Engine/EngineMaterials/Substrate/Glints2/dict_0001_0174" 7955
"/Engine/EngineMaterials/Substrate/Glints2/dict_0001_0181" 7956
"../../../Engine/Content/EngineMaterials/Substrate/Glints2/dict_0001_0184.uasset" 7957
"/Engine/EngineMaterials/Substrate/Glints2/dict_0001_0172" 7958
"/Engine/EngineMaterials/Substrate/Glints2/dict_0001_0171" 7959
"/Engine/EngineMaterials/Substrate/Glints2/dict_0001_0170" 7960
"/Engine/EngineMaterials/Substrate/Glints2/dict_0001_0169" 7961
"../../../Engine/Content/EngineMaterials/Substrate/Glints2/dict_0001_0191.uasset" 7962
"../../../Engine/Content/EngineMaterials/Substrate/Glints2/dict_0001_0188.uasset" 7963
"/Engine/EngineMaterials/Substrate/Glints2/dict_0001_0168" 7964
"/Engine/EngineMaterials/Substrate/Glints2/dict_0001_0167" 7965
"/Engine/EngineMaterials/Substrate/Glints2/dict_0001_0166" 7966
"/Engine/EngineMaterials/Substrate/Glints2/dict_0001_0165" 7967
"/Engine/EngineMaterials/Substrate/Glints2/dict_0001_0164" 7968
"/Engine/EngineMaterials/Substrate/Glints2/dict_0001_0163" 7969
"/Engine/EngineMaterials/Substrate/Glints2/dict_0001_0162" 7970
"/Engine/EngineMaterials/Substrate/Glints2/dict_0001_0161" 7971
"/Engine/EngineMaterials/Substrate/Glints2/dict_0001_0160" 7972
"/Engine/EngineMaterials/Substrate/Glints2/dict_0001_0159" 7973
"/Engine/EngineMaterials/Substrate/Glints2/dict_0001_0190" 7974
"/Engine/EngineMaterials/Substrate/Glints2/dict_0001_0189" 7975
"/Engine/EngineMaterials/Substrate/Glints2/dict_0001_0188" 7976
"/Engine/EngineMaterials/Substrate/Glints2/dict_0001_0187" 7977
"/Engine/EngineMaterials/Substrate/Glints2/dict_0001_0186" 7978
"/Engine/EngineMaterials/Substrate/Glints2/dict_0001_0177" 7979
"/Engine/EngineMaterials/Substrate/Glints2/dict_0001_0184" 7980
"/Engine/EngineMaterials/Substrate/Glints2/dict_0001_0183" 7981
"/Engine/EngineMaterials/Substrate/Glints2/dict_0001_0191" 7982
"../../../Engine/Content/EngineMaterials/Substrate/Glints2/dict_0001_0210.uasset" 7983
"/Engine/EngineMaterials/Substrate/Glints2/dict_0001_0180" 7984
"/Engine/EngineMaterials/Substrate/Glints2/dict_0001_0179" 7985
"/Engine/EngineMaterials/Substrate/Glints2/dict_0001_0178" 7986
"/Engine/EngineMaterials/Substrate/Glints2/dict_0001_0210" 7987
"../../../Engine/Content/EngineMaterials/Substrate/Glints2/dict_0001_0194.uasset" 7988
"../../../Engine/Content/EngineMaterials/Substrate/Glints2/dict_0001_0206.uasset" 7989
"../../../Engine/Content/EngineMaterials/Substrate/Glints2/dict_0001_0195.uasset" 7990
"../../../Engine/Content/EngineMaterials/Substrate/Glints2/dict_0001_0199.uasset" 7991
"../../../Engine/Content/EngineMaterials/Substrate/Glints2/dict_0001_0203.uasset" 7992
"../../../Engine/Content/EngineMaterials/Substrate/Glints2/dict_0001_0196.uasset" 7993
"../../../Engine/Content/EngineMaterials/Substrate/Glints2/dict_0001_0198.uasset" 7994
"../../../Engine/Content/EngineMaterials/Substrate/Glints2/dict_0001_0201.uasset" 7995
"../../../Engine/Content/EngineMaterials/Substrate/Glints2/dict_0001_0193.uasset" 7996
"../../../Engine/Content/EngineMaterials/Substrate/Glints2/dict_0001_0207.uasset" 7997
"../../../Engine/Content/EngineMaterials/Substrate/Glints2/dict_0001_0208.uasset" 7998
"../../../Engine/Content/EngineMaterials/Substrate/Glints2/dict_0001_0211.uasset" 7999
"../../../Engine/Content/EngineMaterials/Substrate/Glints2/dict_0001_0205.uasset" 8000
"../../../Engine/Content/EngineMaterials/Substrate/Glints2/dict_0001_0217.uasset" 8001
"../../../Engine/Content/EngineMaterials/Substrate/Glints2/dict_0001_0197.uasset" 8002
"../../../Engine/Content/EngineMaterials/Substrate/Glints2/dict_0001_0213.uasset" 8003
"../../../Engine/Content/EngineMaterials/Substrate/Glints2/dict_0001_0218.uasset" 8004
"../../../Engine/Content/EngineMaterials/Substrate/Glints2/dict_0001_0215.uasset" 8005
"/Engine/EngineMaterials/Substrate/Glints2/dict_0001_0218" 8006
"/Engine/EngineMaterials/Substrate/Glints2/dict_0001_0211" 8007
"../../../Engine/Content/EngineMaterials/Substrate/Glints2/dict_0001_0220.uasset" 8008
"../../../Engine/Content/EngineMaterials/Substrate/Glints2/dict_0001_0221.uasset" 8009
"../../../Engine/Content/EngineMaterials/Substrate/Glints2/dict_0001_0219.uasset" 8010
"/Engine/EngineMaterials/Substrate/Glints2/dict_0001_0217" 8011
"/Engine/EngineMaterials/Substrate/Glints2/dict_0001_0208" 8012
"../../../Engine/Content/EngineMaterials/Substrate/Glints2/dict_0001_0212.uasset" 8013
"/Engine/EngineMaterials/Substrate/Glints2/dict_0001_0207" 8014
"/Engine/EngineMaterials/Substrate/Glints2/dict_0001_0206" 8015
"/Engine/EngineMaterials/Substrate/Glints2/dict_0001_0205" 8016
"/Engine/EngineMaterials/Substrate/Glints2/dict_0001_0215" 8017
"/Engine/EngineMaterials/Substrate/Glints2/dict_0001_0203" 8018
"../../../Engine/Content/EngineMaterials/Substrate/Glints2/dict_0001_0222.uasset" 8019
"../../../Engine/Content/EngineMaterials/Substrate/Glints2/dict_0001_0216.uasset" 8020
"../../../Engine/Content/EngineMaterials/Substrate/Glints2/dict_0001_0223.uasset" 8021
"/Engine/EngineMaterials/Substrate/Glints2/dict_0001_0201" 8022
"../../../Engine/Content/EngineMaterials/Substrate/Glints2/dict_0001_0202.uasset" 8023
"../../../Engine/Content/EngineMaterials/Substrate/Glints2/dict_0001_0224.uasset" 8024
"/Engine/EngineMaterials/Substrate/Glints2/dict_0001_0199" 8025
"../../../Engine/Content/EngineMaterials/Substrate/Glints2/dict_0001_0204.uasset" 8026
"../../../Engine/Content/EngineMaterials/Substrate/Glints2/dict_0001_0209.uasset" 8027
"/Engine/EngineMaterials/Substrate/Glints2/dict_0001_0198" 8028
"/Engine/EngineMaterials/Substrate/Glints2/dict_0001_0213" 8029
"/Engine/EngineMaterials/Substrate/Glints2/dict_0001_0197" 8030
"/Engine/EngineMaterials/Substrate/Glints2/dict_0001_0196" 8031
"/Engine/EngineMaterials/Substrate/Glints2/dict_0001_0195" 8032
"/Engine/EngineMaterials/Substrate/Glints2/dict_0001_0194" 8033
"/Engine/EngineMaterials/Substrate/Glints2/dict_0001_0193" 8034
"../../../Engine/Content/EngineMaterials/Substrate/Glints2/dict_0001_0225.uasset" 8035
"/Engine/EngineMaterials/Substrate/Glints2/dict_0001_0224" 8036
"/Engine/EngineMaterials/Substrate/Glints2/dict_0001_0223" 8037
"/Engine/EngineMaterials/Substrate/Glints2/dict_0001_0222" 8038
"/Engine/EngineMaterials/Substrate/Glints2/dict_0001_0221" 8039
"/Engine/EngineMaterials/Substrate/Glints2/dict_0001_0220" 8040
"../../../Engine/Content/EngineMaterials/Substrate/Glints2/dict_0001_0214.uasset" 8041
"/Engine/EngineMaterials/Substrate/Glints2/dict_0001_0212" 8042
"/Engine/EngineMaterials/Substrate/Glints2/dict_0001_0219" 8043
"../../../Engine/Content/EngineMaterials/Substrate/Glints2/dict_0001_0231.uasset" 8044
"../../../Engine/Content/EngineMaterials/Substrate/Glints2/dict_0001_0230.uasset" 8045
"/Engine/EngineMaterials/Substrate/Glints2/dict_0001_0225" 8046
"/Engine/EngineMaterials/Substrate/Glints2/dict_0001_0209" 8047
"/Engine/EngineMaterials/Substrate/Glints2/dict_0001_0216" 8048
"/Engine/EngineMaterials/Substrate/Glints2/dict_0001_0204" 8049
"/Engine/EngineMaterials/Substrate/Glints2/dict_0001_0202" 8050
"/Engine/EngineMaterials/Substrate/Glints2/dict_0001_0214" 8051
"/Engine/EngineMaterials/Substrate/Glints2/dict_0001_0231" 8052
"/Engine/EngineMaterials/Substrate/Glints2/dict_0001_0230" 8053
"../../../Engine/Content/EngineMaterials/Substrate/Glints2/dict_0001_0237.uasset" 8054
"../../../Engine/Content/EngineMaterials/Substrate/Glints2/dict_0001_0236.uasset" 8055
"../../../Engine/Content/EngineMaterials/Substrate/Glints2/dict_0001_0239.uasset" 8056
"../../../Engine/Content/EngineMaterials/Substrate/Glints2/dict_0001_0227.uasset" 8057
"../../../Engine/Content/EngineMaterials/Substrate/Glints2/dict_0001_0241.uasset" 8058
"../../../Engine/Content/EngineMaterials/Substrate/Glints2/dict_0001_0233.uasset" 8059
"../../../Engine/Content/EngineMaterials/Substrate/Glints2/dict_0001_0238.uasset" 8060
"../../../Engine/Content/EngineMaterials/Substrate/Glints2/dict_0001_0234.uasset" 8061
"../../../Engine/Content/EngineMaterials/Substrate/Glints2/dict_0001_0242.uasset" 8062
"../../../Engine/Content/EngineMaterials/Substrate/Glints2/dict_0001_0228.uasset" 8063
"../../../Engine/Content/EngineMaterials/Substrate/Glints2/dict_0001_0235.uasset" 8064
"../../../Engine/Content/EngineMaterials/Substrate/Glints2/dict_0001_0240.uasset" 8065
"../../../Engine/Content/EngineMaterials/Substrate/Glints2/dict_0001_0229.uasset" 8066
"../../../Engine/Content/EngineMaterials/Substrate/Glints2/dict_0001_0226.uasset" 8067
"../../../Engine/Content/EngineMaterials/Substrate/Glints2/dict_0001_0243.uasset" 8068
"../../../Engine/Content/EngineMaterials/Substrate/Glints2/dict_0001_0249.uasset" 8069
"../../../Engine/Content/EngineMaterials/Substrate/Glints2/dict_0001_0232.uasset" 8070
"../../../Engine/Content/EngineMaterials/Substrate/Glints2/dict_0001_0244.uasset" 8071
"/Engine/EngineMaterials/Substrate/Glints2/dict_0001_0249" 8072
"/Engine/EngineMaterials/Substrate/Glints2/dict_0001_0243" 8073
"../../../Engine/Content/EngineMaterials/Substrate/Glints2/dict_0001_0255.uasset" 8074
"/Engine/EngineMaterials/Substrate/Glints2/dict_0001_0242" 8075
"../../../Engine/Content/EngineMaterials/Substrate/Glints2/dict_0001_0251.uasset" 8076
"../../../Engine/Content/EngineMaterials/Substrate/Glints2/dict_0002_0000.uasset" 8077
"/Engine/EngineMaterials/Substrate/Glints2/dict_0001_0241" 8078
"../../../Engine/Content/EngineMaterials/Substrate/Glints2/dict_0001_0253.uasset" 8079
"/Engine/EngineMaterials/Substrate/Glints2/dict_0001_0240" 8080
"/Engine/EngineMaterials/Substrate/Glints2/dict_0001_0239" 8081
"/Engine/EngineMaterials/Substrate/Glints2/dict_0001_0238" 8082
"/Engine/EngineMaterials/Substrate/Glints2/dict_0001_0237" 8083
"/Engine/EngineMaterials/Substrate/Glints2/dict_0001_0236" 8084
"../../../Engine/Content/EngineMaterials/Substrate/Glints2/dict_0001_0252.uasset" 8085
"/Engine/EngineMaterials/Substrate/Glints2/dict_0001_0235" 8086
"../../../Engine/Content/EngineMaterials/Substrate/Glints2/dict_0001_0246.uasset" 8087
"../../../Engine/Content/EngineMaterials/Substrate/Glints2/dict_0001_0250.uasset" 8088
"../../../Engine/Content/EngineMaterials/Substrate/Glints2/dict_0001_0254.uasset" 8089
"/Engine/EngineMaterials/Substrate/Glints2/dict_0001_0244" 8090
"/Engine/EngineMaterials/Substrate/Glints2/dict_0001_0234" 8091
"/Engine/EngineMaterials/Substrate/Glints2/dict_0001_0233" 8092
"/Engine/EngineMaterials/Substrate/Glints2/dict_0001_0232" 8093
"/Engine/EngineMaterials/Substrate/Glints2/dict_0001_0229" 8094
"../../../Engine/Content/EngineMaterials/Substrate/Glints2/dict_0001_0245.uasset" 8095
"/Engine/EngineMaterials/Substrate/Glints2/dict_0001_0228" 8096
"../../../Engine/Content/EngineMaterials/Substrate/Glints2/dict_0002_0001.uasset" 8097
"/Engine/EngineMaterials/Substrate/Glints2/dict_0001_0227" 8098
"/Engine/EngineMaterials/Substrate/Glints2/dict_0001_0226" 8099
"../../../Engine/Content/EngineMaterials/Substrate/Glints2/dict_0002_0002.uasset" 8100
"/Engine/EngineMaterials/Substrate/Glints2/dict_0001_0255" 8101
"../../../Engine/Content/EngineMaterials/Substrate/Glints2/dict_0001_0248.uasset" 8102
"/Engine/EngineMaterials/Substrate/Glints2/dict_0001_0254" 8103
"/Engine/EngineMaterials/Substrate/Glints2/dict_0001_0253" 8104
"/Engine/EngineMaterials/Substrate/Glints2/dict_0001_0252" 8105
"../../../Engine/Content/EngineMaterials/Substrate/Glints2/dict_0001_0247.uasset" 8106
"/Engine/EngineMaterials/Substrate/Glints2/dict_0001_0251" 8107
"/Engine/EngineMaterials/Substrate/Glints2/dict_0001_0250" 8108
"/Engine/EngineMaterials/Substrate/Glints2/dict_0001_0246" 8109
"/Engine/EngineMaterials/Substrate/Glints2/dict_0001_0245" 8110
"/Engine/EngineMaterials/Substrate/Glints2/dict_0002_0002" 8111
"/Engine/EngineMaterials/Substrate/Glints2/dict_0002_0001" 8112
"/Engine/EngineMaterials/Substrate/Glints2/dict_0002_0000" 8113
"/Engine/EngineMaterials/Substrate/Glints2/dict_0001_0248" 8114
"/Engine/EngineMaterials/Substrate/Glints2/dict_0001_0247" 8115
"../../../Engine/Content/EngineMaterials/Substrate/Glints2/dict_0002_0018.uasset" 8116
"../../../Engine/Content/EngineMaterials/Substrate/Glints2/dict_0002_0015.uasset" 8117
"../../../Engine/Content/EngineMaterials/Substrate/Glints2/dict_0002_0016.uasset" 8118
"../../../Engine/Content/EngineMaterials/Substrate/Glints2/dict_0002_0005.uasset" 8119
"../../../Engine/Content/EngineMaterials/Substrate/Glints2/dict_0002_0014.uasset" 8120
"../../../Engine/Content/EngineMaterials/Substrate/Glints2/dict_0002_0004.uasset" 8121
"../../../Engine/Content/EngineMaterials/Substrate/Glints2/dict_0002_0017.uasset" 8122
"../../../Engine/Content/EngineMaterials/Substrate/Glints2/dict_0002_0012.uasset" 8123
"../../../Engine/Content/EngineMaterials/Substrate/Glints2/dict_0002_0003.uasset" 8124
"../../../Engine/Content/EngineMaterials/Substrate/Glints2/dict_0002_0010.uasset" 8125
"../../../Engine/Content/EngineMaterials/Substrate/Glints2/dict_0002_0027.uasset" 8126
"../../../Engine/Content/EngineMaterials/Substrate/Glints2/dict_0002_0011.uasset" 8127
"../../../Engine/Content/EngineMaterials/Substrate/Glints2/dict_0002_0008.uasset" 8128
"../../../Engine/Content/EngineMaterials/Substrate/Glints2/dict_0002_0013.uasset" 8129
"../../../Engine/Content/EngineMaterials/Substrate/Glints2/dict_0002_0009.uasset" 8130
"../../../Engine/Content/EngineMaterials/Substrate/Glints2/dict_0002_0007.uasset" 8131
"../../../Engine/Content/EngineMaterials/Substrate/Glints2/dict_0002_0006.uasset" 8132
"../../../Engine/Content/EngineMaterials/Substrate/Glints2/dict_0002_0033.uasset" 8133
"../../../Engine/Content/EngineMaterials/Substrate/Glints2/dict_0002_0025.uasset" 8134
"../../../Engine/Content/EngineMaterials/Substrate/Glints2/dict_0002_0023.uasset" 8135
"../../../Engine/Content/EngineMaterials/Substrate/Glints2/dict_0002_0022.uasset" 8136
"../../../Engine/Content/EngineMaterials/Substrate/Glints2/dict_0002_0019.uasset" 8137
"../../../Engine/Content/EngineMaterials/Substrate/Glints2/dict_0001_0200.uasset" 8138
"../../../Engine/Content/EngineMaterials/Substrate/Glints2/dict_0002_0020.uasset" 8139
"../../../Engine/Content/EngineMaterials/Substrate/Glints2/dict_0002_0028.uasset" 8140
"../../../Engine/Content/EngineMaterials/Substrate/Glints2/dict_0002_0031.uasset" 8141
"../../../Engine/Content/EngineMaterials/Substrate/Glints2/dict_0002_0030.uasset" 8142
"../../../Engine/Content/EngineMaterials/Substrate/Glints2/dict_0002_0024.uasset" 8143
"/Engine/EngineMaterials/Substrate/Glints2/dict_0002_0031" 8144
"../../../Engine/Content/EngineMaterials/Substrate/Glints2/dict_0002_0026.uasset" 8145
"/Engine/EngineMaterials/Substrate/Glints2/dict_0002_0030" 8146
"../../../Engine/Content/EngineMaterials/Substrate/Glints2/dict_0002_0021.uasset" 8147
"../../../Engine/Content/EngineMaterials/Substrate/Glints2/dict_0002_0032.uasset" 8148
"/Engine/EngineMaterials/Substrate/Glints2/dict_0002_0028" 8149
"/Engine/EngineMaterials/Substrate/Glints2/dict_0002_0027" 8150
"/Engine/EngineMaterials/Substrate/Glints2/dict_0002_0020" 8151
"/Engine/EngineMaterials/Substrate/Glints2/dict_0002_0019" 8152
"/Engine/EngineMaterials/Substrate/Glints2/dict_0002_0018" 8153
"/Engine/EngineMaterials/Substrate/Glints2/dict_0002_0017" 8154
"/Engine/EngineMaterials/Substrate/Glints2/dict_0002_0033" 8155
"/Engine/EngineMaterials/Substrate/Glints2/dict_0002_0016" 8156
"/Engine/EngineMaterials/Substrate/Glints2/dict_0002_0015" 8157
"/Engine/EngineMaterials/Substrate/Glints2/dict_0002_0025" 8158
"/Engine/EngineMaterials/Substrate/Glints2/dict_0002_0014" 8159
"/Engine/EngineMaterials/Substrate/Glints2/dict_0002_0013" 8160
"/Engine/EngineMaterials/Substrate/Glints2/dict_0002_0012" 8161
"/Engine/EngineMaterials/Substrate/Glints2/dict_0002_0024" 8162
"/Engine/EngineMaterials/Substrate/Glints2/dict_0002_0011" 8163
"../../../Engine/Content/EngineMaterials/Substrate/Glints2/dict_0002_0029.uasset" 8164
"/Engine/EngineMaterials/Substrate/Glints2/dict_0002_0023" 8165
"/Engine/EngineMaterials/Substrate/Glints2/dict_0002_0010" 8166
"/Engine/EngineMaterials/Substrate/Glints2/dict_0002_0009" 8167
"/Engine/EngineMaterials/Substrate/Glints2/dict_0001_0200" 8168
"/Engine/EngineMaterials/Substrate/Glints2/dict_0002_0008" 8169
"/Engine/EngineMaterials/Substrate/Glints2/dict_0002_0007" 8170
"/Engine/EngineMaterials/Substrate/Glints2/dict_0002_0022" 8171
"/Engine/EngineMaterials/Substrate/Glints2/dict_0002_0006" 8172
"/Engine/EngineMaterials/Substrate/Glints2/dict_0002_0005" 8173
"/Engine/EngineMaterials/Substrate/Glints2/dict_0002_0004" 8174
"/Engine/EngineMaterials/Substrate/Glints2/dict_0002_0003" 8175
"/Engine/EngineMaterials/Substrate/Glints2/dict_0002_0029" 8176
"/Engine/EngineMaterials/Substrate/Glints2/dict_0002_0026" 8177
"/Engine/EngineMaterials/Substrate/Glints2/dict_0002_0032" 8178
"../../../Engine/Content/EngineMaterials/Substrate/Glints2/dict_0002_0034.uasset" 8179
"/Engine/EngineMaterials/Substrate/Glints2/dict_0002_0021" 8180
"/Engine/EngineMaterials/Substrate/Glints2/dict_0002_0034" 8181
"../../../Engine/Content/EngineMaterials/Substrate/Glints2/dict_0002_0037.uasset" 8182
"../../../Engine/Content/EngineMaterials/Substrate/Glints2/dict_0002_0046.uasset" 8183
"../../../Engine/Content/EngineMaterials/Substrate/Glints2/dict_0002_0039.uasset" 8184
"../../../Engine/Content/EngineMaterials/Substrate/Glints2/dict_0002_0044.uasset" 8185
"../../../Engine/Content/EngineMaterials/Substrate/Glints2/dict_0002_0045.uasset" 8186
"../../../Engine/Content/EngineMaterials/Substrate/Glints2/dict_0002_0035.uasset" 8187
"../../../Engine/Content/EngineMaterials/Substrate/Glints2/dict_0002_0043.uasset" 8188
"../../../Engine/Content/EngineMaterials/Substrate/Glints2/dict_0002_0036.uasset" 8189
"../../../Engine/Content/EngineMaterials/Substrate/Glints2/dict_0002_0041.uasset" 8190
"../../../Engine/Content/EngineMaterials/Substrate/Glints2/dict_0002_0042.uasset" 8191
"../../../Engine/Content/EngineMaterials/Substrate/Glints2/dict_0002_0050.uasset" 8192
"../../../Engine/Content/EngineMaterials/Substrate/Glints2/dict_0002_0040.uasset" 8193
"../../../Engine/Content/EngineMaterials/Substrate/Glints2/dict_0002_0062.uasset" 8194
"../../../Engine/Content/EngineMaterials/Substrate/Glints2/dict_0002_0038.uasset" 8195
"../../../Engine/Content/EngineMaterials/Substrate/Glints2/dict_0002_0049.uasset" 8196
"../../../Engine/Content/EngineMaterials/Substrate/Glints2/dict_0002_0057.uasset" 8197
"../../../Engine/Content/EngineMaterials/Substrate/Glints2/dict_0002_0047.uasset" 8198
"../../../Engine/Content/EngineMaterials/Substrate/Glints2/dict_0002_0065.uasset" 8199
"../../../Engine/Content/EngineMaterials/Substrate/Glints2/dict_0002_0053.uasset" 8200
"../../../Engine/Content/EngineMaterials/Substrate/Glints2/dict_0002_0051.uasset" 8201
"../../../Engine/Content/EngineMaterials/Substrate/Glints2/dict_0002_0055.uasset" 8202
"../../../Engine/Content/EngineMaterials/Substrate/Glints2/dict_0002_0058.uasset" 8203
"/Engine/EngineMaterials/Substrate/Glints2/dict_0002_0065" 8204
"../../../Engine/Content/EngineMaterials/Substrate/Glints2/dict_0002_0052.uasset" 8205
"../../../Engine/Content/EngineMaterials/Substrate/Glints2/dict_0002_0059.uasset" 8206
"/Engine/EngineMaterials/Substrate/Glints2/dict_0002_0058" 8207
"../../../Engine/Content/EngineMaterials/Substrate/Glints2/dict_0002_0056.uasset" 8208
"../../../Engine/Content/EngineMaterials/Substrate/Glints2/dict_0002_0061.uasset" 8209
"/Engine/EngineMaterials/Substrate/Glints2/dict_0002_0057" 8210
"../../../Engine/Content/EngineMaterials/Substrate/Glints2/dict_0002_0060.uasset" 8211
"/Engine/EngineMaterials/Substrate/Glints2/dict_0002_0055" 8212
"/Engine/EngineMaterials/Substrate/Glints2/dict_0002_0053" 8213
"/Engine/EngineMaterials/Substrate/Glints2/dict_0002_0051" 8214
"/Engine/EngineMaterials/Substrate/Glints2/dict_0002_0050" 8215
"/Engine/EngineMaterials/Substrate/Glints2/dict_0002_0049" 8216
"/Engine/EngineMaterials/Substrate/Glints2/dict_0002_0047" 8217
"../../../Engine/Content/EngineMaterials/Substrate/Glints2/dict_0002_0063.uasset" 8218
"../../../Engine/Content/EngineMaterials/Substrate/Glints2/dict_0002_0064.uasset" 8219
"../../../Engine/Content/EngineMaterials/Substrate/Glints2/dict_0002_0048.uasset" 8220
"/Engine/EngineMaterials/Substrate/Glints2/dict_0002_0046" 8221
"/Engine/EngineMaterials/Substrate/Glints2/dict_0002_0045" 8222
"/Engine/EngineMaterials/Substrate/Glints2/dict_0002_0044" 8223
"/Engine/EngineMaterials/Substrate/Glints2/dict_0002_0043" 8224
"/Engine/EngineMaterials/Substrate/Glints2/dict_0002_0042" 8225
"/Engine/EngineMaterials/Substrate/Glints2/dict_0002_0041" 8226
"../../../Engine/Content/EngineMaterials/Substrate/Glints2/dict_0002_0066.uasset" 8227
"/Engine/EngineMaterials/Substrate/Glints2/dict_0002_0040" 8228
"/Engine/EngineMaterials/Substrate/Glints2/dict_0002_0039" 8229
"/Engine/EngineMaterials/Substrate/Glints2/dict_0002_0038" 8230
"/Engine/EngineMaterials/Substrate/Glints2/dict_0002_0062" 8231
"/Engine/EngineMaterials/Substrate/Glints2/dict_0002_0037" 8232
"../../../Engine/Content/EngineMaterials/Substrate/Glints2/dict_0002_0054.uasset" 8233
"/Engine/EngineMaterials/Substrate/Glints2/dict_0002_0036" 8234
"/Engine/EngineMaterials/Substrate/Glints2/dict_0002_0035" 8235
"/Engine/EngineMaterials/Substrate/Glints2/dict_0002_0061" 8236
"/Engine/EngineMaterials/Substrate/Glints2/dict_0002_0060" 8237
"/Engine/EngineMaterials/Substrate/Glints2/dict_0002_0059" 8238
"/Engine/EngineMaterials/Substrate/Glints2/dict_0002_0064" 8239
"/Engine/EngineMaterials/Substrate/Glints2/dict_0002_0056" 8240
"/Engine/EngineMaterials/Substrate/Glints2/dict_0002_0054" 8241
"/Engine/EngineMaterials/Substrate/Glints2/dict_0002_0063" 8242
"/Engine/EngineMaterials/Substrate/Glints2/dict_0002_0052" 8243
"/Engine/EngineMaterials/Substrate/Glints2/dict_0002_0048" 8244
"/Engine/EngineMaterials/Substrate/Glints2/dict_0002_0066" 8245
"../../../Engine/Content/EngineMaterials/Substrate/Glints2/dict_0002_0080.uasset" 8246
"../../../Engine/Content/EngineMaterials/Substrate/Glints2/dict_0002_0074.uasset" 8247
"../../../Engine/Content/EngineMaterials/Substrate/Glints2/dict_0002_0077.uasset" 8248
"../../../Engine/Content/EngineMaterials/Substrate/Glints2/dict_0002_0072.uasset" 8249
"../../../Engine/Content/EngineMaterials/Substrate/Glints2/dict_0002_0067.uasset" 8250
"../../../Engine/Content/EngineMaterials/Substrate/Glints2/dict_0002_0083.uasset" 8251
"../../../Engine/Content/EngineMaterials/Substrate/Glints2/dict_0002_0079.uasset" 8252
"../../../Engine/Content/EngineMaterials/Substrate/Glints2/dict_0002_0078.uasset" 8253
"../../../Engine/Content/EngineMaterials/Substrate/Glints2/dict_0002_0088.uasset" 8254
"../../../Engine/Content/EngineMaterials/Substrate/Glints2/dict_0002_0084.uasset" 8255
"../../../Engine/Content/EngineMaterials/Substrate/Glints2/dict_0002_0081.uasset" 8256
"../../../Engine/Content/EngineMaterials/Substrate/Glints2/dict_0002_0073.uasset" 8257
"../../../Engine/Content/EngineMaterials/Substrate/Glints2/dict_0002_0070.uasset" 8258
"../../../Engine/Content/EngineMaterials/Substrate/Glints2/dict_0002_0075.uasset" 8259
"../../../Engine/Content/EngineMaterials/Substrate/Glints2/dict_0002_0069.uasset" 8260
"../../../Engine/Content/EngineMaterials/Substrate/Glints2/dict_0002_0096.uasset" 8261
"../../../Engine/Content/EngineMaterials/Substrate/Glints2/dict_0002_0068.uasset" 8262
"../../../Engine/Content/EngineMaterials/Substrate/Glints2/dict_0002_0082.uasset" 8263
"../../../Engine/Content/EngineMaterials/Substrate/Glints2/dict_0002_0090.uasset" 8264
"../../../Engine/Content/EngineMaterials/Substrate/Glints2/dict_0002_0091.uasset" 8265
"../../../Engine/Content/EngineMaterials/Substrate/Glints2/dict_0002_0087.uasset" 8266
"/Engine/EngineMaterials/Substrate/Glints2/dict_0002_0088" 8267
"../../../Engine/Content/EngineMaterials/Substrate/Glints2/dict_0002_0092.uasset" 8268
"../../../Engine/Content/EngineMaterials/Substrate/Glints2/dict_0002_0085.uasset" 8269
"../../../Engine/Content/EngineMaterials/Substrate/Glints2/dict_0002_0086.uasset" 8270
"/Engine/EngineMaterials/Substrate/Glints2/dict_0002_0096" 8271
"/Engine/EngineMaterials/Substrate/Glints2/dict_0002_0084" 8272
"/Engine/EngineMaterials/Substrate/Glints2/dict_0002_0091" 8273
"/Engine/EngineMaterials/Substrate/Glints2/dict_0002_0083" 8274
"../../../Engine/Content/EngineMaterials/Substrate/Glints2/dict_0002_0093.uasset" 8275
"../../../Engine/Content/EngineMaterials/Substrate/Glints2/dict_0002_0089.uasset" 8276
"../../../Engine/Content/EngineMaterials/Substrate/Glints2/dict_0002_0094.uasset" 8277
"/Engine/EngineMaterials/Substrate/Glints2/dict_0002_0082" 8278
"/Engine/EngineMaterials/Substrate/Glints2/dict_0002_0081" 8279
"/Engine/EngineMaterials/Substrate/Glints2/dict_0002_0090" 8280
"/Engine/EngineMaterials/Substrate/Glints2/dict_0002_0080" 8281
"/Engine/EngineMaterials/Substrate/Glints2/dict_0002_0079" 8282
"/Engine/EngineMaterials/Substrate/Glints2/dict_0002_0078" 8283
"/Engine/EngineMaterials/Substrate/Glints2/dict_0002_0077" 8284
"/Engine/EngineMaterials/Substrate/Glints2/dict_0002_0075" 8285
"/Engine/EngineMaterials/Substrate/Glints2/dict_0002_0074" 8286
"../../../Engine/Content/EngineMaterials/Substrate/Glints2/dict_0002_0095.uasset" 8287
"/Engine/EngineMaterials/Substrate/Glints2/dict_0002_0073" 8288
"/Engine/EngineMaterials/Substrate/Glints2/dict_0002_0072" 8289
"/Engine/EngineMaterials/Substrate/Glints2/dict_0002_0070" 8290
"../../../Engine/Content/EngineMaterials/Substrate/Glints2/dict_0002_0097.uasset" 8291
"../../../Engine/Content/EngineMaterials/Substrate/Glints2/dict_0002_0071.uasset" 8292
"/Engine/EngineMaterials/Substrate/Glints2/dict_0002_0069" 8293
"/Engine/EngineMaterials/Substrate/Glints2/dict_0002_0068" 8294
"/Engine/EngineMaterials/Substrate/Glints2/dict_0002_0067" 8295
"../../../Engine/Content/EngineMaterials/Substrate/Glints2/dict_0002_0098.uasset" 8296
"/Engine/EngineMaterials/Substrate/Glints2/dict_0002_0097" 8297
"/Engine/EngineMaterials/Substrate/Glints2/dict_0002_0087" 8298
"/Engine/EngineMaterials/Substrate/Glints2/dict_0002_0095" 8299
"/Engine/EngineMaterials/Substrate/Glints2/dict_0002_0086" 8300
"/Engine/EngineMaterials/Substrate/Glints2/dict_0002_0094" 8301
"/Engine/EngineMaterials/Substrate/Glints2/dict_0002_0085" 8302
"../../../Engine/Content/EngineMaterials/Substrate/Glints2/dict_0002_0103.uasset" 8303
"/Engine/EngineMaterials/Substrate/Glints2/dict_0002_0093" 8304
"/Engine/EngineMaterials/Substrate/Glints2/dict_0002_0092" 8305
"/Engine/EngineMaterials/Substrate/Glints2/dict_0002_0071" 8306
"/Engine/EngineMaterials/Substrate/Glints2/dict_0002_0089" 8307
"/Engine/EngineMaterials/Substrate/Glints2/dict_0002_0098" 8308
"/Engine/EngineMaterials/Substrate/Glints2/dict_0002_0103" 8309
"../../../Engine/Content/EngineMaterials/Substrate/Glints2/dict_0002_0111.uasset" 8310
"../../../Engine/Content/EngineMaterials/Substrate/Glints2/dict_0002_0076.uasset" 8311
"../../../Engine/Content/EngineMaterials/Substrate/Glints2/dict_0002_0106.uasset" 8312
"../../../Engine/Content/EngineMaterials/Substrate/Glints2/dict_0002_0112.uasset" 8313
"../../../Engine/Content/EngineMaterials/Substrate/Glints2/dict_0002_0104.uasset" 8314
"../../../Engine/Content/EngineMaterials/Substrate/Glints2/dict_0002_0109.uasset" 8315
"../../../Engine/Content/EngineMaterials/Substrate/Glints2/dict_0002_0105.uasset" 8316
"../../../Engine/Content/EngineMaterials/Substrate/Glints2/dict_0002_0114.uasset" 8317
"../../../Engine/Content/EngineMaterials/Substrate/Glints2/dict_0002_0113.uasset" 8318
"../../../Engine/Content/EngineMaterials/Substrate/Glints2/dict_0002_0100.uasset" 8319
"../../../Engine/Content/EngineMaterials/Substrate/Glints2/dict_0002_0110.uasset" 8320
"../../../Engine/Content/EngineMaterials/Substrate/Glints2/dict_0002_0099.uasset" 8321
"../../../Engine/Content/EngineMaterials/Substrate/Glints2/dict_0002_0102.uasset" 8322
"../../../Engine/Content/EngineMaterials/Substrate/Glints2/dict_0002_0101.uasset" 8323
"../../../Engine/Content/EngineMaterials/Substrate/Glints2/dict_0002_0121.uasset" 8324
"../../../Engine/Content/EngineMaterials/Substrate/Glints2/dict_0002_0107.uasset" 8325
"../../../Engine/Content/EngineMaterials/Substrate/Glints2/dict_0002_0116.uasset" 8326
"/Engine/EngineMaterials/Substrate/Glints2/dict_0002_0116" 8327
"/Engine/EngineMaterials/Substrate/Glints2/dict_0002_0121" 8328
"../../../Engine/Content/EngineMaterials/Substrate/Glints2/dict_0002_0115.uasset" 8329
"../../../Engine/Content/EngineMaterials/Substrate/Glints2/dict_0002_0117.uasset" 8330
"../../../Engine/Content/EngineMaterials/Substrate/Glints2/dict_0002_0124.uasset" 8331
"../../../Engine/Content/EngineMaterials/Substrate/Glints2/dict_0002_0108.uasset" 8332
"../../../Engine/Content/EngineMaterials/Substrate/Glints2/dict_0002_0119.uasset" 8333
"/Engine/EngineMaterials/Substrate/Glints2/dict_0002_0114" 8334
"/Engine/EngineMaterials/Substrate/Glints2/dict_0002_0113" 8335
"/Engine/EngineMaterials/Substrate/Glints2/dict_0002_0112" 8336
"../../../Engine/Content/EngineMaterials/Substrate/Glints2/dict_0002_0123.uasset" 8337
"/Engine/EngineMaterials/Substrate/Glints2/dict_0002_0111" 8338
"../../../Engine/Content/EngineMaterials/Substrate/Glints2/dict_0002_0126.uasset" 8339
"/Engine/EngineMaterials/Substrate/Glints2/dict_0002_0110" 8340
"../../../Engine/Content/EngineMaterials/Substrate/Glints2/dict_0002_0129.uasset" 8341
"../../../Engine/Content/EngineMaterials/Substrate/Glints2/dict_0002_0128.uasset" 8342
"/Engine/EngineMaterials/Substrate/Glints2/dict_0002_0109" 8343
"/Engine/EngineMaterials/Substrate/Glints2/dict_0002_0107" 8344
"../../../Engine/Content/EngineMaterials/Substrate/Glints2/dict_0002_0127.uasset" 8345
"../../../Engine/Content/EngineMaterials/Substrate/Glints2/dict_0002_0122.uasset" 8346
"/Engine/EngineMaterials/Substrate/Glints2/dict_0002_0076" 8347
"/Engine/EngineMaterials/Substrate/Glints2/dict_0002_0106" 8348
"/Engine/EngineMaterials/Substrate/Glints2/dict_0002_0105" 8349
"/Engine/EngineMaterials/Substrate/Glints2/dict_0002_0104" 8350
"/Engine/EngineMaterials/Substrate/Glints2/dict_0002_0102" 8351
"/Engine/EngineMaterials/Substrate/Glints2/dict_0002_0101" 8352
"/Engine/EngineMaterials/Substrate/Glints2/dict_0002_0100" 8353
"/Engine/EngineMaterials/Substrate/Glints2/dict_0002_0099" 8354
"/Engine/EngineMaterials/Substrate/Glints2/dict_0002_0128" 8355
"../../../Engine/Content/EngineMaterials/Substrate/Glints2/dict_0002_0118.uasset" 8356
"../../../Engine/Content/EngineMaterials/Substrate/Glints2/dict_0002_0130.uasset" 8357
"/Engine/EngineMaterials/Substrate/Glints2/dict_0002_0117" 8358
"/Engine/EngineMaterials/Substrate/Glints2/dict_0002_0127" 8359
"/Engine/EngineMaterials/Substrate/Glints2/dict_0002_0126" 8360
"../../../Engine/Content/EngineMaterials/Substrate/Glints2/dict_0002_0139.uasset" 8361
"../../../Engine/Content/EngineMaterials/Substrate/Glints2/dict_0002_0132.uasset" 8362
"/Engine/EngineMaterials/Substrate/Glints2/dict_0002_0124" 8363
"/Engine/EngineMaterials/Substrate/Glints2/dict_0002_0123" 8364
"/Engine/EngineMaterials/Substrate/Glints2/dict_0002_0122" 8365
"../../../Engine/Content/EngineMaterials/Substrate/Glints2/dict_0002_0120.uasset" 8366
"/Engine/EngineMaterials/Substrate/Glints2/dict_0002_0115" 8367
"/Engine/EngineMaterials/Substrate/Glints2/dict_0002_0108" 8368
"/Engine/EngineMaterials/Substrate/Glints2/dict_0002_0129" 8369
"/Engine/EngineMaterials/Substrate/Glints2/dict_0002_0119" 8370
"/Engine/EngineMaterials/Substrate/Glints2/dict_0002_0130" 8371
"../../../Engine/Content/EngineMaterials/Substrate/Glints2/dict_0002_0147.uasset" 8372
"/Engine/EngineMaterials/Substrate/Glints2/dict_0002_0118" 8373
"/Engine/EngineMaterials/Substrate/Glints2/dict_0002_0139" 8374
"/Engine/EngineMaterials/Substrate/Glints2/dict_0002_0120" 8375
"../../../Engine/Content/EngineMaterials/Substrate/Glints2/dict_0002_0136.uasset" 8376
"../../../Engine/Content/EngineMaterials/Substrate/Glints2/dict_0002_0138.uasset" 8377
"../../../Engine/Content/EngineMaterials/Substrate/Glints2/dict_0002_0134.uasset" 8378
"../../../Engine/Content/EngineMaterials/Substrate/Glints2/dict_0002_0141.uasset" 8379
"../../../Engine/Content/EngineMaterials/Substrate/Glints2/dict_0002_0143.uasset" 8380
"../../../Engine/Content/EngineMaterials/Substrate/Glints2/dict_0002_0145.uasset" 8381
"../../../Engine/Content/EngineMaterials/Substrate/Glints2/dict_0002_0131.uasset" 8382
"/Engine/EngineMaterials/Substrate/Glints2/dict_0002_0132" 8383
"../../../Engine/Content/EngineMaterials/Substrate/Glints2/dict_0002_0135.uasset" 8384
"../../../Engine/Content/EngineMaterials/Substrate/Glints2/dict_0002_0157.uasset" 8385
"/Engine/EngineMaterials/Substrate/Glints2/dict_0002_0147" 8386
"../../../Engine/Content/EngineMaterials/Substrate/Glints2/dict_0002_0146.uasset" 8387
"/Engine/EngineMaterials/Substrate/Glints2/dict_0002_0145" 8388
"../../../Engine/Content/EngineMaterials/Substrate/Glints2/dict_0002_0125.uasset" 8389
"/Engine/EngineMaterials/Substrate/Glints2/dict_0002_0143" 8390
"/Engine/EngineMaterials/Substrate/Glints2/dict_0002_0141" 8391
"../../../Engine/Content/EngineMaterials/Substrate/Glints2/dict_0002_0133.uasset" 8392
"../../../Engine/Content/EngineMaterials/Substrate/Glints2/dict_0002_0142.uasset" 8393
"/Engine/EngineMaterials/Substrate/Glints2/dict_0002_0138" 8394
"/Engine/EngineMaterials/Substrate/Glints2/dict_0002_0136" 8395
"/Engine/EngineMaterials/Substrate/Glints2/dict_0002_0134" 8396
"../../../Engine/Content/EngineMaterials/Substrate/Glints2/dict_0002_0149.uasset" 8397
"/Engine/EngineMaterials/Substrate/Glints2/dict_0002_0131" 8398
"/Engine/EngineMaterials/Substrate/Glints2/dict_0002_0157" 8399
"/Engine/EngineMaterials/Substrate/Glints2/dict_0002_0125" 8400
"/Engine/EngineMaterials/Substrate/Glints2/dict_0002_0146" 8401
"/Engine/EngineMaterials/Substrate/Glints2/dict_0002_0142" 8402
"/Engine/EngineMaterials/Substrate/Glints2/dict_0002_0135" 8403
"/Engine/EngineMaterials/Substrate/Glints2/dict_0002_0149" 8404
"../../../Engine/Content/EngineMaterials/Substrate/Glints2/dict_0002_0140.uasset" 8405
"../../../Engine/Content/EngineMaterials/Substrate/Glints2/dict_0002_0144.uasset" 8406
"../../../Engine/Content/EngineMaterials/Substrate/Glints2/dict_0002_0148.uasset" 8407
"/Engine/EngineMaterials/Substrate/Glints2/dict_0002_0133" 8408
"/Engine/EngineMaterials/Substrate/Glints2/dict_0002_0144" 8409
"/Engine/EngineMaterials/Substrate/Glints2/dict_0002_0140" 8410
"../../../Engine/Content/EngineMaterials/Substrate/Glints2/dict_0002_0137.uasset" 8411
"../../../Engine/Content/EngineMaterials/Substrate/Glints2/dict_0002_0153.uasset" 8412
"../../../Engine/Content/EngineMaterials/Substrate/Glints2/dict_0002_0156.uasset" 8413
"/Engine/EngineMaterials/Substrate/Glints2/dict_0002_0148" 8414
"/Engine/EngineMaterials/Substrate/Glints2/dict_0002_0156" 8415
"/Engine/EngineMaterials/Substrate/Glints2/dict_0002_0153" 8416
"/Engine/EngineMaterials/Substrate/Glints2/dict_0002_0137" 8417
"../../../Engine/Content/EngineMaterials/Substrate/Glints2/dict_0002_0159.uasset" 8418
"../../../Engine/Content/EngineMaterials/Substrate/Glints2/dict_0002_0154.uasset" 8419
"../../../Engine/Content/EngineMaterials/Substrate/Glints2/dict_0002_0158.uasset" 8420
"../../../Engine/Content/EngineMaterials/Substrate/Glints2/dict_0002_0163.uasset" 8421
"../../../Engine/Content/EngineMaterials/Substrate/Glints2/dict_0002_0150.uasset" 8422
"../../../Engine/Content/EngineMaterials/Substrate/Glints2/dict_0002_0162.uasset" 8423
"../../../Engine/Content/EngineMaterials/Substrate/Glints2/dict_0002_0166.uasset" 8424
"../../../Engine/Content/EngineMaterials/Substrate/Glints2/dict_0002_0151.uasset" 8425
"../../../Engine/Content/EngineMaterials/Substrate/Glints2/dict_0002_0168.uasset" 8426
"../../../Engine/Content/EngineMaterials/Substrate/Glints2/dict_0002_0152.uasset" 8427
"../../../Engine/Content/EngineMaterials/Substrate/Glints2/dict_0002_0169.uasset" 8428
"../../../Engine/Content/EngineMaterials/Substrate/Glints2/dict_0002_0164.uasset" 8429
"../../../Engine/Content/EngineMaterials/Substrate/Glints2/dict_0002_0155.uasset" 8430
"../../../Engine/Content/EngineMaterials/Substrate/Glints2/dict_0002_0175.uasset" 8431
"../../../Engine/Content/EngineMaterials/Substrate/Glints2/dict_0002_0172.uasset" 8432
"../../../Engine/Content/EngineMaterials/Substrate/Glints2/dict_0002_0171.uasset" 8433
"../../../Engine/Content/EngineMaterials/Substrate/Glints2/dict_0002_0170.uasset" 8434
"../../../Engine/Content/EngineMaterials/Substrate/Glints2/dict_0002_0176.uasset" 8435
"../../../Engine/Content/EngineMaterials/Substrate/Glints2/dict_0002_0174.uasset" 8436
"../../../Engine/Content/EngineMaterials/Substrate/Glints2/dict_0002_0160.uasset" 8437
"/Engine/EngineMaterials/Substrate/Glints2/dict_0002_0163" 8438
"/Engine/EngineMaterials/Substrate/Glints2/dict_0002_0158" 8439
"/Engine/EngineMaterials/Substrate/Glints2/dict_0002_0162" 8440
"/Engine/EngineMaterials/Substrate/Glints2/dict_0002_0155" 8441
"/Engine/EngineMaterials/Substrate/Glints2/dict_0002_0154" 8442
"/Engine/EngineMaterials/Substrate/Glints2/dict_0002_0152" 8443
"../../../Engine/Content/EngineMaterials/Substrate/Glints2/dict_0002_0179.uasset" 8444
"../../../Engine/Content/EngineMaterials/Substrate/Glints2/dict_0002_0180.uasset" 8445
"../../../Engine/Content/EngineMaterials/Substrate/Glints2/dict_0002_0182.uasset" 8446
"../../../Engine/Content/EngineMaterials/Substrate/Glints2/dict_0002_0173.uasset" 8447
"/Engine/EngineMaterials/Substrate/Glints2/dict_0002_0171" 8448
"/Engine/EngineMaterials/Substrate/Glints2/dict_0002_0176" 8449
"/Engine/EngineMaterials/Substrate/Glints2/dict_0002_0151" 8450
"/Engine/EngineMaterials/Substrate/Glints2/dict_0002_0170" 8451
"../../../Engine/Content/EngineMaterials/Substrate/Glints2/dict_0002_0177.uasset" 8452
"/Engine/EngineMaterials/Substrate/Glints2/dict_0002_0169" 8453
"/Engine/EngineMaterials/Substrate/Glints2/dict_0002_0175" 8454
"/Engine/EngineMaterials/Substrate/Glints2/dict_0002_0168" 8455
"/Engine/EngineMaterials/Substrate/Glints2/dict_0002_0150" 8456
"../../../Engine/Content/EngineMaterials/Substrate/Glints2/dict_0002_0184.uasset" 8457
"../../../Engine/Content/EngineMaterials/Substrate/Glints2/dict_0002_0183.uasset" 8458
"../../../Engine/Content/EngineMaterials/Substrate/Glints2/dict_0002_0165.uasset" 8459
"../../../Engine/Content/EngineMaterials/Substrate/Glints2/dict_0002_0167.uasset" 8460
"/Engine/EngineMaterials/Substrate/Glints2/dict_0002_0166" 8461
"../../../Engine/Content/EngineMaterials/Substrate/Glints2/dict_0002_0178.uasset" 8462
"/Engine/EngineMaterials/Substrate/Glints2/dict_0002_0174" 8463
"/Engine/EngineMaterials/Substrate/Glints2/dict_0002_0160" 8464
"/Engine/EngineMaterials/Substrate/Glints2/dict_0002_0172" 8465
"/Engine/EngineMaterials/Substrate/Glints2/dict_0002_0159" 8466
"../../../Engine/Content/EngineMaterials/Substrate/Glints2/dict_0002_0181.uasset" 8467
"/Engine/EngineMaterials/Substrate/Glints2/dict_0002_0164" 8468
"/Engine/EngineMaterials/Substrate/Glints2/dict_0002_0178" 8469
"/Engine/EngineMaterials/Substrate/Glints2/dict_0002_0184" 8470
"/Engine/EngineMaterials/Substrate/Glints2/dict_0002_0177" 8471
"/Engine/EngineMaterials/Substrate/Glints2/dict_0002_0183" 8472
"/Engine/EngineMaterials/Substrate/Glints2/dict_0002_0181" 8473
"/Engine/EngineMaterials/Substrate/Glints2/dict_0002_0180" 8474
"/Engine/EngineMaterials/Substrate/Glints2/dict_0002_0167" 8475
"/Engine/EngineMaterials/Substrate/Glints2/dict_0002_0182" 8476
"/Engine/EngineMaterials/Substrate/Glints2/dict_0002_0173" 8477
"/Engine/EngineMaterials/Substrate/Glints2/dict_0002_0165" 8478
"/Engine/EngineMaterials/Substrate/Glints2/dict_0002_0179" 8479
"../../../Engine/Content/EngineMaterials/Substrate/Glints2/dict_0002_0191.uasset" 8480
"../../../Engine/Content/EngineMaterials/Substrate/Glints2/dict_0002_0186.uasset" 8481
"../../../Engine/Content/EngineMaterials/Substrate/Glints2/dict_0002_0195.uasset" 8482
"../../../Engine/Content/EngineMaterials/Substrate/Glints2/dict_0002_0189.uasset" 8483
"../../../Engine/Content/EngineMaterials/Substrate/Glints2/dict_0002_0188.uasset" 8484
"../../../Engine/Content/EngineMaterials/Substrate/Glints2/dict_0002_0185.uasset" 8485
"../../../Engine/Content/EngineMaterials/Substrate/Glints2/dict_0002_0196.uasset" 8486
"../../../Engine/Content/EngineMaterials/Substrate/Glints2/dict_0002_0201.uasset" 8487
"../../../Engine/Content/EngineMaterials/Substrate/Glints2/dict_0002_0197.uasset" 8488
"../../../Engine/Content/EngineMaterials/Substrate/Glints2/dict_0002_0199.uasset" 8489
"../../../Engine/Content/EngineMaterials/Substrate/Glints2/dict_0002_0193.uasset" 8490
"../../../Engine/Content/EngineMaterials/Substrate/Glints2/dict_0002_0198.uasset" 8491
"../../../Engine/Content/EngineMaterials/Substrate/Glints2/dict_0002_0194.uasset" 8492
"../../../Engine/Content/EngineMaterials/Substrate/Glints2/dict_0002_0212.uasset" 8493
"../../../Engine/Content/EngineMaterials/Substrate/Glints2/dict_0002_0190.uasset" 8494
"../../../Engine/Content/EngineMaterials/Substrate/Glints2/dict_0002_0187.uasset" 8495
"../../../Engine/Content/EngineMaterials/Substrate/Glints2/dict_0002_0192.uasset" 8496
"../../../Engine/Content/EngineMaterials/Substrate/Glints2/dict_0002_0200.uasset" 8497
"/Engine/EngineMaterials/Substrate/Glints2/dict_0002_0201" 8498
"../../../Engine/Content/EngineMaterials/Substrate/Glints2/dict_0002_0211.uasset" 8499
"../../../Engine/Content/EngineMaterials/Substrate/Glints2/dict_0002_0205.uasset" 8500
"../../../Engine/Content/EngineMaterials/Substrate/Glints2/dict_0002_0207.uasset" 8501
"../../../Engine/Content/EngineMaterials/Substrate/Glints2/dict_0002_0209.uasset" 8502
"/Engine/EngineMaterials/Substrate/Glints2/dict_0002_0200" 8503
"../../../Engine/Content/EngineMaterials/Substrate/Glints2/dict_0002_0210.uasset" 8504
"../../../Engine/Content/EngineMaterials/Substrate/Glints2/dict_0002_0214.uasset" 8505
"/Engine/EngineMaterials/Substrate/Glints2/dict_0002_0212" 8506
"/Engine/EngineMaterials/Substrate/Glints2/dict_0002_0199" 8507
"../../../Engine/Content/EngineMaterials/Substrate/Glints2/dict_0002_0213.uasset" 8508
"/Engine/EngineMaterials/Substrate/Glints2/dict_0002_0198" 8509
"/Engine/EngineMaterials/Substrate/Glints2/dict_0002_0197" 8510
"/Engine/EngineMaterials/Substrate/Glints2/dict_0002_0196" 8511
"/Engine/EngineMaterials/Substrate/Glints2/dict_0002_0195" 8512
"/Engine/EngineMaterials/Substrate/Glints2/dict_0002_0194" 8513
"../../../Engine/Content/EngineMaterials/Substrate/Glints2/dict_0002_0208.uasset" 8514
"/Engine/EngineMaterials/Substrate/Glints2/dict_0002_0193" 8515
"/Engine/EngineMaterials/Substrate/Glints2/dict_0002_0192" 8516
"/Engine/EngineMaterials/Substrate/Glints2/dict_0002_0191" 8517
"../../../Engine/Content/EngineMaterials/Substrate/Glints2/dict_0002_0204.uasset" 8518
"/Engine/EngineMaterials/Substrate/Glints2/dict_0002_0190" 8519
"../../../Engine/Content/EngineMaterials/Substrate/Glints2/dict_0002_0203.uasset" 8520
"/Engine/EngineMaterials/Substrate/Glints2/dict_0002_0189" 8521
"../../../Engine/Content/EngineMaterials/Substrate/Glints2/dict_0002_0215.uasset" 8522
"/Engine/EngineMaterials/Substrate/Glints2/dict_0002_0188" 8523
"/Engine/EngineMaterials/Substrate/Glints2/dict_0002_0187" 8524
"/Engine/EngineMaterials/Substrate/Glints2/dict_0002_0186" 8525
"../../../Engine/Content/EngineMaterials/Substrate/Glints2/dict_0002_0202.uasset" 8526
"/Engine/EngineMaterials/Substrate/Glints2/dict_0002_0185" 8527
"/Engine/EngineMaterials/Substrate/Glints2/dict_0002_0204" 8528
"/Engine/EngineMaterials/Substrate/Glints2/dict_0002_0203" 8529
"../../../Engine/Content/EngineMaterials/Substrate/Glints2/dict_0002_0206.uasset" 8530
"/Engine/EngineMaterials/Substrate/Glints2/dict_0002_0202" 8531
"/Engine/EngineMaterials/Substrate/Glints2/dict_0002_0215" 8532
"/Engine/EngineMaterials/Substrate/Glints2/dict_0002_0214" 8533
"/Engine/EngineMaterials/Substrate/Glints2/dict_0002_0213" 8534
"/Engine/EngineMaterials/Substrate/Glints2/dict_0002_0211" 8535
"/Engine/EngineMaterials/Substrate/Glints2/dict_0002_0210" 8536
"/Engine/EngineMaterials/Substrate/Glints2/dict_0002_0209" 8537
"/Engine/EngineMaterials/Substrate/Glints2/dict_0002_0208" 8538
"/Engine/EngineMaterials/Substrate/Glints2/dict_0002_0207" 8539
"/Engine/EngineMaterials/Substrate/Glints2/dict_0002_0205" 8540
"/Engine/EngineMaterials/Substrate/Glints2/dict_0002_0206" 8541
"../../../Engine/Content/EngineMaterials/Substrate/Glints2/dict_0002_0230.uasset" 8542
"../../../Engine/Content/EngineMaterials/Substrate/Glints2/dict_0002_0227.uasset" 8543
"../../../Engine/Content/EngineMaterials/Substrate/Glints2/dict_0002_0223.uasset" 8544
"../../../Engine/Content/EngineMaterials/Substrate/Glints2/dict_0002_0224.uasset" 8545
"../../../Engine/Content/EngineMaterials/Substrate/Glints2/dict_0002_0216.uasset" 8546
"../../../Engine/Content/EngineMaterials/Substrate/Glints2/dict_0002_0221.uasset" 8547
"../../../Engine/Content/EngineMaterials/Substrate/Glints2/dict_0002_0219.uasset" 8548
"../../../Engine/Content/EngineMaterials/Substrate/Glints2/dict_0002_0218.uasset" 8549
"../../../Engine/Content/EngineMaterials/Substrate/Glints2/dict_0002_0232.uasset" 8550
"../../../Engine/Content/EngineMaterials/Substrate/Glints2/dict_0002_0226.uasset" 8551
"../../../Engine/Content/EngineMaterials/Substrate/Glints2/dict_0002_0231.uasset" 8552
"../../../Engine/Content/EngineMaterials/Substrate/Glints2/dict_0002_0217.uasset" 8553
"../../../Engine/Content/EngineMaterials/Substrate/Glints2/dict_0002_0225.uasset" 8554
"../../../Engine/Content/EngineMaterials/Substrate/Glints2/dict_0002_0229.uasset" 8555
"../../../Engine/Content/EngineMaterials/Substrate/Glints2/dict_0002_0228.uasset" 8556
"../../../Engine/Content/EngineMaterials/Substrate/Glints2/dict_0002_0220.uasset" 8557
"../../../Engine/Content/EngineMaterials/Substrate/Glints2/dict_0002_0238.uasset" 8558
"../../../Engine/Content/EngineMaterials/Substrate/Glints2/dict_0002_0235.uasset" 8559
"../../../Engine/Content/EngineMaterials/Substrate/Glints2/dict_0002_0236.uasset" 8560
"../../../Engine/Content/EngineMaterials/Substrate/Glints2/dict_0002_0233.uasset" 8561
"../../../Engine/Content/EngineMaterials/Substrate/Glints2/dict_0002_0239.uasset" 8562
"/Engine/EngineMaterials/Substrate/Glints2/dict_0002_0233" 8563
"../../../Engine/Content/EngineMaterials/Substrate/Glints2/dict_0002_0237.uasset" 8564
"/Engine/EngineMaterials/Substrate/Glints2/dict_0002_0232" 8565
"/Engine/EngineMaterials/Substrate/Glints2/dict_0002_0231" 8566
"/Engine/EngineMaterials/Substrate/Glints2/dict_0002_0230" 8567
"/Engine/EngineMaterials/Substrate/Glints2/dict_0002_0229" 8568
"/Engine/EngineMaterials/Substrate/Glints2/dict_0002_0228" 8569
"../../../Engine/Content/EngineMaterials/Substrate/Glints2/dict_0002_0222.uasset" 8570
"/Engine/EngineMaterials/Substrate/Glints2/dict_0002_0227" 8571
"../../../Engine/Content/EngineMaterials/Substrate/Glints2/dict_0002_0240.uasset" 8572
"/Engine/EngineMaterials/Substrate/Glints2/dict_0002_0226" 8573
"../../../Engine/Content/EngineMaterials/Substrate/Glints2/dict_0002_0245.uasset" 8574
"../../../Engine/Content/EngineMaterials/Substrate/Glints2/dict_0002_0234.uasset" 8575
"/Engine/EngineMaterials/Substrate/Glints2/dict_0002_0239" 8576
"/Engine/EngineMaterials/Substrate/Glints2/dict_0002_0225" 8577
"/Engine/EngineMaterials/Substrate/Glints2/dict_0002_0224" 8578
"/Engine/EngineMaterials/Substrate/Glints2/dict_0002_0223" 8579
"/Engine/EngineMaterials/Substrate/Glints2/dict_0002_0238" 8580
"/Engine/EngineMaterials/Substrate/Glints2/dict_0002_0236" 8581
"../../../Engine/Content/EngineMaterials/Substrate/Glints2/dict_0002_0243.uasset" 8582
"../../../Engine/Content/EngineMaterials/Substrate/Glints2/dict_0002_0246.uasset" 8583
"/Engine/EngineMaterials/Substrate/Glints2/dict_0002_0221" 8584
"../../../Engine/Content/EngineMaterials/Substrate/Glints2/dict_0002_0242.uasset" 8585
"../../../Engine/Content/EngineMaterials/Substrate/Glints2/dict_0002_0241.uasset" 8586
"/Engine/EngineMaterials/Substrate/Glints2/dict_0002_0220" 8587
"/Engine/EngineMaterials/Substrate/Glints2/dict_0002_0235" 8588
"../../../Engine/Content/EngineMaterials/Substrate/Glints2/dict_0002_0161.uasset" 8589
"/Engine/EngineMaterials/Substrate/Glints2/dict_0002_0219" 8590
"/Engine/EngineMaterials/Substrate/Glints2/dict_0002_0218" 8591
"/Engine/EngineMaterials/Substrate/Glints2/dict_0002_0217" 8592
"../../../Engine/Content/EngineMaterials/Substrate/Glints2/dict_0002_0244.uasset" 8593
"/Engine/EngineMaterials/Substrate/Glints2/dict_0002_0216" 8594
"/Engine/EngineMaterials/Substrate/Glints2/dict_0002_0245" 8595
"/Engine/EngineMaterials/Substrate/Glints2/dict_0002_0244" 8596
"/Engine/EngineMaterials/Substrate/Glints2/dict_0002_0243" 8597
"/Engine/EngineMaterials/Substrate/Glints2/dict_0002_0242" 8598
"/Engine/EngineMaterials/Substrate/Glints2/dict_0002_0241" 8599
"/Engine/EngineMaterials/Substrate/Glints2/dict_0002_0240" 8600
"/Engine/EngineMaterials/Substrate/Glints2/dict_0002_0222" 8601
"/Engine/EngineMaterials/Substrate/Glints2/dict_0002_0161" 8602
"/Engine/EngineMaterials/Substrate/Glints2/dict_0002_0237" 8603
"/Engine/EngineMaterials/Substrate/Glints2/dict_0002_0246" 8604
"/Engine/EngineMaterials/Substrate/Glints2/dict_0002_0234" 8605
"../../../Engine/Content/EngineMaterials/Substrate/Glints2/dict_0002_0252.uasset" 8606
"../../../Engine/Content/EngineMaterials/Substrate/Glints2/dict_0003_0004.uasset" 8607
"../../../Engine/Content/EngineMaterials/Substrate/Glints2/dict_0002_0248.uasset" 8608
"../../../Engine/Content/EngineMaterials/Substrate/Glints2/dict_0002_0250.uasset" 8609
"../../../Engine/Content/EngineMaterials/Substrate/Glints2/dict_0003_0003.uasset" 8610
"../../../Engine/Content/EngineMaterials/Substrate/Glints2/dict_0002_0251.uasset" 8611
"../../../Engine/Content/EngineMaterials/Substrate/Glints2/dict_0003_0006.uasset" 8612
"../../../Engine/Content/EngineMaterials/Substrate/Glints2/dict_0002_0253.uasset" 8613
"../../../Engine/Content/EngineMaterials/Substrate/Glints2/dict_0002_0254.uasset" 8614
"../../../Engine/Content/EngineMaterials/Substrate/Glints2/dict_0003_0001.uasset" 8615
"../../../Engine/Content/EngineMaterials/Substrate/Glints2/dict_0002_0249.uasset" 8616
"../../../Engine/Content/EngineMaterials/Substrate/Glints2/dict_0002_0247.uasset" 8617
"../../../Engine/Content/EngineMaterials/Substrate/Glints2/dict_0003_0008.uasset" 8618
"../../../Engine/Content/EngineMaterials/Substrate/Glints2/dict_0002_0255.uasset" 8619
"../../../Engine/Content/EngineMaterials/Substrate/Glints2/dict_0003_0002.uasset" 8620
"../../../Engine/Content/EngineMaterials/Substrate/Glints2/dict_0003_0000.uasset" 8621
"/Engine/EngineMaterials/Substrate/Glints2/dict_0003_0008" 8622
"../../../Engine/Content/EngineMaterials/Substrate/Glints2/dict_0003_0011.uasset" 8623
"../../../Engine/Content/EngineMaterials/Substrate/Glints2/dict_0003_0013.uasset" 8624
"../../../Engine/Content/EngineMaterials/Substrate/Glints2/dict_0003_0017.uasset" 8625
"../../../Engine/Content/EngineMaterials/Substrate/Glints2/dict_0003_0022.uasset" 8626
"../../../Engine/Content/EngineMaterials/Substrate/Glints2/dict_0003_0012.uasset" 8627
"../../../Engine/Content/EngineMaterials/Substrate/Glints2/dict_0003_0007.uasset" 8628
"../../../Engine/Content/EngineMaterials/Substrate/Glints2/dict_0003_0005.uasset" 8629
"../../../Engine/Content/EngineMaterials/Substrate/Glints2/dict_0003_0016.uasset" 8630
"/Engine/EngineMaterials/Substrate/Glints2/dict_0003_0006" 8631
"../../../Engine/Content/EngineMaterials/Substrate/Glints2/dict_0003_0015.uasset" 8632
"../../../Engine/Content/EngineMaterials/Substrate/Glints2/dict_0003_0010.uasset" 8633
"/Engine/EngineMaterials/Substrate/Glints2/dict_0003_0004" 8634
"/Engine/EngineMaterials/Substrate/Glints2/dict_0003_0003" 8635
"/Engine/EngineMaterials/Substrate/Glints2/dict_0003_0002" 8636
"../../../Engine/Content/EngineMaterials/Substrate/Glints2/dict_0003_0014.uasset" 8637
"/Engine/EngineMaterials/Substrate/Glints2/dict_0003_0001" 8638
"../../../Engine/Content/EngineMaterials/Substrate/Glints2/dict_0003_0018.uasset" 8639
"../../../Engine/Content/EngineMaterials/Substrate/Glints2/dict_0003_0009.uasset" 8640
"/Engine/EngineMaterials/Substrate/Glints2/dict_0003_0000" 8641
"/Engine/EngineMaterials/Substrate/Glints2/dict_0002_0255" 8642
"/Engine/EngineMaterials/Substrate/Glints2/dict_0002_0254" 8643
"/Engine/EngineMaterials/Substrate/Glints2/dict_0002_0253" 8644
"/Engine/EngineMaterials/Substrate/Glints2/dict_0002_0252" 8645
"/Engine/EngineMaterials/Substrate/Glints2/dict_0002_0251" 8646
"/Engine/EngineMaterials/Substrate/Glints2/dict_0002_0250" 8647
"/Engine/EngineMaterials/Substrate/Glints2/dict_0002_0249" 8648
"/Engine/EngineMaterials/Substrate/Glints2/dict_0002_0248" 8649
"/Engine/EngineMaterials/Substrate/Glints2/dict_0002_0247" 8650
"/Engine/EngineMaterials/Substrate/Glints2/dict_0003_0022" 8651
"../../../Engine/Content/EngineMaterials/Substrate/Glints2/dict_0003_0019.uasset" 8652
"../../../Engine/Content/EngineMaterials/Substrate/Glints2/dict_0003_0020.uasset" 8653
"/Engine/EngineMaterials/Substrate/Glints2/dict_0003_0018" 8654
"../../../Engine/Content/EngineMaterials/Substrate/Glints2/dict_0003_0021.uasset" 8655
"/Engine/EngineMaterials/Substrate/Glints2/dict_0003_0011" 8656
"/Engine/EngineMaterials/Substrate/Glints2/dict_0003_0017" 8657
"/Engine/EngineMaterials/Substrate/Glints2/dict_0003_0010" 8658
"/Engine/EngineMaterials/Substrate/Glints2/dict_0003_0009" 8659
"../../../Engine/Content/EngineMaterials/Substrate/Glints2/dict_0003_0035.uasset" 8660
"/Engine/EngineMaterials/Substrate/Glints2/dict_0003_0007" 8661
"/Engine/EngineMaterials/Substrate/Glints2/dict_0003_0005" 8662
"/Engine/EngineMaterials/Substrate/Glints2/dict_0003_0016" 8663
"/Engine/EngineMaterials/Substrate/Glints2/dict_0003_0015" 8664
"/Engine/EngineMaterials/Substrate/Glints2/dict_0003_0014" 8665
"/Engine/EngineMaterials/Substrate/Glints2/dict_0003_0013" 8666
"/Engine/EngineMaterials/Substrate/Glints2/dict_0003_0012" 8667
"/Engine/EngineMaterials/Substrate/Glints2/dict_0003_0021" 8668
"/Engine/EngineMaterials/Substrate/Glints2/dict_0003_0020" 8669
"/Engine/EngineMaterials/Substrate/Glints2/dict_0003_0019" 8670
"/Engine/EngineMaterials/Substrate/Glints2/dict_0003_0035" 8671
"../../../Engine/Content/EngineMaterials/Substrate/Glints2/dict_0003_0029.uasset" 8672
"../../../Engine/Content/EngineMaterials/Substrate/Glints2/dict_0003_0023.uasset" 8673
"../../../Engine/Content/EngineMaterials/Substrate/Glints2/dict_0003_0036.uasset" 8674
"../../../Engine/Content/EngineMaterials/Substrate/Glints2/dict_0003_0028.uasset" 8675
"../../../Engine/Content/EngineMaterials/Substrate/Glints2/dict_0003_0026.uasset" 8676
"../../../Engine/Content/EngineMaterials/Substrate/Glints2/dict_0003_0025.uasset" 8677
"../../../Engine/Content/EngineMaterials/Substrate/Glints2/dict_0003_0024.uasset" 8678
"../../../Engine/Content/EngineMaterials/Substrate/Glints2/dict_0003_0031.uasset" 8679
"../../../Engine/Content/EngineMaterials/Substrate/Glints2/dict_0003_0038.uasset" 8680
"../../../Engine/Content/EngineMaterials/Substrate/Glints2/dict_0003_0030.uasset" 8681
"../../../Engine/Content/EngineMaterials/Substrate/Glints2/dict_0003_0047.uasset" 8682
"../../../Engine/Content/EngineMaterials/Substrate/Glints2/dict_0003_0034.uasset" 8683
"../../../Engine/Content/EngineMaterials/Substrate/Glints2/dict_0003_0037.uasset" 8684
"../../../Engine/Content/EngineMaterials/Substrate/Glints2/dict_0003_0033.uasset" 8685
"../../../Engine/Content/EngineMaterials/Substrate/Glints2/dict_0003_0039.uasset" 8686
"/Engine/EngineMaterials/Substrate/Glints2/dict_0003_0047" 8687
"../../../Engine/Content/EngineMaterials/Substrate/Glints2/dict_0003_0046.uasset" 8688
"../../../Engine/Content/EngineMaterials/Substrate/Glints2/dict_0003_0043.uasset" 8689
"../../../Engine/Content/EngineMaterials/Substrate/Glints2/dict_0003_0042.uasset" 8690
"../../../Engine/Content/EngineMaterials/Substrate/Glints2/dict_0003_0044.uasset" 8691
"/Engine/EngineMaterials/Substrate/Glints2/dict_0003_0038" 8692
"/Engine/EngineMaterials/Substrate/Glints2/dict_0003_0037" 8693
"../../../Engine/Content/EngineMaterials/Substrate/Glints2/dict_0003_0050.uasset" 8694
"/Engine/EngineMaterials/Substrate/Glints2/dict_0003_0036" 8695
"/Engine/EngineMaterials/Substrate/Glints2/dict_0003_0034" 8696
"/Engine/EngineMaterials/Substrate/Glints2/dict_0003_0033" 8697
"../../../Engine/Content/EngineMaterials/Substrate/Glints2/dict_0003_0045.uasset" 8698
"/Engine/EngineMaterials/Substrate/Glints2/dict_0003_0031" 8699
"../../../Engine/Content/EngineMaterials/Substrate/Glints2/dict_0003_0051.uasset" 8700
"/Engine/EngineMaterials/Substrate/Glints2/dict_0003_0030" 8701
"/Engine/EngineMaterials/Substrate/Glints2/dict_0003_0029" 8702
"../../../Engine/Content/EngineMaterials/Substrate/Glints2/dict_0003_0052.uasset" 8703
"/Engine/EngineMaterials/Substrate/Glints2/dict_0003_0028" 8704
"../../../Engine/Content/EngineMaterials/Substrate/Glints2/dict_0003_0049.uasset" 8705
"/Engine/EngineMaterials/Substrate/Glints2/dict_0003_0026" 8706
"/Engine/EngineMaterials/Substrate/Glints2/dict_0003_0025" 8707
"/Engine/EngineMaterials/Substrate/Glints2/dict_0003_0024" 8708
"/Engine/EngineMaterials/Substrate/Glints2/dict_0003_0023" 8709
"../../../Engine/Content/EngineMaterials/Substrate/Glints2/dict_0003_0048.uasset" 8710
"../../../Engine/Content/EngineMaterials/Substrate/Glints2/dict_0003_0053.uasset" 8711
"/Engine/EngineMaterials/Substrate/Glints2/dict_0003_0039" 8712
"/Engine/EngineMaterials/Substrate/Glints2/dict_0003_0051" 8713
"../../../Engine/Content/EngineMaterials/Substrate/Glints2/dict_0003_0027.uasset" 8714
"../../../Engine/Content/EngineMaterials/Substrate/Glints2/dict_0003_0032.uasset" 8715
"/Engine/EngineMaterials/Substrate/Glints2/dict_0003_0053" 8716
"/Engine/EngineMaterials/Substrate/Glints2/dict_0003_0050" 8717
"/Engine/EngineMaterials/Substrate/Glints2/dict_0003_0049" 8718
"../../../Engine/Content/EngineMaterials/Substrate/Glints2/dict_0003_0055.uasset" 8719
"/Engine/EngineMaterials/Substrate/Glints2/dict_0003_0048" 8720
"/Engine/EngineMaterials/Substrate/Glints2/dict_0003_0046" 8721
"../../../Engine/Content/EngineMaterials/Substrate/Glints2/dict_0003_0054.uasset" 8722
"../../../Engine/Content/EngineMaterials/Substrate/Glints2/dict_0003_0041.uasset" 8723
"/Engine/EngineMaterials/Substrate/Glints2/dict_0003_0045" 8724
"/Engine/EngineMaterials/Substrate/Glints2/dict_0003_0044" 8725
"/Engine/EngineMaterials/Substrate/Glints2/dict_0003_0052" 8726
"/Engine/EngineMaterials/Substrate/Glints2/dict_0003_0043" 8727
"/Engine/EngineMaterials/Substrate/Glints2/dict_0003_0042" 8728
"/Engine/EngineMaterials/Substrate/Glints2/dict_0003_0055" 8729
"../../../Engine/Content/EngineMaterials/Substrate/Glints2/dict_0003_0040.uasset" 8730
"/Engine/EngineMaterials/Substrate/Glints2/dict_0003_0054" 8731
"/Engine/EngineMaterials/Substrate/Glints2/dict_0003_0032" 8732
"../../../Engine/Content/EngineMaterials/Substrate/Glints2/dict_0003_0056.uasset" 8733
"../../../Engine/Content/EngineMaterials/Substrate/Glints2/dict_0003_0057.uasset" 8734
"../../../Engine/Content/EngineMaterials/Substrate/Glints2/dict_0003_0070.uasset" 8735
"../../../Engine/Content/EngineMaterials/Substrate/Glints2/dict_0003_0059.uasset" 8736
"/Engine/EngineMaterials/Substrate/Glints2/dict_0003_0041" 8737
"../../../Engine/Content/EngineMaterials/Substrate/Glints2/dict_0003_0062.uasset" 8738
"/Engine/EngineMaterials/Substrate/Glints2/dict_0003_0027" 8739
"../../../Engine/Content/EngineMaterials/Substrate/Glints2/dict_0003_0060.uasset" 8740
"/Engine/EngineMaterials/Substrate/Glints2/dict_0003_0070" 8741
"/Engine/EngineMaterials/Substrate/Glints2/dict_0003_0062" 8742
"../../../Engine/Content/EngineMaterials/Substrate/Glints2/dict_0003_0065.uasset" 8743
"../../../Engine/Content/EngineMaterials/Substrate/Glints2/dict_0003_0058.uasset" 8744
"/Engine/EngineMaterials/Substrate/Glints2/dict_0003_0060" 8745
"../../../Engine/Content/EngineMaterials/Substrate/Glints2/dict_0003_0069.uasset" 8746
"/Engine/EngineMaterials/Substrate/Glints2/dict_0003_0040" 8747
"../../../Engine/Content/EngineMaterials/Substrate/Glints2/dict_0003_0068.uasset" 8748
"/Engine/EngineMaterials/Substrate/Glints2/dict_0003_0059" 8749
"/Engine/EngineMaterials/Substrate/Glints2/dict_0003_0057" 8750
"/Engine/EngineMaterials/Substrate/Glints2/dict_0003_0056" 8751
"/Engine/EngineMaterials/Substrate/Glints2/dict_0003_0069" 8752
"../../../Engine/Content/EngineMaterials/Substrate/Glints2/dict_0003_0081.uasset" 8753
"/Engine/EngineMaterials/Substrate/Glints2/dict_0003_0068" 8754
"/Engine/EngineMaterials/Substrate/Glints2/dict_0003_0065" 8755
"../../../Engine/Content/EngineMaterials/Substrate/Glints2/dict_0003_0066.uasset" 8756
"../../../Engine/Content/EngineMaterials/Substrate/Glints2/dict_0003_0076.uasset" 8757
"/Engine/EngineMaterials/Substrate/Glints2/dict_0003_0058" 8758
"/Engine/EngineMaterials/Substrate/Glints2/dict_0003_0081" 8759
"../../../Engine/Content/EngineMaterials/Substrate/Glints2/dict_0003_0064.uasset" 8760
"../../../Engine/Content/EngineMaterials/Substrate/Glints2/dict_0003_0063.uasset" 8761
"/Engine/EngineMaterials/Substrate/Glints2/dict_0003_0076" 8762
"/Engine/EngineMaterials/Substrate/Glints2/dict_0003_0066" 8763
"/Engine/EngineMaterials/Substrate/Glints2/dict_0003_0064" 8764
"/Engine/EngineMaterials/Substrate/Glints2/dict_0003_0063" 8765
"../../../Engine/Content/EngineMaterials/Substrate/Glints2/dict_0003_0074.uasset" 8766
"../../../Engine/Content/EngineMaterials/Substrate/Glints2/dict_0003_0080.uasset" 8767
"../../../Engine/Content/EngineMaterials/Substrate/Glints2/dict_0003_0078.uasset" 8768
"../../../Engine/Content/EngineMaterials/Substrate/Glints2/dict_0003_0075.uasset" 8769
"../../../Engine/Content/EngineMaterials/Substrate/Glints2/dict_0003_0079.uasset" 8770
"../../../Engine/Content/EngineMaterials/Substrate/Glints2/dict_0003_0077.uasset" 8771
"../../../Engine/Content/EngineMaterials/Substrate/Glints2/dict_0003_0061.uasset" 8772
"../../../Engine/Content/EngineMaterials/Substrate/Glints2/dict_0003_0067.uasset" 8773
"../../../Engine/Content/EngineMaterials/Substrate/Glints2/dict_0003_0082.uasset" 8774
"../../../Engine/Content/EngineMaterials/Substrate/Glints2/dict_0003_0086.uasset" 8775
"../../../Engine/Content/EngineMaterials/Substrate/Glints2/dict_0003_0083.uasset" 8776
"../../../Engine/Content/EngineMaterials/Substrate/Glints2/dict_0003_0085.uasset" 8777
"../../../Engine/Content/EngineMaterials/Substrate/Glints2/dict_0003_0084.uasset" 8778
"../../../Engine/Content/EngineMaterials/Substrate/Glints2/dict_0003_0087.uasset" 8779
"../../../Engine/Content/EngineMaterials/Substrate/Glints2/dict_0003_0088.uasset" 8780
"../../../Engine/Content/EngineMaterials/Substrate/Glints2/dict_0003_0094.uasset" 8781
"../../../Engine/Content/EngineMaterials/Substrate/Glints2/dict_0003_0072.uasset" 8782
"../../../Engine/Content/EngineMaterials/Substrate/Glints2/dict_0003_0071.uasset" 8783
"../../../Engine/Content/EngineMaterials/Substrate/Glints2/dict_0003_0093.uasset" 8784
"../../../Engine/Content/EngineMaterials/Substrate/Glints2/dict_0003_0095.uasset" 8785
"../../../Engine/Content/EngineMaterials/Substrate/Glints2/dict_0003_0091.uasset" 8786
"../../../Engine/Content/EngineMaterials/Substrate/Glints2/dict_0003_0089.uasset" 8787
"../../../Engine/Content/EngineMaterials/Substrate/Glints2/dict_0003_0092.uasset" 8788
"../../../Engine/Content/EngineMaterials/Substrate/Glints2/dict_0003_0090.uasset" 8789
"../../../Engine/Content/EngineMaterials/Substrate/Glints2/dict_0003_0096.uasset" 8790
"../../../Engine/Content/EngineMaterials/Substrate/Glints2/dict_0003_0099.uasset" 8791
"../../../Engine/Content/EngineMaterials/Substrate/Glints2/dict_0003_0097.uasset" 8792
"../../../Engine/Content/EngineMaterials/Substrate/Glints2/dict_0003_0100.uasset" 8793
"../../../Engine/Content/EngineMaterials/Substrate/Glints2/dict_0003_0101.uasset" 8794
"../../../Engine/Content/EngineMaterials/Substrate/Glints2/dict_0003_0102.uasset" 8795
"../../../Engine/Content/EngineMaterials/Substrate/Glints2/dict_0003_0098.uasset" 8796
"/Engine/EngineMaterials/Substrate/Glints2/dict_0003_0100" 8797
"/Engine/EngineMaterials/Substrate/Glints2/dict_0003_0086" 8798
"/Engine/EngineMaterials/Substrate/Glints2/dict_0003_0085" 8799
"/Engine/EngineMaterials/Substrate/Glints2/dict_0003_0080" 8800
"/Engine/EngineMaterials/Substrate/Glints2/dict_0003_0079" 8801
"/Engine/EngineMaterials/Substrate/Glints2/dict_0003_0078" 8802
"/Engine/EngineMaterials/Substrate/Glints2/dict_0003_0077" 8803
"/Engine/EngineMaterials/Substrate/Glints2/dict_0003_0093" 8804
"/Engine/EngineMaterials/Substrate/Glints2/dict_0003_0099" 8805
"/Engine/EngineMaterials/Substrate/Glints2/dict_0003_0097" 8806
"/Engine/EngineMaterials/Substrate/Glints2/dict_0003_0075" 8807
"/Engine/EngineMaterials/Substrate/Glints2/dict_0003_0096" 8808
"/Engine/EngineMaterials/Substrate/Glints2/dict_0003_0074" 8809
"/Engine/EngineMaterials/Substrate/Glints2/dict_0003_0067" 8810
"/Engine/EngineMaterials/Substrate/Glints2/dict_0003_0098" 8811
"/Engine/EngineMaterials/Substrate/Glints2/dict_0003_0095" 8812
"/Engine/EngineMaterials/Substrate/Glints2/dict_0003_0084" 8813
"/Engine/EngineMaterials/Substrate/Glints2/dict_0003_0102" 8814
"/Engine/EngineMaterials/Substrate/Glints2/dict_0003_0072" 8815
"../../../Engine/Content/EngineMaterials/Substrate/Glints2/dict_0003_0073.uasset" 8816
"/Engine/EngineMaterials/Substrate/Glints2/dict_0003_0071" 8817
"/Engine/EngineMaterials/Substrate/Glints2/dict_0003_0083" 8818
"/Engine/EngineMaterials/Substrate/Glints2/dict_0003_0101" 8819
"/Engine/EngineMaterials/Substrate/Glints2/dict_0003_0092" 8820
"/Engine/EngineMaterials/Substrate/Glints2/dict_0003_0061" 8821
"/Engine/EngineMaterials/Substrate/Glints2/dict_0003_0082" 8822
"/Engine/EngineMaterials/Substrate/Glints2/dict_0003_0091" 8823
"/Engine/EngineMaterials/Substrate/Glints2/dict_0003_0090" 8824
"/Engine/EngineMaterials/Substrate/Glints2/dict_0003_0089" 8825
"/Engine/EngineMaterials/Substrate/Glints2/dict_0003_0094" 8826
"/Engine/EngineMaterials/Substrate/Glints2/dict_0003_0088" 8827
"/Engine/EngineMaterials/Substrate/Glints2/dict_0003_0087" 8828
"/Engine/EngineMaterials/Substrate/Glints2/dict_0003_0073" 8829
"../../../Engine/Content/EngineMaterials/Substrate/Glints2/dict_0003_0116.uasset" 8830
"../../../Engine/Content/EngineMaterials/Substrate/Glints2/dict_0003_0107.uasset" 8831
"../../../Engine/Content/EngineMaterials/Substrate/Glints2/dict_0003_0115.uasset" 8832
"../../../Engine/Content/EngineMaterials/Substrate/Glints2/dict_0003_0103.uasset" 8833
"../../../Engine/Content/EngineMaterials/Substrate/Glints2/dict_0003_0114.uasset" 8834
"../../../Engine/Content/EngineMaterials/Substrate/Glints2/dict_0003_0112.uasset" 8835
"../../../Engine/Content/EngineMaterials/Substrate/Glints2/dict_0003_0109.uasset" 8836
"../../../Engine/Content/EngineMaterials/Substrate/Glints2/dict_0003_0123.uasset" 8837
"../../../Engine/Content/EngineMaterials/Substrate/Glints2/dict_0003_0105.uasset" 8838
"../../../Engine/Content/EngineMaterials/Substrate/Glints2/dict_0003_0118.uasset" 8839
"../../../Engine/Content/EngineMaterials/Substrate/Glints2/dict_0003_0125.uasset" 8840
"../../../Engine/Content/EngineMaterials/Substrate/Glints2/dict_0003_0111.uasset" 8841
"/Engine/EngineMaterials/Substrate/Glints2/dict_0003_0125" 8842
"../../../Engine/Content/EngineMaterials/Substrate/Glints2/dict_0003_0113.uasset" 8843
"/Engine/EngineMaterials/Substrate/Glints2/dict_0003_0123" 8844
"../../../Engine/Content/EngineMaterials/Substrate/Glints2/dict_0003_0108.uasset" 8845
"/Engine/EngineMaterials/Substrate/Glints2/dict_0003_0118" 8846
"/Engine/EngineMaterials/Substrate/Glints2/dict_0003_0116" 8847
"/Engine/EngineMaterials/Substrate/Glints2/dict_0003_0115" 8848
"../../../Engine/Content/EngineMaterials/Substrate/Glints2/dict_0003_0104.uasset" 8849
"/Engine/EngineMaterials/Substrate/Glints2/dict_0003_0114" 8850
"/Engine/EngineMaterials/Substrate/Glints2/dict_0003_0112" 8851
"../../../Engine/Content/EngineMaterials/Substrate/Glints2/dict_0003_0106.uasset" 8852
"../../../Engine/Content/EngineMaterials/Substrate/Glints2/dict_0003_0117.uasset" 8853
"/Engine/EngineMaterials/Substrate/Glints2/dict_0003_0111" 8854
"/Engine/EngineMaterials/Substrate/Glints2/dict_0003_0109" 8855
"/Engine/EngineMaterials/Substrate/Glints2/dict_0003_0107" 8856
"../../../Engine/Content/EngineMaterials/Substrate/Glints2/dict_0003_0110.uasset" 8857
"/Engine/EngineMaterials/Substrate/Glints2/dict_0003_0105" 8858
"/Engine/EngineMaterials/Substrate/Glints2/dict_0003_0103" 8859
"/Engine/EngineMaterials/Substrate/Glints2/dict_0003_0117" 8860
"/Engine/EngineMaterials/Substrate/Glints2/dict_0003_0113" 8861
"/Engine/EngineMaterials/Substrate/Glints2/dict_0003_0110" 8862
"/Engine/EngineMaterials/Substrate/Glints2/dict_0003_0108" 8863
"/Engine/EngineMaterials/Substrate/Glints2/dict_0003_0106" 8864
"/Engine/EngineMaterials/Substrate/Glints2/dict_0003_0104" 8865
"../../../Engine/Content/EngineMaterials/Substrate/Glints2/dict_0003_0121.uasset" 8866
"../../../Engine/Content/EngineMaterials/Substrate/Glints2/dict_0003_0120.uasset" 8867
"../../../Engine/Content/EngineMaterials/Substrate/Glints2/dict_0003_0122.uasset" 8868
"../../../Engine/Content/EngineMaterials/Substrate/Glints2/dict_0003_0119.uasset" 8869
"../../../Engine/Content/EngineMaterials/Substrate/Glints2/dict_0003_0124.uasset" 8870
"../../../Engine/Content/EngineMaterials/Substrate/Glints2/dict_0003_0126.uasset" 8871
"../../../Engine/Content/EngineMaterials/Substrate/Glints2/dict_0003_0127.uasset" 8872
"../../../Engine/Content/EngineMaterials/Substrate/Glints2/dict_0003_0134.uasset" 8873
"../../../Engine/Content/EngineMaterials/Substrate/Glints2/dict_0003_0131.uasset" 8874
"../../../Engine/Content/EngineMaterials/Substrate/Glints2/dict_0003_0141.uasset" 8875
"../../../Engine/Content/EngineMaterials/Substrate/Glints2/dict_0003_0130.uasset" 8876
"../../../Engine/Content/EngineMaterials/Substrate/Glints2/dict_0003_0132.uasset" 8877
"../../../Engine/Content/EngineMaterials/Substrate/Glints2/dict_0003_0128.uasset" 8878
"../../../Engine/Content/EngineMaterials/Substrate/Glints2/dict_0003_0137.uasset" 8879
"../../../Engine/Content/EngineMaterials/Substrate/Glints2/dict_0003_0129.uasset" 8880
"../../../Engine/Content/EngineMaterials/Substrate/Glints2/dict_0003_0133.uasset" 8881
"../../../Engine/Content/EngineMaterials/Substrate/Glints2/dict_0003_0151.uasset" 8882
"../../../Engine/Content/EngineMaterials/Substrate/Glints2/dict_0003_0138.uasset" 8883
"../../../Engine/Content/EngineMaterials/Substrate/Glints2/dict_0003_0142.uasset" 8884
"../../../Engine/Content/EngineMaterials/Substrate/Glints2/dict_0003_0144.uasset" 8885
"../../../Engine/Content/EngineMaterials/Substrate/Glints2/dict_0003_0135.uasset" 8886
"../../../Engine/Content/EngineMaterials/Substrate/Glints2/dict_0003_0145.uasset" 8887
"../../../Engine/Content/EngineMaterials/Substrate/Glints2/dict_0003_0136.uasset" 8888
"../../../Engine/Content/EngineMaterials/Substrate/Glints2/dict_0003_0143.uasset" 8889
"../../../Engine/Content/EngineMaterials/Substrate/Glints2/dict_0003_0149.uasset" 8890
"/Engine/EngineMaterials/Substrate/Glints2/dict_0003_0133" 8891
"../../../Engine/Content/EngineMaterials/Substrate/Glints2/dict_0003_0147.uasset" 8892
"/Engine/EngineMaterials/Substrate/Glints2/dict_0003_0132" 8893
"../../../Engine/Content/EngineMaterials/Substrate/Glints2/dict_0003_0146.uasset" 8894
"../../../Engine/Content/EngineMaterials/Substrate/Glints2/dict_0003_0140.uasset" 8895
"../../../Engine/Content/EngineMaterials/Substrate/Glints2/dict_0003_0148.uasset" 8896
"/Engine/EngineMaterials/Substrate/Glints2/dict_0003_0131" 8897
"/Engine/EngineMaterials/Substrate/Glints2/dict_0003_0130" 8898
"/Engine/EngineMaterials/Substrate/Glints2/dict_0003_0129" 8899
"/Engine/EngineMaterials/Substrate/Glints2/dict_0003_0128" 8900
"/Engine/EngineMaterials/Substrate/Glints2/dict_0003_0127" 8901
"/Engine/EngineMaterials/Substrate/Glints2/dict_0003_0126" 8902
"/Engine/EngineMaterials/Substrate/Glints2/dict_0003_0124" 8903
"/Engine/EngineMaterials/Substrate/Glints2/dict_0003_0145" 8904
"/Engine/EngineMaterials/Substrate/Glints2/dict_0003_0122" 8905
"/Engine/EngineMaterials/Substrate/Glints2/dict_0003_0121" 8906
"/Engine/EngineMaterials/Substrate/Glints2/dict_0003_0120" 8907
"/Engine/EngineMaterials/Substrate/Glints2/dict_0003_0134" 8908
"../../../Engine/Content/EngineMaterials/Substrate/Glints2/dict_0003_0139.uasset" 8909
"../../../Engine/Content/EngineMaterials/Substrate/Glints2/dict_0003_0150.uasset" 8910
"/Engine/EngineMaterials/Substrate/Glints2/dict_0003_0119" 8911
"/Engine/EngineMaterials/Substrate/Glints2/dict_0003_0144" 8912
"/Engine/EngineMaterials/Substrate/Glints2/dict_0003_0143" 8913
"/Engine/EngineMaterials/Substrate/Glints2/dict_0003_0142" 8914
"/Engine/EngineMaterials/Substrate/Glints2/dict_0003_0141" 8915
"/Engine/EngineMaterials/Substrate/Glints2/dict_0003_0151" 8916
"/Engine/EngineMaterials/Substrate/Glints2/dict_0003_0138" 8917
"../../../Engine/Content/EngineMaterials/Substrate/Glints2/dict_0003_0152.uasset" 8918
"/Engine/EngineMaterials/Substrate/Glints2/dict_0003_0137" 8919
"/Engine/EngineMaterials/Substrate/Glints2/dict_0003_0136" 8920
"/Engine/EngineMaterials/Substrate/Glints2/dict_0003_0135" 8921
"/Engine/EngineMaterials/Substrate/Glints2/dict_0003_0146" 8922
"/Engine/EngineMaterials/Substrate/Glints2/dict_0003_0152" 8923
"/Engine/EngineMaterials/Substrate/Glints2/dict_0003_0140" 8924
"/Engine/EngineMaterials/Substrate/Glints2/dict_0003_0139" 8925
"/Engine/EngineMaterials/Substrate/Glints2/dict_0003_0150" 8926
"/Engine/EngineMaterials/Substrate/Glints2/dict_0003_0149" 8927
"/Engine/EngineMaterials/Substrate/Glints2/dict_0003_0148" 8928
"/Engine/EngineMaterials/Substrate/Glints2/dict_0003_0147" 8929
"../../../Engine/Content/EngineMaterials/Substrate/Glints2/dict_0003_0154.uasset" 8930
"../../../Engine/Content/EngineMaterials/Substrate/Glints2/dict_0003_0153.uasset" 8931
"../../../Engine/Content/EngineMaterials/Substrate/Glints2/dict_0003_0157.uasset" 8932
"../../../Engine/Content/EngineMaterials/Substrate/Glints2/dict_0003_0165.uasset" 8933
"../../../Engine/Content/EngineMaterials/Substrate/Glints2/dict_0003_0158.uasset" 8934
"../../../Engine/Content/EngineMaterials/Substrate/Glints2/dict_0003_0164.uasset" 8935
"../../../Engine/Content/EngineMaterials/Substrate/Glints2/dict_0003_0163.uasset" 8936
"../../../Engine/Content/EngineMaterials/Substrate/Glints2/dict_0003_0168.uasset" 8937
"../../../Engine/Content/EngineMaterials/Substrate/Glints2/dict_0003_0166.uasset" 8938
"../../../Engine/Content/EngineMaterials/Substrate/Glints2/dict_0003_0169.uasset" 8939
"../../../Engine/Content/EngineMaterials/Substrate/Glints2/dict_0003_0167.uasset" 8940
"/Engine/EngineMaterials/Substrate/Glints2/dict_0003_0169" 8941
"/Engine/EngineMaterials/Substrate/Glints2/dict_0003_0168" 8942
"/Engine/EngineMaterials/Substrate/Glints2/dict_0003_0167" 8943
"/Engine/EngineMaterials/Substrate/Glints2/dict_0003_0166" 8944
"/Engine/EngineMaterials/Substrate/Glints2/dict_0003_0165" 8945
"../../../Engine/Content/EngineMaterials/Substrate/Glints2/dict_0003_0159.uasset" 8946
"/Engine/EngineMaterials/Substrate/Glints2/dict_0003_0164" 8947
"../../../Engine/Content/EngineMaterials/Substrate/Glints2/dict_0003_0160.uasset" 8948
"../../../Engine/Content/EngineMaterials/Substrate/Glints2/dict_0003_0162.uasset" 8949
"/Engine/EngineMaterials/Substrate/Glints2/dict_0003_0163" 8950
"/Engine/EngineMaterials/Substrate/Glints2/dict_0003_0158" 8951
"../../../Engine/Content/EngineMaterials/Substrate/Glints2/dict_0003_0155.uasset" 8952
"/Engine/EngineMaterials/Substrate/Glints2/dict_0003_0157" 8953
"../../../Engine/Content/EngineMaterials/Substrate/Glints2/dict_0003_0172.uasset" 8954
"../../../Engine/Content/EngineMaterials/Substrate/Glints2/dict_0003_0161.uasset" 8955
"../../../Engine/Content/EngineMaterials/Substrate/Glints2/dict_0003_0171.uasset" 8956
"/Engine/EngineMaterials/Substrate/Glints2/dict_0003_0154" 8957
"/Engine/EngineMaterials/Substrate/Glints2/dict_0003_0153" 8958
"/Engine/EngineMaterials/Substrate/Glints2/dict_0003_0172" 8959
"/Engine/EngineMaterials/Substrate/Glints2/dict_0003_0171" 8960
"/Engine/EngineMaterials/Substrate/Glints2/dict_0003_0162" 8961
"/Engine/EngineMaterials/Substrate/Glints2/dict_0003_0161" 8962
"/Engine/EngineMaterials/Substrate/Glints2/dict_0003_0160" 8963
"../../../Engine/Content/EngineMaterials/Substrate/Glints2/dict_0003_0170.uasset" 8964
"../../../Engine/Content/EngineMaterials/Substrate/Glints2/dict_0003_0174.uasset" 8965
"../../../Engine/Content/EngineMaterials/Substrate/Glints2/dict_0003_0175.uasset" 8966
"../../../Engine/Content/EngineMaterials/Substrate/Glints2/dict_0003_0176.uasset" 8967
"/Engine/EngineMaterials/Substrate/Glints2/dict_0003_0159" 8968
"../../../Engine/Content/EngineMaterials/Substrate/Glints2/dict_0003_0173.uasset" 8969
"../../../Engine/Content/EngineMaterials/Substrate/Glints2/dict_0003_0178.uasset" 8970
"../../../Engine/Content/EngineMaterials/Substrate/Glints2/dict_0003_0156.uasset" 8971
"/Engine/EngineMaterials/Substrate/Glints2/dict_0003_0155" 8972
"/Engine/EngineMaterials/Substrate/Glints2/dict_0003_0176" 8973
"/Engine/EngineMaterials/Substrate/Glints2/dict_0003_0175" 8974
"/Engine/EngineMaterials/Substrate/Glints2/dict_0003_0174" 8975
"/Engine/EngineMaterials/Substrate/Glints2/dict_0003_0173" 8976
"../../../Engine/Content/EngineMaterials/Substrate/Glints2/dict_0003_0179.uasset" 8977
"/Engine/EngineMaterials/Substrate/Glints2/dict_0003_0170" 8978
"/Engine/EngineMaterials/Substrate/Glints2/dict_0003_0156" 8979
"../../../Engine/Content/EngineMaterials/Substrate/Glints2/dict_0003_0177.uasset" 8980
"/Engine/EngineMaterials/Substrate/Glints2/dict_0003_0178" 8981
"../../../Engine/Content/EngineMaterials/Substrate/Glints2/dict_0003_0180.uasset" 8982
"/Engine/EngineMaterials/Substrate/Glints2/dict_0003_0179" 8983
"/Engine/EngineMaterials/Substrate/Glints2/dict_0003_0177" 8984
"/Engine/EngineMaterials/Substrate/Glints2/dict_0003_0180" 8985
"../../../Engine/Content/EngineMaterials/Substrate/Glints2/dict_0003_0182.uasset" 8986
"../../../Engine/Content/EngineMaterials/Substrate/Glints2/dict_0003_0181.uasset" 8987
"../../../Engine/Content/EngineMaterials/Substrate/Glints2/dict_0003_0185.uasset" 8988
"/Engine/EngineMaterials/Substrate/Glints2/dict_0003_0182" 8989
"/Engine/EngineMaterials/Substrate/Glints2/dict_0003_0181" 8990
"/Engine/EngineMaterials/Substrate/Glints2/dict_0003_0185" 8991
"../../../Engine/Content/EngineMaterials/Substrate/Glints2/dict_0003_0184.uasset" 8992
"/Engine/EngineMaterials/Substrate/Glints2/dict_0003_0184" 8993
"../../../Engine/Content/EngineMaterials/Substrate/Glints2/dict_0003_0188.uasset" 8994
"/Engine/EngineMaterials/Substrate/Glints2/dict_0003_0188" 8995
"../../../Engine/Content/EngineMaterials/Substrate/Glints2/dict_0003_0183.uasset" 8996
"../../../Engine/Content/EngineMaterials/Substrate/Glints2/dict_0003_0191.uasset" 8997
"../../../Engine/Content/EngineMaterials/Substrate/Glints2/dict_0003_0187.uasset" 8998
"../../../Engine/Content/EngineMaterials/Substrate/Glints2/dict_0003_0186.uasset" 8999
"../../../Engine/Content/EngineMaterials/Substrate/Glints2/dict_0003_0189.uasset" 9000
"../../../Engine/Content/EngineMaterials/Substrate/Glints2/dict_0003_0193.uasset" 9001
"../../../Engine/Content/EngineMaterials/Substrate/Glints2/dict_0003_0195.uasset" 9002
"../../../Engine/Content/EngineMaterials/Substrate/Glints2/dict_0003_0200.uasset" 9003
"../../../Engine/Content/EngineMaterials/Substrate/Glints2/dict_0003_0198.uasset" 9004
"../../../Engine/Content/EngineMaterials/Substrate/Glints2/dict_0003_0190.uasset" 9005
"../../../Engine/Content/EngineMaterials/Substrate/Glints2/dict_0003_0192.uasset" 9006
"../../../Engine/Content/EngineMaterials/Substrate/Glints2/dict_0003_0201.uasset" 9007
"../../../Engine/Content/EngineMaterials/Substrate/Glints2/dict_0003_0199.uasset" 9008
"../../../Engine/Content/EngineMaterials/Substrate/Glints2/dict_0003_0212.uasset" 9009
"../../../Engine/Content/EngineMaterials/Substrate/Glints2/dict_0003_0210.uasset" 9010
"../../../Engine/Content/EngineMaterials/Substrate/Glints2/dict_0003_0202.uasset" 9011
"../../../Engine/Content/EngineMaterials/Substrate/Glints2/dict_0003_0197.uasset" 9012
"../../../Engine/Content/EngineMaterials/Substrate/Glints2/dict_0003_0196.uasset" 9013
"/Engine/EngineMaterials/Substrate/Glints2/dict_0003_0202" 9014
"/Engine/EngineMaterials/Substrate/Glints2/dict_0003_0201" 9015
"../../../Engine/Content/EngineMaterials/Substrate/Glints2/dict_0003_0206.uasset" 9016
"/Engine/EngineMaterials/Substrate/Glints2/dict_0003_0195" 9017
"../../../Engine/Content/EngineMaterials/Substrate/Glints2/dict_0003_0217.uasset" 9018
"/Engine/EngineMaterials/Substrate/Glints2/dict_0003_0193" 9019
"../../../Engine/Content/EngineMaterials/Substrate/Glints2/dict_0003_0203.uasset" 9020
"../../../Engine/Content/EngineMaterials/Substrate/Glints2/dict_0003_0204.uasset" 9021
"/Engine/EngineMaterials/Substrate/Glints2/dict_0003_0192" 9022
"/Engine/EngineMaterials/Substrate/Glints2/dict_0003_0191" 9023
"/Engine/EngineMaterials/Substrate/Glints2/dict_0003_0190" 9024
"../../../Engine/Content/EngineMaterials/Substrate/Glints2/dict_0003_0209.uasset" 9025
"/Engine/EngineMaterials/Substrate/Glints2/dict_0003_0189" 9026
"/Engine/EngineMaterials/Substrate/Glints2/dict_0003_0200" 9027
"/Engine/EngineMaterials/Substrate/Glints2/dict_0003_0199" 9028
"../../../Engine/Content/EngineMaterials/Substrate/Glints2/dict_0003_0207.uasset" 9029
"/Engine/EngineMaterials/Substrate/Glints2/dict_0003_0183" 9030
"/Engine/EngineMaterials/Substrate/Glints2/dict_0003_0198" 9031
"/Engine/EngineMaterials/Substrate/Glints2/dict_0003_0197" 9032
"/Engine/EngineMaterials/Substrate/Glints2/dict_0003_0187" 9033
"/Engine/EngineMaterials/Substrate/Glints2/dict_0003_0212" 9034
"/Engine/EngineMaterials/Substrate/Glints2/dict_0003_0196" 9035
"/Engine/EngineMaterials/Substrate/Glints2/dict_0003_0186" 9036
"../../../Engine/Content/EngineMaterials/Substrate/Glints2/dict_0003_0208.uasset" 9037
"/Engine/EngineMaterials/Substrate/Glints2/dict_0003_0210" 9038
"../../../Engine/Content/EngineMaterials/Substrate/Glints2/dict_0003_0205.uasset" 9039
"../../../Engine/Content/EngineMaterials/Substrate/Glints2/dict_0003_0211.uasset" 9040
"/Engine/EngineMaterials/Substrate/Glints2/dict_0003_0209" 9041
"../../../Engine/Content/EngineMaterials/Substrate/Glints2/dict_0003_0215.uasset" 9042
"/Engine/EngineMaterials/Substrate/Glints2/dict_0003_0208" 9043
"/Engine/EngineMaterials/Substrate/Glints2/dict_0003_0207" 9044
"/Engine/EngineMaterials/Substrate/Glints2/dict_0003_0206" 9045
"../../../Engine/Content/EngineMaterials/Substrate/Glints2/dict_0003_0216.uasset" 9046
"/Engine/EngineMaterials/Substrate/Glints2/dict_0003_0205" 9047
"/Engine/EngineMaterials/Substrate/Glints2/dict_0003_0217" 9048
"../../../Engine/Content/EngineMaterials/Substrate/Glints2/dict_0003_0213.uasset" 9049
"../../../Engine/Content/EngineMaterials/Substrate/Glints2/dict_0003_0229.uasset" 9050
"/Engine/EngineMaterials/Substrate/Glints2/dict_0003_0204" 9051
"/Engine/EngineMaterials/Substrate/Glints2/dict_0003_0211" 9052
"/Engine/EngineMaterials/Substrate/Glints2/dict_0003_0203" 9053
"/Engine/EngineMaterials/Substrate/Glints2/dict_0003_0216" 9054
"/Engine/EngineMaterials/Substrate/Glints2/dict_0003_0229" 9055
"/Engine/EngineMaterials/Substrate/Glints2/dict_0003_0215" 9056
"/Engine/EngineMaterials/Substrate/Glints2/dict_0003_0213" 9057
"../../../Engine/Content/EngineMaterials/Substrate/Glints2/dict_0003_0227.uasset" 9058
"../../../Engine/Content/EngineMaterials/Substrate/Glints2/dict_0003_0214.uasset" 9059
"../../../Engine/Content/EngineMaterials/Substrate/Glints2/dict_0003_0222.uasset" 9060
"../../../Engine/Content/EngineMaterials/Substrate/Glints2/dict_0003_0218.uasset" 9061
"../../../Engine/Content/EngineMaterials/Substrate/Glints2/dict_0003_0223.uasset" 9062
"../../../Engine/Content/EngineMaterials/Substrate/Glints2/dict_0003_0224.uasset" 9063
"../../../Engine/Content/EngineMaterials/Substrate/Glints2/dict_0003_0228.uasset" 9064
"../../../Engine/Content/EngineMaterials/Substrate/Glints2/dict_0003_0221.uasset" 9065
"../../../Engine/Content/EngineMaterials/Substrate/Glints2/dict_0003_0232.uasset" 9066
"../../../Engine/Content/EngineMaterials/Substrate/Glints2/dict_0003_0194.uasset" 9067
"../../../Engine/Content/EngineMaterials/Substrate/Glints2/dict_0003_0225.uasset" 9068
"../../../Engine/Content/EngineMaterials/Substrate/Glints2/dict_0003_0231.uasset" 9069
"../../../Engine/Content/EngineMaterials/Substrate/Glints2/dict_0003_0233.uasset" 9070
"../../../Engine/Content/EngineMaterials/Substrate/Glints2/dict_0003_0220.uasset" 9071
"../../../Engine/Content/EngineMaterials/Substrate/Glints2/dict_0003_0230.uasset" 9072
"../../../Engine/Content/EngineMaterials/Substrate/Glints2/dict_0003_0238.uasset" 9073
"/Engine/EngineMaterials/Substrate/Glints2/dict_0003_0233" 9074
"../../../Engine/Content/EngineMaterials/Substrate/Glints2/dict_0003_0240.uasset" 9075
"../../../Engine/Content/EngineMaterials/Substrate/Glints2/dict_0003_0219.uasset" 9076
"/Engine/EngineMaterials/Substrate/Glints2/dict_0003_0194" 9077
"/Engine/EngineMaterials/Substrate/Glints2/dict_0003_0232" 9078
"/Engine/EngineMaterials/Substrate/Glints2/dict_0003_0231" 9079
"/Engine/EngineMaterials/Substrate/Glints2/dict_0003_0230" 9080
"/Engine/EngineMaterials/Substrate/Glints2/dict_0003_0228" 9081
"/Engine/EngineMaterials/Substrate/Glints2/dict_0003_0227" 9082
"../../../Engine/Content/EngineMaterials/Substrate/Glints2/dict_0003_0226.uasset" 9083
"../../../Engine/Content/EngineMaterials/Substrate/Glints2/dict_0003_0241.uasset" 9084
"../../../Engine/Content/EngineMaterials/Substrate/Glints2/dict_0003_0244.uasset" 9085
"../../../Engine/Content/EngineMaterials/Substrate/Glints2/dict_0003_0239.uasset" 9086
"../../../Engine/Content/EngineMaterials/Substrate/Glints2/dict_0003_0242.uasset" 9087
"/Engine/EngineMaterials/Substrate/Glints2/dict_0003_0225" 9088
"/Engine/EngineMaterials/Substrate/Glints2/dict_0003_0224" 9089
"/Engine/EngineMaterials/Substrate/Glints2/dict_0003_0223" 9090
"/Engine/EngineMaterials/Substrate/Glints2/dict_0003_0222" 9091
"/Engine/EngineMaterials/Substrate/Glints2/dict_0003_0214" 9092
"../../../Engine/Content/EngineMaterials/Substrate/Glints2/dict_0003_0235.uasset" 9093
"../../../Engine/Content/EngineMaterials/Substrate/Glints2/dict_0003_0245.uasset" 9094
"/Engine/EngineMaterials/Substrate/Glints2/dict_0003_0221" 9095
"../../../Engine/Content/EngineMaterials/Substrate/Glints2/dict_0003_0246.uasset" 9096
"/Engine/EngineMaterials/Substrate/Glints2/dict_0003_0220" 9097
"/Engine/EngineMaterials/Substrate/Glints2/dict_0003_0218" 9098
"/Engine/EngineMaterials/Substrate/Glints2/dict_0003_0244" 9099
"/Engine/EngineMaterials/Substrate/Glints2/dict_0003_0242" 9100
"/Engine/EngineMaterials/Substrate/Glints2/dict_0003_0241" 9101
"/Engine/EngineMaterials/Substrate/Glints2/dict_0003_0235" 9102
"/Engine/EngineMaterials/Substrate/Glints2/dict_0003_0240" 9103
"/Engine/EngineMaterials/Substrate/Glints2/dict_0003_0226" 9104
"../../../Engine/Content/EngineMaterials/Substrate/Glints2/dict_0003_0237.uasset" 9105
"/Engine/EngineMaterials/Substrate/Glints2/dict_0003_0239" 9106
"../../../Engine/Content/EngineMaterials/Substrate/Glints2/dict_0003_0247.uasset" 9107
"../../../Engine/Content/EngineMaterials/Substrate/Glints2/dict_0003_0234.uasset" 9108
"../../../Engine/Content/EngineMaterials/Substrate/Glints2/dict_0003_0248.uasset" 9109
"/Engine/EngineMaterials/Substrate/Glints2/dict_0003_0246" 9110
"/Engine/EngineMaterials/Substrate/Glints2/dict_0003_0238" 9111
"/Engine/EngineMaterials/Substrate/Glints2/dict_0003_0219" 9112
"../../../Engine/Content/EngineMaterials/Substrate/Glints2/dict_0003_0236.uasset" 9113
"/Engine/EngineMaterials/Substrate/Glints2/dict_0003_0245" 9114
"../../../Engine/Content/EngineMaterials/Substrate/Glints2/dict_0003_0255.uasset" 9115
"/Engine/EngineMaterials/Substrate/Glints2/dict_0003_0234" 9116
"/Engine/EngineMaterials/Substrate/Glints2/dict_0003_0248" 9117
"/Engine/EngineMaterials/Substrate/Glints2/dict_0003_0247" 9118
"/Engine/EngineMaterials/Substrate/Glints2/dict_0003_0255" 9119
"/Engine/EngineMaterials/Substrate/Glints2/dict_0003_0237" 9120
"/Engine/EngineMaterials/Substrate/Glints2/dict_0003_0236" 9121
"../../../Engine/Content/EngineMaterials/Substrate/Glints2/dict_0003_0252.uasset" 9122
"../../../Engine/Content/EngineMaterials/Substrate/Glints2/dict_0003_0251.uasset" 9123
"../../../Engine/Content/EngineMaterials/Substrate/Glints2/dict_0004_0001.uasset" 9124
"../../../Engine/Content/EngineMaterials/Substrate/Glints2/dict_0004_0004.uasset" 9125
"../../../Engine/Content/EngineMaterials/Substrate/Glints2/dict_0004_0003.uasset" 9126
"../../../Engine/Content/EngineMaterials/Substrate/Glints2/dict_0003_0249.uasset" 9127
"../../../Engine/Content/EngineMaterials/Substrate/Glints2/dict_0004_0005.uasset" 9128
"../../../Engine/Content/EngineMaterials/Substrate/Glints2/dict_0003_0253.uasset" 9129
"../../../Engine/Content/EngineMaterials/Substrate/Glints2/dict_0004_0007.uasset" 9130
"../../../Engine/Content/EngineMaterials/Substrate/Glints2/dict_0003_0254.uasset" 9131
"../../../Engine/Content/EngineMaterials/Substrate/Glints2/dict_0004_0006.uasset" 9132
"../../../Engine/Content/EngineMaterials/Substrate/Glints2/dict_0004_0002.uasset" 9133
"../../../Engine/Content/EngineMaterials/Substrate/Glints2/dict_0003_0250.uasset" 9134
"../../../Engine/Content/EngineMaterials/Substrate/Glints2/dict_0004_0017.uasset" 9135
"../../../Engine/Content/EngineMaterials/Substrate/Glints2/dict_0004_0022.uasset" 9136
"../../../Engine/Content/EngineMaterials/Substrate/Glints2/dict_0004_0000.uasset" 9137
"../../../Engine/Content/EngineMaterials/Substrate/Glints2/dict_0004_0008.uasset" 9138
"../../../Engine/Content/EngineMaterials/Substrate/Glints2/dict_0004_0009.uasset" 9139
"../../../Engine/Content/EngineMaterials/Substrate/Glints2/dict_0004_0011.uasset" 9140
"../../../Engine/Content/EngineMaterials/Substrate/Glints2/dict_0004_0019.uasset" 9141
"../../../Engine/Content/EngineMaterials/Substrate/Glints2/dict_0004_0015.uasset" 9142
"../../../Engine/Content/EngineMaterials/Substrate/Glints2/dict_0004_0014.uasset" 9143
"../../../Engine/Content/EngineMaterials/Substrate/Glints2/dict_0004_0018.uasset" 9144
"../../../Engine/Content/EngineMaterials/Substrate/Glints2/dict_0004_0012.uasset" 9145
"../../../Engine/Content/EngineMaterials/Substrate/Glints2/dict_0004_0021.uasset" 9146
"/Engine/EngineMaterials/Substrate/Glints2/dict_0004_0017" 9147
"../../../Engine/Content/EngineMaterials/Substrate/Glints2/dict_0004_0010.uasset" 9148
"../../../Engine/Content/EngineMaterials/Substrate/Glints2/dict_0003_0243.uasset" 9149
"/Engine/EngineMaterials/Substrate/Glints2/dict_0004_0015" 9150
"/Engine/EngineMaterials/Substrate/Glints2/dict_0004_0014" 9151
"../../../Engine/Content/EngineMaterials/Substrate/Glints2/dict_0004_0024.uasset" 9152
"../../../Engine/Content/EngineMaterials/Substrate/Glints2/dict_0004_0016.uasset" 9153
"/Engine/EngineMaterials/Substrate/Glints2/dict_0004_0007" 9154
"/Engine/EngineMaterials/Substrate/Glints2/dict_0004_0006" 9155
"/Engine/EngineMaterials/Substrate/Glints2/dict_0004_0005" 9156
"/Engine/EngineMaterials/Substrate/Glints2/dict_0004_0004" 9157
"/Engine/EngineMaterials/Substrate/Glints2/dict_0004_0003" 9158
"/Engine/EngineMaterials/Substrate/Glints2/dict_0004_0022" 9159
"../../../Engine/Content/EngineMaterials/Substrate/Glints2/dict_0004_0023.uasset" 9160
"../../../Engine/Content/EngineMaterials/Substrate/Glints2/dict_0004_0013.uasset" 9161
"/Engine/EngineMaterials/Substrate/Glints2/dict_0004_0002" 9162
"/Engine/EngineMaterials/Substrate/Glints2/dict_0004_0001" 9163
"/Engine/EngineMaterials/Substrate/Glints2/dict_0004_0000" 9164
"/Engine/EngineMaterials/Substrate/Glints2/dict_0003_0254" 9165
"/Engine/EngineMaterials/Substrate/Glints2/dict_0003_0253" 9166
"/Engine/EngineMaterials/Substrate/Glints2/dict_0004_0011" 9167
"/Engine/EngineMaterials/Substrate/Glints2/dict_0003_0252" 9168
"/Engine/EngineMaterials/Substrate/Glints2/dict_0003_0251" 9169
"/Engine/EngineMaterials/Substrate/Glints2/dict_0003_0250" 9170
"../../../Engine/Content/EngineMaterials/Substrate/Glints2/dict_0004_0020.uasset" 9171
"/Engine/EngineMaterials/Substrate/Glints2/dict_0004_0019" 9172
"/Engine/EngineMaterials/Substrate/Glints2/dict_0004_0009" 9173
"/Engine/EngineMaterials/Substrate/Glints2/dict_0003_0249" 9174
"/Engine/EngineMaterials/Substrate/Glints2/dict_0004_0008" 9175
"/Engine/EngineMaterials/Substrate/Glints2/dict_0004_0018" 9176
"/Engine/EngineMaterials/Substrate/Glints2/dict_0003_0243" 9177
"/Engine/EngineMaterials/Substrate/Glints2/dict_0004_0016" 9178
"/Engine/EngineMaterials/Substrate/Glints2/dict_0004_0024" 9179
"/Engine/EngineMaterials/Substrate/Glints2/dict_0004_0023" 9180
"/Engine/EngineMaterials/Substrate/Glints2/dict_0004_0013" 9181
"/Engine/EngineMaterials/Substrate/Glints2/dict_0004_0021" 9182
"../../../Engine/Content/EngineMaterials/Substrate/Glints2/dict_0004_0041.uasset" 9183
"../../../Engine/Content/EngineMaterials/Substrate/Glints2/dict_0004_0035.uasset" 9184
"../../../Engine/Content/EngineMaterials/Substrate/Glints2/dict_0004_0028.uasset" 9185
"/Engine/EngineMaterials/Substrate/Glints2/dict_0004_0012" 9186
"../../../Engine/Content/EngineMaterials/Substrate/Glints2/dict_0004_0032.uasset" 9187
"../../../Engine/Content/EngineMaterials/Substrate/Glints2/dict_0004_0025.uasset" 9188
"../../../Engine/Content/EngineMaterials/Substrate/Glints2/dict_0004_0026.uasset" 9189
"../../../Engine/Content/EngineMaterials/Substrate/Glints2/dict_0004_0039.uasset" 9190
"/Engine/EngineMaterials/Substrate/Glints2/dict_0004_0010" 9191
"../../../Engine/Content/EngineMaterials/Substrate/Glints2/dict_0004_0033.uasset" 9192
"../../../Engine/Content/EngineMaterials/Substrate/Glints2/dict_0004_0040.uasset" 9193
"/Engine/EngineMaterials/Substrate/Glints2/dict_0004_0020" 9194
"../../../Engine/Content/EngineMaterials/Substrate/Glints2/dict_0004_0038.uasset" 9195
"/Engine/EngineMaterials/Substrate/Glints2/dict_0004_0041" 9196
"../../../Engine/Content/EngineMaterials/Substrate/Glints2/dict_0004_0029.uasset" 9197
"../../../Engine/Content/EngineMaterials/Substrate/Glints2/dict_0004_0031.uasset" 9198
"/Engine/EngineMaterials/Substrate/Glints2/dict_0004_0040" 9199
"../../../Engine/Content/EngineMaterials/Substrate/Glints2/dict_0004_0030.uasset" 9200
"/Engine/EngineMaterials/Substrate/Glints2/dict_0004_0039" 9201
"/Engine/EngineMaterials/Substrate/Glints2/dict_0004_0035" 9202
"/Engine/EngineMaterials/Substrate/Glints2/dict_0004_0033" 9203
"../../../Engine/Content/EngineMaterials/Substrate/Glints2/dict_0004_0027.uasset" 9204
"/Engine/EngineMaterials/Substrate/Glints2/dict_0004_0032" 9205
"/Engine/EngineMaterials/Substrate/Glints2/dict_0004_0028" 9206
"../../../Engine/Content/EngineMaterials/Substrate/Glints2/dict_0004_0034.uasset" 9207
"../../../Engine/Content/EngineMaterials/Substrate/Glints2/dict_0004_0036.uasset" 9208
"/Engine/EngineMaterials/Substrate/Glints2/dict_0004_0026" 9209
"/Engine/EngineMaterials/Substrate/Glints2/dict_0004_0025" 9210
"/Engine/EngineMaterials/Substrate/Glints2/dict_0004_0038" 9211
"/Engine/EngineMaterials/Substrate/Glints2/dict_0004_0036" 9212
"/Engine/EngineMaterials/Substrate/Glints2/dict_0004_0034" 9213
"/Engine/EngineMaterials/Substrate/Glints2/dict_0004_0031" 9214
"/Engine/EngineMaterials/Substrate/Glints2/dict_0004_0030" 9215
"/Engine/EngineMaterials/Substrate/Glints2/dict_0004_0029" 9216
"/Engine/EngineMaterials/Substrate/Glints2/dict_0004_0027" 9217
"../../../Engine/Content/EngineMaterials/Substrate/Glints2/dict_0004_0037.uasset" 9218
"/Engine/EngineMaterials/Substrate/Glints2/dict_0004_0037" 9219
"../../../Engine/Content/EngineMaterials/Substrate/Glints2/dict_0004_0044.uasset" 9220
"../../../Engine/Content/EngineMaterials/Substrate/Glints2/dict_0004_0045.uasset" 9221
"../../../Engine/Content/EngineMaterials/Substrate/Glints2/dict_0004_0052.uasset" 9222
"../../../Engine/Content/EngineMaterials/Substrate/Glints2/dict_0004_0048.uasset" 9223
"../../../Engine/Content/EngineMaterials/Substrate/Glints2/dict_0004_0042.uasset" 9224
"../../../Engine/Content/EngineMaterials/Substrate/Glints2/dict_0004_0056.uasset" 9225
"../../../Engine/Content/EngineMaterials/Substrate/Glints2/dict_0004_0053.uasset" 9226
"../../../Engine/Content/EngineMaterials/Substrate/Glints2/dict_0004_0050.uasset" 9227
"../../../Engine/Content/EngineMaterials/Substrate/Glints2/dict_0004_0049.uasset" 9228
"../../../Engine/Content/EngineMaterials/Substrate/Glints2/dict_0004_0057.uasset" 9229
"../../../Engine/Content/EngineMaterials/Substrate/Glints2/dict_0004_0065.uasset" 9230
"../../../Engine/Content/EngineMaterials/Substrate/Glints2/dict_0004_0067.uasset" 9231
"../../../Engine/Content/EngineMaterials/Substrate/Glints2/dict_0004_0043.uasset" 9232
"../../../Engine/Content/EngineMaterials/Substrate/Glints2/dict_0004_0055.uasset" 9233
"../../../Engine/Content/EngineMaterials/Substrate/Glints2/dict_0004_0054.uasset" 9234
"../../../Engine/Content/EngineMaterials/Substrate/Glints2/dict_0004_0058.uasset" 9235
"../../../Engine/Content/EngineMaterials/Substrate/Glints2/dict_0004_0060.uasset" 9236
"../../../Engine/Content/EngineMaterials/Substrate/Glints2/dict_0004_0047.uasset" 9237
"../../../Engine/Content/EngineMaterials/Substrate/Glints2/dict_0004_0061.uasset" 9238
"../../../Engine/Content/EngineMaterials/Substrate/Glints2/dict_0004_0046.uasset" 9239
"../../../Engine/Content/EngineMaterials/Substrate/Glints2/dict_0004_0063.uasset" 9240
"../../../Engine/Content/EngineMaterials/Substrate/Glints2/dict_0004_0051.uasset" 9241
"../../../Engine/Content/EngineMaterials/Substrate/Glints2/dict_0004_0072.uasset" 9242
"/Engine/EngineMaterials/Substrate/Glints2/dict_0004_0056" 9243
"/Engine/EngineMaterials/Substrate/Glints2/dict_0004_0055" 9244
"/Engine/EngineMaterials/Substrate/Glints2/dict_0004_0046" 9245
"../../../Engine/Content/EngineMaterials/Substrate/Glints2/dict_0004_0059.uasset" 9246
"../../../Engine/Content/EngineMaterials/Substrate/Glints2/dict_0004_0068.uasset" 9247
"/Engine/EngineMaterials/Substrate/Glints2/dict_0004_0054" 9248
"/Engine/EngineMaterials/Substrate/Glints2/dict_0004_0045" 9249
"/Engine/EngineMaterials/Substrate/Glints2/dict_0004_0053" 9250
"/Engine/EngineMaterials/Substrate/Glints2/dict_0004_0044" 9251
"/Engine/EngineMaterials/Substrate/Glints2/dict_0004_0043" 9252
"../../../Engine/Content/EngineMaterials/Substrate/Glints2/dict_0004_0064.uasset" 9253
"/Engine/EngineMaterials/Substrate/Glints2/dict_0004_0052" 9254
"../../../Engine/Content/EngineMaterials/Substrate/Glints2/dict_0004_0070.uasset" 9255
"../../../Engine/Content/EngineMaterials/Substrate/Glints2/dict_0004_0062.uasset" 9256
"../../../Engine/Content/EngineMaterials/Substrate/Glints2/dict_0004_0069.uasset" 9257
"../../../Engine/Content/EngineMaterials/Substrate/Glints2/dict_0004_0066.uasset" 9258
"/Engine/EngineMaterials/Substrate/Glints2/dict_0004_0042" 9259
"/Engine/EngineMaterials/Substrate/Glints2/dict_0004_0065" 9260
"/Engine/EngineMaterials/Substrate/Glints2/dict_0004_0063" 9261
"/Engine/EngineMaterials/Substrate/Glints2/dict_0004_0072" 9262
"/Engine/EngineMaterials/Substrate/Glints2/dict_0004_0051" 9263
"/Engine/EngineMaterials/Substrate/Glints2/dict_0004_0050" 9264
"/Engine/EngineMaterials/Substrate/Glints2/dict_0004_0049" 9265
"../../../Engine/Content/EngineMaterials/Substrate/Glints2/dict_0004_0071.uasset" 9266
"/Engine/EngineMaterials/Substrate/Glints2/dict_0004_0061" 9267
"../../../Engine/Content/EngineMaterials/Substrate/Glints2/dict_0004_0073.uasset" 9268
"/Engine/EngineMaterials/Substrate/Glints2/dict_0004_0060" 9269
"/Engine/EngineMaterials/Substrate/Glints2/dict_0004_0048" 9270
"/Engine/EngineMaterials/Substrate/Glints2/dict_0004_0047" 9271
"/Engine/EngineMaterials/Substrate/Glints2/dict_0004_0067" 9272
"/Engine/EngineMaterials/Substrate/Glints2/dict_0004_0058" 9273
"/Engine/EngineMaterials/Substrate/Glints2/dict_0004_0057" 9274
"/Engine/EngineMaterials/Substrate/Glints2/dict_0004_0064" 9275
"/Engine/EngineMaterials/Substrate/Glints2/dict_0004_0073" 9276
"../../../Engine/Content/EngineMaterials/Substrate/Glints2/dict_0004_0075.uasset" 9277
"/Engine/EngineMaterials/Substrate/Glints2/dict_0004_0071" 9278
"/Engine/EngineMaterials/Substrate/Glints2/dict_0004_0062" 9279
"/Engine/EngineMaterials/Substrate/Glints2/dict_0004_0070" 9280
"/Engine/EngineMaterials/Substrate/Glints2/dict_0004_0069" 9281
"/Engine/EngineMaterials/Substrate/Glints2/dict_0004_0068" 9282
"/Engine/EngineMaterials/Substrate/Glints2/dict_0004_0059" 9283
"/Engine/EngineMaterials/Substrate/Glints2/dict_0004_0066" 9284
"/Engine/EngineMaterials/Substrate/Glints2/dict_0004_0075" 9285
"../../../Engine/Content/EngineMaterials/Substrate/Glints2/dict_0004_0080.uasset" 9286
"../../../Engine/Content/EngineMaterials/Substrate/Glints2/dict_0004_0088.uasset" 9287
"../../../Engine/Content/EngineMaterials/Substrate/Glints2/dict_0004_0074.uasset" 9288
"../../../Engine/Content/EngineMaterials/Substrate/Glints2/dict_0004_0087.uasset" 9289
"../../../Engine/Content/EngineMaterials/Substrate/Glints2/dict_0004_0076.uasset" 9290
"../../../Engine/Content/EngineMaterials/Substrate/Glints2/dict_0004_0081.uasset" 9291
"../../../Engine/Content/EngineMaterials/Substrate/Glints2/dict_0004_0086.uasset" 9292
"../../../Engine/Content/EngineMaterials/Substrate/Glints2/dict_0004_0090.uasset" 9293
"../../../Engine/Content/EngineMaterials/Substrate/Glints2/dict_0004_0089.uasset" 9294
"../../../Engine/Content/EngineMaterials/Substrate/Glints2/dict_0004_0084.uasset" 9295
"../../../Engine/Content/EngineMaterials/Substrate/Glints2/dict_0004_0078.uasset" 9296
"../../../Engine/Content/EngineMaterials/Substrate/Glints2/dict_0004_0091.uasset" 9297
"../../../Engine/Content/EngineMaterials/Substrate/Glints2/dict_0004_0085.uasset" 9298
"../../../Engine/Content/EngineMaterials/Substrate/Glints2/dict_0004_0083.uasset" 9299
"../../../Engine/Content/EngineMaterials/Substrate/Glints2/dict_0004_0097.uasset" 9300
"../../../Engine/Content/EngineMaterials/Substrate/Glints2/dict_0004_0093.uasset" 9301
"/Engine/EngineMaterials/Substrate/Glints2/dict_0004_0091" 9302
"../../../Engine/Content/EngineMaterials/Substrate/Glints2/dict_0004_0082.uasset" 9303
"../../../Engine/Content/EngineMaterials/Substrate/Glints2/dict_0004_0092.uasset" 9304
"../../../Engine/Content/EngineMaterials/Substrate/Glints2/dict_0004_0095.uasset" 9305
"/Engine/EngineMaterials/Substrate/Glints2/dict_0004_0090" 9306
"../../../Engine/Content/EngineMaterials/Substrate/Glints2/dict_0004_0101.uasset" 9307
"../../../Engine/Content/EngineMaterials/Substrate/Glints2/dict_0004_0098.uasset" 9308
"../../../Engine/Content/EngineMaterials/Substrate/Glints2/dict_0004_0077.uasset" 9309
"/Engine/EngineMaterials/Substrate/Glints2/dict_0004_0089" 9310
"/Engine/EngineMaterials/Substrate/Glints2/dict_0004_0088" 9311
"../../../Engine/Content/EngineMaterials/Substrate/Glints2/dict_0004_0079.uasset" 9312
"../../../Engine/Content/EngineMaterials/Substrate/Glints2/dict_0004_0094.uasset" 9313
"../../../Engine/Content/EngineMaterials/Substrate/Glints2/dict_0004_0096.uasset" 9314
"/Engine/EngineMaterials/Substrate/Glints2/dict_0004_0087" 9315
"/Engine/EngineMaterials/Substrate/Glints2/dict_0004_0086" 9316
"/Engine/EngineMaterials/Substrate/Glints2/dict_0004_0085" 9317
"/Engine/EngineMaterials/Substrate/Glints2/dict_0004_0084" 9318
"/Engine/EngineMaterials/Substrate/Glints2/dict_0004_0083" 9319
"../../../Engine/Content/EngineMaterials/Substrate/Glints2/dict_0004_0103.uasset" 9320
"/Engine/EngineMaterials/Substrate/Glints2/dict_0004_0081" 9321
"../../../Engine/Content/EngineMaterials/Substrate/Glints2/dict_0004_0104.uasset" 9322
"/Engine/EngineMaterials/Substrate/Glints2/dict_0004_0080" 9323
"../../../Engine/Content/EngineMaterials/Substrate/Glints2/dict_0004_0102.uasset" 9324
"/Engine/EngineMaterials/Substrate/Glints2/dict_0004_0078" 9325
"/Engine/EngineMaterials/Substrate/Glints2/dict_0004_0076" 9326
"/Engine/EngineMaterials/Substrate/Glints2/dict_0004_0097" 9327
"/Engine/EngineMaterials/Substrate/Glints2/dict_0004_0074" 9328
"../../../Engine/Content/EngineMaterials/Substrate/Glints2/dict_0004_0099.uasset" 9329
"../../../Engine/Content/EngineMaterials/Substrate/Glints2/dict_0004_0100.uasset" 9330
"../../../Engine/Content/EngineMaterials/Substrate/Glints2/dict_0004_0106.uasset" 9331
"/Engine/EngineMaterials/Substrate/Glints2/dict_0004_0096" 9332
"/Engine/EngineMaterials/Substrate/Glints2/dict_0004_0095" 9333
"/Engine/EngineMaterials/Substrate/Glints2/dict_0004_0094" 9334
"/Engine/EngineMaterials/Substrate/Glints2/dict_0004_0093" 9335
"/Engine/EngineMaterials/Substrate/Glints2/dict_0004_0092" 9336
"/Engine/EngineMaterials/Substrate/Glints2/dict_0004_0104" 9337
"/Engine/EngineMaterials/Substrate/Glints2/dict_0004_0103" 9338
"/Engine/EngineMaterials/Substrate/Glints2/dict_0004_0102" 9339
"/Engine/EngineMaterials/Substrate/Glints2/dict_0004_0082" 9340
"../../../Engine/Content/EngineMaterials/Substrate/Glints2/dict_0004_0105.uasset" 9341
"/Engine/EngineMaterials/Substrate/Glints2/dict_0004_0101" 9342
"/Engine/EngineMaterials/Substrate/Glints2/dict_0004_0079" 9343
"/Engine/EngineMaterials/Substrate/Glints2/dict_0004_0100" 9344
"/Engine/EngineMaterials/Substrate/Glints2/dict_0004_0099" 9345
"/Engine/EngineMaterials/Substrate/Glints2/dict_0004_0077" 9346
"/Engine/EngineMaterials/Substrate/Glints2/dict_0004_0098" 9347
"/Engine/EngineMaterials/Substrate/Glints2/dict_0004_0105" 9348
"/Engine/EngineMaterials/Substrate/Glints2/dict_0004_0106" 9349
"../../../Engine/Content/EngineMaterials/Substrate/Glints2/dict_0004_0115.uasset" 9350
"../../../Engine/Content/EngineMaterials/Substrate/Glints2/dict_0004_0108.uasset" 9351
"../../../Engine/Content/EngineMaterials/Substrate/Glints2/dict_0004_0109.uasset" 9352
"../../../Engine/Content/EngineMaterials/Substrate/Glints2/dict_0004_0110.uasset" 9353
"/Engine/EngineMaterials/Substrate/Glints2/dict_0004_0115" 9354
"../../../Engine/Content/EngineMaterials/Substrate/Glints2/dict_0004_0120.uasset" 9355
"/Engine/EngineMaterials/Substrate/Glints2/dict_0004_0108" 9356
"/Engine/EngineMaterials/Substrate/Glints2/dict_0004_0120" 9357
"/Engine/EngineMaterials/Substrate/Glints2/dict_0004_0110" 9358
"/Engine/EngineMaterials/Substrate/Glints2/dict_0004_0109" 9359
"../../../Engine/Content/EngineMaterials/Substrate/Glints2/dict_0004_0122.uasset" 9360
"../../../Engine/Content/EngineMaterials/Substrate/Glints2/dict_0004_0119.uasset" 9361
"/Engine/EngineMaterials/Substrate/Glints2/dict_0004_0119" 9362
"/Engine/EngineMaterials/Substrate/Glints2/dict_0004_0122" 9363
"../../../Engine/Content/EngineMaterials/Substrate/Glints2/dict_0004_0113.uasset" 9364
"../../../Engine/Content/EngineMaterials/Substrate/Glints2/dict_0004_0111.uasset" 9365
"../../../Engine/Content/EngineMaterials/Substrate/Glints2/dict_0004_0107.uasset" 9366
"../../../Engine/Content/EngineMaterials/Substrate/Glints2/dict_0004_0117.uasset" 9367
"../../../Engine/Content/EngineMaterials/Substrate/Glints2/dict_0004_0116.uasset" 9368
"../../../Engine/Content/EngineMaterials/Substrate/Glints2/dict_0004_0118.uasset" 9369
"../../../Engine/Content/EngineMaterials/Substrate/Glints2/dict_0004_0114.uasset" 9370
"../../../Engine/Content/EngineMaterials/Substrate/Glints2/dict_0004_0135.uasset" 9371
"../../../Engine/Content/EngineMaterials/Substrate/Glints2/dict_0004_0136.uasset" 9372
"../../../Engine/Content/EngineMaterials/Substrate/Glints2/dict_0004_0121.uasset" 9373
"../../../Engine/Content/EngineMaterials/Substrate/Glints2/dict_0004_0112.uasset" 9374
"../../../Engine/Content/EngineMaterials/Substrate/Glints2/dict_0004_0124.uasset" 9375
"../../../Engine/Content/EngineMaterials/Substrate/Glints2/dict_0004_0138.uasset" 9376
"../../../Engine/Content/EngineMaterials/Substrate/Glints2/dict_0004_0126.uasset" 9377
"../../../Engine/Content/EngineMaterials/Substrate/Glints2/dict_0004_0127.uasset" 9378
"../../../Engine/Content/EngineMaterials/Substrate/Glints2/dict_0004_0125.uasset" 9379
"../../../Engine/Content/EngineMaterials/Substrate/Glints2/dict_0004_0129.uasset" 9380
"/Engine/EngineMaterials/Substrate/Glints2/dict_0004_0136" 9381
"../../../Engine/Content/EngineMaterials/Substrate/Glints2/dict_0004_0133.uasset" 9382
"../../../Engine/Content/EngineMaterials/Substrate/Glints2/dict_0004_0131.uasset" 9383
"/Engine/EngineMaterials/Substrate/Glints2/dict_0004_0135" 9384
"../../../Engine/Content/EngineMaterials/Substrate/Glints2/dict_0004_0130.uasset" 9385
"/Engine/EngineMaterials/Substrate/Glints2/dict_0004_0121" 9386
"/Engine/EngineMaterials/Substrate/Glints2/dict_0004_0118" 9387
"/Engine/EngineMaterials/Substrate/Glints2/dict_0004_0117" 9388
"/Engine/EngineMaterials/Substrate/Glints2/dict_0004_0116" 9389
"/Engine/EngineMaterials/Substrate/Glints2/dict_0004_0138" 9390
"/Engine/EngineMaterials/Substrate/Glints2/dict_0004_0114" 9391
"../../../Engine/Content/EngineMaterials/Substrate/Glints2/dict_0004_0123.uasset" 9392
"/Engine/EngineMaterials/Substrate/Glints2/dict_0004_0113" 9393
"/Engine/EngineMaterials/Substrate/Glints2/dict_0004_0127" 9394
"../../../Engine/Content/EngineMaterials/Substrate/Glints2/dict_0004_0134.uasset" 9395
"../../../Engine/Content/EngineMaterials/Substrate/Glints2/dict_0004_0132.uasset" 9396
"../../../Engine/Content/EngineMaterials/Substrate/Glints2/dict_0004_0137.uasset" 9397
"/Engine/EngineMaterials/Substrate/Glints2/dict_0004_0112" 9398
"../../../Engine/Content/EngineMaterials/Substrate/Glints2/dict_0004_0128.uasset" 9399
"../../../Engine/Content/EngineMaterials/Substrate/Glints2/dict_0004_0139.uasset" 9400
"../../../Engine/Content/EngineMaterials/Substrate/Glints2/dict_0004_0141.uasset" 9401
"/Engine/EngineMaterials/Substrate/Glints2/dict_0004_0111" 9402
"../../../Engine/Content/EngineMaterials/Substrate/Glints2/dict_0004_0142.uasset" 9403
"/Engine/EngineMaterials/Substrate/Glints2/dict_0004_0126" 9404
"/Engine/EngineMaterials/Substrate/Glints2/dict_0004_0125" 9405
"/Engine/EngineMaterials/Substrate/Glints2/dict_0004_0124" 9406
"/Engine/EngineMaterials/Substrate/Glints2/dict_0004_0107" 9407
"/Engine/EngineMaterials/Substrate/Glints2/dict_0004_0134" 9408
"../../../Engine/Content/EngineMaterials/Substrate/Glints2/dict_0004_0143.uasset" 9409
"/Engine/EngineMaterials/Substrate/Glints2/dict_0004_0133" 9410
"../../../Engine/Content/EngineMaterials/Substrate/Glints2/dict_0004_0140.uasset" 9411
"/Engine/EngineMaterials/Substrate/Glints2/dict_0004_0132" 9412
"/Engine/EngineMaterials/Substrate/Glints2/dict_0004_0131" 9413
"../../../Engine/Content/EngineMaterials/Substrate/Glints2/dict_0004_0152.uasset" 9414
"/Engine/EngineMaterials/Substrate/Glints2/dict_0004_0130" 9415
"../../../Engine/Content/EngineMaterials/Substrate/Glints2/dict_0004_0144.uasset" 9416
"/Engine/EngineMaterials/Substrate/Glints2/dict_0004_0129" 9417
"../../../Engine/Content/EngineMaterials/Substrate/Glints2/dict_0004_0145.uasset" 9418
"/Engine/EngineMaterials/Substrate/Glints2/dict_0004_0128" 9419
"/Engine/EngineMaterials/Substrate/Glints2/dict_0004_0142" 9420
"/Engine/EngineMaterials/Substrate/Glints2/dict_0004_0123" 9421
"/Engine/EngineMaterials/Substrate/Glints2/dict_0004_0141" 9422
"/Engine/EngineMaterials/Substrate/Glints2/dict_0004_0139" 9423
"/Engine/EngineMaterials/Substrate/Glints2/dict_0004_0137" 9424
"/Engine/EngineMaterials/Substrate/Glints2/dict_0004_0143" 9425
"/Engine/EngineMaterials/Substrate/Glints2/dict_0004_0145" 9426
"/Engine/EngineMaterials/Substrate/Glints2/dict_0004_0140" 9427
"/Engine/EngineMaterials/Substrate/Glints2/dict_0004_0152" 9428
"/Engine/EngineMaterials/Substrate/Glints2/dict_0004_0144" 9429
"../../../Engine/Content/EngineMaterials/Substrate/Glints2/dict_0004_0153.uasset" 9430
"../../../Engine/Content/EngineMaterials/Substrate/Glints2/dict_0004_0151.uasset" 9431
"../../../Engine/Content/EngineMaterials/Substrate/Glints2/dict_0004_0149.uasset" 9432
"../../../Engine/Content/EngineMaterials/Substrate/Glints2/dict_0004_0147.uasset" 9433
"../../../Engine/Content/EngineMaterials/Substrate/Glints2/dict_0004_0148.uasset" 9434
"../../../Engine/Content/EngineMaterials/Substrate/Glints2/dict_0004_0150.uasset" 9435
"../../../Engine/Content/EngineMaterials/Substrate/Glints2/dict_0004_0146.uasset" 9436
"../../../Engine/Content/EngineMaterials/Substrate/Glints2/dict_0004_0160.uasset" 9437
"../../../Engine/Content/EngineMaterials/Substrate/Glints2/dict_0004_0159.uasset" 9438
"../../../Engine/Content/EngineMaterials/Substrate/Glints2/dict_0004_0156.uasset" 9439
"../../../Engine/Content/EngineMaterials/Substrate/Glints2/dict_0004_0155.uasset" 9440
"../../../Engine/Content/EngineMaterials/Substrate/Glints2/dict_0004_0164.uasset" 9441
"../../../Engine/Content/EngineMaterials/Substrate/Glints2/dict_0004_0154.uasset" 9442
"../../../Engine/Content/EngineMaterials/Substrate/Glints2/dict_0004_0163.uasset" 9443
"../../../Engine/Content/EngineMaterials/Substrate/Glints2/dict_0004_0158.uasset" 9444
"../../../Engine/Content/EngineMaterials/Substrate/Glints2/dict_0004_0161.uasset" 9445
"/Engine/EngineMaterials/Substrate/Glints2/dict_0004_0161" 9446
"/Engine/EngineMaterials/Substrate/Glints2/dict_0004_0160" 9447
"../../../Engine/Content/EngineMaterials/Substrate/Glints2/dict_0004_0170.uasset" 9448
"../../../Engine/Content/EngineMaterials/Substrate/Glints2/dict_0004_0168.uasset" 9449
"../../../Engine/Content/EngineMaterials/Substrate/Glints2/dict_0004_0166.uasset" 9450
"../../../Engine/Content/EngineMaterials/Substrate/Glints2/dict_0004_0165.uasset" 9451
"/Engine/EngineMaterials/Substrate/Glints2/dict_0004_0159" 9452
"../../../Engine/Content/EngineMaterials/Substrate/Glints2/dict_0004_0167.uasset" 9453
"/Engine/EngineMaterials/Substrate/Glints2/dict_0004_0158" 9454
"../../../Engine/Content/EngineMaterials/Substrate/Glints2/dict_0004_0157.uasset" 9455
"../../../Engine/Content/EngineMaterials/Substrate/Glints2/dict_0004_0177.uasset" 9456
"../../../Engine/Content/EngineMaterials/Substrate/Glints2/dict_0004_0169.uasset" 9457
"/Engine/EngineMaterials/Substrate/Glints2/dict_0004_0156" 9458
"/Engine/EngineMaterials/Substrate/Glints2/dict_0004_0155" 9459
"/Engine/EngineMaterials/Substrate/Glints2/dict_0004_0154" 9460
"../../../Engine/Content/EngineMaterials/Substrate/Glints2/dict_0004_0172.uasset" 9461
"../../../Engine/Content/EngineMaterials/Substrate/Glints2/dict_0004_0173.uasset" 9462
"../../../Engine/Content/EngineMaterials/Substrate/Glints2/dict_0004_0171.uasset" 9463
"/Engine/EngineMaterials/Substrate/Glints2/dict_0004_0153" 9464
"/Engine/EngineMaterials/Substrate/Glints2/dict_0004_0151" 9465
"/Engine/EngineMaterials/Substrate/Glints2/dict_0004_0150" 9466
"/Engine/EngineMaterials/Substrate/Glints2/dict_0004_0149" 9467
"/Engine/EngineMaterials/Substrate/Glints2/dict_0004_0148" 9468
"/Engine/EngineMaterials/Substrate/Glints2/dict_0004_0147" 9469
"../../../Engine/Content/EngineMaterials/Substrate/Glints2/dict_0004_0175.uasset" 9470
"/Engine/EngineMaterials/Substrate/Glints2/dict_0004_0164" 9471
"/Engine/EngineMaterials/Substrate/Glints2/dict_0004_0163" 9472
"/Engine/EngineMaterials/Substrate/Glints2/dict_0004_0146" 9473
"../../../Engine/Content/EngineMaterials/Substrate/Glints2/dict_0004_0174.uasset" 9474
"../../../Engine/Content/EngineMaterials/Substrate/Glints2/dict_0004_0178.uasset" 9475
"/Engine/EngineMaterials/Substrate/Glints2/dict_0004_0173" 9476
"/Engine/EngineMaterials/Substrate/Glints2/dict_0004_0172" 9477
"/Engine/EngineMaterials/Substrate/Glints2/dict_0004_0171" 9478
"/Engine/EngineMaterials/Substrate/Glints2/dict_0004_0177" 9479
"/Engine/EngineMaterials/Substrate/Glints2/dict_0004_0157" 9480
"/Engine/EngineMaterials/Substrate/Glints2/dict_0004_0170" 9481
"../../../Engine/Content/EngineMaterials/Substrate/Glints2/dict_0004_0184.uasset" 9482
"/Engine/EngineMaterials/Substrate/Glints2/dict_0004_0169" 9483
"/Engine/EngineMaterials/Substrate/Glints2/dict_0004_0168" 9484
"/Engine/EngineMaterials/Substrate/Glints2/dict_0004_0167" 9485
"../../../Engine/Content/EngineMaterials/Substrate/Glints2/dict_0004_0176.uasset" 9486
"/Engine/EngineMaterials/Substrate/Glints2/dict_0004_0175" 9487
"/Engine/EngineMaterials/Substrate/Glints2/dict_0004_0166" 9488
"/Engine/EngineMaterials/Substrate/Glints2/dict_0004_0165" 9489
"/Engine/EngineMaterials/Substrate/Glints2/dict_0004_0174" 9490
"/Engine/EngineMaterials/Substrate/Glints2/dict_0004_0178" 9491
"/Engine/EngineMaterials/Substrate/Glints2/dict_0004_0176" 9492
"/Engine/EngineMaterials/Substrate/Glints2/dict_0004_0184" 9493
"../../../Engine/Content/EngineMaterials/Substrate/Glints2/dict_0004_0186.uasset" 9494
"../../../Engine/Content/EngineMaterials/Substrate/Glints2/dict_0004_0185.uasset" 9495
"../../../Engine/Content/EngineMaterials/Substrate/Glints2/dict_0004_0187.uasset" 9496
"../../../Engine/Content/EngineMaterials/Substrate/Glints2/dict_0004_0190.uasset" 9497
"../../../Engine/Content/EngineMaterials/Substrate/Glints2/dict_0004_0179.uasset" 9498
"../../../Engine/Content/EngineMaterials/Substrate/Glints2/dict_0004_0183.uasset" 9499
"../../../Engine/Content/EngineMaterials/Substrate/Glints2/dict_0004_0180.uasset" 9500
"../../../Engine/Content/EngineMaterials/Substrate/Glints2/dict_0004_0193.uasset" 9501
"../../../Engine/Content/EngineMaterials/Substrate/Glints2/dict_0004_0182.uasset" 9502
"../../../Engine/Content/EngineMaterials/Substrate/Glints2/dict_0004_0188.uasset" 9503
"../../../Engine/Content/EngineMaterials/Substrate/Glints2/dict_0004_0181.uasset" 9504
"../../../Engine/Content/EngineMaterials/Substrate/Glints2/dict_0004_0192.uasset" 9505
"../../../Engine/Content/EngineMaterials/Substrate/Glints2/dict_0004_0194.uasset" 9506
"../../../Engine/Content/EngineMaterials/Substrate/Glints2/dict_0004_0189.uasset" 9507
"../../../Engine/Content/EngineMaterials/Substrate/Glints2/dict_0004_0195.uasset" 9508
"../../../Engine/Content/EngineMaterials/Substrate/Glints2/dict_0004_0197.uasset" 9509
"../../../Engine/Content/EngineMaterials/Substrate/Glints2/dict_0004_0198.uasset" 9510
"../../../Engine/Content/EngineMaterials/Substrate/Glints2/dict_0004_0191.uasset" 9511
"../../../Engine/Content/EngineMaterials/Substrate/Glints2/dict_0004_0203.uasset" 9512
"../../../Engine/Content/EngineMaterials/Substrate/Glints2/dict_0004_0199.uasset" 9513
"../../../Engine/Content/EngineMaterials/Substrate/Glints2/dict_0004_0206.uasset" 9514
"../../../Engine/Content/EngineMaterials/Substrate/Glints2/dict_0004_0196.uasset" 9515
"../../../Engine/Content/EngineMaterials/Substrate/Glints2/dict_0004_0200.uasset" 9516
"/Engine/EngineMaterials/Substrate/Glints2/dict_0004_0194" 9517
"/Engine/EngineMaterials/Substrate/Glints2/dict_0004_0193" 9518
"/Engine/EngineMaterials/Substrate/Glints2/dict_0004_0192" 9519
"../../../Engine/Content/EngineMaterials/Substrate/Glints2/dict_0004_0204.uasset" 9520
"../../../Engine/Content/EngineMaterials/Substrate/Glints2/dict_0004_0202.uasset" 9521
"/Engine/EngineMaterials/Substrate/Glints2/dict_0004_0191" 9522
"../../../Engine/Content/EngineMaterials/Substrate/Glints2/dict_0004_0205.uasset" 9523
"/Engine/EngineMaterials/Substrate/Glints2/dict_0004_0203" 9524
"/Engine/EngineMaterials/Substrate/Glints2/dict_0004_0190" 9525
"/Engine/EngineMaterials/Substrate/Glints2/dict_0004_0189" 9526
"../../../Engine/Content/EngineMaterials/Substrate/Glints2/dict_0004_0201.uasset" 9527
"/Engine/EngineMaterials/Substrate/Glints2/dict_0004_0188" 9528
"/Engine/EngineMaterials/Substrate/Glints2/dict_0004_0187" 9529
"/Engine/EngineMaterials/Substrate/Glints2/dict_0004_0198" 9530
"../../../Engine/Content/EngineMaterials/Substrate/Glints2/dict_0004_0210.uasset" 9531
"../../../Engine/Content/EngineMaterials/Substrate/Glints2/dict_0004_0207.uasset" 9532
"../../../Engine/Content/EngineMaterials/Substrate/Glints2/dict_0004_0208.uasset" 9533
"/Engine/EngineMaterials/Substrate/Glints2/dict_0004_0186" 9534
"../../../Engine/Content/EngineMaterials/Substrate/Glints2/dict_0004_0209.uasset" 9535
"/Engine/EngineMaterials/Substrate/Glints2/dict_0004_0185" 9536
"/Engine/EngineMaterials/Substrate/Glints2/dict_0004_0183" 9537
"/Engine/EngineMaterials/Substrate/Glints2/dict_0004_0182" 9538
"/Engine/EngineMaterials/Substrate/Glints2/dict_0004_0197" 9539
"/Engine/EngineMaterials/Substrate/Glints2/dict_0004_0181" 9540
"/Engine/EngineMaterials/Substrate/Glints2/dict_0004_0195" 9541
"/Engine/EngineMaterials/Substrate/Glints2/dict_0004_0180" 9542
"../../../Engine/Content/EngineMaterials/Substrate/Glints2/dict_0004_0162.uasset" 9543
"/Engine/EngineMaterials/Substrate/Glints2/dict_0004_0179" 9544
"/Engine/EngineMaterials/Substrate/Glints2/dict_0004_0207" 9545
"/Engine/EngineMaterials/Substrate/Glints2/dict_0004_0206" 9546
"/Engine/EngineMaterials/Substrate/Glints2/dict_0004_0205" 9547
"/Engine/EngineMaterials/Substrate/Glints2/dict_0004_0210" 9548
"/Engine/EngineMaterials/Substrate/Glints2/dict_0004_0204" 9549
"/Engine/EngineMaterials/Substrate/Glints2/dict_0004_0209" 9550
"/Engine/EngineMaterials/Substrate/Glints2/dict_0004_0202" 9551
"/Engine/EngineMaterials/Substrate/Glints2/dict_0004_0201" 9552
"/Engine/EngineMaterials/Substrate/Glints2/dict_0004_0200" 9553
"/Engine/EngineMaterials/Substrate/Glints2/dict_0004_0199" 9554
"/Engine/EngineMaterials/Substrate/Glints2/dict_0004_0208" 9555
"/Engine/EngineMaterials/Substrate/Glints2/dict_0004_0196" 9556
"/Engine/EngineMaterials/Substrate/Glints2/dict_0004_0162" 9557
"../../../Engine/Content/EngineMaterials/Substrate/Glints2/dict_0004_0214.uasset" 9558
"../../../Engine/Content/EngineMaterials/Substrate/Glints2/dict_0004_0215.uasset" 9559
"../../../Engine/Content/EngineMaterials/Substrate/Glints2/dict_0004_0222.uasset" 9560
"../../../Engine/Content/EngineMaterials/Substrate/Glints2/dict_0004_0211.uasset" 9561
"../../../Engine/Content/EngineMaterials/Substrate/Glints2/dict_0004_0216.uasset" 9562
"../../../Engine/Content/EngineMaterials/Substrate/Glints2/dict_0004_0212.uasset" 9563
"../../../Engine/Content/EngineMaterials/Substrate/Glints2/dict_0004_0219.uasset" 9564
"../../../Engine/Content/EngineMaterials/Substrate/Glints2/dict_0004_0218.uasset" 9565
"../../../Engine/Content/EngineMaterials/Substrate/Glints2/dict_0004_0226.uasset" 9566
"../../../Engine/Content/EngineMaterials/Substrate/Glints2/dict_0004_0213.uasset" 9567
"../../../Engine/Content/EngineMaterials/Substrate/Glints2/dict_0004_0221.uasset" 9568
"../../../Engine/Content/EngineMaterials/Substrate/Glints2/dict_0004_0220.uasset" 9569
"../../../Engine/Content/EngineMaterials/Substrate/Glints2/dict_0004_0229.uasset" 9570
"../../../Engine/Content/EngineMaterials/Substrate/Glints2/dict_0004_0223.uasset" 9571
"../../../Engine/Content/EngineMaterials/Substrate/Glints2/dict_0004_0225.uasset" 9572
"../../../Engine/Content/EngineMaterials/Substrate/Glints2/dict_0004_0227.uasset" 9573
"../../../Engine/Content/EngineMaterials/Substrate/Glints2/dict_0004_0217.uasset" 9574
"/Engine/EngineMaterials/Substrate/Glints2/dict_0004_0229" 9575
"../../../Engine/Content/EngineMaterials/Substrate/Glints2/dict_0004_0228.uasset" 9576
"/Engine/EngineMaterials/Substrate/Glints2/dict_0004_0227" 9577
"/Engine/EngineMaterials/Substrate/Glints2/dict_0004_0226" 9578
"../../../Engine/Content/EngineMaterials/Substrate/Glints2/dict_0004_0224.uasset" 9579
"/Engine/EngineMaterials/Substrate/Glints2/dict_0004_0225" 9580
"/Engine/EngineMaterials/Substrate/Glints2/dict_0004_0223" 9581
"../../../Engine/Content/EngineMaterials/Substrate/Glints2/dict_0004_0230.uasset" 9582
"../../../Engine/Content/EngineMaterials/Substrate/Glints2/dict_0004_0231.uasset" 9583
"/Engine/EngineMaterials/Substrate/Glints2/dict_0004_0222" 9584
"/Engine/EngineMaterials/Substrate/Glints2/dict_0004_0221" 9585
"/Engine/EngineMaterials/Substrate/Glints2/dict_0004_0220" 9586
"/Engine/EngineMaterials/Substrate/Glints2/dict_0004_0219" 9587
"/Engine/EngineMaterials/Substrate/Glints2/dict_0004_0218" 9588
"/Engine/EngineMaterials/Substrate/Glints2/dict_0004_0216" 9589
"/Engine/EngineMaterials/Substrate/Glints2/dict_0004_0215" 9590
"/Engine/EngineMaterials/Substrate/Glints2/dict_0004_0214" 9591
"../../../Engine/Content/EngineMaterials/Substrate/Glints2/dict_0004_0232.uasset" 9592
"../../../Engine/Content/EngineMaterials/Substrate/Glints2/dict_0004_0239.uasset" 9593
"../../../Engine/Content/EngineMaterials/Substrate/Glints2/dict_0004_0238.uasset" 9594
"../../../Engine/Content/EngineMaterials/Substrate/Glints2/dict_0004_0233.uasset" 9595
"/Engine/EngineMaterials/Substrate/Glints2/dict_0004_0213" 9596
"/Engine/EngineMaterials/Substrate/Glints2/dict_0004_0212" 9597
"../../../Engine/Content/EngineMaterials/Substrate/Glints2/dict_0004_0237.uasset" 9598
"../../../Engine/Content/EngineMaterials/Substrate/Glints2/dict_0004_0242.uasset" 9599
"/Engine/EngineMaterials/Substrate/Glints2/dict_0004_0211" 9600
"../../../Engine/Content/EngineMaterials/Substrate/Glints2/dict_0004_0240.uasset" 9601
"../../../Engine/Content/EngineMaterials/Substrate/Glints2/dict_0004_0235.uasset" 9602
"/Engine/EngineMaterials/Substrate/Glints2/dict_0004_0228" 9603
"/Engine/EngineMaterials/Substrate/Glints2/dict_0004_0242" 9604
"../../../Engine/Content/EngineMaterials/Substrate/Glints2/dict_0004_0241.uasset" 9605
"/Engine/EngineMaterials/Substrate/Glints2/dict_0004_0240" 9606
"../../../Engine/Content/EngineMaterials/Substrate/Glints2/dict_0004_0236.uasset" 9607
"/Engine/EngineMaterials/Substrate/Glints2/dict_0004_0239" 9608
"../../../Engine/Content/EngineMaterials/Substrate/Glints2/dict_0004_0234.uasset" 9609
"/Engine/EngineMaterials/Substrate/Glints2/dict_0004_0238" 9610
"../../../Engine/Content/EngineMaterials/Substrate/Glints2/dict_0004_0251.uasset" 9611
"/Engine/EngineMaterials/Substrate/Glints2/dict_0004_0224" 9612
"/Engine/EngineMaterials/Substrate/Glints2/dict_0004_0237" 9613
"/Engine/EngineMaterials/Substrate/Glints2/dict_0004_0235" 9614
"/Engine/EngineMaterials/Substrate/Glints2/dict_0004_0233" 9615
"/Engine/EngineMaterials/Substrate/Glints2/dict_0004_0232" 9616
"/Engine/EngineMaterials/Substrate/Glints2/dict_0004_0217" 9617
"/Engine/EngineMaterials/Substrate/Glints2/dict_0004_0231" 9618
"/Engine/EngineMaterials/Substrate/Glints2/dict_0004_0230" 9619
"/Engine/EngineMaterials/Substrate/Glints2/dict_0004_0241" 9620
"/Engine/EngineMaterials/Substrate/Glints2/dict_0004_0236" 9621
"/Engine/EngineMaterials/Substrate/Glints2/dict_0004_0234" 9622
"/Engine/EngineMaterials/Substrate/Glints2/dict_0004_0251" 9623
"../../../Engine/Content/EngineMaterials/Substrate/Glints2/dict_0004_0247.uasset" 9624
"../../../Engine/Content/EngineMaterials/Substrate/Glints2/dict_0004_0246.uasset" 9625
"../../../Engine/Content/EngineMaterials/Substrate/Glints2/dict_0004_0243.uasset" 9626
"../../../Engine/Content/EngineMaterials/Substrate/Glints2/dict_0004_0245.uasset" 9627
"../../../Engine/Content/EngineMaterials/Substrate/Glints2/dict_0005_0000.uasset" 9628
"../../../Engine/Content/EngineMaterials/Substrate/Glints2/dict_0004_0252.uasset" 9629
"../../../Engine/Content/EngineMaterials/Substrate/Glints2/dict_0004_0249.uasset" 9630
"../../../Engine/Content/EngineMaterials/Substrate/Glints2/dict_0005_0002.uasset" 9631
"../../../Engine/Content/EngineMaterials/Substrate/Glints2/dict_0004_0253.uasset" 9632
"../../../Engine/Content/EngineMaterials/Substrate/Glints2/dict_0005_0012.uasset" 9633
"../../../Engine/Content/EngineMaterials/Substrate/Glints2/dict_0005_0003.uasset" 9634
"../../../Engine/Content/EngineMaterials/Substrate/Glints2/dict_0004_0254.uasset" 9635
"../../../Engine/Content/EngineMaterials/Substrate/Glints2/dict_0005_0001.uasset" 9636
"../../../Engine/Content/EngineMaterials/Substrate/Glints2/dict_0005_0004.uasset" 9637
"../../../Engine/Content/EngineMaterials/Substrate/Glints2/dict_0004_0250.uasset" 9638
"../../../Engine/Content/EngineMaterials/Substrate/Glints2/dict_0004_0255.uasset" 9639
"../../../Engine/Content/EngineMaterials/Substrate/Glints2/dict_0004_0248.uasset" 9640
"../../../Engine/Content/EngineMaterials/Substrate/Glints2/dict_0005_0007.uasset" 9641
"../../../Engine/Content/EngineMaterials/Substrate/Glints2/dict_0005_0006.uasset" 9642
"../../../Engine/Content/EngineMaterials/Substrate/Glints2/dict_0005_0009.uasset" 9643
"../../../Engine/Content/EngineMaterials/Substrate/Glints2/dict_0005_0008.uasset" 9644
"../../../Engine/Content/EngineMaterials/Substrate/Glints2/dict_0005_0005.uasset" 9645
"/Engine/EngineMaterials/Substrate/Glints2/dict_0005_0002" 9646
"/Engine/EngineMaterials/Substrate/Glints2/dict_0005_0001" 9647
"/Engine/EngineMaterials/Substrate/Glints2/dict_0005_0012" 9648
"../../../Engine/Content/EngineMaterials/Substrate/Glints2/dict_0005_0010.uasset" 9649
"../../../Engine/Content/EngineMaterials/Substrate/Glints2/dict_0004_0244.uasset" 9650
"/Engine/EngineMaterials/Substrate/Glints2/dict_0005_0000" 9651
"/Engine/EngineMaterials/Substrate/Glints2/dict_0004_0255" 9652
"/Engine/EngineMaterials/Substrate/Glints2/dict_0004_0254" 9653
"/Engine/EngineMaterials/Substrate/Glints2/dict_0005_0009" 9654
"/Engine/EngineMaterials/Substrate/Glints2/dict_0004_0253" 9655
"/Engine/EngineMaterials/Substrate/Glints2/dict_0005_0008" 9656
"../../../Engine/Content/EngineMaterials/Substrate/Glints2/dict_0005_0018.uasset" 9657
"../../../Engine/Content/EngineMaterials/Substrate/Glints2/dict_0005_0015.uasset" 9658
"/Engine/EngineMaterials/Substrate/Glints2/dict_0004_0252" 9659
"../../../Engine/Content/EngineMaterials/Substrate/Glints2/dict_0005_0014.uasset" 9660
"/Engine/EngineMaterials/Substrate/Glints2/dict_0005_0007" 9661
"/Engine/EngineMaterials/Substrate/Glints2/dict_0004_0250" 9662
"/Engine/EngineMaterials/Substrate/Glints2/dict_0004_0249" 9663
"/Engine/EngineMaterials/Substrate/Glints2/dict_0005_0006" 9664
"../../../Engine/Content/EngineMaterials/Substrate/Glints2/dict_0005_0011.uasset" 9665
"../../../Engine/Content/EngineMaterials/Substrate/Glints2/dict_0005_0019.uasset" 9666
"/Engine/EngineMaterials/Substrate/Glints2/dict_0004_0248" 9667
"/Engine/EngineMaterials/Substrate/Glints2/dict_0004_0247" 9668
"/Engine/EngineMaterials/Substrate/Glints2/dict_0005_0004" 9669
"../../../Engine/Content/EngineMaterials/Substrate/Glints2/dict_0005_0013.uasset" 9670
"../../../Engine/Content/EngineMaterials/Substrate/Glints2/dict_0005_0017.uasset" 9671
"/Engine/EngineMaterials/Substrate/Glints2/dict_0004_0246" 9672
"/Engine/EngineMaterials/Substrate/Glints2/dict_0004_0245" 9673
"/Engine/EngineMaterials/Substrate/Glints2/dict_0005_0003" 9674
"/Engine/EngineMaterials/Substrate/Glints2/dict_0004_0243" 9675
"/Engine/EngineMaterials/Substrate/Glints2/dict_0005_0015" 9676
"/Engine/EngineMaterials/Substrate/Glints2/dict_0005_0014" 9677
"/Engine/EngineMaterials/Substrate/Glints2/dict_0005_0019" 9678
"../../../Engine/Content/EngineMaterials/Substrate/Glints2/dict_0005_0016.uasset" 9679
"/Engine/EngineMaterials/Substrate/Glints2/dict_0005_0013" 9680
"/Engine/EngineMaterials/Substrate/Glints2/dict_0005_0011" 9681
"/Engine/EngineMaterials/Substrate/Glints2/dict_0005_0010" 9682
"../../../Engine/Content/EngineMaterials/Substrate/Glints2/dict_0005_0027.uasset" 9683
"/Engine/EngineMaterials/Substrate/Glints2/dict_0005_0018" 9684
"/Engine/EngineMaterials/Substrate/Glints2/dict_0005_0017" 9685
"/Engine/EngineMaterials/Substrate/Glints2/dict_0005_0005" 9686
"/Engine/EngineMaterials/Substrate/Glints2/dict_0004_0244" 9687
"/Engine/EngineMaterials/Substrate/Glints2/dict_0005_0016" 9688
"/Engine/EngineMaterials/Substrate/Glints2/dict_0005_0027" 9689
"../../../Engine/Content/EngineMaterials/Substrate/Glints2/dict_0005_0033.uasset" 9690
"/Engine/EngineMaterials/Substrate/Glints2/dict_0005_0033" 9691
"../../../Engine/Content/EngineMaterials/Substrate/Glints2/dict_0005_0026.uasset" 9692
"../../../Engine/Content/EngineMaterials/Substrate/Glints2/dict_0005_0035.uasset" 9693
"../../../Engine/Content/EngineMaterials/Substrate/Glints2/dict_0005_0028.uasset" 9694
"../../../Engine/Content/EngineMaterials/Substrate/Glints2/dict_0005_0021.uasset" 9695
"../../../Engine/Content/EngineMaterials/Substrate/Glints2/dict_0005_0022.uasset" 9696
"../../../Engine/Content/EngineMaterials/Substrate/Glints2/dict_0005_0025.uasset" 9697
"../../../Engine/Content/EngineMaterials/Substrate/Glints2/dict_0005_0034.uasset" 9698
"../../../Engine/Content/EngineMaterials/Substrate/Glints2/dict_0005_0036.uasset" 9699
"../../../Engine/Content/EngineMaterials/Substrate/Glints2/dict_0005_0029.uasset" 9700
"../../../Engine/Content/EngineMaterials/Substrate/Glints2/dict_0005_0044.uasset" 9701
"../../../Engine/Content/EngineMaterials/Substrate/Glints2/dict_0005_0024.uasset" 9702
"../../../Engine/Content/EngineMaterials/Substrate/Glints2/dict_0005_0023.uasset" 9703
"../../../Engine/Content/EngineMaterials/Substrate/Glints2/dict_0005_0030.uasset" 9704
"../../../Engine/Content/EngineMaterials/Substrate/Glints2/dict_0005_0020.uasset" 9705
"../../../Engine/Content/EngineMaterials/Substrate/Glints2/dict_0005_0037.uasset" 9706
"/Engine/EngineMaterials/Substrate/Glints2/dict_0005_0037" 9707
"../../../Engine/Content/EngineMaterials/Substrate/Glints2/dict_0005_0040.uasset" 9708
"../../../Engine/Content/EngineMaterials/Substrate/Glints2/dict_0005_0039.uasset" 9709
"../../../Engine/Content/EngineMaterials/Substrate/Glints2/dict_0005_0038.uasset" 9710
"../../../Engine/Content/EngineMaterials/Substrate/Glints2/dict_0005_0047.uasset" 9711
"../../../Engine/Content/EngineMaterials/Substrate/Glints2/dict_0005_0032.uasset" 9712
"../../../Engine/Content/EngineMaterials/Substrate/Glints2/dict_0005_0043.uasset" 9713
"../../../Engine/Content/EngineMaterials/Substrate/Glints2/dict_0005_0048.uasset" 9714
"/Engine/EngineMaterials/Substrate/Glints2/dict_0005_0036" 9715
"../../../Engine/Content/EngineMaterials/Substrate/Glints2/dict_0005_0045.uasset" 9716
"/Engine/EngineMaterials/Substrate/Glints2/dict_0005_0035" 9717
"/Engine/EngineMaterials/Substrate/Glints2/dict_0005_0034" 9718
"/Engine/EngineMaterials/Substrate/Glints2/dict_0005_0044" 9719
"/Engine/EngineMaterials/Substrate/Glints2/dict_0005_0030" 9720
"/Engine/EngineMaterials/Substrate/Glints2/dict_0005_0029" 9721
"/Engine/EngineMaterials/Substrate/Glints2/dict_0005_0028" 9722
"/Engine/EngineMaterials/Substrate/Glints2/dict_0005_0026" 9723
"/Engine/EngineMaterials/Substrate/Glints2/dict_0005_0025" 9724
"/Engine/EngineMaterials/Substrate/Glints2/dict_0005_0024" 9725
"/Engine/EngineMaterials/Substrate/Glints2/dict_0005_0023" 9726
"../../../Engine/Content/EngineMaterials/Substrate/Glints2/dict_0005_0050.uasset" 9727
"../../../Engine/Content/EngineMaterials/Substrate/Glints2/dict_0005_0053.uasset" 9728
"../../../Engine/Content/EngineMaterials/Substrate/Glints2/dict_0005_0041.uasset" 9729
"../../../Engine/Content/EngineMaterials/Substrate/Glints2/dict_0005_0031.uasset" 9730
"/Engine/EngineMaterials/Substrate/Glints2/dict_0005_0022" 9731
"../../../Engine/Content/EngineMaterials/Substrate/Glints2/dict_0005_0051.uasset" 9732
"/Engine/EngineMaterials/Substrate/Glints2/dict_0005_0021" 9733
"../../../Engine/Content/EngineMaterials/Substrate/Glints2/dict_0005_0042.uasset" 9734
"/Engine/EngineMaterials/Substrate/Glints2/dict_0005_0020" 9735
"../../../Engine/Content/EngineMaterials/Substrate/Glints2/dict_0005_0049.uasset" 9736
"/Engine/EngineMaterials/Substrate/Glints2/dict_0005_0040" 9737
"../../../Engine/Content/EngineMaterials/Substrate/Glints2/dict_0005_0046.uasset" 9738
"/Engine/EngineMaterials/Substrate/Glints2/dict_0005_0050" 9739
"../../../Engine/Content/EngineMaterials/Substrate/Glints2/dict_0005_0052.uasset" 9740
"/Engine/EngineMaterials/Substrate/Glints2/dict_0005_0049" 9741
"/Engine/EngineMaterials/Substrate/Glints2/dict_0005_0048" 9742
"../../../Engine/Content/EngineMaterials/Substrate/Glints2/dict_0005_0060.uasset" 9743
"/Engine/EngineMaterials/Substrate/Glints2/dict_0005_0047" 9744
"/Engine/EngineMaterials/Substrate/Glints2/dict_0005_0039" 9745
"/Engine/EngineMaterials/Substrate/Glints2/dict_0005_0038" 9746
"../../../Engine/Content/EngineMaterials/Substrate/Glints2/dict_0005_0066.uasset" 9747
"/Engine/EngineMaterials/Substrate/Glints2/dict_0005_0045" 9748
"/Engine/EngineMaterials/Substrate/Glints2/dict_0005_0053" 9749
"/Engine/EngineMaterials/Substrate/Glints2/dict_0005_0032" 9750
"/Engine/EngineMaterials/Substrate/Glints2/dict_0005_0031" 9751
"/Engine/EngineMaterials/Substrate/Glints2/dict_0005_0043" 9752
"/Engine/EngineMaterials/Substrate/Glints2/dict_0005_0051" 9753
"/Engine/EngineMaterials/Substrate/Glints2/dict_0005_0042" 9754
"/Engine/EngineMaterials/Substrate/Glints2/dict_0005_0041" 9755
"/Engine/EngineMaterials/Substrate/Glints2/dict_0005_0046" 9756
"/Engine/EngineMaterials/Substrate/Glints2/dict_0005_0066" 9757
"/Engine/EngineMaterials/Substrate/Glints2/dict_0005_0052" 9758
"../../../Engine/Content/EngineMaterials/Substrate/Glints2/dict_0005_0057.uasset" 9759
"../../../Engine/Content/EngineMaterials/Substrate/Glints2/dict_0005_0063.uasset" 9760
"../../../Engine/Content/EngineMaterials/Substrate/Glints2/dict_0005_0055.uasset" 9761
"/Engine/EngineMaterials/Substrate/Glints2/dict_0005_0060" 9762
"/Engine/EngineMaterials/Substrate/Glints2/dict_0005_0063" 9763
"../../../Engine/Content/EngineMaterials/Substrate/Glints2/dict_0005_0068.uasset" 9764
"../../../Engine/Content/EngineMaterials/Substrate/Glints2/dict_0005_0054.uasset" 9765
"../../../Engine/Content/EngineMaterials/Substrate/Glints2/dict_0005_0061.uasset" 9766
"../../../Engine/Content/EngineMaterials/Substrate/Glints2/dict_0005_0056.uasset" 9767
"../../../Engine/Content/EngineMaterials/Substrate/Glints2/dict_0005_0064.uasset" 9768
"/Engine/EngineMaterials/Substrate/Glints2/dict_0005_0057" 9769
"../../../Engine/Content/EngineMaterials/Substrate/Glints2/dict_0005_0067.uasset" 9770
"../../../Engine/Content/EngineMaterials/Substrate/Glints2/dict_0005_0058.uasset" 9771
"/Engine/EngineMaterials/Substrate/Glints2/dict_0005_0055" 9772
"/Engine/EngineMaterials/Substrate/Glints2/dict_0005_0068" 9773
"/Engine/EngineMaterials/Substrate/Glints2/dict_0005_0067" 9774
"../../../Engine/Content/EngineMaterials/Substrate/Glints2/dict_0005_0062.uasset" 9775
"../../../Engine/Content/EngineMaterials/Substrate/Glints2/dict_0005_0059.uasset" 9776
"/Engine/EngineMaterials/Substrate/Glints2/dict_0005_0064" 9777
"/Engine/EngineMaterials/Substrate/Glints2/dict_0005_0061" 9778
"../../../Engine/Content/EngineMaterials/Substrate/Glints2/dict_0005_0079.uasset" 9779
"/Engine/EngineMaterials/Substrate/Glints2/dict_0005_0058" 9780
"/Engine/EngineMaterials/Substrate/Glints2/dict_0005_0056" 9781
"../../../Engine/Content/EngineMaterials/Substrate/Glints2/dict_0005_0065.uasset" 9782
"/Engine/EngineMaterials/Substrate/Glints2/dict_0005_0054" 9783
"/Engine/EngineMaterials/Substrate/Glints2/dict_0005_0079" 9784
"/Engine/EngineMaterials/Substrate/Glints2/dict_0005_0065" 9785
"/Engine/EngineMaterials/Substrate/Glints2/dict_0005_0062" 9786
"/Engine/EngineMaterials/Substrate/Glints2/dict_0005_0059" 9787
"../../../Engine/Content/EngineMaterials/Substrate/Glints2/dict_0005_0070.uasset" 9788
"../../../Engine/Content/EngineMaterials/Substrate/Glints2/dict_0005_0069.uasset" 9789
"../../../Engine/Content/EngineMaterials/Substrate/Glints2/dict_0005_0072.uasset" 9790
"../../../Engine/Content/EngineMaterials/Substrate/Glints2/dict_0005_0074.uasset" 9791
"../../../Engine/Content/EngineMaterials/Substrate/Glints2/dict_0005_0089.uasset" 9792
"../../../Engine/Content/EngineMaterials/Substrate/Glints2/dict_0005_0081.uasset" 9793
"../../../Engine/Content/EngineMaterials/Substrate/Glints2/dict_0005_0076.uasset" 9794
"../../../Engine/Content/EngineMaterials/Substrate/Glints2/dict_0005_0082.uasset" 9795
"../../../Engine/Content/EngineMaterials/Substrate/Glints2/dict_0005_0078.uasset" 9796
"../../../Engine/Content/EngineMaterials/Substrate/Glints2/dict_0005_0093.uasset" 9797
"../../../Engine/Content/EngineMaterials/Substrate/Glints2/dict_0005_0085.uasset" 9798
"../../../Engine/Content/EngineMaterials/Substrate/Glints2/dict_0005_0077.uasset" 9799
"../../../Engine/Content/EngineMaterials/Substrate/Glints2/dict_0005_0086.uasset" 9800
"../../../Engine/Content/EngineMaterials/Substrate/Glints2/dict_0005_0075.uasset" 9801
"../../../Engine/Content/EngineMaterials/Substrate/Glints2/dict_0005_0088.uasset" 9802
"../../../Engine/Content/EngineMaterials/Substrate/Glints2/dict_0005_0097.uasset" 9803
"../../../Engine/Content/EngineMaterials/Substrate/Glints2/dict_0005_0091.uasset" 9804
"../../../Engine/Content/EngineMaterials/Substrate/Glints2/dict_0005_0071.uasset" 9805
"../../../Engine/Content/EngineMaterials/Substrate/Glints2/dict_0005_0090.uasset" 9806
"../../../Engine/Content/EngineMaterials/Substrate/Glints2/dict_0005_0073.uasset" 9807
"../../../Engine/Content/EngineMaterials/Substrate/Glints2/dict_0005_0092.uasset" 9808
"/Engine/EngineMaterials/Substrate/Glints2/dict_0005_0082" 9809
"/Engine/EngineMaterials/Substrate/Glints2/dict_0005_0081" 9810
"../../../Engine/Content/EngineMaterials/Substrate/Glints2/dict_0005_0094.uasset" 9811
"../../../Engine/Content/EngineMaterials/Substrate/Glints2/dict_0005_0083.uasset" 9812
"../../../Engine/Content/EngineMaterials/Substrate/Glints2/dict_0005_0096.uasset" 9813
"../../../Engine/Content/EngineMaterials/Substrate/Glints2/dict_0005_0095.uasset" 9814
"/Engine/EngineMaterials/Substrate/Glints2/dict_0005_0078" 9815
"/Engine/EngineMaterials/Substrate/Glints2/dict_0005_0077" 9816
"/Engine/EngineMaterials/Substrate/Glints2/dict_0005_0097" 9817
"/Engine/EngineMaterials/Substrate/Glints2/dict_0005_0076" 9818
"/Engine/EngineMaterials/Substrate/Glints2/dict_0005_0086" 9819
"../../../Engine/Content/EngineMaterials/Substrate/Glints2/dict_0005_0101.uasset" 9820
"/Engine/EngineMaterials/Substrate/Glints2/dict_0005_0075" 9821
"../../../Engine/Content/EngineMaterials/Substrate/Glints2/dict_0005_0084.uasset" 9822
"/Engine/EngineMaterials/Substrate/Glints2/dict_0005_0074" 9823
"../../../Engine/Content/EngineMaterials/Substrate/Glints2/dict_0005_0080.uasset" 9824
"../../../Engine/Content/EngineMaterials/Substrate/Glints2/dict_0005_0087.uasset" 9825
"/Engine/EngineMaterials/Substrate/Glints2/dict_0005_0073" 9826
"/Engine/EngineMaterials/Substrate/Glints2/dict_0005_0072" 9827
"/Engine/EngineMaterials/Substrate/Glints2/dict_0005_0090" 9828
"/Engine/EngineMaterials/Substrate/Glints2/dict_0005_0085" 9829
"/Engine/EngineMaterials/Substrate/Glints2/dict_0005_0071" 9830
"/Engine/EngineMaterials/Substrate/Glints2/dict_0005_0070" 9831
"../../../Engine/Content/EngineMaterials/Substrate/Glints2/dict_0005_0100.uasset" 9832
"../../../Engine/Content/EngineMaterials/Substrate/Glints2/dict_0005_0099.uasset" 9833
"../../../Engine/Content/EngineMaterials/Substrate/Glints2/dict_0005_0098.uasset" 9834
"/Engine/EngineMaterials/Substrate/Glints2/dict_0005_0093" 9835
"/Engine/EngineMaterials/Substrate/Glints2/dict_0005_0089" 9836
"/Engine/EngineMaterials/Substrate/Glints2/dict_0005_0092" 9837
"/Engine/EngineMaterials/Substrate/Glints2/dict_0005_0069" 9838
"/Engine/EngineMaterials/Substrate/Glints2/dict_0005_0088" 9839
"/Engine/EngineMaterials/Substrate/Glints2/dict_0005_0091" 9840
"/Engine/EngineMaterials/Substrate/Glints2/dict_0005_0083" 9841
"/Engine/EngineMaterials/Substrate/Glints2/dict_0005_0080" 9842
"/Engine/EngineMaterials/Substrate/Glints2/dict_0005_0101" 9843
"/Engine/EngineMaterials/Substrate/Glints2/dict_0005_0087" 9844
"/Engine/EngineMaterials/Substrate/Glints2/dict_0005_0096" 9845
"/Engine/EngineMaterials/Substrate/Glints2/dict_0005_0100" 9846
"/Engine/EngineMaterials/Substrate/Glints2/dict_0005_0095" 9847
"/Engine/EngineMaterials/Substrate/Glints2/dict_0005_0099" 9848
"/Engine/EngineMaterials/Substrate/Glints2/dict_0005_0094" 9849
"/Engine/EngineMaterials/Substrate/Glints2/dict_0005_0084" 9850
"/Engine/EngineMaterials/Substrate/Glints2/dict_0005_0098" 9851
"../../../Engine/Content/EngineMaterials/Substrate/Glints2/dict_0005_0108.uasset" 9852
"../../../Engine/Content/EngineMaterials/Substrate/Glints2/dict_0005_0119.uasset" 9853
"../../../Engine/Content/EngineMaterials/Substrate/Glints2/dict_0005_0109.uasset" 9854
"../../../Engine/Content/EngineMaterials/Substrate/Glints2/dict_0005_0103.uasset" 9855
"../../../Engine/Content/EngineMaterials/Substrate/Glints2/dict_0005_0104.uasset" 9856
"../../../Engine/Content/EngineMaterials/Substrate/Glints2/dict_0005_0105.uasset" 9857
"../../../Engine/Content/EngineMaterials/Substrate/Glints2/dict_0005_0107.uasset" 9858
"../../../Engine/Content/EngineMaterials/Substrate/Glints2/dict_0005_0116.uasset" 9859
"../../../Engine/Content/EngineMaterials/Substrate/Glints2/dict_0005_0102.uasset" 9860
"../../../Engine/Content/EngineMaterials/Substrate/Glints2/dict_0005_0117.uasset" 9861
"../../../Engine/Content/EngineMaterials/Substrate/Glints2/dict_0005_0115.uasset" 9862
"../../../Engine/Content/EngineMaterials/Substrate/Glints2/dict_0005_0110.uasset" 9863
"../../../Engine/Content/EngineMaterials/Substrate/Glints2/dict_0005_0121.uasset" 9864
"../../../Engine/Content/EngineMaterials/Substrate/Glints2/dict_0005_0113.uasset" 9865
"../../../Engine/Content/EngineMaterials/Substrate/Glints2/dict_0005_0131.uasset" 9866
"../../../Engine/Content/EngineMaterials/Substrate/Glints2/dict_0005_0114.uasset" 9867
"../../../Engine/Content/EngineMaterials/Substrate/Glints2/dict_0005_0122.uasset" 9868
"../../../Engine/Content/EngineMaterials/Substrate/Glints2/dict_0005_0111.uasset" 9869
"../../../Engine/Content/EngineMaterials/Substrate/Glints2/dict_0005_0106.uasset" 9870
"/Engine/EngineMaterials/Substrate/Glints2/dict_0005_0122" 9871
"../../../Engine/Content/EngineMaterials/Substrate/Glints2/dict_0005_0112.uasset" 9872
"/Engine/EngineMaterials/Substrate/Glints2/dict_0005_0121" 9873
"/Engine/EngineMaterials/Substrate/Glints2/dict_0005_0131" 9874
"/Engine/EngineMaterials/Substrate/Glints2/dict_0005_0119" 9875
"/Engine/EngineMaterials/Substrate/Glints2/dict_0005_0117" 9876
"../../../Engine/Content/EngineMaterials/Substrate/Glints2/dict_0005_0118.uasset" 9877
"/Engine/EngineMaterials/Substrate/Glints2/dict_0005_0116" 9878
"../../../Engine/Content/EngineMaterials/Substrate/Glints2/dict_0005_0123.uasset" 9879
"../../../Engine/Content/EngineMaterials/Substrate/Glints2/dict_0005_0120.uasset" 9880
"../../../Engine/Content/EngineMaterials/Substrate/Glints2/dict_0005_0127.uasset" 9881
"/Engine/EngineMaterials/Substrate/Glints2/dict_0005_0115" 9882
"../../../Engine/Content/EngineMaterials/Substrate/Glints2/dict_0005_0129.uasset" 9883
"/Engine/EngineMaterials/Substrate/Glints2/dict_0005_0114" 9884
"../../../Engine/Content/EngineMaterials/Substrate/Glints2/dict_0005_0124.uasset" 9885
"/Engine/EngineMaterials/Substrate/Glints2/dict_0005_0113" 9886
"../../../Engine/Content/EngineMaterials/Substrate/Glints2/dict_0005_0125.uasset" 9887
"/Engine/EngineMaterials/Substrate/Glints2/dict_0005_0111" 9888
"/Engine/EngineMaterials/Substrate/Glints2/dict_0005_0110" 9889
"/Engine/EngineMaterials/Substrate/Glints2/dict_0005_0109" 9890
"/Engine/EngineMaterials/Substrate/Glints2/dict_0005_0108" 9891
"/Engine/EngineMaterials/Substrate/Glints2/dict_0005_0107" 9892
"/Engine/EngineMaterials/Substrate/Glints2/dict_0005_0106" 9893
"../../../Engine/Content/EngineMaterials/Substrate/Glints2/dict_0005_0130.uasset" 9894
"/Engine/EngineMaterials/Substrate/Glints2/dict_0005_0105" 9895
"../../../Engine/Content/EngineMaterials/Substrate/Glints2/dict_0005_0126.uasset" 9896
"/Engine/EngineMaterials/Substrate/Glints2/dict_0005_0104" 9897
"/Engine/EngineMaterials/Substrate/Glints2/dict_0005_0103" 9898
"/Engine/EngineMaterials/Substrate/Glints2/dict_0005_0102" 9899
"/Engine/EngineMaterials/Substrate/Glints2/dict_0005_0120" 9900
"/Engine/EngineMaterials/Substrate/Glints2/dict_0005_0130" 9901
"/Engine/EngineMaterials/Substrate/Glints2/dict_0005_0118" 9902
"/Engine/EngineMaterials/Substrate/Glints2/dict_0005_0129" 9903
"../../../Engine/Content/EngineMaterials/Substrate/Glints2/dict_0005_0133.uasset" 9904
"../../../Engine/Content/EngineMaterials/Substrate/Glints2/dict_0005_0128.uasset" 9905
"../../../Engine/Content/EngineMaterials/Substrate/Glints2/dict_0005_0132.uasset" 9906
"/Engine/EngineMaterials/Substrate/Glints2/dict_0005_0127" 9907
"/Engine/EngineMaterials/Substrate/Glints2/dict_0005_0112" 9908
"/Engine/EngineMaterials/Substrate/Glints2/dict_0005_0126" 9909
"/Engine/EngineMaterials/Substrate/Glints2/dict_0005_0125" 9910
"/Engine/EngineMaterials/Substrate/Glints2/dict_0005_0124" 9911
"/Engine/EngineMaterials/Substrate/Glints2/dict_0005_0123" 9912
"/Engine/EngineMaterials/Substrate/Glints2/dict_0005_0133" 9913
"/Engine/EngineMaterials/Substrate/Glints2/dict_0005_0132" 9914
"/Engine/EngineMaterials/Substrate/Glints2/dict_0005_0128" 9915
"../../../Engine/Content/EngineMaterials/Substrate/Glints2/dict_0005_0137.uasset" 9916
"../../../Engine/Content/EngineMaterials/Substrate/Glints2/dict_0005_0148.uasset" 9917
"../../../Engine/Content/EngineMaterials/Substrate/Glints2/dict_0005_0136.uasset" 9918
"../../../Engine/Content/EngineMaterials/Substrate/Glints2/dict_0005_0143.uasset" 9919
"../../../Engine/Content/EngineMaterials/Substrate/Glints2/dict_0005_0134.uasset" 9920
"../../../Engine/Content/EngineMaterials/Substrate/Glints2/dict_0005_0144.uasset" 9921
"../../../Engine/Content/EngineMaterials/Substrate/Glints2/dict_0005_0139.uasset" 9922
"../../../Engine/Content/EngineMaterials/Substrate/Glints2/dict_0005_0141.uasset" 9923
"../../../Engine/Content/EngineMaterials/Substrate/Glints2/dict_0005_0151.uasset" 9924
"../../../Engine/Content/EngineMaterials/Substrate/Glints2/dict_0005_0146.uasset" 9925
"../../../Engine/Content/EngineMaterials/Substrate/Glints2/dict_0005_0147.uasset" 9926
"../../../Engine/Content/EngineMaterials/Substrate/Glints2/dict_0005_0153.uasset" 9927
"../../../Engine/Content/EngineMaterials/Substrate/Glints2/dict_0005_0152.uasset" 9928
"../../../Engine/Content/EngineMaterials/Substrate/Glints2/dict_0005_0138.uasset" 9929
"../../../Engine/Content/EngineMaterials/Substrate/Glints2/dict_0005_0145.uasset" 9930
"../../../Engine/Content/EngineMaterials/Substrate/Glints2/dict_0005_0142.uasset" 9931
"../../../Engine/Content/EngineMaterials/Substrate/Glints2/dict_0005_0149.uasset" 9932
"../../../Engine/Content/EngineMaterials/Substrate/Glints2/dict_0005_0140.uasset" 9933
"../../../Engine/Content/EngineMaterials/Substrate/Glints2/dict_0005_0158.uasset" 9934
"../../../Engine/Content/EngineMaterials/Substrate/Glints2/dict_0005_0156.uasset" 9935
"../../../Engine/Content/EngineMaterials/Substrate/Glints2/dict_0005_0157.uasset" 9936
"/Engine/EngineMaterials/Substrate/Glints2/dict_0005_0152" 9937
"../../../Engine/Content/EngineMaterials/Substrate/Glints2/dict_0005_0150.uasset" 9938
"../../../Engine/Content/EngineMaterials/Substrate/Glints2/dict_0005_0135.uasset" 9939
"../../../Engine/Content/EngineMaterials/Substrate/Glints2/dict_0005_0162.uasset" 9940
"../../../Engine/Content/EngineMaterials/Substrate/Glints2/dict_0005_0154.uasset" 9941
"/Engine/EngineMaterials/Substrate/Glints2/dict_0005_0151" 9942
"/Engine/EngineMaterials/Substrate/Glints2/dict_0005_0149" 9943
"/Engine/EngineMaterials/Substrate/Glints2/dict_0005_0148" 9944
"/Engine/EngineMaterials/Substrate/Glints2/dict_0005_0147" 9945
"../../../Engine/Content/EngineMaterials/Substrate/Glints2/dict_0005_0160.uasset" 9946
"../../../Engine/Content/EngineMaterials/Substrate/Glints2/dict_0005_0155.uasset" 9947
"../../../Engine/Content/EngineMaterials/Substrate/Glints2/dict_0005_0159.uasset" 9948
"../../../Engine/Content/EngineMaterials/Substrate/Glints2/dict_0005_0163.uasset" 9949
"../../../Engine/Content/EngineMaterials/Substrate/Glints2/dict_0005_0161.uasset" 9950
"/Engine/EngineMaterials/Substrate/Glints2/dict_0005_0146" 9951
"/Engine/EngineMaterials/Substrate/Glints2/dict_0005_0158" 9952
"/Engine/EngineMaterials/Substrate/Glints2/dict_0005_0145" 9953
"/Engine/EngineMaterials/Substrate/Glints2/dict_0005_0144" 9954
"/Engine/EngineMaterials/Substrate/Glints2/dict_0005_0157" 9955
"/Engine/EngineMaterials/Substrate/Glints2/dict_0005_0143" 9956
"/Engine/EngineMaterials/Substrate/Glints2/dict_0005_0142" 9957
"/Engine/EngineMaterials/Substrate/Glints2/dict_0005_0156" 9958
"/Engine/EngineMaterials/Substrate/Glints2/dict_0005_0141" 9959
"/Engine/EngineMaterials/Substrate/Glints2/dict_0005_0140" 9960
"/Engine/EngineMaterials/Substrate/Glints2/dict_0005_0153" 9961
"/Engine/EngineMaterials/Substrate/Glints2/dict_0005_0139" 9962
"../../../Engine/Content/EngineMaterials/Substrate/Glints2/dict_0005_0164.uasset" 9963
"../../../Engine/Content/EngineMaterials/Substrate/Glints2/dict_0005_0165.uasset" 9964
"/Engine/EngineMaterials/Substrate/Glints2/dict_0005_0138" 9965
"/Engine/EngineMaterials/Substrate/Glints2/dict_0005_0137" 9966
"/Engine/EngineMaterials/Substrate/Glints2/dict_0005_0136" 9967
"/Engine/EngineMaterials/Substrate/Glints2/dict_0005_0134" 9968
"/Engine/EngineMaterials/Substrate/Glints2/dict_0005_0165" 9969
"/Engine/EngineMaterials/Substrate/Glints2/dict_0005_0164" 9970
"/Engine/EngineMaterials/Substrate/Glints2/dict_0005_0150" 9971
"/Engine/EngineMaterials/Substrate/Glints2/dict_0005_0162" 9972
"/Engine/EngineMaterials/Substrate/Glints2/dict_0005_0161" 9973
"/Engine/EngineMaterials/Substrate/Glints2/dict_0005_0160" 9974
"/Engine/EngineMaterials/Substrate/Glints2/dict_0005_0159" 9975
"/Engine/EngineMaterials/Substrate/Glints2/dict_0005_0163" 9976
"/Engine/EngineMaterials/Substrate/Glints2/dict_0005_0155" 9977
"/Engine/EngineMaterials/Substrate/Glints2/dict_0005_0154" 9978
"/Engine/EngineMaterials/Substrate/Glints2/dict_0005_0135" 9979
"../../../Engine/Content/EngineMaterials/Substrate/Glints2/dict_0005_0176.uasset" 9980
"../../../Engine/Content/EngineMaterials/Substrate/Glints2/dict_0005_0166.uasset" 9981
"../../../Engine/Content/EngineMaterials/Substrate/Glints2/dict_0005_0170.uasset" 9982
"../../../Engine/Content/EngineMaterials/Substrate/Glints2/dict_0005_0177.uasset" 9983
"../../../Engine/Content/EngineMaterials/Substrate/Glints2/dict_0005_0169.uasset" 9984
"../../../Engine/Content/EngineMaterials/Substrate/Glints2/dict_0005_0182.uasset" 9985
"../../../Engine/Content/EngineMaterials/Substrate/Glints2/dict_0005_0172.uasset" 9986
"../../../Engine/Content/EngineMaterials/Substrate/Glints2/dict_0005_0175.uasset" 9987
"../../../Engine/Content/EngineMaterials/Substrate/Glints2/dict_0005_0167.uasset" 9988
"../../../Engine/Content/EngineMaterials/Substrate/Glints2/dict_0005_0179.uasset" 9989
"../../../Engine/Content/EngineMaterials/Substrate/Glints2/dict_0005_0168.uasset" 9990
"../../../Engine/Content/EngineMaterials/Substrate/Glints2/dict_0005_0180.uasset" 9991
"../../../Engine/Content/EngineMaterials/Substrate/Glints2/dict_0005_0181.uasset" 9992
"../../../Engine/Content/EngineMaterials/Substrate/Glints2/dict_0005_0185.uasset" 9993
"../../../Engine/Content/EngineMaterials/Substrate/Glints2/dict_0005_0173.uasset" 9994
"../../../Engine/Content/EngineMaterials/Substrate/Glints2/dict_0005_0183.uasset" 9995
"../../../Engine/Content/EngineMaterials/Substrate/Glints2/dict_0005_0194.uasset" 9996
"../../../Engine/Content/EngineMaterials/Substrate/Glints2/dict_0005_0191.uasset" 9997
"../../../Engine/Content/EngineMaterials/Substrate/Glints2/dict_0005_0188.uasset" 9998
"../../../Engine/Content/EngineMaterials/Substrate/Glints2/dict_0005_0174.uasset" 9999
"../../../Engine/Content/EngineMaterials/Substrate/Glints2/dict_0005_0192.uasset" 10000
"../../../Engine/Content/EngineMaterials/Substrate/Glints2/dict_0005_0178.uasset" 10001
"/Engine/EngineMaterials/Substrate/Glints2/dict_0005_0185" 10002
"../../../Engine/Content/EngineMaterials/Substrate/Glints2/dict_0005_0187.uasset" 10003
"/Engine/EngineMaterials/Substrate/Glints2/dict_0005_0194" 10004
"../../../Engine/Content/EngineMaterials/Substrate/Glints2/dict_0005_0190.uasset" 10005
"/Engine/EngineMaterials/Substrate/Glints2/dict_0005_0191" 10006
"/Engine/EngineMaterials/Substrate/Glints2/dict_0005_0183" 10007
"/Engine/EngineMaterials/Substrate/Glints2/dict_0005_0182" 10008
"/Engine/EngineMaterials/Substrate/Glints2/dict_0005_0181" 10009
"/Engine/EngineMaterials/Substrate/Glints2/dict_0005_0180" 10010
"/Engine/EngineMaterials/Substrate/Glints2/dict_0005_0179" 10011
"../../../Engine/Content/EngineMaterials/Substrate/Glints2/dict_0005_0186.uasset" 10012
"../../../Engine/Content/EngineMaterials/Substrate/Glints2/dict_0005_0189.uasset" 10013
"../../../Engine/Content/EngineMaterials/Substrate/Glints2/dict_0005_0171.uasset" 10014
"/Engine/EngineMaterials/Substrate/Glints2/dict_0005_0177" 10015
"../../../Engine/Content/EngineMaterials/Substrate/Glints2/dict_0005_0196.uasset" 10016
"/Engine/EngineMaterials/Substrate/Glints2/dict_0005_0176" 10017
"../../../Engine/Content/EngineMaterials/Substrate/Glints2/dict_0005_0197.uasset" 10018
"../../../Engine/Content/EngineMaterials/Substrate/Glints2/dict_0005_0195.uasset" 10019
"../../../Engine/Content/EngineMaterials/Substrate/Glints2/dict_0005_0193.uasset" 10020
"../../../Engine/Content/EngineMaterials/Substrate/Glints2/dict_0005_0184.uasset" 10021
"/Engine/EngineMaterials/Substrate/Glints2/dict_0005_0175" 10022
"/Engine/EngineMaterials/Substrate/Glints2/dict_0005_0174" 10023
"/Engine/EngineMaterials/Substrate/Glints2/dict_0005_0173" 10024
"/Engine/EngineMaterials/Substrate/Glints2/dict_0005_0172" 10025
"/Engine/EngineMaterials/Substrate/Glints2/dict_0005_0188" 10026
"/Engine/EngineMaterials/Substrate/Glints2/dict_0005_0170" 10027
"/Engine/EngineMaterials/Substrate/Glints2/dict_0005_0169" 10028
"/Engine/EngineMaterials/Substrate/Glints2/dict_0005_0168" 10029
"/Engine/EngineMaterials/Substrate/Glints2/dict_0005_0167" 10030
"/Engine/EngineMaterials/Substrate/Glints2/dict_0005_0166" 10031
"/Engine/EngineMaterials/Substrate/Glints2/dict_0005_0197" 10032
"/Engine/EngineMaterials/Substrate/Glints2/dict_0005_0186" 10033
"/Engine/EngineMaterials/Substrate/Glints2/dict_0005_0196" 10034
"/Engine/EngineMaterials/Substrate/Glints2/dict_0005_0195" 10035
"/Engine/EngineMaterials/Substrate/Glints2/dict_0005_0184" 10036
"/Engine/EngineMaterials/Substrate/Glints2/dict_0005_0193" 10037
"/Engine/EngineMaterials/Substrate/Glints2/dict_0005_0192" 10038
"/Engine/EngineMaterials/Substrate/Glints2/dict_0005_0190" 10039
"../../../Engine/Content/EngineMaterials/Substrate/Glints2/dict_0005_0204.uasset" 10040
"/Engine/EngineMaterials/Substrate/Glints2/dict_0005_0178" 10041
"/Engine/EngineMaterials/Substrate/Glints2/dict_0005_0189" 10042
"../../../Engine/Content/EngineMaterials/Substrate/Glints2/dict_0005_0214.uasset" 10043
"../../../Engine/Content/EngineMaterials/Substrate/Glints2/dict_0005_0210.uasset" 10044
"../../../Engine/Content/EngineMaterials/Substrate/Glints2/dict_0005_0211.uasset" 10045
"../../../Engine/Content/EngineMaterials/Substrate/Glints2/dict_0005_0208.uasset" 10046
"/Engine/EngineMaterials/Substrate/Glints2/dict_0005_0171" 10047
"../../../Engine/Content/EngineMaterials/Substrate/Glints2/dict_0005_0207.uasset" 10048
"../../../Engine/Content/EngineMaterials/Substrate/Glints2/dict_0005_0202.uasset" 10049
"../../../Engine/Content/EngineMaterials/Substrate/Glints2/dict_0005_0199.uasset" 10050
"../../../Engine/Content/EngineMaterials/Substrate/Glints2/dict_0005_0200.uasset" 10051
"../../../Engine/Content/EngineMaterials/Substrate/Glints2/dict_0005_0215.uasset" 10052
"../../../Engine/Content/EngineMaterials/Substrate/Glints2/dict_0005_0205.uasset" 10053
"/Engine/EngineMaterials/Substrate/Glints2/dict_0005_0187" 10054
"/Engine/EngineMaterials/Substrate/Glints2/dict_0005_0215" 10055
"../../../Engine/Content/EngineMaterials/Substrate/Glints2/dict_0005_0206.uasset" 10056
"/Engine/EngineMaterials/Substrate/Glints2/dict_0005_0214" 10057
"/Engine/EngineMaterials/Substrate/Glints2/dict_0005_0211" 10058
"/Engine/EngineMaterials/Substrate/Glints2/dict_0005_0210" 10059
"../../../Engine/Content/EngineMaterials/Substrate/Glints2/dict_0005_0198.uasset" 10060
"/Engine/EngineMaterials/Substrate/Glints2/dict_0005_0208" 10061
"../../../Engine/Content/EngineMaterials/Substrate/Glints2/dict_0005_0201.uasset" 10062
"/Engine/EngineMaterials/Substrate/Glints2/dict_0005_0207" 10063
"../../../Engine/Content/EngineMaterials/Substrate/Glints2/dict_0005_0226.uasset" 10064
"/Engine/EngineMaterials/Substrate/Glints2/dict_0005_0205" 10065
"../../../Engine/Content/EngineMaterials/Substrate/Glints2/dict_0005_0209.uasset" 10066
"../../../Engine/Content/EngineMaterials/Substrate/Glints2/dict_0005_0212.uasset" 10067
"/Engine/EngineMaterials/Substrate/Glints2/dict_0005_0204" 10068
"/Engine/EngineMaterials/Substrate/Glints2/dict_0005_0202" 10069
"../../../Engine/Content/EngineMaterials/Substrate/Glints2/dict_0005_0227.uasset" 10070
"/Engine/EngineMaterials/Substrate/Glints2/dict_0005_0200" 10071
"/Engine/EngineMaterials/Substrate/Glints2/dict_0005_0199" 10072
"../../../Engine/Content/EngineMaterials/Substrate/Glints2/dict_0005_0213.uasset" 10073
"../../../Engine/Content/EngineMaterials/Substrate/Glints2/dict_0005_0203.uasset" 10074
"/Engine/EngineMaterials/Substrate/Glints2/dict_0005_0227" 10075
"/Engine/EngineMaterials/Substrate/Glints2/dict_0005_0226" 10076
"/Engine/EngineMaterials/Substrate/Glints2/dict_0005_0213" 10077
"/Engine/EngineMaterials/Substrate/Glints2/dict_0005_0212" 10078
"/Engine/EngineMaterials/Substrate/Glints2/dict_0005_0209" 10079
"/Engine/EngineMaterials/Substrate/Glints2/dict_0005_0206" 10080
"/Engine/EngineMaterials/Substrate/Glints2/dict_0005_0203" 10081
"../../../Engine/Content/EngineMaterials/Substrate/Glints2/dict_0005_0217.uasset" 10082
"/Engine/EngineMaterials/Substrate/Glints2/dict_0005_0201" 10083
"/Engine/EngineMaterials/Substrate/Glints2/dict_0005_0198" 10084
"../../../Engine/Content/EngineMaterials/Substrate/Glints2/dict_0005_0224.uasset" 10085
"/Engine/EngineMaterials/Substrate/Glints2/dict_0005_0217" 10086
"../../../Engine/Content/EngineMaterials/Substrate/Glints2/dict_0005_0218.uasset" 10087
"../../../Engine/Content/EngineMaterials/Substrate/Glints2/dict_0005_0219.uasset" 10088
"../../../Engine/Content/EngineMaterials/Substrate/Glints2/dict_0005_0222.uasset" 10089
"/Engine/EngineMaterials/Substrate/Glints2/dict_0005_0224" 10090
"../../../Engine/Content/EngineMaterials/Substrate/Glints2/dict_0005_0221.uasset" 10091
"/Engine/EngineMaterials/Substrate/Glints2/dict_0005_0222" 10092
"/Engine/EngineMaterials/Substrate/Glints2/dict_0005_0219" 10093
"/Engine/EngineMaterials/Substrate/Glints2/dict_0005_0218" 10094
"../../../Engine/Content/EngineMaterials/Substrate/Glints2/dict_0005_0240.uasset" 10095
"/Engine/EngineMaterials/Substrate/Glints2/dict_0005_0240" 10096
"../../../Engine/Content/EngineMaterials/Substrate/Glints2/dict_0005_0228.uasset" 10097
"/Engine/EngineMaterials/Substrate/Glints2/dict_0005_0221" 10098
"../../../Engine/Content/EngineMaterials/Substrate/Glints2/dict_0005_0216.uasset" 10099
"/Engine/EngineMaterials/Substrate/Glints2/dict_0005_0228" 10100
"/Engine/EngineMaterials/Substrate/Glints2/dict_0005_0216" 10101
"../../../Engine/Content/EngineMaterials/Substrate/Glints2/dict_0005_0225.uasset" 10102
"../../../Engine/Content/EngineMaterials/Substrate/Glints2/dict_0005_0220.uasset" 10103
"../../../Engine/Content/EngineMaterials/Substrate/Glints2/dict_0005_0229.uasset" 10104
"../../../Engine/Content/EngineMaterials/Substrate/Glints2/dict_0005_0230.uasset" 10105
"../../../Engine/Content/EngineMaterials/Substrate/Glints2/dict_0005_0223.uasset" 10106
"../../../Engine/Content/EngineMaterials/Substrate/Glints2/dict_0005_0236.uasset" 10107
"../../../Engine/Content/EngineMaterials/Substrate/Glints2/dict_0005_0241.uasset" 10108
"../../../Engine/Content/EngineMaterials/Substrate/Glints2/dict_0005_0234.uasset" 10109
"../../../Engine/Content/EngineMaterials/Substrate/Glints2/dict_0005_0235.uasset" 10110
"../../../Engine/Content/EngineMaterials/Substrate/Glints2/dict_0005_0242.uasset" 10111
"../../../Engine/Content/EngineMaterials/Substrate/Glints2/dict_0005_0243.uasset" 10112
"../../../Engine/Content/EngineMaterials/Substrate/Glints2/dict_0005_0244.uasset" 10113
"../../../Engine/Content/EngineMaterials/Substrate/Glints2/dict_0005_0245.uasset" 10114
"../../../Engine/Content/EngineMaterials/Substrate/Glints2/dict_0005_0231.uasset" 10115
"../../../Engine/Content/EngineMaterials/Substrate/Glints2/dict_0005_0248.uasset" 10116
"../../../Engine/Content/EngineMaterials/Substrate/Glints2/dict_0005_0247.uasset" 10117
"../../../Engine/Content/EngineMaterials/Substrate/Glints2/dict_0005_0238.uasset" 10118
"../../../Engine/Content/EngineMaterials/Substrate/Glints2/dict_0005_0239.uasset" 10119
"/Engine/EngineMaterials/Substrate/Glints2/dict_0005_0229" 10120
"/Engine/EngineMaterials/Substrate/Glints2/dict_0005_0248" 10121
"../../../Engine/Content/EngineMaterials/Substrate/Glints2/dict_0005_0233.uasset" 10122
"/Engine/EngineMaterials/Substrate/Glints2/dict_0005_0225" 10123
"../../../Engine/Content/EngineMaterials/Substrate/Glints2/dict_0005_0252.uasset" 10124
"/Engine/EngineMaterials/Substrate/Glints2/dict_0005_0223" 10125
"../../../Engine/Content/EngineMaterials/Substrate/Glints2/dict_0005_0255.uasset" 10126
"../../../Engine/Content/EngineMaterials/Substrate/Glints2/dict_0005_0254.uasset" 10127
"../../../Engine/Content/EngineMaterials/Substrate/Glints2/dict_0005_0250.uasset" 10128
"/Engine/EngineMaterials/Substrate/Glints2/dict_0005_0239" 10129
"../../../Engine/Content/EngineMaterials/Substrate/Glints2/dict_0006_0000.uasset" 10130
"/Engine/EngineMaterials/Substrate/Glints2/dict_0005_0247" 10131
"../../../Engine/Content/EngineMaterials/Substrate/Glints2/dict_0005_0237.uasset" 10132
"/Engine/EngineMaterials/Substrate/Glints2/dict_0005_0238" 10133
"/Engine/EngineMaterials/Substrate/Glints2/dict_0005_0245" 10134
"../../../Engine/Content/EngineMaterials/Substrate/Glints2/dict_0005_0251.uasset" 10135
"/Engine/EngineMaterials/Substrate/Glints2/dict_0005_0236" 10136
"../../../Engine/Content/EngineMaterials/Substrate/Glints2/dict_0005_0253.uasset" 10137
"/Engine/EngineMaterials/Substrate/Glints2/dict_0005_0235" 10138
"/Engine/EngineMaterials/Substrate/Glints2/dict_0005_0244" 10139
"/Engine/EngineMaterials/Substrate/Glints2/dict_0005_0220" 10140
"/Engine/EngineMaterials/Substrate/Glints2/dict_0005_0234" 10141
"../../../Engine/Content/EngineMaterials/Substrate/Glints2/dict_0005_0232.uasset" 10142
"../../../Engine/Content/EngineMaterials/Substrate/Glints2/dict_0005_0246.uasset" 10143
"/Engine/EngineMaterials/Substrate/Glints2/dict_0005_0243" 10144
"/Engine/EngineMaterials/Substrate/Glints2/dict_0005_0242" 10145
"../../../Engine/Content/EngineMaterials/Substrate/Glints2/dict_0006_0002.uasset" 10146
"/Engine/EngineMaterials/Substrate/Glints2/dict_0005_0231" 10147
"../../../Engine/Content/EngineMaterials/Substrate/Glints2/dict_0005_0249.uasset" 10148
"/Engine/EngineMaterials/Substrate/Glints2/dict_0005_0230" 10149
"/Engine/EngineMaterials/Substrate/Glints2/dict_0005_0241" 10150
"/Engine/EngineMaterials/Substrate/Glints2/dict_0006_0002" 10151
"/Engine/EngineMaterials/Substrate/Glints2/dict_0005_0251" 10152
"/Engine/EngineMaterials/Substrate/Glints2/dict_0005_0249" 10153
"/Engine/EngineMaterials/Substrate/Glints2/dict_0005_0250" 10154
"/Engine/EngineMaterials/Substrate/Glints2/dict_0006_0000" 10155
"../../../Engine/Content/EngineMaterials/Substrate/Glints2/dict_0006_0001.uasset" 10156
"/Engine/EngineMaterials/Substrate/Glints2/dict_0005_0254" 10157
"/Engine/EngineMaterials/Substrate/Glints2/dict_0005_0246" 10158
"/Engine/EngineMaterials/Substrate/Glints2/dict_0005_0237" 10159
"/Engine/EngineMaterials/Substrate/Glints2/dict_0005_0255" 10160
"/Engine/EngineMaterials/Substrate/Glints2/dict_0005_0233" 10161
"/Engine/EngineMaterials/Substrate/Glints2/dict_0005_0253" 10162
"/Engine/EngineMaterials/Substrate/Glints2/dict_0005_0232" 10163
"/Engine/EngineMaterials/Substrate/Glints2/dict_0005_0252" 10164
"/Engine/EngineMaterials/Substrate/Glints2/dict_0006_0001" 10165
"../../../Engine/Content/EngineMaterials/Substrate/Glints2/dict_0006_0007.uasset" 10166
"../../../Engine/Content/EngineMaterials/Substrate/Glints2/dict_0006_0004.uasset" 10167
"../../../Engine/Content/EngineMaterials/Substrate/Glints2/dict_0006_0009.uasset" 10168
"../../../Engine/Content/EngineMaterials/Substrate/Glints2/dict_0006_0008.uasset" 10169
"../../../Engine/Content/EngineMaterials/Substrate/Glints2/dict_0006_0012.uasset" 10170
"../../../Engine/Content/EngineMaterials/Substrate/Glints2/dict_0006_0010.uasset" 10171
"../../../Engine/Content/EngineMaterials/Substrate/Glints2/dict_0006_0014.uasset" 10172
"../../../Engine/Content/EngineMaterials/Substrate/Glints2/dict_0006_0015.uasset" 10173
"../../../Engine/Content/EngineMaterials/Substrate/Glints2/dict_0006_0006.uasset" 10174
"../../../Engine/Content/EngineMaterials/Substrate/Glints2/dict_0006_0016.uasset" 10175
"../../../Engine/Content/EngineMaterials/Substrate/Glints2/dict_0006_0017.uasset" 10176
"../../../Engine/Content/EngineMaterials/Substrate/Glints2/dict_0006_0013.uasset" 10177
"../../../Engine/Content/EngineMaterials/Substrate/Glints2/dict_0006_0011.uasset" 10178
"../../../Engine/Content/EngineMaterials/Substrate/Glints2/dict_0006_0003.uasset" 10179
"../../../Engine/Content/EngineMaterials/Substrate/Glints2/dict_0006_0005.uasset" 10180
"../../../Engine/Content/EngineMaterials/Substrate/Glints2/dict_0006_0028.uasset" 10181
"../../../Engine/Content/EngineMaterials/Substrate/Glints2/dict_0006_0026.uasset" 10182
"../../../Engine/Content/EngineMaterials/Substrate/Glints2/dict_0006_0030.uasset" 10183
"../../../Engine/Content/EngineMaterials/Substrate/Glints2/dict_0006_0022.uasset" 10184
"../../../Engine/Content/EngineMaterials/Substrate/Glints2/dict_0006_0021.uasset" 10185
"../../../Engine/Content/EngineMaterials/Substrate/Glints2/dict_0006_0027.uasset" 10186
"../../../Engine/Content/EngineMaterials/Substrate/Glints2/dict_0006_0018.uasset" 10187
"/Engine/EngineMaterials/Substrate/Glints2/dict_0006_0018" 10188
"/Engine/EngineMaterials/Substrate/Glints2/dict_0006_0030" 10189
"../../../Engine/Content/EngineMaterials/Substrate/Glints2/dict_0006_0019.uasset" 10190
"../../../Engine/Content/EngineMaterials/Substrate/Glints2/dict_0006_0025.uasset" 10191
"../../../Engine/Content/EngineMaterials/Substrate/Glints2/dict_0006_0031.uasset" 10192
"/Engine/EngineMaterials/Substrate/Glints2/dict_0006_0017" 10193
"../../../Engine/Content/EngineMaterials/Substrate/Glints2/dict_0006_0020.uasset" 10194
"/Engine/EngineMaterials/Substrate/Glints2/dict_0006_0016" 10195
"/Engine/EngineMaterials/Substrate/Glints2/dict_0006_0015" 10196
"/Engine/EngineMaterials/Substrate/Glints2/dict_0006_0028" 10197
"/Engine/EngineMaterials/Substrate/Glints2/dict_0006_0027" 10198
"/Engine/EngineMaterials/Substrate/Glints2/dict_0006_0014" 10199
"/Engine/EngineMaterials/Substrate/Glints2/dict_0006_0026" 10200
"/Engine/EngineMaterials/Substrate/Glints2/dict_0006_0013" 10201
"/Engine/EngineMaterials/Substrate/Glints2/dict_0006_0012" 10202
"../../../Engine/Content/EngineMaterials/Substrate/Glints2/dict_0006_0024.uasset" 10203
"../../../Engine/Content/EngineMaterials/Substrate/Glints2/dict_0006_0033.uasset" 10204
"../../../Engine/Content/EngineMaterials/Substrate/Glints2/dict_0006_0023.uasset" 10205
"/Engine/EngineMaterials/Substrate/Glints2/dict_0006_0011" 10206
"../../../Engine/Content/EngineMaterials/Substrate/Glints2/dict_0006_0034.uasset" 10207
"/Engine/EngineMaterials/Substrate/Glints2/dict_0006_0010" 10208
"/Engine/EngineMaterials/Substrate/Glints2/dict_0006_0009" 10209
"../../../Engine/Content/EngineMaterials/Substrate/Glints2/dict_0006_0029.uasset" 10210
"/Engine/EngineMaterials/Substrate/Glints2/dict_0006_0008" 10211
"/Engine/EngineMaterials/Substrate/Glints2/dict_0006_0007" 10212
"../../../Engine/Content/EngineMaterials/Substrate/Glints2/dict_0006_0032.uasset" 10213
"/Engine/EngineMaterials/Substrate/Glints2/dict_0006_0022" 10214
"/Engine/EngineMaterials/Substrate/Glints2/dict_0006_0006" 10215
"/Engine/EngineMaterials/Substrate/Glints2/dict_0006_0005" 10216
"/Engine/EngineMaterials/Substrate/Glints2/dict_0006_0004" 10217
"/Engine/EngineMaterials/Substrate/Glints2/dict_0006_0021" 10218
"/Engine/EngineMaterials/Substrate/Glints2/dict_0006_0003" 10219
"/Engine/EngineMaterials/Substrate/Glints2/dict_0006_0020" 10220
"/Engine/EngineMaterials/Substrate/Glints2/dict_0006_0033" 10221
"/Engine/EngineMaterials/Substrate/Glints2/dict_0006_0032" 10222
"/Engine/EngineMaterials/Substrate/Glints2/dict_0006_0031" 10223
"/Engine/EngineMaterials/Substrate/Glints2/dict_0006_0019" 10224
"/Engine/EngineMaterials/Substrate/Glints2/dict_0006_0034" 10225
"/Engine/EngineMaterials/Substrate/Glints2/dict_0006_0029" 10226
"/Engine/EngineMaterials/Substrate/Glints2/dict_0006_0025" 10227
"/Engine/EngineMaterials/Substrate/Glints2/dict_0006_0024" 10228
"/Engine/EngineMaterials/Substrate/Glints2/dict_0006_0023" 10229
"../../../Engine/Content/EngineMaterials/Substrate/Glints2/dict_0006_0047.uasset" 10230
"../../../Engine/Content/EngineMaterials/Substrate/Glints2/dict_0006_0036.uasset" 10231
"../../../Engine/Content/EngineMaterials/Substrate/Glints2/dict_0006_0048.uasset" 10232
"../../../Engine/Content/EngineMaterials/Substrate/Glints2/dict_0006_0043.uasset" 10233
"../../../Engine/Content/EngineMaterials/Substrate/Glints2/dict_0006_0051.uasset" 10234
"../../../Engine/Content/EngineMaterials/Substrate/Glints2/dict_0006_0038.uasset" 10235
"../../../Engine/Content/EngineMaterials/Substrate/Glints2/dict_0006_0042.uasset" 10236
"../../../Engine/Content/EngineMaterials/Substrate/Glints2/dict_0006_0040.uasset" 10237
"../../../Engine/Content/EngineMaterials/Substrate/Glints2/dict_0006_0035.uasset" 10238
"../../../Engine/Content/EngineMaterials/Substrate/Glints2/dict_0006_0044.uasset" 10239
"/Engine/EngineMaterials/Substrate/Glints2/dict_0006_0051" 10240
"/Engine/EngineMaterials/Substrate/Glints2/dict_0006_0048" 10241
"/Engine/EngineMaterials/Substrate/Glints2/dict_0006_0047" 10242
"../../../Engine/Content/EngineMaterials/Substrate/Glints2/dict_0006_0055.uasset" 10243
"../../../Engine/Content/EngineMaterials/Substrate/Glints2/dict_0006_0045.uasset" 10244
"../../../Engine/Content/EngineMaterials/Substrate/Glints2/dict_0006_0052.uasset" 10245
"/Engine/EngineMaterials/Substrate/Glints2/dict_0006_0044" 10246
"../../../Engine/Content/EngineMaterials/Substrate/Glints2/dict_0006_0054.uasset" 10247
"/Engine/EngineMaterials/Substrate/Glints2/dict_0006_0043" 10248
"../../../Engine/Content/EngineMaterials/Substrate/Glints2/dict_0006_0037.uasset" 10249
"../../../Engine/Content/EngineMaterials/Substrate/Glints2/dict_0006_0049.uasset" 10250
"/Engine/EngineMaterials/Substrate/Glints2/dict_0006_0042" 10251
"../../../Engine/Content/EngineMaterials/Substrate/Glints2/dict_0006_0041.uasset" 10252
"/Engine/EngineMaterials/Substrate/Glints2/dict_0006_0040" 10253
"../../../Engine/Content/EngineMaterials/Substrate/Glints2/dict_0006_0053.uasset" 10254
"/Engine/EngineMaterials/Substrate/Glints2/dict_0006_0038" 10255
"/Engine/EngineMaterials/Substrate/Glints2/dict_0006_0036" 10256
"../../../Engine/Content/EngineMaterials/Substrate/Glints2/dict_0006_0059.uasset" 10257
"/Engine/EngineMaterials/Substrate/Glints2/dict_0006_0035" 10258
"/Engine/EngineMaterials/Substrate/Glints2/dict_0006_0055" 10259
"/Engine/EngineMaterials/Substrate/Glints2/dict_0006_0054" 10260
"/Engine/EngineMaterials/Substrate/Glints2/dict_0006_0053" 10261
"/Engine/EngineMaterials/Substrate/Glints2/dict_0006_0052" 10262
"../../../Engine/Content/EngineMaterials/Substrate/Glints2/dict_0006_0046.uasset" 10263
"/Engine/EngineMaterials/Substrate/Glints2/dict_0006_0049" 10264
"../../../Engine/Content/EngineMaterials/Substrate/Glints2/dict_0006_0056.uasset" 10265
"../../../Engine/Content/EngineMaterials/Substrate/Glints2/dict_0006_0050.uasset" 10266
"/Engine/EngineMaterials/Substrate/Glints2/dict_0006_0059" 10267
"../../../Engine/Content/EngineMaterials/Substrate/Glints2/dict_0006_0057.uasset" 10268
"../../../Engine/Content/EngineMaterials/Substrate/Glints2/dict_0006_0058.uasset" 10269
"/Engine/EngineMaterials/Substrate/Glints2/dict_0006_0045" 10270
"../../../Engine/Content/EngineMaterials/Substrate/Glints2/dict_0006_0063.uasset" 10271
"../../../Engine/Content/EngineMaterials/Substrate/Glints2/dict_0006_0069.uasset" 10272
"../../../Engine/Content/EngineMaterials/Substrate/Glints2/dict_0006_0039.uasset" 10273
"../../../Engine/Content/EngineMaterials/Substrate/Glints2/dict_0006_0061.uasset" 10274
"/Engine/EngineMaterials/Substrate/Glints2/dict_0006_0041" 10275
"../../../Engine/Content/EngineMaterials/Substrate/Glints2/dict_0006_0062.uasset" 10276
"/Engine/EngineMaterials/Substrate/Glints2/dict_0006_0037" 10277
"../../../Engine/Content/EngineMaterials/Substrate/Glints2/dict_0006_0065.uasset" 10278
"/Engine/EngineMaterials/Substrate/Glints2/dict_0006_0065" 10279
"/Engine/EngineMaterials/Substrate/Glints2/dict_0006_0063" 10280
"/Engine/EngineMaterials/Substrate/Glints2/dict_0006_0062" 10281
"/Engine/EngineMaterials/Substrate/Glints2/dict_0006_0061" 10282
"../../../Engine/Content/EngineMaterials/Substrate/Glints2/dict_0006_0068.uasset" 10283
"/Engine/EngineMaterials/Substrate/Glints2/dict_0006_0056" 10284
"/Engine/EngineMaterials/Substrate/Glints2/dict_0006_0050" 10285
"../../../Engine/Content/EngineMaterials/Substrate/Glints2/dict_0006_0064.uasset" 10286
"/Engine/EngineMaterials/Substrate/Glints2/dict_0006_0046" 10287
"../../../Engine/Content/EngineMaterials/Substrate/Glints2/dict_0006_0066.uasset" 10288
"/Engine/EngineMaterials/Substrate/Glints2/dict_0006_0058" 10289
"../../../Engine/Content/EngineMaterials/Substrate/Glints2/dict_0006_0060.uasset" 10290
"/Engine/EngineMaterials/Substrate/Glints2/dict_0006_0057" 10291
"../../../Engine/Content/EngineMaterials/Substrate/Glints2/dict_0006_0070.uasset" 10292
"../../../Engine/Content/EngineMaterials/Substrate/Glints2/dict_0006_0071.uasset" 10293
"/Engine/EngineMaterials/Substrate/Glints2/dict_0006_0039" 10294
"../../../Engine/Content/EngineMaterials/Substrate/Glints2/dict_0006_0067.uasset" 10295
"../../../Engine/Content/EngineMaterials/Substrate/Glints2/dict_0006_0072.uasset" 10296
"/Engine/EngineMaterials/Substrate/Glints2/dict_0006_0069" 10297
"/Engine/EngineMaterials/Substrate/Glints2/dict_0006_0066" 10298
"../../../Engine/Content/EngineMaterials/Substrate/Glints2/dict_0006_0076.uasset" 10299
"/Engine/EngineMaterials/Substrate/Glints2/dict_0006_0064" 10300
"../../../Engine/Content/EngineMaterials/Substrate/Glints2/dict_0006_0074.uasset" 10301
"/Engine/EngineMaterials/Substrate/Glints2/dict_0006_0060" 10302
"/Engine/EngineMaterials/Substrate/Glints2/dict_0006_0072" 10303
"../../../Engine/Content/EngineMaterials/Substrate/Glints2/dict_0006_0075.uasset" 10304
"/Engine/EngineMaterials/Substrate/Glints2/dict_0006_0071" 10305
"/Engine/EngineMaterials/Substrate/Glints2/dict_0006_0070" 10306
"/Engine/EngineMaterials/Substrate/Glints2/dict_0006_0068" 10307
"/Engine/EngineMaterials/Substrate/Glints2/dict_0006_0067" 10308
"/Engine/EngineMaterials/Substrate/Glints2/dict_0006_0076" 10309
"../../../Engine/Content/EngineMaterials/Substrate/Glints2/dict_0006_0080.uasset" 10310
"../../../Engine/Content/EngineMaterials/Substrate/Glints2/dict_0006_0077.uasset" 10311
"/Engine/EngineMaterials/Substrate/Glints2/dict_0006_0075" 10312
"/Engine/EngineMaterials/Substrate/Glints2/dict_0006_0074" 10313
"../../../Engine/Content/EngineMaterials/Substrate/Glints2/dict_0006_0079.uasset" 10314
"/Engine/EngineMaterials/Substrate/Glints2/dict_0006_0080" 10315
"../../../Engine/Content/EngineMaterials/Substrate/Glints2/dict_0006_0081.uasset" 10316
"../../../Engine/Content/EngineMaterials/Substrate/Glints2/dict_0006_0078.uasset" 10317
"/Engine/EngineMaterials/Substrate/Glints2/dict_0006_0077" 10318
"/Engine/EngineMaterials/Substrate/Glints2/dict_0006_0081" 10319
"/Engine/EngineMaterials/Substrate/Glints2/dict_0006_0079" 10320
"/Engine/EngineMaterials/Substrate/Glints2/dict_0006_0078" 10321
"../../../Engine/Content/EngineMaterials/Substrate/Glints2/dict_0006_0097.uasset" 10322
"/Engine/EngineMaterials/Substrate/Glints2/dict_0006_0097" 10323
"../../../Engine/Content/EngineMaterials/Substrate/Glints2/dict_0006_0091.uasset" 10324
"../../../Engine/Content/EngineMaterials/Substrate/Glints2/dict_0006_0087.uasset" 10325
"../../../Engine/Content/EngineMaterials/Substrate/Glints2/dict_0006_0092.uasset" 10326
"../../../Engine/Content/EngineMaterials/Substrate/Glints2/dict_0006_0084.uasset" 10327
"../../../Engine/Content/EngineMaterials/Substrate/Glints2/dict_0006_0094.uasset" 10328
"../../../Engine/Content/EngineMaterials/Substrate/Glints2/dict_0006_0095.uasset" 10329
"../../../Engine/Content/EngineMaterials/Substrate/Glints2/dict_0006_0100.uasset" 10330
"../../../Engine/Content/EngineMaterials/Substrate/Glints2/dict_0006_0098.uasset" 10331
"../../../Engine/Content/EngineMaterials/Substrate/Glints2/dict_0006_0090.uasset" 10332
"../../../Engine/Content/EngineMaterials/Substrate/Glints2/dict_0006_0086.uasset" 10333
"../../../Engine/Content/EngineMaterials/Substrate/Glints2/dict_0006_0093.uasset" 10334
"../../../Engine/Content/EngineMaterials/Substrate/Glints2/dict_0006_0096.uasset" 10335
"../../../Engine/Content/EngineMaterials/Substrate/Glints2/dict_0006_0073.uasset" 10336
"../../../Engine/Content/EngineMaterials/Substrate/Glints2/dict_0006_0111.uasset" 10337
"../../../Engine/Content/EngineMaterials/Substrate/Glints2/dict_0006_0112.uasset" 10338
"../../../Engine/Content/EngineMaterials/Substrate/Glints2/dict_0006_0088.uasset" 10339
"../../../Engine/Content/EngineMaterials/Substrate/Glints2/dict_0006_0101.uasset" 10340
"../../../Engine/Content/EngineMaterials/Substrate/Glints2/dict_0006_0102.uasset" 10341
"../../../Engine/Content/EngineMaterials/Substrate/Glints2/dict_0006_0099.uasset" 10342
"../../../Engine/Content/EngineMaterials/Substrate/Glints2/dict_0006_0107.uasset" 10343
"../../../Engine/Content/EngineMaterials/Substrate/Glints2/dict_0006_0105.uasset" 10344
"../../../Engine/Content/EngineMaterials/Substrate/Glints2/dict_0006_0085.uasset" 10345
"../../../Engine/Content/EngineMaterials/Substrate/Glints2/dict_0006_0109.uasset" 10346
"../../../Engine/Content/EngineMaterials/Substrate/Glints2/dict_0006_0104.uasset" 10347
"/Engine/EngineMaterials/Substrate/Glints2/dict_0006_0096" 10348
"/Engine/EngineMaterials/Substrate/Glints2/dict_0006_0095" 10349
"/Engine/EngineMaterials/Substrate/Glints2/dict_0006_0094" 10350
"/Engine/EngineMaterials/Substrate/Glints2/dict_0006_0093" 10351
"../../../Engine/Content/EngineMaterials/Substrate/Glints2/dict_0006_0103.uasset" 10352
"../../../Engine/Content/EngineMaterials/Substrate/Glints2/dict_0006_0082.uasset" 10353
"../../../Engine/Content/EngineMaterials/Substrate/Glints2/dict_0006_0110.uasset" 10354
"/Engine/EngineMaterials/Substrate/Glints2/dict_0006_0092" 10355
"/Engine/EngineMaterials/Substrate/Glints2/dict_0006_0084" 10356
"/Engine/EngineMaterials/Substrate/Glints2/dict_0006_0102" 10357
"/Engine/EngineMaterials/Substrate/Glints2/dict_0006_0107" 10358
"/Engine/EngineMaterials/Substrate/Glints2/dict_0006_0091" 10359
"/Engine/EngineMaterials/Substrate/Glints2/dict_0006_0112" 10360
"/Engine/EngineMaterials/Substrate/Glints2/dict_0006_0105" 10361
"../../../Engine/Content/EngineMaterials/Substrate/Glints2/dict_0006_0106.uasset" 10362
"../../../Engine/Content/EngineMaterials/Substrate/Glints2/dict_0006_0083.uasset" 10363
"../../../Engine/Content/EngineMaterials/Substrate/Glints2/dict_0006_0108.uasset" 10364
"../../../Engine/Content/EngineMaterials/Substrate/Glints2/dict_0006_0089.uasset" 10365
"/Engine/EngineMaterials/Substrate/Glints2/dict_0006_0090" 10366
"/Engine/EngineMaterials/Substrate/Glints2/dict_0006_0111" 10367
"/Engine/EngineMaterials/Substrate/Glints2/dict_0006_0073" 10368
"/Engine/EngineMaterials/Substrate/Glints2/dict_0006_0101" 10369
"/Engine/EngineMaterials/Substrate/Glints2/dict_0006_0100" 10370
"/Engine/EngineMaterials/Substrate/Glints2/dict_0006_0088" 10371
"/Engine/EngineMaterials/Substrate/Glints2/dict_0006_0099" 10372
"/Engine/EngineMaterials/Substrate/Glints2/dict_0006_0087" 10373
"../../../Engine/Content/EngineMaterials/Substrate/Glints2/dict_0006_0113.uasset" 10374
"/Engine/EngineMaterials/Substrate/Glints2/dict_0006_0086" 10375
"/Engine/EngineMaterials/Substrate/Glints2/dict_0006_0098" 10376
"/Engine/EngineMaterials/Substrate/Glints2/dict_0006_0104" 10377
"/Engine/EngineMaterials/Substrate/Glints2/dict_0006_0103" 10378
"/Engine/EngineMaterials/Substrate/Glints2/dict_0006_0085" 10379
"/Engine/EngineMaterials/Substrate/Glints2/dict_0006_0083" 10380
"/Engine/EngineMaterials/Substrate/Glints2/dict_0006_0082" 10381
"/Engine/EngineMaterials/Substrate/Glints2/dict_0006_0106" 10382
"../../../Engine/Content/EngineMaterials/Substrate/Glints2/dict_0006_0116.uasset" 10383
"/Engine/EngineMaterials/Substrate/Glints2/dict_0006_0109" 10384
"/Engine/EngineMaterials/Substrate/Glints2/dict_0006_0089" 10385
"/Engine/EngineMaterials/Substrate/Glints2/dict_0006_0110" 10386
"/Engine/EngineMaterials/Substrate/Glints2/dict_0006_0108" 10387
"/Engine/EngineMaterials/Substrate/Glints2/dict_0006_0113" 10388
"/Engine/EngineMaterials/Substrate/Glints2/dict_0006_0116" 10389
"../../../Engine/Content/EngineMaterials/Substrate/Glints2/dict_0006_0128.uasset" 10390
"../../../Engine/Content/EngineMaterials/Substrate/Glints2/dict_0006_0129.uasset" 10391
"../../../Engine/Content/EngineMaterials/Substrate/Glints2/dict_0006_0117.uasset" 10392
"../../../Engine/Content/EngineMaterials/Substrate/Glints2/dict_0006_0123.uasset" 10393
"../../../Engine/Content/EngineMaterials/Substrate/Glints2/dict_0006_0114.uasset" 10394
"../../../Engine/Content/EngineMaterials/Substrate/Glints2/dict_0006_0126.uasset" 10395
"../../../Engine/Content/EngineMaterials/Substrate/Glints2/dict_0006_0130.uasset" 10396
"../../../Engine/Content/EngineMaterials/Substrate/Glints2/dict_0006_0118.uasset" 10397
"../../../Engine/Content/EngineMaterials/Substrate/Glints2/dict_0006_0115.uasset" 10398
"../../../Engine/Content/EngineMaterials/Substrate/Glints2/dict_0006_0127.uasset" 10399
"../../../Engine/Content/EngineMaterials/Substrate/Glints2/dict_0006_0125.uasset" 10400
"../../../Engine/Content/EngineMaterials/Substrate/Glints2/dict_0006_0124.uasset" 10401
"../../../Engine/Content/EngineMaterials/Substrate/Glints2/dict_0006_0136.uasset" 10402
"../../../Engine/Content/EngineMaterials/Substrate/Glints2/dict_0006_0121.uasset" 10403
"../../../Engine/Content/EngineMaterials/Substrate/Glints2/dict_0006_0120.uasset" 10404
"../../../Engine/Content/EngineMaterials/Substrate/Glints2/dict_0006_0122.uasset" 10405
"../../../Engine/Content/EngineMaterials/Substrate/Glints2/dict_0006_0132.uasset" 10406
"../../../Engine/Content/EngineMaterials/Substrate/Glints2/dict_0006_0131.uasset" 10407
"/Engine/EngineMaterials/Substrate/Glints2/dict_0006_0132" 10408
"../../../Engine/Content/EngineMaterials/Substrate/Glints2/dict_0006_0140.uasset" 10409
"../../../Engine/Content/EngineMaterials/Substrate/Glints2/dict_0006_0139.uasset" 10410
"../../../Engine/Content/EngineMaterials/Substrate/Glints2/dict_0006_0134.uasset" 10411
"/Engine/EngineMaterials/Substrate/Glints2/dict_0006_0131" 10412
"/Engine/EngineMaterials/Substrate/Glints2/dict_0006_0130" 10413
"/Engine/EngineMaterials/Substrate/Glints2/dict_0006_0129" 10414
"../../../Engine/Content/EngineMaterials/Substrate/Glints2/dict_0006_0143.uasset" 10415
"../../../Engine/Content/EngineMaterials/Substrate/Glints2/dict_0006_0142.uasset" 10416
"../../../Engine/Content/EngineMaterials/Substrate/Glints2/dict_0006_0133.uasset" 10417
"/Engine/EngineMaterials/Substrate/Glints2/dict_0006_0128" 10418
"/Engine/EngineMaterials/Substrate/Glints2/dict_0006_0127" 10419
"/Engine/EngineMaterials/Substrate/Glints2/dict_0006_0126" 10420
"/Engine/EngineMaterials/Substrate/Glints2/dict_0006_0125" 10421
"/Engine/EngineMaterials/Substrate/Glints2/dict_0006_0124" 10422
"/Engine/EngineMaterials/Substrate/Glints2/dict_0006_0123" 10423
"../../../Engine/Content/EngineMaterials/Substrate/Glints2/dict_0006_0119.uasset" 10424
"/Engine/EngineMaterials/Substrate/Glints2/dict_0006_0122" 10425
"/Engine/EngineMaterials/Substrate/Glints2/dict_0006_0121" 10426
"/Engine/EngineMaterials/Substrate/Glints2/dict_0006_0120" 10427
"/Engine/EngineMaterials/Substrate/Glints2/dict_0006_0118" 10428
"/Engine/EngineMaterials/Substrate/Glints2/dict_0006_0117" 10429
"/Engine/EngineMaterials/Substrate/Glints2/dict_0006_0115" 10430
"/Engine/EngineMaterials/Substrate/Glints2/dict_0006_0136" 10431
"../../../Engine/Content/EngineMaterials/Substrate/Glints2/dict_0006_0144.uasset" 10432
"../../../Engine/Content/EngineMaterials/Substrate/Glints2/dict_0006_0141.uasset" 10433
"/Engine/EngineMaterials/Substrate/Glints2/dict_0006_0114" 10434
"../../../Engine/Content/EngineMaterials/Substrate/Glints2/dict_0006_0135.uasset" 10435
"../../../Engine/Content/EngineMaterials/Substrate/Glints2/dict_0006_0145.uasset" 10436
"/Engine/EngineMaterials/Substrate/Glints2/dict_0006_0134" 10437
"/Engine/EngineMaterials/Substrate/Glints2/dict_0006_0144" 10438
"../../../Engine/Content/EngineMaterials/Substrate/Glints2/dict_0006_0137.uasset" 10439
"/Engine/EngineMaterials/Substrate/Glints2/dict_0006_0133" 10440
"/Engine/EngineMaterials/Substrate/Glints2/dict_0006_0143" 10441
"/Engine/EngineMaterials/Substrate/Glints2/dict_0006_0142" 10442
"/Engine/EngineMaterials/Substrate/Glints2/dict_0006_0141" 10443
"/Engine/EngineMaterials/Substrate/Glints2/dict_0006_0140" 10444
"../../../Engine/Content/EngineMaterials/Substrate/Glints2/dict_0006_0146.uasset" 10445
"/Engine/EngineMaterials/Substrate/Glints2/dict_0006_0139" 10446
"/Engine/EngineMaterials/Substrate/Glints2/dict_0006_0119" 10447
"../../../Engine/Content/EngineMaterials/Substrate/Glints2/dict_0006_0138.uasset" 10448
"/Engine/EngineMaterials/Substrate/Glints2/dict_0006_0135" 10449
"/Engine/EngineMaterials/Substrate/Glints2/dict_0006_0145" 10450
"/Engine/EngineMaterials/Substrate/Glints2/dict_0006_0137" 10451
"../../../Engine/Content/EngineMaterials/Substrate/Glints2/dict_0006_0157.uasset" 10452
"/Engine/EngineMaterials/Substrate/Glints2/dict_0006_0146" 10453
"/Engine/EngineMaterials/Substrate/Glints2/dict_0006_0157" 10454
"/Engine/EngineMaterials/Substrate/Glints2/dict_0006_0138" 10455
"../../../Engine/Content/EngineMaterials/Substrate/Glints2/dict_0006_0153.uasset" 10456
"../../../Engine/Content/EngineMaterials/Substrate/Glints2/dict_0006_0155.uasset" 10457
"../../../Engine/Content/EngineMaterials/Substrate/Glints2/dict_0006_0147.uasset" 10458
"../../../Engine/Content/EngineMaterials/Substrate/Glints2/dict_0006_0161.uasset" 10459
"../../../Engine/Content/EngineMaterials/Substrate/Glints2/dict_0006_0152.uasset" 10460
"../../../Engine/Content/EngineMaterials/Substrate/Glints2/dict_0006_0148.uasset" 10461
"../../../Engine/Content/EngineMaterials/Substrate/Glints2/dict_0006_0156.uasset" 10462
"../../../Engine/Content/EngineMaterials/Substrate/Glints2/dict_0006_0150.uasset" 10463
"../../../Engine/Content/EngineMaterials/Substrate/Glints2/dict_0006_0159.uasset" 10464
"../../../Engine/Content/EngineMaterials/Substrate/Glints2/dict_0006_0154.uasset" 10465
"../../../Engine/Content/EngineMaterials/Substrate/Glints2/dict_0006_0149.uasset" 10466
"../../../Engine/Content/EngineMaterials/Substrate/Glints2/dict_0006_0158.uasset" 10467
"../../../Engine/Content/EngineMaterials/Substrate/Glints2/dict_0006_0165.uasset" 10468
"../../../Engine/Content/EngineMaterials/Substrate/Glints2/dict_0006_0163.uasset" 10469
"../../../Engine/Content/EngineMaterials/Substrate/Glints2/dict_0006_0169.uasset" 10470
"../../../Engine/Content/EngineMaterials/Substrate/Glints2/dict_0006_0151.uasset" 10471
"../../../Engine/Content/EngineMaterials/Substrate/Glints2/dict_0006_0162.uasset" 10472
"../../../Engine/Content/EngineMaterials/Substrate/Glints2/dict_0006_0164.uasset" 10473
"../../../Engine/Content/EngineMaterials/Substrate/Glints2/dict_0006_0167.uasset" 10474
"../../../Engine/Content/EngineMaterials/Substrate/Glints2/dict_0006_0170.uasset" 10475
"../../../Engine/Content/EngineMaterials/Substrate/Glints2/dict_0006_0160.uasset" 10476
"../../../Engine/Content/EngineMaterials/Substrate/Glints2/dict_0006_0171.uasset" 10477
"../../../Engine/Content/EngineMaterials/Substrate/Glints2/dict_0006_0166.uasset" 10478
"../../../Engine/Content/EngineMaterials/Substrate/Glints2/dict_0006_0174.uasset" 10479
"../../../Engine/Content/EngineMaterials/Substrate/Glints2/dict_0006_0168.uasset" 10480
"../../../Engine/Content/EngineMaterials/Substrate/Glints2/dict_0006_0172.uasset" 10481
"/Engine/EngineMaterials/Substrate/Glints2/dict_0006_0174" 10482
"/Engine/EngineMaterials/Substrate/Glints2/dict_0006_0164" 10483
"../../../Engine/Content/EngineMaterials/Substrate/Glints2/dict_0006_0173.uasset" 10484
"../../../Engine/Content/EngineMaterials/Substrate/Glints2/dict_0006_0175.uasset" 10485
"/Engine/EngineMaterials/Substrate/Glints2/dict_0006_0163" 10486
"/Engine/EngineMaterials/Substrate/Glints2/dict_0006_0162" 10487
"/Engine/EngineMaterials/Substrate/Glints2/dict_0006_0171" 10488
"/Engine/EngineMaterials/Substrate/Glints2/dict_0006_0161" 10489
"/Engine/EngineMaterials/Substrate/Glints2/dict_0006_0160" 10490
"../../../Engine/Content/EngineMaterials/Substrate/Glints2/dict_0006_0176.uasset" 10491
"/Engine/EngineMaterials/Substrate/Glints2/dict_0006_0170" 10492
"/Engine/EngineMaterials/Substrate/Glints2/dict_0006_0169" 10493
"/Engine/EngineMaterials/Substrate/Glints2/dict_0006_0159" 10494
"/Engine/EngineMaterials/Substrate/Glints2/dict_0006_0158" 10495
"/Engine/EngineMaterials/Substrate/Glints2/dict_0006_0168" 10496
"/Engine/EngineMaterials/Substrate/Glints2/dict_0006_0167" 10497
"/Engine/EngineMaterials/Substrate/Glints2/dict_0006_0156" 10498
"/Engine/EngineMaterials/Substrate/Glints2/dict_0006_0155" 10499
"/Engine/EngineMaterials/Substrate/Glints2/dict_0006_0154" 10500
"/Engine/EngineMaterials/Substrate/Glints2/dict_0006_0153" 10501
"../../../Engine/Content/EngineMaterials/Substrate/Glints2/dict_0006_0177.uasset" 10502
"../../../Engine/Content/EngineMaterials/Substrate/Glints2/dict_0006_0179.uasset" 10503
"/Engine/EngineMaterials/Substrate/Glints2/dict_0006_0152" 10504
"/Engine/EngineMaterials/Substrate/Glints2/dict_0006_0166" 10505
"../../../Engine/Content/EngineMaterials/Substrate/Glints2/dict_0006_0178.uasset" 10506
"/Engine/EngineMaterials/Substrate/Glints2/dict_0006_0151" 10507
"/Engine/EngineMaterials/Substrate/Glints2/dict_0006_0150" 10508
"/Engine/EngineMaterials/Substrate/Glints2/dict_0006_0149" 10509
"/Engine/EngineMaterials/Substrate/Glints2/dict_0006_0148" 10510
"/Engine/EngineMaterials/Substrate/Glints2/dict_0006_0147" 10511
"/Engine/EngineMaterials/Substrate/Glints2/dict_0006_0165" 10512
"/Engine/EngineMaterials/Substrate/Glints2/dict_0006_0177" 10513
"/Engine/EngineMaterials/Substrate/Glints2/dict_0006_0173" 10514
"/Engine/EngineMaterials/Substrate/Glints2/dict_0006_0172" 10515
"/Engine/EngineMaterials/Substrate/Glints2/dict_0006_0179" 10516
"/Engine/EngineMaterials/Substrate/Glints2/dict_0006_0178" 10517
"/Engine/EngineMaterials/Substrate/Glints2/dict_0006_0176" 10518
"/Engine/EngineMaterials/Substrate/Glints2/dict_0006_0175" 10519
"../../../Engine/Content/EngineMaterials/Substrate/Glints2/dict_0006_0185.uasset" 10520
"../../../Engine/Content/EngineMaterials/Substrate/Glints2/dict_0006_0181.uasset" 10521
"../../../Engine/Content/EngineMaterials/Substrate/Glints2/dict_0006_0187.uasset" 10522
"../../../Engine/Content/EngineMaterials/Substrate/Glints2/dict_0006_0184.uasset" 10523
"../../../Engine/Content/EngineMaterials/Substrate/Glints2/dict_0006_0182.uasset" 10524
"../../../Engine/Content/EngineMaterials/Substrate/Glints2/dict_0006_0183.uasset" 10525
"../../../Engine/Content/EngineMaterials/Substrate/Glints2/dict_0006_0180.uasset" 10526
"../../../Engine/Content/EngineMaterials/Substrate/Glints2/dict_0006_0192.uasset" 10527
"../../../Engine/Content/EngineMaterials/Substrate/Glints2/dict_0006_0198.uasset" 10528
"../../../Engine/Content/EngineMaterials/Substrate/Glints2/dict_0006_0186.uasset" 10529
"../../../Engine/Content/EngineMaterials/Substrate/Glints2/dict_0006_0188.uasset" 10530
"../../../Engine/Content/EngineMaterials/Substrate/Glints2/dict_0006_0197.uasset" 10531
"../../../Engine/Content/EngineMaterials/Substrate/Glints2/dict_0006_0196.uasset" 10532
"../../../Engine/Content/EngineMaterials/Substrate/Glints2/dict_0006_0190.uasset" 10533
"../../../Engine/Content/EngineMaterials/Substrate/Glints2/dict_0006_0194.uasset" 10534
"../../../Engine/Content/EngineMaterials/Substrate/Glints2/dict_0006_0189.uasset" 10535
"../../../Engine/Content/EngineMaterials/Substrate/Glints2/dict_0006_0193.uasset" 10536
"/Engine/EngineMaterials/Substrate/Glints2/dict_0006_0198" 10537
"/Engine/EngineMaterials/Substrate/Glints2/dict_0006_0197" 10538
"../../../Engine/Content/EngineMaterials/Substrate/Glints2/dict_0006_0195.uasset" 10539
"../../../Engine/Content/EngineMaterials/Substrate/Glints2/dict_0006_0191.uasset" 10540
"/Engine/EngineMaterials/Substrate/Glints2/dict_0006_0196" 10541
"../../../Engine/Content/EngineMaterials/Substrate/Glints2/dict_0006_0202.uasset" 10542
"/Engine/EngineMaterials/Substrate/Glints2/dict_0006_0194" 10543
"/Engine/EngineMaterials/Substrate/Glints2/dict_0006_0193" 10544
"/Engine/EngineMaterials/Substrate/Glints2/dict_0006_0192" 10545
"/Engine/EngineMaterials/Substrate/Glints2/dict_0006_0190" 10546
"/Engine/EngineMaterials/Substrate/Glints2/dict_0006_0189" 10547
"../../../Engine/Content/EngineMaterials/Substrate/Glints2/dict_0006_0206.uasset" 10548
"../../../Engine/Content/EngineMaterials/Substrate/Glints2/dict_0006_0199.uasset" 10549
"/Engine/EngineMaterials/Substrate/Glints2/dict_0006_0188" 10550
"../../../Engine/Content/EngineMaterials/Substrate/Glints2/dict_0006_0208.uasset" 10551
"../../../Engine/Content/EngineMaterials/Substrate/Glints2/dict_0006_0200.uasset" 10552
"/Engine/EngineMaterials/Substrate/Glints2/dict_0006_0187" 10553
"../../../Engine/Content/EngineMaterials/Substrate/Glints2/dict_0006_0203.uasset" 10554
"/Engine/EngineMaterials/Substrate/Glints2/dict_0006_0186" 10555
"/Engine/EngineMaterials/Substrate/Glints2/dict_0006_0185" 10556
"../../../Engine/Content/EngineMaterials/Substrate/Glints2/dict_0006_0201.uasset" 10557
"../../../Engine/Content/EngineMaterials/Substrate/Glints2/dict_0006_0207.uasset" 10558
"../../../Engine/Content/EngineMaterials/Substrate/Glints2/dict_0006_0205.uasset" 10559
"/Engine/EngineMaterials/Substrate/Glints2/dict_0006_0184" 10560
"../../../Engine/Content/EngineMaterials/Substrate/Glints2/dict_0006_0209.uasset" 10561
"/Engine/EngineMaterials/Substrate/Glints2/dict_0006_0183" 10562
"../../../Engine/Content/EngineMaterials/Substrate/Glints2/dict_0006_0210.uasset" 10563
"/Engine/EngineMaterials/Substrate/Glints2/dict_0006_0182" 10564
"../../../Engine/Content/EngineMaterials/Substrate/Glints2/dict_0006_0204.uasset" 10565
"/Engine/EngineMaterials/Substrate/Glints2/dict_0006_0181" 10566
"/Engine/EngineMaterials/Substrate/Glints2/dict_0006_0180" 10567
"/Engine/EngineMaterials/Substrate/Glints2/dict_0006_0204" 10568
"../../../Engine/Content/EngineMaterials/Substrate/Glints2/dict_0006_0211.uasset" 10569
"/Engine/EngineMaterials/Substrate/Glints2/dict_0006_0210" 10570
"/Engine/EngineMaterials/Substrate/Glints2/dict_0006_0209" 10571
"/Engine/EngineMaterials/Substrate/Glints2/dict_0006_0203" 10572
"/Engine/EngineMaterials/Substrate/Glints2/dict_0006_0202" 10573
"/Engine/EngineMaterials/Substrate/Glints2/dict_0006_0201" 10574
"/Engine/EngineMaterials/Substrate/Glints2/dict_0006_0200" 10575
"/Engine/EngineMaterials/Substrate/Glints2/dict_0006_0199" 10576
"/Engine/EngineMaterials/Substrate/Glints2/dict_0006_0195" 10577
"/Engine/EngineMaterials/Substrate/Glints2/dict_0006_0208" 10578
"/Engine/EngineMaterials/Substrate/Glints2/dict_0006_0191" 10579
"/Engine/EngineMaterials/Substrate/Glints2/dict_0006_0207" 10580
"/Engine/EngineMaterials/Substrate/Glints2/dict_0006_0206" 10581
"../../../Engine/Content/EngineMaterials/Substrate/Glints2/dict_0006_0219.uasset" 10582
"../../../Engine/Content/EngineMaterials/Substrate/Glints2/dict_0006_0216.uasset" 10583
"../../../Engine/Content/EngineMaterials/Substrate/Glints2/dict_0006_0222.uasset" 10584
"../../../Engine/Content/EngineMaterials/Substrate/Glints2/dict_0006_0218.uasset" 10585
"../../../Engine/Content/EngineMaterials/Substrate/Glints2/dict_0006_0212.uasset" 10586
"/Engine/EngineMaterials/Substrate/Glints2/dict_0006_0205" 10587
"../../../Engine/Content/EngineMaterials/Substrate/Glints2/dict_0006_0220.uasset" 10588
"/Engine/EngineMaterials/Substrate/Glints2/dict_0006_0211" 10589
"/Engine/EngineMaterials/Substrate/Glints2/dict_0006_0222" 10590
"/Engine/EngineMaterials/Substrate/Glints2/dict_0006_0220" 10591
"../../../Engine/Content/EngineMaterials/Substrate/Glints2/dict_0006_0224.uasset" 10592
"../../../Engine/Content/EngineMaterials/Substrate/Glints2/dict_0006_0214.uasset" 10593
"/Engine/EngineMaterials/Substrate/Glints2/dict_0006_0219" 10594
"../../../Engine/Content/EngineMaterials/Substrate/Glints2/dict_0006_0215.uasset" 10595
"/Engine/EngineMaterials/Substrate/Glints2/dict_0006_0218" 10596
"../../../Engine/Content/EngineMaterials/Substrate/Glints2/dict_0006_0223.uasset" 10597
"/Engine/EngineMaterials/Substrate/Glints2/dict_0006_0212" 10598
"../../../Engine/Content/EngineMaterials/Substrate/Glints2/dict_0006_0217.uasset" 10599
"../../../Engine/Content/EngineMaterials/Substrate/Glints2/dict_0006_0213.uasset" 10600
"/Engine/EngineMaterials/Substrate/Glints2/dict_0006_0224" 10601
"/Engine/EngineMaterials/Substrate/Glints2/dict_0006_0223" 10602
"/Engine/EngineMaterials/Substrate/Glints2/dict_0006_0217" 10603
"/Engine/EngineMaterials/Substrate/Glints2/dict_0006_0216" 10604
"../../../Engine/Content/EngineMaterials/Substrate/Glints2/dict_0006_0221.uasset" 10605
"/Engine/EngineMaterials/Substrate/Glints2/dict_0006_0215" 10606
"/Engine/EngineMaterials/Substrate/Glints2/dict_0006_0214" 10607
"/Engine/EngineMaterials/Substrate/Glints2/dict_0006_0213" 10608
"/Engine/EngineMaterials/Substrate/Glints2/dict_0006_0221" 10609
"../../../Engine/Content/EngineMaterials/Substrate/Glints2/dict_0006_0226.uasset" 10610
"../../../Engine/Content/EngineMaterials/Substrate/Glints2/dict_0006_0225.uasset" 10611
"../../../Engine/Content/EngineMaterials/Substrate/Glints2/dict_0006_0232.uasset" 10612
"../../../Engine/Content/EngineMaterials/Substrate/Glints2/dict_0006_0228.uasset" 10613
"../../../Engine/Content/EngineMaterials/Substrate/Glints2/dict_0006_0229.uasset" 10614
"../../../Engine/Content/EngineMaterials/Substrate/Glints2/dict_0006_0230.uasset" 10615
"../../../Engine/Content/EngineMaterials/Substrate/Glints2/dict_0006_0233.uasset" 10616
"../../../Engine/Content/EngineMaterials/Substrate/Glints2/dict_0006_0227.uasset" 10617
"../../../Engine/Content/EngineMaterials/Substrate/Glints2/dict_0006_0238.uasset" 10618
"../../../Engine/Content/EngineMaterials/Substrate/Glints2/dict_0006_0231.uasset" 10619
"../../../Engine/Content/EngineMaterials/Substrate/Glints2/dict_0006_0235.uasset" 10620
"../../../Engine/Content/EngineMaterials/Substrate/Glints2/dict_0006_0239.uasset" 10621
"../../../Engine/Content/EngineMaterials/Substrate/Glints2/dict_0006_0250.uasset" 10622
"../../../Engine/Content/EngineMaterials/Substrate/Glints2/dict_0006_0234.uasset" 10623
"../../../Engine/Content/EngineMaterials/Substrate/Glints2/dict_0006_0241.uasset" 10624
"../../../Engine/Content/EngineMaterials/Substrate/Glints2/dict_0006_0240.uasset" 10625
"../../../Engine/Content/EngineMaterials/Substrate/Glints2/dict_0006_0243.uasset" 10626
"../../../Engine/Content/EngineMaterials/Substrate/Glints2/dict_0006_0249.uasset" 10627
"/Engine/EngineMaterials/Substrate/Glints2/dict_0006_0241" 10628
"../../../Engine/Content/EngineMaterials/Substrate/Glints2/dict_0006_0237.uasset" 10629
"../../../Engine/Content/EngineMaterials/Substrate/Glints2/dict_0006_0248.uasset" 10630
"/Engine/EngineMaterials/Substrate/Glints2/dict_0006_0240" 10631
"../../../Engine/Content/EngineMaterials/Substrate/Glints2/dict_0006_0244.uasset" 10632
"../../../Engine/Content/EngineMaterials/Substrate/Glints2/dict_0006_0246.uasset" 10633
"/Engine/EngineMaterials/Substrate/Glints2/dict_0006_0239" 10634
"../../../Engine/Content/EngineMaterials/Substrate/Glints2/dict_0006_0236.uasset" 10635
"/Engine/EngineMaterials/Substrate/Glints2/dict_0006_0238" 10636
"/Engine/EngineMaterials/Substrate/Glints2/dict_0006_0235" 10637
"/Engine/EngineMaterials/Substrate/Glints2/dict_0006_0228" 10638
"../../../Engine/Content/EngineMaterials/Substrate/Glints2/dict_0006_0247.uasset" 10639
"../../../Engine/Content/EngineMaterials/Substrate/Glints2/dict_0006_0242.uasset" 10640
"/Engine/EngineMaterials/Substrate/Glints2/dict_0006_0227" 10641
"/Engine/EngineMaterials/Substrate/Glints2/dict_0006_0226" 10642
"/Engine/EngineMaterials/Substrate/Glints2/dict_0006_0234" 10643
"/Engine/EngineMaterials/Substrate/Glints2/dict_0006_0225" 10644
"/Engine/EngineMaterials/Substrate/Glints2/dict_0006_0233" 10645
"/Engine/EngineMaterials/Substrate/Glints2/dict_0006_0232" 10646
"/Engine/EngineMaterials/Substrate/Glints2/dict_0006_0231" 10647
"../../../Engine/Content/EngineMaterials/Substrate/Glints2/dict_0007_0000.uasset" 10648
"/Engine/EngineMaterials/Substrate/Glints2/dict_0006_0230" 10649
"../../../Engine/Content/EngineMaterials/Substrate/Glints2/dict_0006_0245.uasset" 10650
"../../../Engine/Content/EngineMaterials/Substrate/Glints2/dict_0006_0253.uasset" 10651
"../../../Engine/Content/EngineMaterials/Substrate/Glints2/dict_0006_0251.uasset" 10652
"/Engine/EngineMaterials/Substrate/Glints2/dict_0006_0229" 10653
"../../../Engine/Content/EngineMaterials/Substrate/Glints2/dict_0006_0254.uasset" 10654
"/Engine/EngineMaterials/Substrate/Glints2/dict_0006_0250" 10655
"../../../Engine/Content/EngineMaterials/Substrate/Glints2/dict_0006_0252.uasset" 10656
"/Engine/EngineMaterials/Substrate/Glints2/dict_0006_0243" 10657
"/Engine/EngineMaterials/Substrate/Glints2/dict_0006_0248" 10658
"/Engine/EngineMaterials/Substrate/Glints2/dict_0006_0242" 10659
"/Engine/EngineMaterials/Substrate/Glints2/dict_0006_0237" 10660
"/Engine/EngineMaterials/Substrate/Glints2/dict_0006_0236" 10661
"/Engine/EngineMaterials/Substrate/Glints2/dict_0006_0254" 10662
"/Engine/EngineMaterials/Substrate/Glints2/dict_0006_0247" 10663
"../../../Engine/Content/EngineMaterials/Substrate/Glints2/dict_0007_0006.uasset" 10664
"../../../Engine/Content/EngineMaterials/Substrate/Glints2/dict_0007_0007.uasset" 10665
"/Engine/EngineMaterials/Substrate/Glints2/dict_0007_0000" 10666
"/Engine/EngineMaterials/Substrate/Glints2/dict_0006_0246" 10667
"../../../Engine/Content/EngineMaterials/Substrate/Glints2/dict_0006_0255.uasset" 10668
"/Engine/EngineMaterials/Substrate/Glints2/dict_0006_0245" 10669
"/Engine/EngineMaterials/Substrate/Glints2/dict_0006_0244" 10670
"/Engine/EngineMaterials/Substrate/Glints2/dict_0006_0253" 10671
"/Engine/EngineMaterials/Substrate/Glints2/dict_0006_0252" 10672
"/Engine/EngineMaterials/Substrate/Glints2/dict_0006_0251" 10673
"/Engine/EngineMaterials/Substrate/Glints2/dict_0006_0249" 10674
"/Engine/EngineMaterials/Substrate/Glints2/dict_0007_0007" 10675
"/Engine/EngineMaterials/Substrate/Glints2/dict_0006_0255" 10676
"/Engine/EngineMaterials/Substrate/Glints2/dict_0007_0006" 10677
"../../../Engine/Content/EngineMaterials/Substrate/Glints2/dict_0007_0014.uasset" 10678
"../../../Engine/Content/EngineMaterials/Substrate/Glints2/dict_0007_0012.uasset" 10679
"../../../Engine/Content/EngineMaterials/Substrate/Glints2/dict_0007_0016.uasset" 10680
"../../../Engine/Content/EngineMaterials/Substrate/Glints2/dict_0007_0010.uasset" 10681
"../../../Engine/Content/EngineMaterials/Substrate/Glints2/dict_0007_0013.uasset" 10682
"../../../Engine/Content/EngineMaterials/Substrate/Glints2/dict_0007_0017.uasset" 10683
"../../../Engine/Content/EngineMaterials/Substrate/Glints2/dict_0007_0002.uasset" 10684
"../../../Engine/Content/EngineMaterials/Substrate/Glints2/dict_0007_0008.uasset" 10685
"../../../Engine/Content/EngineMaterials/Substrate/Glints2/dict_0007_0005.uasset" 10686
"../../../Engine/Content/EngineMaterials/Substrate/Glints2/dict_0007_0001.uasset" 10687
"../../../Engine/Content/EngineMaterials/Substrate/Glints2/dict_0007_0019.uasset" 10688
"../../../Engine/Content/EngineMaterials/Substrate/Glints2/dict_0007_0003.uasset" 10689
"../../../Engine/Content/EngineMaterials/Substrate/Glints2/dict_0007_0027.uasset" 10690
"../../../Engine/Content/EngineMaterials/Substrate/Glints2/dict_0007_0023.uasset" 10691
"../../../Engine/Content/EngineMaterials/Substrate/Glints2/dict_0007_0021.uasset" 10692
"../../../Engine/Content/EngineMaterials/Substrate/Glints2/dict_0007_0009.uasset" 10693
"../../../Engine/Content/EngineMaterials/Substrate/Glints2/dict_0007_0020.uasset" 10694
"../../../Engine/Content/EngineMaterials/Substrate/Glints2/dict_0007_0024.uasset" 10695
"../../../Engine/Content/EngineMaterials/Substrate/Glints2/dict_0007_0011.uasset" 10696
"/Engine/EngineMaterials/Substrate/Glints2/dict_0007_0017" 10697
"/Engine/EngineMaterials/Substrate/Glints2/dict_0007_0016" 10698
"/Engine/EngineMaterials/Substrate/Glints2/dict_0007_0014" 10699
"/Engine/EngineMaterials/Substrate/Glints2/dict_0007_0013" 10700
"/Engine/EngineMaterials/Substrate/Glints2/dict_0007_0012" 10701
"../../../Engine/Content/EngineMaterials/Substrate/Glints2/dict_0007_0018.uasset" 10702
"/Engine/EngineMaterials/Substrate/Glints2/dict_0007_0011" 10703
"/Engine/EngineMaterials/Substrate/Glints2/dict_0007_0010" 10704
"../../../Engine/Content/EngineMaterials/Substrate/Glints2/dict_0007_0025.uasset" 10705
"../../../Engine/Content/EngineMaterials/Substrate/Glints2/dict_0007_0015.uasset" 10706
"../../../Engine/Content/EngineMaterials/Substrate/Glints2/dict_0007_0004.uasset" 10707
"../../../Engine/Content/EngineMaterials/Substrate/Glints2/dict_0007_0022.uasset" 10708
"/Engine/EngineMaterials/Substrate/Glints2/dict_0007_0009" 10709
"/Engine/EngineMaterials/Substrate/Glints2/dict_0007_0008" 10710
"/Engine/EngineMaterials/Substrate/Glints2/dict_0007_0027" 10711
"/Engine/EngineMaterials/Substrate/Glints2/dict_0007_0024" 10712
"../../../Engine/Content/EngineMaterials/Substrate/Glints2/dict_0007_0028.uasset" 10713
"../../../Engine/Content/EngineMaterials/Substrate/Glints2/dict_0007_0030.uasset" 10714
"/Engine/EngineMaterials/Substrate/Glints2/dict_0007_0023" 10715
"../../../Engine/Content/EngineMaterials/Substrate/Glints2/dict_0007_0032.uasset" 10716
"/Engine/EngineMaterials/Substrate/Glints2/dict_0007_0005" 10717
"../../../Engine/Content/EngineMaterials/Substrate/Glints2/dict_0007_0029.uasset" 10718
"/Engine/EngineMaterials/Substrate/Glints2/dict_0007_0021" 10719
"/Engine/EngineMaterials/Substrate/Glints2/dict_0007_0020" 10720
"/Engine/EngineMaterials/Substrate/Glints2/dict_0007_0003" 10721
"/Engine/EngineMaterials/Substrate/Glints2/dict_0007_0019" 10722
"/Engine/EngineMaterials/Substrate/Glints2/dict_0007_0002" 10723
"/Engine/EngineMaterials/Substrate/Glints2/dict_0007_0001" 10724
"/Engine/EngineMaterials/Substrate/Glints2/dict_0007_0030" 10725
"/Engine/EngineMaterials/Substrate/Glints2/dict_0007_0015" 10726
"/Engine/EngineMaterials/Substrate/Glints2/dict_0007_0029" 10727
"/Engine/EngineMaterials/Substrate/Glints2/dict_0007_0028" 10728
"/Engine/EngineMaterials/Substrate/Glints2/dict_0007_0032" 10729
"../../../Engine/Content/EngineMaterials/Substrate/Glints2/dict_0007_0047.uasset" 10730
"../../../Engine/Content/EngineMaterials/Substrate/Glints2/dict_0007_0031.uasset" 10731
"/Engine/EngineMaterials/Substrate/Glints2/dict_0007_0025" 10732
"../../../Engine/Content/EngineMaterials/Substrate/Glints2/dict_0007_0033.uasset" 10733
"/Engine/EngineMaterials/Substrate/Glints2/dict_0007_0022" 10734
"/Engine/EngineMaterials/Substrate/Glints2/dict_0007_0004" 10735
"/Engine/EngineMaterials/Substrate/Glints2/dict_0007_0018" 10736
"/Engine/EngineMaterials/Substrate/Glints2/dict_0007_0031" 10737
"../../../Engine/Content/EngineMaterials/Substrate/Glints2/dict_0007_0034.uasset" 10738
"/Engine/EngineMaterials/Substrate/Glints2/dict_0007_0047" 10739
"/Engine/EngineMaterials/Substrate/Glints2/dict_0007_0033" 10740
"/Engine/EngineMaterials/Substrate/Glints2/dict_0007_0034" 10741
"../../../Engine/Content/EngineMaterials/Substrate/Glints2/dict_0007_0050.uasset" 10742
"../../../Engine/Content/EngineMaterials/Substrate/Glints2/dict_0007_0041.uasset" 10743
"../../../Engine/Content/EngineMaterials/Substrate/Glints2/dict_0007_0036.uasset" 10744
"../../../Engine/Content/EngineMaterials/Substrate/Glints2/dict_0007_0044.uasset" 10745
"../../../Engine/Content/EngineMaterials/Substrate/Glints2/dict_0007_0043.uasset" 10746
"../../../Engine/Content/EngineMaterials/Substrate/Glints2/dict_0007_0037.uasset" 10747
"../../../Engine/Content/EngineMaterials/Substrate/Glints2/dict_0007_0035.uasset" 10748
"../../../Engine/Content/EngineMaterials/Substrate/Glints2/dict_0007_0039.uasset" 10749
"../../../Engine/Content/EngineMaterials/Substrate/Glints2/dict_0007_0046.uasset" 10750
"../../../Engine/Content/EngineMaterials/Substrate/Glints2/dict_0007_0042.uasset" 10751
"../../../Engine/Content/EngineMaterials/Substrate/Glints2/dict_0007_0040.uasset" 10752
"../../../Engine/Content/EngineMaterials/Substrate/Glints2/dict_0007_0038.uasset" 10753
"../../../Engine/Content/EngineMaterials/Substrate/Glints2/dict_0007_0048.uasset" 10754
"../../../Engine/Content/EngineMaterials/Substrate/Glints2/dict_0007_0045.uasset" 10755
"../../../Engine/Content/EngineMaterials/Substrate/Glints2/dict_0007_0052.uasset" 10756
"../../../Engine/Content/EngineMaterials/Substrate/Glints2/dict_0007_0049.uasset" 10757
"../../../Engine/Content/EngineMaterials/Substrate/Glints2/dict_0007_0051.uasset" 10758
"../../../Engine/Content/EngineMaterials/Substrate/Glints2/dict_0007_0060.uasset" 10759
"../../../Engine/Content/EngineMaterials/Substrate/Glints2/dict_0007_0057.uasset" 10760
"../../../Engine/Content/EngineMaterials/Substrate/Glints2/dict_0007_0056.uasset" 10761
"/Engine/EngineMaterials/Substrate/Glints2/dict_0007_0052" 10762
"../../../Engine/Content/EngineMaterials/Substrate/Glints2/dict_0007_0055.uasset" 10763
"/Engine/EngineMaterials/Substrate/Glints2/dict_0007_0051" 10764
"../../../Engine/Content/EngineMaterials/Substrate/Glints2/dict_0007_0061.uasset" 10765
"/Engine/EngineMaterials/Substrate/Glints2/dict_0007_0060" 10766
"../../../Engine/Content/EngineMaterials/Substrate/Glints2/dict_0007_0053.uasset" 10767
"../../../Engine/Content/EngineMaterials/Substrate/Glints2/dict_0007_0054.uasset" 10768
"/Engine/EngineMaterials/Substrate/Glints2/dict_0007_0050" 10769
"/Engine/EngineMaterials/Substrate/Glints2/dict_0007_0049" 10770
"/Engine/EngineMaterials/Substrate/Glints2/dict_0007_0048" 10771
"/Engine/EngineMaterials/Substrate/Glints2/dict_0007_0046" 10772
"/Engine/EngineMaterials/Substrate/Glints2/dict_0007_0045" 10773
"/Engine/EngineMaterials/Substrate/Glints2/dict_0007_0044" 10774
"/Engine/EngineMaterials/Substrate/Glints2/dict_0007_0057" 10775
"/Engine/EngineMaterials/Substrate/Glints2/dict_0007_0043" 10776
"/Engine/EngineMaterials/Substrate/Glints2/dict_0007_0042" 10777
"../../../Engine/Content/EngineMaterials/Substrate/Glints2/dict_0007_0064.uasset" 10778
"/Engine/EngineMaterials/Substrate/Glints2/dict_0007_0056" 10779
"../../../Engine/Content/EngineMaterials/Substrate/Glints2/dict_0007_0058.uasset" 10780
"../../../Engine/Content/EngineMaterials/Substrate/Glints2/dict_0007_0059.uasset" 10781
"/Engine/EngineMaterials/Substrate/Glints2/dict_0007_0041" 10782
"/Engine/EngineMaterials/Substrate/Glints2/dict_0007_0040" 10783
"/Engine/EngineMaterials/Substrate/Glints2/dict_0007_0039" 10784
"../../../Engine/Content/EngineMaterials/Substrate/Glints2/dict_0007_0062.uasset" 10785
"/Engine/EngineMaterials/Substrate/Glints2/dict_0007_0038" 10786
"/Engine/EngineMaterials/Substrate/Glints2/dict_0007_0037" 10787
"../../../Engine/Content/EngineMaterials/Substrate/Glints2/dict_0007_0026.uasset" 10788
"../../../Engine/Content/EngineMaterials/Substrate/Glints2/dict_0007_0065.uasset" 10789
"../../../Engine/Content/EngineMaterials/Substrate/Glints2/dict_0007_0063.uasset" 10790
"/Engine/EngineMaterials/Substrate/Glints2/dict_0007_0036" 10791
"/Engine/EngineMaterials/Substrate/Glints2/dict_0007_0035" 10792
"../../../Engine/Content/EngineMaterials/Substrate/Glints2/dict_0007_0066.uasset" 10793
"/Engine/EngineMaterials/Substrate/Glints2/dict_0007_0065" 10794
"../../../Engine/Content/EngineMaterials/Substrate/Glints2/dict_0007_0076.uasset" 10795
"../../../Engine/Content/EngineMaterials/Substrate/Glints2/dict_0007_0067.uasset" 10796
"../../../Engine/Content/EngineMaterials/Substrate/Glints2/dict_0007_0070.uasset" 10797
"/Engine/EngineMaterials/Substrate/Glints2/dict_0007_0062" 10798
"/Engine/EngineMaterials/Substrate/Glints2/dict_0007_0053" 10799
"/Engine/EngineMaterials/Substrate/Glints2/dict_0007_0061" 10800
"/Engine/EngineMaterials/Substrate/Glints2/dict_0007_0059" 10801
"/Engine/EngineMaterials/Substrate/Glints2/dict_0007_0064" 10802
"/Engine/EngineMaterials/Substrate/Glints2/dict_0007_0066" 10803
"/Engine/EngineMaterials/Substrate/Glints2/dict_0007_0063" 10804
"/Engine/EngineMaterials/Substrate/Glints2/dict_0007_0058" 10805
"/Engine/EngineMaterials/Substrate/Glints2/dict_0007_0026" 10806
"/Engine/EngineMaterials/Substrate/Glints2/dict_0007_0055" 10807
"/Engine/EngineMaterials/Substrate/Glints2/dict_0007_0054" 10808
"/Engine/EngineMaterials/Substrate/Glints2/dict_0007_0076" 10809
"/Engine/EngineMaterials/Substrate/Glints2/dict_0007_0070" 10810
"/Engine/EngineMaterials/Substrate/Glints2/dict_0007_0067" 10811
"../../../Engine/Content/EngineMaterials/Substrate/Glints2/dict_0007_0085.uasset" 10812
"../../../Engine/Content/EngineMaterials/Substrate/Glints2/dict_0007_0068.uasset" 10813
"../../../Engine/Content/EngineMaterials/Substrate/Glints2/dict_0007_0080.uasset" 10814
"../../../Engine/Content/EngineMaterials/Substrate/Glints2/dict_0007_0069.uasset" 10815
"../../../Engine/Content/EngineMaterials/Substrate/Glints2/dict_0007_0073.uasset" 10816
"../../../Engine/Content/EngineMaterials/Substrate/Glints2/dict_0007_0082.uasset" 10817
"../../../Engine/Content/EngineMaterials/Substrate/Glints2/dict_0007_0071.uasset" 10818
"../../../Engine/Content/EngineMaterials/Substrate/Glints2/dict_0007_0081.uasset" 10819
"../../../Engine/Content/EngineMaterials/Substrate/Glints2/dict_0007_0077.uasset" 10820
"../../../Engine/Content/EngineMaterials/Substrate/Glints2/dict_0007_0079.uasset" 10821
"../../../Engine/Content/EngineMaterials/Substrate/Glints2/dict_0007_0084.uasset" 10822
"../../../Engine/Content/EngineMaterials/Substrate/Glints2/dict_0007_0074.uasset" 10823
"../../../Engine/Content/EngineMaterials/Substrate/Glints2/dict_0007_0072.uasset" 10824
"../../../Engine/Content/EngineMaterials/Substrate/Glints2/dict_0007_0075.uasset" 10825
"../../../Engine/Content/EngineMaterials/Substrate/Glints2/dict_0007_0086.uasset" 10826
"../../../Engine/Content/EngineMaterials/Substrate/Glints2/dict_0007_0090.uasset" 10827
"../../../Engine/Content/EngineMaterials/Substrate/Glints2/dict_0007_0078.uasset" 10828
"../../../Engine/Content/EngineMaterials/Substrate/Glints2/dict_0007_0088.uasset" 10829
"/Engine/EngineMaterials/Substrate/Glints2/dict_0007_0086" 10830
"../../../Engine/Content/EngineMaterials/Substrate/Glints2/dict_0007_0091.uasset" 10831
"../../../Engine/Content/EngineMaterials/Substrate/Glints2/dict_0007_0083.uasset" 10832
"../../../Engine/Content/EngineMaterials/Substrate/Glints2/dict_0007_0096.uasset" 10833
"../../../Engine/Content/EngineMaterials/Substrate/Glints2/dict_0007_0087.uasset" 10834
"/Engine/EngineMaterials/Substrate/Glints2/dict_0007_0085" 10835
"/Engine/EngineMaterials/Substrate/Glints2/dict_0007_0084" 10836
"/Engine/EngineMaterials/Substrate/Glints2/dict_0007_0082" 10837
"../../../Engine/Content/EngineMaterials/Substrate/Glints2/dict_0007_0095.uasset" 10838
"../../../Engine/Content/EngineMaterials/Substrate/Glints2/dict_0007_0092.uasset" 10839
"/Engine/EngineMaterials/Substrate/Glints2/dict_0007_0081" 10840
"../../../Engine/Content/EngineMaterials/Substrate/Glints2/dict_0007_0089.uasset" 10841
"../../../Engine/Content/EngineMaterials/Substrate/Glints2/dict_0007_0101.uasset" 10842
"../../../Engine/Content/EngineMaterials/Substrate/Glints2/dict_0007_0093.uasset" 10843
"/Engine/EngineMaterials/Substrate/Glints2/dict_0007_0080" 10844
"/Engine/EngineMaterials/Substrate/Glints2/dict_0007_0079" 10845
"/Engine/EngineMaterials/Substrate/Glints2/dict_0007_0078" 10846
"/Engine/EngineMaterials/Substrate/Glints2/dict_0007_0090" 10847
"../../../Engine/Content/EngineMaterials/Substrate/Glints2/dict_0007_0097.uasset" 10848
"../../../Engine/Content/EngineMaterials/Substrate/Glints2/dict_0007_0098.uasset" 10849
"/Engine/EngineMaterials/Substrate/Glints2/dict_0007_0077" 10850
"../../../Engine/Content/EngineMaterials/Substrate/Glints2/dict_0007_0094.uasset" 10851
"/Engine/EngineMaterials/Substrate/Glints2/dict_0007_0075" 10852
"/Engine/EngineMaterials/Substrate/Glints2/dict_0007_0074" 10853
"../../../Engine/Content/EngineMaterials/Substrate/Glints2/dict_0007_0100.uasset" 10854
"/Engine/EngineMaterials/Substrate/Glints2/dict_0007_0073" 10855
"../../../Engine/Content/EngineMaterials/Substrate/Glints2/dict_0007_0099.uasset" 10856
"/Engine/EngineMaterials/Substrate/Glints2/dict_0007_0088" 10857
"/Engine/EngineMaterials/Substrate/Glints2/dict_0007_0072" 10858
"/Engine/EngineMaterials/Substrate/Glints2/dict_0007_0071" 10859
"/Engine/EngineMaterials/Substrate/Glints2/dict_0007_0069" 10860
"/Engine/EngineMaterials/Substrate/Glints2/dict_0007_0068" 10861
"/Engine/EngineMaterials/Substrate/Glints2/dict_0007_0098" 10862
"/Engine/EngineMaterials/Substrate/Glints2/dict_0007_0097" 10863
"/Engine/EngineMaterials/Substrate/Glints2/dict_0007_0096" 10864
"../../../Engine/Content/EngineMaterials/Substrate/Glints2/dict_0007_0104.uasset" 10865
"../../../Engine/Content/EngineMaterials/Substrate/Glints2/dict_0007_0108.uasset" 10866
"/Engine/EngineMaterials/Substrate/Glints2/dict_0007_0095" 10867
"/Engine/EngineMaterials/Substrate/Glints2/dict_0007_0094" 10868
"/Engine/EngineMaterials/Substrate/Glints2/dict_0007_0083" 10869
"/Engine/EngineMaterials/Substrate/Glints2/dict_0007_0093" 10870
"/Engine/EngineMaterials/Substrate/Glints2/dict_0007_0092" 10871
"/Engine/EngineMaterials/Substrate/Glints2/dict_0007_0091" 10872
"/Engine/EngineMaterials/Substrate/Glints2/dict_0007_0089" 10873
"/Engine/EngineMaterials/Substrate/Glints2/dict_0007_0101" 10874
"/Engine/EngineMaterials/Substrate/Glints2/dict_0007_0100" 10875
"/Engine/EngineMaterials/Substrate/Glints2/dict_0007_0087" 10876
"/Engine/EngineMaterials/Substrate/Glints2/dict_0007_0099" 10877
"/Engine/EngineMaterials/Substrate/Glints2/dict_0007_0108" 10878
"/Engine/EngineMaterials/Substrate/Glints2/dict_0007_0104" 10879
"../../../Engine/Content/EngineMaterials/Substrate/Glints2/dict_0007_0115.uasset" 10880
"../../../Engine/Content/EngineMaterials/Substrate/Glints2/dict_0007_0103.uasset" 10881
"../../../Engine/Content/EngineMaterials/Substrate/Glints2/dict_0007_0102.uasset" 10882
"../../../Engine/Content/EngineMaterials/Substrate/Glints2/dict_0007_0112.uasset" 10883
"../../../Engine/Content/EngineMaterials/Substrate/Glints2/dict_0007_0113.uasset" 10884
"../../../Engine/Content/EngineMaterials/Substrate/Glints2/dict_0007_0116.uasset" 10885
"../../../Engine/Content/EngineMaterials/Substrate/Glints2/dict_0007_0111.uasset" 10886
"../../../Engine/Content/EngineMaterials/Substrate/Glints2/dict_0007_0106.uasset" 10887
"../../../Engine/Content/EngineMaterials/Substrate/Glints2/dict_0007_0121.uasset" 10888
"../../../Engine/Content/EngineMaterials/Substrate/Glints2/dict_0007_0118.uasset" 10889
"../../../Engine/Content/EngineMaterials/Substrate/Glints2/dict_0007_0114.uasset" 10890
"../../../Engine/Content/EngineMaterials/Substrate/Glints2/dict_0007_0119.uasset" 10891
"../../../Engine/Content/EngineMaterials/Substrate/Glints2/dict_0007_0105.uasset" 10892
"../../../Engine/Content/EngineMaterials/Substrate/Glints2/dict_0007_0110.uasset" 10893
"../../../Engine/Content/EngineMaterials/Substrate/Glints2/dict_0007_0117.uasset" 10894
"../../../Engine/Content/EngineMaterials/Substrate/Glints2/dict_0007_0122.uasset" 10895
"../../../Engine/Content/EngineMaterials/Substrate/Glints2/dict_0007_0127.uasset" 10896
"../../../Engine/Content/EngineMaterials/Substrate/Glints2/dict_0007_0123.uasset" 10897
"../../../Engine/Content/EngineMaterials/Substrate/Glints2/dict_0007_0125.uasset" 10898
"../../../Engine/Content/EngineMaterials/Substrate/Glints2/dict_0007_0128.uasset" 10899
"/Engine/EngineMaterials/Substrate/Glints2/dict_0007_0119" 10900
"../../../Engine/Content/EngineMaterials/Substrate/Glints2/dict_0007_0130.uasset" 10901
"../../../Engine/Content/EngineMaterials/Substrate/Glints2/dict_0007_0120.uasset" 10902
"../../../Engine/Content/EngineMaterials/Substrate/Glints2/dict_0007_0133.uasset" 10903
"/Engine/EngineMaterials/Substrate/Glints2/dict_0007_0118" 10904
"../../../Engine/Content/EngineMaterials/Substrate/Glints2/dict_0007_0107.uasset" 10905
"../../../Engine/Content/EngineMaterials/Substrate/Glints2/dict_0007_0132.uasset" 10906
"/Engine/EngineMaterials/Substrate/Glints2/dict_0007_0117" 10907
"../../../Engine/Content/EngineMaterials/Substrate/Glints2/dict_0007_0131.uasset" 10908
"/Engine/EngineMaterials/Substrate/Glints2/dict_0007_0128" 10909
"/Engine/EngineMaterials/Substrate/Glints2/dict_0007_0116" 10910
"/Engine/EngineMaterials/Substrate/Glints2/dict_0007_0115" 10911
"/Engine/EngineMaterials/Substrate/Glints2/dict_0007_0127" 10912
"../../../Engine/Content/EngineMaterials/Substrate/Glints2/dict_0007_0135.uasset" 10913
"/Engine/EngineMaterials/Substrate/Glints2/dict_0007_0114" 10914
"/Engine/EngineMaterials/Substrate/Glints2/dict_0007_0113" 10915
"/Engine/EngineMaterials/Substrate/Glints2/dict_0007_0125" 10916
"/Engine/EngineMaterials/Substrate/Glints2/dict_0007_0112" 10917
"/Engine/EngineMaterials/Substrate/Glints2/dict_0007_0111" 10918
"../../../Engine/Content/EngineMaterials/Substrate/Glints2/dict_0007_0124.uasset" 10919
"../../../Engine/Content/EngineMaterials/Substrate/Glints2/dict_0007_0109.uasset" 10920
"../../../Engine/Content/EngineMaterials/Substrate/Glints2/dict_0007_0134.uasset" 10921
"/Engine/EngineMaterials/Substrate/Glints2/dict_0007_0110" 10922
"/Engine/EngineMaterials/Substrate/Glints2/dict_0007_0123" 10923
"/Engine/EngineMaterials/Substrate/Glints2/dict_0007_0106" 10924
"/Engine/EngineMaterials/Substrate/Glints2/dict_0007_0105" 10925
"/Engine/EngineMaterials/Substrate/Glints2/dict_0007_0122" 10926
"/Engine/EngineMaterials/Substrate/Glints2/dict_0007_0103" 10927
"/Engine/EngineMaterials/Substrate/Glints2/dict_0007_0102" 10928
"../../../Engine/Content/EngineMaterials/Substrate/Glints2/dict_0007_0126.uasset" 10929
"../../../Engine/Content/EngineMaterials/Substrate/Glints2/dict_0007_0129.uasset" 10930
"/Engine/EngineMaterials/Substrate/Glints2/dict_0007_0121" 10931
"/Engine/EngineMaterials/Substrate/Glints2/dict_0007_0133" 10932
"/Engine/EngineMaterials/Substrate/Glints2/dict_0007_0132" 10933
"/Engine/EngineMaterials/Substrate/Glints2/dict_0007_0131" 10934
"/Engine/EngineMaterials/Substrate/Glints2/dict_0007_0130" 10935
"/Engine/EngineMaterials/Substrate/Glints2/dict_0007_0129" 10936
"/Engine/EngineMaterials/Substrate/Glints2/dict_0007_0126" 10937
"../../../Engine/Content/EngineMaterials/Substrate/Glints2/dict_0007_0141.uasset" 10938
"/Engine/EngineMaterials/Substrate/Glints2/dict_0007_0124" 10939
"/Engine/EngineMaterials/Substrate/Glints2/dict_0007_0109" 10940
"../../../Engine/Content/EngineMaterials/Substrate/Glints2/dict_0007_0143.uasset" 10941
"/Engine/EngineMaterials/Substrate/Glints2/dict_0007_0135" 10942
"/Engine/EngineMaterials/Substrate/Glints2/dict_0007_0107" 10943
"/Engine/EngineMaterials/Substrate/Glints2/dict_0007_0134" 10944
"/Engine/EngineMaterials/Substrate/Glints2/dict_0007_0120" 10945
"/Engine/EngineMaterials/Substrate/Glints2/dict_0007_0143" 10946
"/Engine/EngineMaterials/Substrate/Glints2/dict_0007_0141" 10947
"../../../Engine/Content/EngineMaterials/Substrate/Glints2/dict_0007_0142.uasset" 10948
"../../../Engine/Content/EngineMaterials/Substrate/Glints2/dict_0007_0146.uasset" 10949
"../../../Engine/Content/EngineMaterials/Substrate/Glints2/dict_0007_0148.uasset" 10950
"../../../Engine/Content/EngineMaterials/Substrate/Glints2/dict_0007_0139.uasset" 10951
"../../../Engine/Content/EngineMaterials/Substrate/Glints2/dict_0007_0151.uasset" 10952
"../../../Engine/Content/EngineMaterials/Substrate/Glints2/dict_0007_0137.uasset" 10953
"../../../Engine/Content/EngineMaterials/Substrate/Glints2/dict_0007_0150.uasset" 10954
"../../../Engine/Content/EngineMaterials/Substrate/Glints2/dict_0007_0147.uasset" 10955
"../../../Engine/Content/EngineMaterials/Substrate/Glints2/dict_0007_0153.uasset" 10956
"../../../Engine/Content/EngineMaterials/Substrate/Glints2/dict_0007_0140.uasset" 10957
"../../../Engine/Content/EngineMaterials/Substrate/Glints2/dict_0007_0155.uasset" 10958
"../../../Engine/Content/EngineMaterials/Substrate/Glints2/dict_0007_0152.uasset" 10959
"../../../Engine/Content/EngineMaterials/Substrate/Glints2/dict_0007_0145.uasset" 10960
"../../../Engine/Content/EngineMaterials/Substrate/Glints2/dict_0007_0166.uasset" 10961
"../../../Engine/Content/EngineMaterials/Substrate/Glints2/dict_0007_0136.uasset" 10962
"/Engine/EngineMaterials/Substrate/Glints2/dict_0007_0166" 10963
"../../../Engine/Content/EngineMaterials/Substrate/Glints2/dict_0007_0156.uasset" 10964
"../../../Engine/Content/EngineMaterials/Substrate/Glints2/dict_0007_0159.uasset" 10965
"/Engine/EngineMaterials/Substrate/Glints2/dict_0007_0155" 10966
"../../../Engine/Content/EngineMaterials/Substrate/Glints2/dict_0007_0161.uasset" 10967
"/Engine/EngineMaterials/Substrate/Glints2/dict_0007_0153" 10968
"../../../Engine/Content/EngineMaterials/Substrate/Glints2/dict_0007_0160.uasset" 10969
"/Engine/EngineMaterials/Substrate/Glints2/dict_0007_0152" 10970
"/Engine/EngineMaterials/Substrate/Glints2/dict_0007_0151" 10971
"/Engine/EngineMaterials/Substrate/Glints2/dict_0007_0150" 10972
"../../../Engine/Content/EngineMaterials/Substrate/Glints2/dict_0007_0149.uasset" 10973
"../../../Engine/Content/EngineMaterials/Substrate/Glints2/dict_0007_0165.uasset" 10974
"../../../Engine/Content/EngineMaterials/Substrate/Glints2/dict_0007_0164.uasset" 10975
"/Engine/EngineMaterials/Substrate/Glints2/dict_0007_0148" 10976
"../../../Engine/Content/EngineMaterials/Substrate/Glints2/dict_0007_0163.uasset" 10977
"/Engine/EngineMaterials/Substrate/Glints2/dict_0007_0147" 10978
"../../../Engine/Content/EngineMaterials/Substrate/Glints2/dict_0007_0144.uasset" 10979
"/Engine/EngineMaterials/Substrate/Glints2/dict_0007_0146" 10980
"/Engine/EngineMaterials/Substrate/Glints2/dict_0007_0145" 10981
"../../../Engine/Content/EngineMaterials/Substrate/Glints2/dict_0007_0167.uasset" 10982
"/Engine/EngineMaterials/Substrate/Glints2/dict_0007_0142" 10983
"../../../Engine/Content/EngineMaterials/Substrate/Glints2/dict_0007_0138.uasset" 10984
"../../../Engine/Content/EngineMaterials/Substrate/Glints2/dict_0007_0158.uasset" 10985
"../../../Engine/Content/EngineMaterials/Substrate/Glints2/dict_0007_0169.uasset" 10986
"/Engine/EngineMaterials/Substrate/Glints2/dict_0007_0140" 10987
"/Engine/EngineMaterials/Substrate/Glints2/dict_0007_0139" 10988
"/Engine/EngineMaterials/Substrate/Glints2/dict_0007_0137" 10989
"/Engine/EngineMaterials/Substrate/Glints2/dict_0007_0136" 10990
"/Engine/EngineMaterials/Substrate/Glints2/dict_0007_0167" 10991
"/Engine/EngineMaterials/Substrate/Glints2/dict_0007_0165" 10992
"../../../Engine/Content/EngineMaterials/Substrate/Glints2/dict_0007_0154.uasset" 10993
"/Engine/EngineMaterials/Substrate/Glints2/dict_0007_0164" 10994
"../../../Engine/Content/EngineMaterials/Substrate/Glints2/dict_0007_0162.uasset" 10995
"/Engine/EngineMaterials/Substrate/Glints2/dict_0007_0163" 10996
"/Engine/EngineMaterials/Substrate/Glints2/dict_0007_0149" 10997
"/Engine/EngineMaterials/Substrate/Glints2/dict_0007_0144" 10998
"/Engine/EngineMaterials/Substrate/Glints2/dict_0007_0161" 10999
"../../../Engine/Content/EngineMaterials/Substrate/Glints2/dict_0007_0178.uasset" 11000
"/Engine/EngineMaterials/Substrate/Glints2/dict_0007_0169" 11001
"/Engine/EngineMaterials/Substrate/Glints2/dict_0007_0160" 11002
"/Engine/EngineMaterials/Substrate/Glints2/dict_0007_0159" 11003
"../../../Engine/Content/EngineMaterials/Substrate/Glints2/dict_0007_0168.uasset" 11004
"/Engine/EngineMaterials/Substrate/Glints2/dict_0007_0158" 11005
"../../../Engine/Content/EngineMaterials/Substrate/Glints2/dict_0007_0157.uasset" 11006
"../../../Engine/Content/EngineMaterials/Substrate/Glints2/dict_0007_0183.uasset" 11007
"/Engine/EngineMaterials/Substrate/Glints2/dict_0007_0138" 11008
"/Engine/EngineMaterials/Substrate/Glints2/dict_0007_0156" 11009
"/Engine/EngineMaterials/Substrate/Glints2/dict_0007_0183" 11010
"/Engine/EngineMaterials/Substrate/Glints2/dict_0007_0154" 11011
"/Engine/EngineMaterials/Substrate/Glints2/dict_0007_0178" 11012
"/Engine/EngineMaterials/Substrate/Glints2/dict_0007_0162" 11013
"/Engine/EngineMaterials/Substrate/Glints2/dict_0007_0168" 11014
"/Engine/EngineMaterials/Substrate/Glints2/dict_0007_0157" 11015
"../../../Engine/Content/EngineMaterials/Substrate/Glints2/dict_0007_0173.uasset" 11016
"../../../Engine/Content/EngineMaterials/Substrate/Glints2/dict_0007_0175.uasset" 11017
"../../../Engine/Content/EngineMaterials/Substrate/Glints2/dict_0007_0180.uasset" 11018
"../../../Engine/Content/EngineMaterials/Substrate/Glints2/dict_0007_0177.uasset" 11019
"../../../Engine/Content/EngineMaterials/Substrate/Glints2/dict_0007_0184.uasset" 11020
"../../../Engine/Content/EngineMaterials/Substrate/Glints2/dict_0007_0171.uasset" 11021
"../../../Engine/Content/EngineMaterials/Substrate/Glints2/dict_0007_0172.uasset" 11022
"../../../Engine/Content/EngineMaterials/Substrate/Glints2/dict_0007_0174.uasset" 11023
"../../../Engine/Content/EngineMaterials/Substrate/Glints2/dict_0007_0186.uasset" 11024
"../../../Engine/Content/EngineMaterials/Substrate/Glints2/dict_0007_0170.uasset" 11025
"../../../Engine/Content/EngineMaterials/Substrate/Glints2/dict_0007_0188.uasset" 11026
"../../../Engine/Content/EngineMaterials/Substrate/Glints2/dict_0007_0185.uasset" 11027
"../../../Engine/Content/EngineMaterials/Substrate/Glints2/dict_0007_0196.uasset" 11028
"../../../Engine/Content/EngineMaterials/Substrate/Glints2/dict_0007_0192.uasset" 11029
"../../../Engine/Content/EngineMaterials/Substrate/Glints2/dict_0007_0179.uasset" 11030
"../../../Engine/Content/EngineMaterials/Substrate/Glints2/dict_0007_0176.uasset" 11031
"../../../Engine/Content/EngineMaterials/Substrate/Glints2/dict_0007_0181.uasset" 11032
"../../../Engine/Content/EngineMaterials/Substrate/Glints2/dict_0007_0191.uasset" 11033
"../../../Engine/Content/EngineMaterials/Substrate/Glints2/dict_0007_0187.uasset" 11034
"../../../Engine/Content/EngineMaterials/Substrate/Glints2/dict_0007_0190.uasset" 11035
"../../../Engine/Content/EngineMaterials/Substrate/Glints2/dict_0007_0182.uasset" 11036
"/Engine/EngineMaterials/Substrate/Glints2/dict_0007_0184" 11037
"/Engine/EngineMaterials/Substrate/Glints2/dict_0007_0196" 11038
"/Engine/EngineMaterials/Substrate/Glints2/dict_0007_0182" 11039
"/Engine/EngineMaterials/Substrate/Glints2/dict_0007_0181" 11040
"/Engine/EngineMaterials/Substrate/Glints2/dict_0007_0180" 11041
"/Engine/EngineMaterials/Substrate/Glints2/dict_0007_0179" 11042
"/Engine/EngineMaterials/Substrate/Glints2/dict_0007_0177" 11043
"../../../Engine/Content/EngineMaterials/Substrate/Glints2/dict_0007_0201.uasset" 11044
"../../../Engine/Content/EngineMaterials/Substrate/Glints2/dict_0007_0193.uasset" 11045
"../../../Engine/Content/EngineMaterials/Substrate/Glints2/dict_0007_0194.uasset" 11046
"../../../Engine/Content/EngineMaterials/Substrate/Glints2/dict_0007_0200.uasset" 11047
"../../../Engine/Content/EngineMaterials/Substrate/Glints2/dict_0007_0195.uasset" 11048
"/Engine/EngineMaterials/Substrate/Glints2/dict_0007_0176" 11049
"/Engine/EngineMaterials/Substrate/Glints2/dict_0007_0175" 11050
"/Engine/EngineMaterials/Substrate/Glints2/dict_0007_0192" 11051
"/Engine/EngineMaterials/Substrate/Glints2/dict_0007_0191" 11052
"/Engine/EngineMaterials/Substrate/Glints2/dict_0007_0190" 11053
"/Engine/EngineMaterials/Substrate/Glints2/dict_0007_0174" 11054
"/Engine/EngineMaterials/Substrate/Glints2/dict_0007_0188" 11055
"../../../Engine/Content/EngineMaterials/Substrate/Glints2/dict_0007_0197.uasset" 11056
"/Engine/EngineMaterials/Substrate/Glints2/dict_0007_0187" 11057
"../../../Engine/Content/EngineMaterials/Substrate/Glints2/dict_0007_0189.uasset" 11058
"/Engine/EngineMaterials/Substrate/Glints2/dict_0007_0173" 11059
"/Engine/EngineMaterials/Substrate/Glints2/dict_0007_0172" 11060
"/Engine/EngineMaterials/Substrate/Glints2/dict_0007_0186" 11061
"../../../Engine/Content/EngineMaterials/Substrate/Glints2/dict_0007_0203.uasset" 11062
"../../../Engine/Content/EngineMaterials/Substrate/Glints2/dict_0007_0198.uasset" 11063
"/Engine/EngineMaterials/Substrate/Glints2/dict_0007_0171" 11064
"/Engine/EngineMaterials/Substrate/Glints2/dict_0007_0170" 11065
"/Engine/EngineMaterials/Substrate/Glints2/dict_0007_0185" 11066
"/Engine/EngineMaterials/Substrate/Glints2/dict_0007_0197" 11067
"/Engine/EngineMaterials/Substrate/Glints2/dict_0007_0203" 11068
"../../../Engine/Content/EngineMaterials/Substrate/Glints2/dict_0007_0199.uasset" 11069
"../../../Engine/Content/EngineMaterials/Substrate/Glints2/dict_0007_0202.uasset" 11070
"../../../Engine/Content/EngineMaterials/Substrate/Glints2/dict_0007_0204.uasset" 11071
"/Engine/EngineMaterials/Substrate/Glints2/dict_0007_0195" 11072
"/Engine/EngineMaterials/Substrate/Glints2/dict_0007_0194" 11073
"/Engine/EngineMaterials/Substrate/Glints2/dict_0007_0193" 11074
"/Engine/EngineMaterials/Substrate/Glints2/dict_0007_0201" 11075
"/Engine/EngineMaterials/Substrate/Glints2/dict_0007_0200" 11076
"/Engine/EngineMaterials/Substrate/Glints2/dict_0007_0189" 11077
"/Engine/EngineMaterials/Substrate/Glints2/dict_0007_0198" 11078
"/Engine/EngineMaterials/Substrate/Glints2/dict_0007_0202" 11079
"/Engine/EngineMaterials/Substrate/Glints2/dict_0007_0199" 11080
"/Engine/EngineMaterials/Substrate/Glints2/dict_0007_0204" 11081
"../../../Engine/Content/EngineMaterials/Substrate/Glints2/dict_0007_0212.uasset" 11082
"../../../Engine/Content/EngineMaterials/Substrate/Glints2/dict_0007_0209.uasset" 11083
"../../../Engine/Content/EngineMaterials/Substrate/Glints2/dict_0007_0211.uasset" 11084
"../../../Engine/Content/EngineMaterials/Substrate/Glints2/dict_0007_0214.uasset" 11085
"../../../Engine/Content/EngineMaterials/Substrate/Glints2/dict_0007_0206.uasset" 11086
"../../../Engine/Content/EngineMaterials/Substrate/Glints2/dict_0007_0213.uasset" 11087
"../../../Engine/Content/EngineMaterials/Substrate/Glints2/dict_0007_0207.uasset" 11088
"../../../Engine/Content/EngineMaterials/Substrate/Glints2/dict_0007_0215.uasset" 11089
"../../../Engine/Content/EngineMaterials/Substrate/Glints2/dict_0007_0205.uasset" 11090
"../../../Engine/Content/EngineMaterials/Substrate/Glints2/dict_0007_0216.uasset" 11091
"../../../Engine/Content/EngineMaterials/Substrate/Glints2/dict_0007_0210.uasset" 11092
"../../../Engine/Content/EngineMaterials/Substrate/Glints2/dict_0007_0208.uasset" 11093
"../../../Engine/Content/EngineMaterials/Substrate/Glints2/dict_0007_0221.uasset" 11094
"../../../Engine/Content/EngineMaterials/Substrate/Glints2/dict_0007_0219.uasset" 11095
"../../../Engine/Content/EngineMaterials/Substrate/Glints2/dict_0007_0218.uasset" 11096
"../../../Engine/Content/EngineMaterials/Substrate/Glints2/dict_0007_0225.uasset" 11097
"../../../Engine/Content/EngineMaterials/Substrate/Glints2/dict_0007_0223.uasset" 11098
"../../../Engine/Content/EngineMaterials/Substrate/Glints2/dict_0007_0217.uasset" 11099
"../../../Engine/Content/EngineMaterials/Substrate/Glints2/dict_0007_0235.uasset" 11100
"../../../Engine/Content/EngineMaterials/Substrate/Glints2/dict_0007_0228.uasset" 11101
"../../../Engine/Content/EngineMaterials/Substrate/Glints2/dict_0007_0226.uasset" 11102
"../../../Engine/Content/EngineMaterials/Substrate/Glints2/dict_0007_0227.uasset" 11103
"../../../Engine/Content/EngineMaterials/Substrate/Glints2/dict_0007_0231.uasset" 11104
"/Engine/EngineMaterials/Substrate/Glints2/dict_0007_0223" 11105
"../../../Engine/Content/EngineMaterials/Substrate/Glints2/dict_0007_0236.uasset" 11106
"../../../Engine/Content/EngineMaterials/Substrate/Glints2/dict_0007_0234.uasset" 11107
"../../../Engine/Content/EngineMaterials/Substrate/Glints2/dict_0007_0232.uasset" 11108
"../../../Engine/Content/EngineMaterials/Substrate/Glints2/dict_0007_0230.uasset" 11109
"../../../Engine/Content/EngineMaterials/Substrate/Glints2/dict_0007_0220.uasset" 11110
"/Engine/EngineMaterials/Substrate/Glints2/dict_0007_0221" 11111
"../../../Engine/Content/EngineMaterials/Substrate/Glints2/dict_0007_0224.uasset" 11112
"/Engine/EngineMaterials/Substrate/Glints2/dict_0007_0219" 11113
"/Engine/EngineMaterials/Substrate/Glints2/dict_0007_0228" 11114
"/Engine/EngineMaterials/Substrate/Glints2/dict_0007_0218" 11115
"/Engine/EngineMaterials/Substrate/Glints2/dict_0007_0227" 11116
"/Engine/EngineMaterials/Substrate/Glints2/dict_0007_0217" 11117
"/Engine/EngineMaterials/Substrate/Glints2/dict_0007_0216" 11118
"/Engine/EngineMaterials/Substrate/Glints2/dict_0007_0215" 11119
"../../../Engine/Content/EngineMaterials/Substrate/Glints2/dict_0007_0222.uasset" 11120
"../../../Engine/Content/EngineMaterials/Substrate/Glints2/dict_0007_0229.uasset" 11121
"/Engine/EngineMaterials/Substrate/Glints2/dict_0007_0214" 11122
"/Engine/EngineMaterials/Substrate/Glints2/dict_0007_0213" 11123
"/Engine/EngineMaterials/Substrate/Glints2/dict_0007_0212" 11124
"/Engine/EngineMaterials/Substrate/Glints2/dict_0007_0226" 11125
"/Engine/EngineMaterials/Substrate/Glints2/dict_0007_0211" 11126
"/Engine/EngineMaterials/Substrate/Glints2/dict_0007_0210" 11127
"/Engine/EngineMaterials/Substrate/Glints2/dict_0007_0235" 11128
"../../../Engine/Content/EngineMaterials/Substrate/Glints2/dict_0007_0233.uasset" 11129
"/Engine/EngineMaterials/Substrate/Glints2/dict_0007_0209" 11130
"/Engine/EngineMaterials/Substrate/Glints2/dict_0007_0225" 11131
"/Engine/EngineMaterials/Substrate/Glints2/dict_0007_0208" 11132
"/Engine/EngineMaterials/Substrate/Glints2/dict_0007_0207" 11133
"/Engine/EngineMaterials/Substrate/Glints2/dict_0007_0206" 11134
"/Engine/EngineMaterials/Substrate/Glints2/dict_0007_0205" 11135
"/Engine/EngineMaterials/Substrate/Glints2/dict_0007_0233" 11136
"/Engine/EngineMaterials/Substrate/Glints2/dict_0007_0224" 11137
"/Engine/EngineMaterials/Substrate/Glints2/dict_0007_0232" 11138
"/Engine/EngineMaterials/Substrate/Glints2/dict_0007_0231" 11139
"/Engine/EngineMaterials/Substrate/Glints2/dict_0007_0236" 11140
"/Engine/EngineMaterials/Substrate/Glints2/dict_0007_0222" 11141
"../../../Engine/Content/EngineMaterials/Substrate/Glints2/dict_0007_0248.uasset" 11142
"/Engine/EngineMaterials/Substrate/Glints2/dict_0007_0230" 11143
"../../../Engine/Content/EngineMaterials/Substrate/Glints2/dict_0007_0241.uasset" 11144
"/Engine/EngineMaterials/Substrate/Glints2/dict_0007_0220" 11145
"/Engine/EngineMaterials/Substrate/Glints2/dict_0007_0229" 11146
"/Engine/EngineMaterials/Substrate/Glints2/dict_0007_0234" 11147
"/Engine/EngineMaterials/Substrate/Glints2/dict_0007_0248" 11148
"/Engine/EngineMaterials/Substrate/Glints2/dict_0007_0241" 11149
"../../../Engine/Content/EngineMaterials/Substrate/Glints2/dict_0007_0246.uasset" 11150
"../../../Engine/Content/EngineMaterials/Substrate/Glints2/dict_0007_0250.uasset" 11151
"../../../Engine/Content/EngineMaterials/Substrate/Glints2/dict_0007_0238.uasset" 11152
"../../../Engine/Content/EngineMaterials/Substrate/Glints2/dict_0007_0244.uasset" 11153
"../../../Engine/Content/EngineMaterials/Substrate/Glints2/dict_0007_0247.uasset" 11154
"../../../Engine/Content/EngineMaterials/Substrate/Glints2/dict_0007_0245.uasset" 11155
"../../../Engine/Content/EngineMaterials/Substrate/Glints2/dict_0007_0243.uasset" 11156
"../../../Engine/Content/EngineMaterials/Substrate/Glints2/dict_0007_0240.uasset" 11157
"../../../Engine/Content/EngineMaterials/Substrate/Glints2/dict_0007_0239.uasset" 11158
"../../../Engine/Content/EngineMaterials/Substrate/Glints2/dict_0007_0242.uasset" 11159
"../../../Engine/Content/EngineMaterials/Substrate/Glints2/dict_0007_0253.uasset" 11160
"../../../Engine/Content/EngineMaterials/Substrate/Glints2/dict_0007_0254.uasset" 11161
"../../../Engine/Content/EngineMaterials/Substrate/Glints2/dict_0007_0251.uasset" 11162
"../../../Engine/Content/EngineMaterials/DefaultCalibrationColor.uasset" 11163
"../../../Engine/Content/EngineMaterials/Substrate/Glints2/dict_0007_0249.uasset" 11164
"../../../Engine/Content/EngineMaterials/PPM_DefaultCalibrationGrayscale.uasset" 11165
"../../../Engine/Content/EngineMaterials/Substrate/Volume/SubstrateSimpleVolumeEnvLUT3D.uasset" 11166
"../../../Engine/Content/EngineMaterials/Substrate/Glints2/dict_0007_0255.uasset" 11167
"../../../Engine/Content/EngineMaterials/Substrate/Volume/SubstrateSimpleVolumeLUT3D.uasset" 11168
"/Engine/EngineMaterials/DefaultCalibrationColor" 11169
"../../../Engine/Content/EngineMaterials/Substrate/Volume/SubstrateSimpleVolumeEnvLUT2D.uasset" 11170
"/Engine/EngineMaterials/Substrate/Glints2/dict_0007_0254" 11171
"/Engine/EngineMaterials/Substrate/Glints2/dict_0007_0253" 11172
"/Engine/EngineMaterials/Substrate/Glints2/dict_0007_0251" 11173
"/Engine/EngineMaterials/Substrate/Glints2/dict_0007_0250" 11174
"/Engine/EngineMaterials/Substrate/Glints2/dict_0007_0249" 11175
"/Engine/EngineMaterials/Substrate/Glints2/dict_0007_0247" 11176
"/Engine/EngineMaterials/Substrate/Glints2/dict_0007_0246" 11177
"/Engine/EngineMaterials/Substrate/Glints2/dict_0007_0245" 11178
"/Engine/EngineMaterials/Substrate/Glints2/dict_0007_0244" 11179
"/Engine/EngineMaterials/Substrate/Glints2/dict_0007_0243" 11180
"/Engine/EngineMaterials/Substrate/Glints2/dict_0007_0242" 11181
"../../../Engine/Content/EngineMaterials/Substrate/Glints2/dict_0007_0252.uasset" 11182
"../../../Engine/Content/EngineMaterials/Substrate/Glints2/dict_0007_0237.uasset" 11183
"../../../Engine/Plugins/Interchange/Assets/Content/Functions/MX_Displacement.uasset" 11184
"/Engine/EngineMaterials/Substrate/Glints2/dict_0007_0240" 11185
"/Engine/EngineMaterials/Substrate/Glints2/dict_0007_0239" 11186
"/Engine/EngineMaterials/Substrate/Glints2/dict_0007_0238" 11187
"/Engine/EngineMaterials/Substrate/Volume/SubstrateSimpleVolumeEnvLUT3D" 11188
"../../../Engine/Plugins/Interchange/Assets/Content/Functions/MX_Surface.uasset" 11189
"../../../Engine/Plugins/NNE/NNEDenoiser/Content/NNEDTIM_ColorAlbedoNormal_Alpha.uasset" 11190
"../../../Engine/Content/Functions/MaterialLayerFunctions/MatLayerBlend_OverrideOpacity.uasset" 11191
"/Engine/EngineMaterials/Substrate/Glints2/dict_0007_0255" 11192
"../../../Engine/Plugins/Animation/ControlRig/Content/Controls/DefaultGizmoLibrary.uasset" 11193
"../../../Engine/Plugins/NNE/NNEDenoiser/Content/NNEDIM_ColorAlbedoNormal_Alpha.uasset" 11194
"/Engine/EngineMaterials/Substrate/Glints2/dict_0007_0252" 11195
"/Engine/EngineMaterials/Substrate/Glints2/dict_0007_0237" 11196
"/InterchangeAssets/Functions/MX_Surface" 11197
"/NNEDenoiser/NNEDIM_ColorAlbedoNormal_Alpha" 11198
"../../../Engine/Content/EngineMaterials/Substrate/Volume/SubstrateSimpleVolumeLUT2D.uasset" 11199
"../../../Engine/Content/EngineMaterials/Substrate/Glints2/AGlintTex2dArray2.uasset" 11200
"/NNEDenoiser/NNEDTIM_ColorAlbedoNormal_Alpha" 11201
"/ControlRig/Controls/DefaultGizmoLibrary" 11202
"../../../Engine/Plugins/NNE/NNEDenoiser/Content/NNEDTIM_ColorAlbedoNormal_Default.uasset" 11203
"../../../Engine/Content/EngineMaterials/PPM_DefaultCalibrationColor.uasset" 11204
"../../../Engine/Plugins/NNE/NNEDenoiser/Content/NNEDOM_Output_Alpha.uasset" 11205
"../../../Engine/Content/Functions/Engine_MaterialFunctions03/Procedurals/HeightToNormalSmooth.uasset" 11206
"../../../Engine/Plugins/NNE/NNEDenoiser/Content/NNEDTOM_Output_Alpha.uasset" 11207
"/InterchangeAssets/Functions/MX_Displacement" 11208
"../../../Engine/Plugins/NNE/NNEDenoiser/Content/NNEDT_Oidn2-3_Balanced_Alpha.uasset" 11209
"../../../Engine/Plugins/NNE/NNEDenoiser/Content/NNEDTOM_Output_Default.uasset" 11210
"/Engine/EngineMaterials/Substrate/Volume/SubstrateSimpleVolumeLUT3D" 11211
"../../../Engine/Plugins/NNE/NNEDenoiser/Content/NNED_Oidn2-3_Balanced_Alpha.uasset" 11212
"/Engine/EngineMaterials/PPM_DefaultCalibrationColor" 11213
"../../../Engine/Content/EditorResources/BSPVertex.uasset" 11214
"../../../Engine/Plugins/NNE/NNEDenoiser/Content/NNED_Oidn2-3_Fast.uasset" 11215
"/Engine/EngineMaterials/Substrate/Glints2/AGlintTex2dArray2" 11216
"../../../Engine/Plugins/NNE/NNEDenoiser/Content/NNEDIM_HighQuality_Default.uasset" 11217
"../../../Engine/Plugins/NNE/NNEDenoiser/Content/NNED_Oidn2-3_Balanced.uasset" 11218
"../../../Engine/Content/EngineMaterials/DefaultBloomKernel.uasset" 11219
"../../../Engine/Plugins/NNE/NNEDenoiser/Content/NNEDIM_ColorAlbedoNormal_Default.uasset" 11220
"../../../Engine/Plugins/NNE/NNEDenoiser/Content/NNEDT_Oidn2-3_Balanced.uasset" 11221
"../../../Engine/Content/EngineMaterials/DefaultCalibrationGrayscale.uasset" 11222
"../../../Engine/Plugins/NNE/NNEDenoiser/Content/NNED_Oidn2-3_HighQuality.uasset" 11223
"../../../Engine/Plugins/NNE/NNEDenoiser/Content/NNE_oidn2-3-0_rt_hdr_alb_nrm_small__dyn__fp16_opset11_DenoiseAlpha.uasset" 11224
"../../../Engine/Plugins/NNE/NNEDenoiser/Content/NNEDOM_Output_Default.uasset" 11225
"../../../Engine/Plugins/NNE/NNEDenoiser/Content/NNE_oidn2-3-0_rt_hdr_alb_nrm_small__dyn__fp16_opset11_ForwardAlpha.uasset" 11226
"../../../Engine/Plugins/NNE/NNEDenoiser/Content/NNED_Oidn2-3_HighQuality_Alpha.uasset" 11227
"../../../Engine/Plugins/NNE/NNEDenoiser/Content/NNEDIM_HighQuality_Alpha.uasset" 11228
"../../../Engine/Plugins/NNE/NNEDenoiser/Content/NNE_oidn2-3-0_rt_hdr_alb_nrm__dyn__fp16_opset11_DenoiseAlpha.uasset" 11229
"../../../Engine/Plugins/NNE/NNEDenoiser/Content/NNE_oidn2-3-0_rt_hdr_alb_nrm__dyn__fp16_opset11_ForwardAlpha.uasset" 11230
"../../../Engine/Plugins/NNE/NNEDenoiser/Content/NNE_oidn2-3-0_rt_hdr_calb_cnrm_large__dyn__fp16_opset11_ForwardAlpha.uasset" 11231
"../../../Engine/Plugins/NNE/NNEDenoiser/Content/NNE_oidn2-3-0_rt_hdr_calb_cnrm_large__dyn__fp16_opset11_DenoiseAlpha.uasset" 11232
"/NNEDenoiser/NNEDTOM_Output_Alpha" 11233
"/NNEDenoiser/NNEDTIM_ColorAlbedoNormal_Default" 11234
"/NNEDenoiser/NNEDOM_Output_Alpha" 11235
"../../../Engine/Plugins/NNE/NNEDenoiser/Content/NNED_Oidn2-3_Fast_Alpha.uasset" 11236
"../../../Engine/Content/EngineDebugMaterials/DebugEditorMaterial.uasset" 11237
"../../../Engine/Content/EngineMaterials/FastBlueNoise_vec2_128x128x64.uasset" 11238
"/Engine/EngineMaterials/DefaultBloomKernel" 11239
"../../../Engine/Content/EngineMaterials/FastBlueNoise_scalar_128x128x64.uasset" 11240
"/Engine/EditorResources/BSPVertex" 11241
"/Engine/EngineMaterials/PPM_DefaultCalibrationGrayscale" 11242
"../../../Engine/Content/EngineMaterials/LTC/Sheen_LTC.uasset" 11243
"../../../Engine/Content/EngineMaterials/EnergyConservation/Sheen_Energy.uasset" 11244
"../../../Engine/Content/EngineResources/Development/ZenLogo_64.uasset" 11245
"../../../Engine/Content/EngineMaterials/FastBlueNoise_scalar_128x128x8.uasset" 11246
"../../../Engine/Content/EngineResources/FilmGrains/Marcie_Grain_v3_128_M2_000.uasset" 11247
"../../../Engine/Content/EngineMaterials/EnergyConservation/Diffuse_Energy.uasset" 11248
"/NNEDenoiser/NNE_oidn2-3-0_rt_hdr_alb_nrm__dyn__fp16_opset11_DenoiseAlpha" 11249
"/NNEDenoiser/NNE_oidn2-3-0_rt_hdr_alb_nrm_small__dyn__fp16_opset11_ForwardAlpha" 11250
"/NNEDenoiser/NNED_Oidn2-3_Fast" 11251
"/NNEDenoiser/NNED_Oidn2-3_Balanced_Alpha" 11252
"/NNEDenoiser/NNE_oidn2-3-0_rt_hdr_alb_nrm_small__dyn__fp16_opset11_DenoiseAlpha" 11253
"/NNEDenoiser/NNED_Oidn2-3_Balanced" 11254
"/NNEDenoiser/NNEDT_Oidn2-3_Balanced_Alpha" 11255
"/NNEDenoiser/NNEDT_Oidn2-3_Balanced" 11256
"/NNEDenoiser/NNE_oidn2-3-0_rt_hdr_calb_cnrm_large__dyn__fp16_opset11_ForwardAlpha" 11257
"/NNEDenoiser/NNEDTOM_Output_Default" 11258
"/NNEDenoiser/NNE_oidn2-3-0_rt_hdr_calb_cnrm_large__dyn__fp16_opset11_DenoiseAlpha" 11259
"/NNEDenoiser/NNEDOM_Output_Default" 11260
"/NNEDenoiser/NNE_oidn2-3-0_rt_hdr_alb_nrm__dyn__fp16_opset11_ForwardAlpha" 11261
"/NNEDenoiser/NNEDIM_HighQuality_Default" 11262
"/NNEDenoiser/NNEDIM_HighQuality_Alpha" 11263
"D:/UE5_Project/TombEvader/Intermediate/ORTOptimizerPass_OptimizedEF6E91684E393E7DF9CF149A2098F867.onnx" 11264
"D:/UE5_Project/TombEvader/Intermediate/ORTOptimizerPass_OptimizedEBF5C529451D5C64A2FEB0984EF14D47.onnx" 11265
"D:/UE5_Project/TombEvader/Intermediate/ORTOptimizerPass_OptimizedA4B71AA64565415CA14EDAAB0479E401.onnx" 11266
"D:/UE5_Project/TombEvader/Intermediate/ORTOptimizerPass_Optimized4DF22FDD46A143C4AFE21FBB4CFA21A2.onnx" 11267
"D:/UE5_Project/TombEvader/Intermediate/ORTOptimizerPass_Optimized69E086B4465EDB214785889CACE2C7FA.onnx" 11268
"D:/UE5_Project/TombEvader/Intermediate/ORTOptimizerPass_Optimized149A0A4D4D9F7DA88BC16596C6A32159.onnx" 11269
"D:/UE5_Project/TombEvader/Intermediate/ORTOptimizerPass_Optimized17B8BAB44129CF15717E4BB50542B9F1.onnx" 11270
"D:/UE5_Project/TombEvader/Intermediate/ORTOptimizerPass_Optimized3A3F43044B3368BB7B2057A435891A29.onnx" 11271
"D:/UE5_Project/TombEvader/Intermediate/ORTOptimizerPass_Optimized406C647B4D80A59BAD71079CCF686E2D.onnx" 11272
"D:/UE5_Project/TombEvader/Intermediate/ORTOptimizerPass_OptimizedBC0BC4D747C080E5D73FB4BD50709EC3.onnx" 11273
"D:/UE5_Project/TombEvader/Intermediate/ORTOptimizerPass_OptimizedB5A73C2A4B5629A0B08D87A69BC1D7AD.onnx" 11274
"D:/UE5_Project/TombEvader/Intermediate/ORTOptimizerPass_OptimizedABF2AE7F40EE6956A4B834B88A525A70.onnx" 11275
"D:/UE5_Project/TombEvader/DerivedDataCache/VT/TEXTURE_7C16439390E24F1F9468894FB4D4BC55_VTCHUNK44B429B40BB45A070EB17C1259C28734996A2F49" 11276
"D:/UE5_Project/TombEvader/DerivedDataCache/VT/TEXTURE_7C16439390E24F1F9468894FB4D4BC55_VTCHUNK2A5F9F60441DA258D18B46D59C64D5BAD50E8EE3" 11277
"D:/UE5_Project/TombEvader/DerivedDataCache/VT/TEXTURE_7C16439390E24F1F9468894FB4D4BC55_VTCHUNKC0393DE8C5B4673D99D1BECB92AA8C1F72FEB491" 11278
"D:/UE5_Project/TombEvader/DerivedDataCache/VT/TEXTURE_7C16439390E24F1F9468894FB4D4BC55_VTCHUNK967C747FFC357A828288FA05D93CD5DCECDA891B" 11279
"D:/UE5_Project/TombEvader/DerivedDataCache/VT/TEXTURE_7C16439390E24F1F9468894FB4D4BC55_VTCHUNK02D4C3BCAD7DFA48AB32B8281FB06B8B83DB6275" 11280
"/Engine/EngineMaterials/EnergyConservation/Diffuse_Energy" 11281
"/Engine/EngineMaterials/EnergyConservation/Sheen_Energy" 11282
"/Engine/EngineMaterials/LTC/Sheen_LTC" 11283
"/Engine/EngineMaterials/FastBlueNoise_vec2_128x128x64" 11284
"/Engine/EngineMaterials/FastBlueNoise_scalar_128x128x8" 11285
"/NNEDenoiser/NNED_Oidn2-3_Fast_Alpha" 11286
"/Engine/EngineMaterials/FastBlueNoise_scalar_128x128x64" 11287
"/Engine/EngineDebugMaterials/DebugEditorMaterial" 11288
"/Engine/EngineResources/Development/ZenLogo_64" 11289
"/Engine/EngineResources/FilmGrains/Marcie_Grain_v3_128_M2_000" 11290
"/NNEDenoiser/NNEDIM_ColorAlbedoNormal_Default" 11291
"/NNEDenoiser/NNED_Oidn2-3_HighQuality" 11292
"/NNEDenoiser/NNED_Oidn2-3_HighQuality_Alpha" 11293
"../../../Engine/Plugins/Interchange/Runtime/Content/Pipelines/DefaultGLTFPipeline.uasset" 11294
"/Interchange/Pipelines/DefaultGLTFPipeline" 11295
"../../../Engine/Plugins/Interchange/Runtime/Content/Pipelines/DefaultMaterialXPipeline.uasset" 11296
"../../../Engine/Plugins/Interchange/Runtime/Content/Pipelines/DefaultAssetsPipeline.uasset" 11297
"../../../Engine/Plugins/Interchange/Runtime/Content/Pipelines/DefaultGLTFAssetsPipeline.uasset" 11298
"../../../Engine/Plugins/Interchange/Runtime/Content/Pipelines/DefaultMaterialPipeline.uasset" 11299
"../../../Engine/Plugins/Interchange/Runtime/Content/Pipelines/DefaultTexturePipeline.uasset" 11300
"../../../Engine/Plugins/Interchange/Runtime/Content/Pipelines/DefaultSceneAssetsPipeline.uasset" 11301
"../../../Engine/Plugins/Interchange/Runtime/Content/Pipelines/DefaultSceneLevelPipeline.uasset" 11302
"../../../Engine/Plugins/Interchange/Assets/Content/Functions/MX_SurfaceUnlit.uasset" 11303
"../../../Engine/Plugins/Interchange/Runtime/Content/Pipelines/DefaultGLTFSceneAssetsPipeline.uasset" 11304
"../../../Engine/Plugins/Interchange/Assets/Content/Functions/MX_UsdPreviewSurface.uasset" 11305
"../../../Engine/Plugins/Interchange/Assets/Content/Functions/MX_BurleyDiffuseBSDF.uasset" 11306
"../../../Engine/Plugins/Interchange/Assets/Content/Functions/MX_OrenNayarBSDF.uasset" 11307
"../../../Engine/Plugins/Interchange/Assets/Content/Functions/MX_TranslucentBSDF.uasset" 11308
"../../../Engine/Plugins/Interchange/Assets/Content/Functions/MX_ConductorBSDF.uasset" 11309
"../../../Engine/Plugins/Interchange/Assets/Content/Functions/MX_GeneralizedSchlickBSDF.uasset" 11310
"../../../Engine/Plugins/Interchange/Assets/Content/Functions/MX_DielectricBSDF.uasset" 11311
"../../../Engine/Plugins/Interchange/Assets/Content/Functions/MX_SubsurfaceBSDF.uasset" 11312
"/InterchangeAssets/Functions/MX_GeneralizedSchlickBSDF" 11313
"../../../Engine/Plugins/Interchange/Assets/Content/Functions/MX_ConicalEDF.uasset" 11314
"../../../Engine/Plugins/Interchange/Assets/Content/Functions/MX_SheenBSDF.uasset" 11315
"../../../Engine/Plugins/Interchange/Assets/Content/Functions/MX_MeasuredEDF.uasset" 11316
"../../../Engine/Plugins/Interchange/Assets/Content/Functions/MX_ThinFilmBSDF.uasset" 11317
"../../../Engine/Plugins/Interchange/Assets/Content/Functions/MX_UniformEDF.uasset" 11318
"/InterchangeAssets/Functions/MX_ConductorBSDF" 11319
"/InterchangeAssets/Functions/MX_DielectricBSDF" 11320
"/InterchangeAssets/Functions/MX_TranslucentBSDF" 11321
"/InterchangeAssets/Functions/MX_BurleyDiffuseBSDF" 11322
"/InterchangeAssets/Functions/MX_OrenNayarBSDF" 11323
"/InterchangeAssets/Functions/MX_UsdPreviewSurface" 11324
"/InterchangeAssets/Functions/MX_SurfaceUnlit" 11325
"/Interchange/Pipelines/DefaultGLTFSceneAssetsPipeline" 11326
"/Interchange/Pipelines/DefaultSceneLevelPipeline" 11327
"/Interchange/Pipelines/DefaultSceneAssetsPipeline" 11328
"../../../Engine/Plugins/Interchange/Assets/Content/Functions/MX_AbsorptionVDF.uasset" 11329
"../../../Engine/Plugins/Interchange/Assets/Content/Functions/MX_AnisotropicVDF.uasset" 11330
"../../../Engine/Plugins/Animation/ControlRig/Content/Controls/ControlRigGizmoMaterial.uasset" 11331
"/Interchange/Pipelines/DefaultTexturePipeline" 11332
"/Interchange/Pipelines/DefaultMaterialPipeline" 11333
"/Interchange/Pipelines/DefaultGLTFAssetsPipeline" 11334
"/Interchange/Pipelines/DefaultMaterialXPipeline" 11335
"/Interchange/Pipelines/DefaultAssetsPipeline" 11336
"/InterchangeAssets/Functions/MX_SubsurfaceBSDF" 11337
"/ControlRig/Controls/ControlRigGizmoMaterial" 11338
"/InterchangeAssets/Functions/MX_AnisotropicVDF" 11339
"/InterchangeAssets/Functions/MX_AbsorptionVDF" 11340
"/InterchangeAssets/Functions/MX_MeasuredEDF" 11341
"/InterchangeAssets/Functions/MX_ConicalEDF" 11342
"/InterchangeAssets/Functions/MX_UniformEDF" 11343
"/InterchangeAssets/Functions/MX_ThinFilmBSDF" 11344
"/InterchangeAssets/Functions/MX_SheenBSDF" 11345
"D:/UE5_Project/TombEvader/Saved/Cooked/Windows/TombEvader/Metadata/CookedSettings.txt" 11346
